********************************************************************************
product = WebSphere Application Server 26.0.0.3, z/OS Connect 03.00.105 (wlp-1.0.111.cl260320260314-0319)
wlp.install.dir = /opt/ibm/wlp/
server.output.dir = /opt/ibm/wlp/output/defaultServer/
java.home = /opt/java/openjdk
java.version = 25.0.3
java.runtime = IBM Semeru Runtime Certified Edition (25.0.3+9-LTS)
os = Linux (7.0.12-linuxkit; amd64) (en_US)
process = 1@02db3501d6ac
Classpath = /opt/ibm/wlp/bin/tools/ws-server.jar
Java Library path = /opt/java/openjdk/lib/default:/opt/java/openjdk/lib:/usr/lib64:/usr/lib
********************************************************************************
[9/6/26, 11:02:34:275 GMT] 00000002 com.ibm.ws.kernel.launch.internal.FrameworkManager           A CWWKE0001I: The server defaultServer has been launched.
[9/6/26, 11:02:34:887 GMT] 0000002a com.ibm.ws.config.xml.internal.ServerXMLConfiguration        A CWWKG0093A: Processing configuration drop-ins resource: /opt/ibm/wlp/usr/servers/defaultServer/configDropins/defaults/keystore.xml
[9/6/26, 11:02:34:896 GMT] 0000002a com.ibm.ws.config.xml.internal.ServerXMLConfiguration        A CWWKG0093A: Processing configuration drop-ins resource: /opt/ibm/wlp/usr/servers/defaultServer/configDropins/overrides/cics.xml
[9/6/26, 11:02:34:897 GMT] 0000002a com.ibm.ws.config.xml.internal.ServerXMLConfiguration        A CWWKG0093A: Processing configuration drop-ins resource: /opt/ibm/wlp/usr/servers/defaultServer/configDropins/overrides/http-ssl-endpoint.xml
[9/6/26, 11:02:34:899 GMT] 0000002a com.ibm.ws.config.xml.internal.ServerXMLConfiguration        A CWWKG0093A: Processing configuration drop-ins resource: /opt/ibm/wlp/usr/servers/defaultServer/configDropins/overrides/server.xml
[9/6/26, 11:02:34:899 GMT] 0000002a com.ibm.ws.config.xml.internal.ServerXMLConfiguration        A CWWKG0093A: Processing configuration drop-ins resource: /opt/ibm/wlp/usr/servers/defaultServer/configDropins/overrides/tls.xml
[9/6/26, 11:02:35:072 GMT] 00000002 com.ibm.ws.kernel.launch.internal.FrameworkManager           I CWWKE0002I: The kernel started after 1.028 seconds
[9/6/26, 11:02:35:222 GMT] 00000035 com.ibm.ws.kernel.feature.internal.FeatureManager            I CWWKF0007I: Feature update started.
[9/6/26, 11:02:36:731 GMT] 00000029 com.ibm.ws.security.ready.internal.SecurityReadyServiceImpl  I CWWKS0007I: The security service is starting...
[9/6/26, 11:02:36:933 GMT] 0000002b com.ibm.ws.app.manager.internal.monitor.DropinMonitor        A CWWKZ0058I: Monitoring dropins for applications.
[9/6/26, 11:02:36:952 GMT] 0000002d com.ibm.ws.cache.ServerCache                                 I DYNA1001I: WebSphere Dynamic Cache instance named baseCache initialized successfully.
[9/6/26, 11:02:36:954 GMT] 0000002d com.ibm.ws.cache.ServerCache                                 I DYNA1071I: The cache provider default is being used.
[9/6/26, 11:02:36:957 GMT] 0000002d com.ibm.ws.cache.CacheServiceImpl                            I DYNA1056I: Dynamic Cache (object cache) initialized successfully.
[9/6/26, 11:02:37:347 GMT] 0000002c org.jboss.weld.Version                                       I WELD-000900: 3.1.9 (Final)
[9/6/26, 11:02:37:519 GMT] 00000031 com.ibm.ws.ssl.config.WSKeyStore                             I Successfully loaded default keystore: /opt/ibm/wlp/output/defaultServer/resources/security/key.p12 of type: PKCS12
[9/6/26, 11:02:37:593 GMT] 00000029 com.ibm.ws.logging.internal.impl.IncidentImpl                I FFDC1015I: An FFDC Incident has been created: "java.lang.IllegalArgumentException: CWWKS4118E: LTPA configuration error. Add a keysPassword attribute to your <ltpa /> configuration, or set the 'ltpa_keys_password' or 'keystore_password' environment variables. com.ibm.ws.security.token.ltpa.internal.LTPAConfigurationImpl 151" at ffdc_26.09.06_11.02.37.0.log
[9/6/26, 11:02:37:595 GMT] 00000029 om.ibm.ws.security.token.ltpa.internal.LTPAConfigurationImpl E CWWKS4118E: LTPA configuration error. Add a keysPassword attribute to your <ltpa /> configuration, or set the 'ltpa_keys_password' or 'keystore_password' environment variables.
[9/6/26, 11:02:37:614 GMT] 00000029 ibm.ws.security.authentication.internal.jaas.JAASServiceImpl I CWWKS1123I: The collective authentication plugin with class name NullCollectiveAuthenticationPlugin has been activated. 
[9/6/26, 11:02:37:792 GMT] 00000029 com.ibm.ws.session.WASSessionCore                            I SESN8501I: The session manager did not find a persistent storage location; HttpSession objects will be stored in the local application server's memory.
[9/6/26, 11:02:37:825 GMT] 00000029 com.ibm.ws.security.jwt.internal.ConsumerImpl                I CWWKS6012I: The JSON Web Token (JWT) consumer service is available.
[9/6/26, 11:02:37:830 GMT] 00000029 com.ibm.ws.security.jwt.web.JwtEndpointServices              I CWWKS6002I: The JSON Web Token (JWT) endpoint service is available.
[9/6/26, 11:02:38:159 GMT] 00000029 org.apache.aries.spifly.BaseActivator                        I Registered provider org.slf4j.jul.JULServiceProvider of service org.slf4j.spi.SLF4JServiceProvider in bundle slf4j.jdk14
[9/6/26, 11:02:38:210 GMT] 00000029 com.ibm.ws.security.audit.source.AuditServiceImpl            I CWWKS5850I: The audit service is starting.
[9/6/26, 11:02:38:214 GMT] 00000029 com.ibm.ws.security.audit.file.AuditFileHandler              I CWWKS5804I: The audit file handler service is starting.
[9/6/26, 11:02:38:217 GMT] 00000029 com.ibm.ws.security.audit.source.AuditServiceImpl            I CWWKS5851I: The audit service is ready.
[9/6/26, 11:02:38:219 GMT] 00000029 com.ibm.ws.security.audit.file.AuditFileHandler              I CWWKS5805I: The audit file handler service is ready.
[9/6/26, 11:02:38:281 GMT] 00000029 .microprofile.metrics.internal.monitor.MonitorMetricsHandler I CWPMI2003I: Monitoring metrics can be retrieved through mpMetrics.
[9/6/26, 11:02:38:528 GMT] 00000037 com.ibm.ws.webcontainer.osgi.webapp.WebGroup                 I SRVE0169I: Loading Web Module: health.
[9/6/26, 11:02:38:528 GMT] 0000003a com.ibm.ws.webcontainer.osgi.webapp.WebGroup                 I SRVE0169I: Loading Web Module: ibm/api.
[9/6/26, 11:02:38:528 GMT] 00000036 com.ibm.ws.webcontainer.osgi.webapp.WebGroup                 I SRVE0169I: Loading Web Module: PrivateMicroProfileMetrics.
[9/6/26, 11:02:38:532 GMT] 00000037 com.ibm.ws.webcontainer                                      I SRVE0250I: Web Module health has been bound to default_host.
[9/6/26, 11:02:38:532 GMT] 0000003a com.ibm.ws.webcontainer                                      I SRVE0250I: Web Module ibm/api has been bound to default_host.
[9/6/26, 11:02:38:532 GMT] 00000036 com.ibm.ws.webcontainer                                      I SRVE0250I: Web Module PrivateMicroProfileMetrics has been bound to default_host.
[9/6/26, 11:02:38:533 GMT] 00000037 com.ibm.ws.http.internal.VirtualHostImpl                     A CWWKT0016I: Web application available (default_host): http://02db3501d6ac:9080/health/
[9/6/26, 11:02:38:534 GMT] 00000036 com.ibm.ws.http.internal.VirtualHostImpl                     A CWWKT0016I: Web application available (default_host): http://02db3501d6ac:9080/metrics/
[9/6/26, 11:02:38:534 GMT] 0000003a com.ibm.ws.http.internal.VirtualHostImpl                     A CWWKT0016I: Web application available (default_host): http://02db3501d6ac:9080/ibm/api/
[9/6/26, 11:02:38:548 GMT] 0000003a om.ibm.ws.app.manager.rar.internal.RARApplicationHandlerImpl I J2CA7018I: Installing resource adapter gmoa.
[9/6/26, 11:02:38:556 GMT] 0000003b com.ibm.ws.webcontainer.osgi.webapp.WebGroup                 I SRVE0169I: Loading Web Module: com.ibm.ws.security.jwt.
[9/6/26, 11:02:38:556 GMT] 0000003b com.ibm.ws.webcontainer                                      I SRVE0250I: Web Module com.ibm.ws.security.jwt has been bound to default_host.
[9/6/26, 11:02:38:557 GMT] 0000003b com.ibm.ws.http.internal.VirtualHostImpl                     A CWWKT0016I: Web application available (default_host): http://02db3501d6ac:9080/jwt/
[9/6/26, 11:02:38:563 GMT] 00000036 com.ibm.ws.webcontainer.osgi.webapp.WebGroup                 I SRVE0169I: Loading Web Module: OpenAPIUI.
[9/6/26, 11:02:38:564 GMT] 00000036 com.ibm.ws.webcontainer                                      I SRVE0250I: Web Module OpenAPIUI has been bound to default_host.
[9/6/26, 11:02:38:564 GMT] 00000036 com.ibm.ws.http.internal.VirtualHostImpl                     A CWWKT0016I: Web application available (default_host): http://02db3501d6ac:9080/openapi/ui/
[9/6/26, 11:02:38:576 GMT] 00000037 com.ibm.ws.webcontainer.osgi.webapp.WebGroup                 I SRVE0169I: Loading Web Module: MicroProfileOpenAPI.
[9/6/26, 11:02:38:576 GMT] 00000037 com.ibm.ws.webcontainer                                      I SRVE0250I: Web Module MicroProfileOpenAPI has been bound to default_host.
[9/6/26, 11:02:38:577 GMT] 00000037 com.ibm.ws.http.internal.VirtualHostImpl                     A CWWKT0016I: Web application available (default_host): http://02db3501d6ac:9080/openapi/
[9/6/26, 11:02:38:627 GMT] 00000039 com.ibm.ws.session.WASSessionCore                            I SESN0176I: A new session context will be created for application key default_host/ibm/api
[9/6/26, 11:02:38:627 GMT] 00000036 com.ibm.ws.session.WASSessionCore                            I SESN0176I: A new session context will be created for application key default_host/health
[9/6/26, 11:02:38:627 GMT] 0000003b com.ibm.ws.session.WASSessionCore                            I SESN0176I: A new session context will be created for application key default_host/metrics
[9/6/26, 11:02:38:648 GMT] 00000039 com.ibm.ws.util                                              I SESN0172I: The session manager is using the Java default SecureRandom implementation for session ID generation.
[9/6/26, 11:02:38:655 GMT] 00000036 com.ibm.ws.util                                              I SESN0172I: The session manager is using the Java default SecureRandom implementation for session ID generation.
[9/6/26, 11:02:38:655 GMT] 0000003b com.ibm.ws.util                                              I SESN0172I: The session manager is using the Java default SecureRandom implementation for session ID generation.
[9/6/26, 11:02:38:727 GMT] 00000039 com.ibm.ws.cache.CacheServiceImpl                            I DYNA1056I: Dynamic Cache (object cache) initialized successfully.
[9/6/26, 11:02:38:774 GMT] 00000039 com.ibm.ws.session.WASSessionCore                            I SESN0176I: A new session context will be created for application key default_host/jwt
[9/6/26, 11:02:38:774 GMT] 00000039 com.ibm.ws.util                                              I SESN0172I: The session manager is using the Java default SecureRandom implementation for session ID generation.
[9/6/26, 11:02:38:782 GMT] 00000037 com.ibm.ws.webcontainer.osgi.mbeans.PluginGenerator          I SRVE9103I: A configuration file for a web server plugin was automatically generated for this server at /opt/ibm/wlp/output/defaultServer/logs/state/plugin-cfg.xml.
[9/6/26, 11:02:38:788 GMT] 00000039 com.ibm.ws.session.WASSessionCore                            I SESN0176I: A new session context will be created for application key default_host/openapi/ui
[9/6/26, 11:02:38:789 GMT] 00000039 com.ibm.ws.util                                              I SESN0172I: The session manager is using the Java default SecureRandom implementation for session ID generation.
[9/6/26, 11:02:38:791 GMT] 0000003b com.ibm.ws.webcontainer.servlet                              I SRVE0242I: [io.openliberty.microprofile.metrics.internal.private] [/metrics] [PrivateMetricsRESTProxyServlet]: Initialization successful.
[9/6/26, 11:02:38:795 GMT] 00000036 com.ibm.ws.webcontainer.servlet                              I SRVE0242I: [io.openliberty.microprofile.health.3.1.internal] [/health] [HealthCheckReadinessServlet]: Initialization successful.
[9/6/26, 11:02:38:796 GMT] 00000036 com.ibm.ws.webcontainer.servlet                              I SRVE0242I: [io.openliberty.microprofile.health.3.1.internal] [/health] [HealthCheckServlet]: Initialization successful.
[9/6/26, 11:02:38:796 GMT] 00000036 com.ibm.ws.webcontainer.servlet                              I SRVE0242I: [io.openliberty.microprofile.health.3.1.internal] [/health] [HealthCheckStartupServlet]: Initialization successful.
[9/6/26, 11:02:38:797 GMT] 00000036 com.ibm.ws.webcontainer.servlet                              I SRVE0242I: [io.openliberty.microprofile.health.3.1.internal] [/health] [HealthCheckLivenessServlet]: Initialization successful.
[9/6/26, 11:02:38:807 GMT] 00000037 com.ibm.ws.session.WASSessionCore                            I SESN0176I: A new session context will be created for application key default_host/openapi
[9/6/26, 11:02:38:808 GMT] 00000037 com.ibm.ws.util                                              I SESN0172I: The session manager is using the Java default SecureRandom implementation for session ID generation.
[9/6/26, 11:02:38:814 GMT] 00000037 com.ibm.ws.webcontainer.servlet                              I SRVE0242I: [io.openliberty.microprofile.openapi.2.0.internal.servlet] [/openapi] [ApplicationServlet]: Initialization successful.
[9/6/26, 11:02:39:210 GMT] 0000003a org.hibernate.validator.internal.util.Version                I HV000001: Hibernate Validator 6.2.5.Final
[9/6/26, 11:02:39:291 GMT] 0000003a com.ibm.j2ca.RAIMSTM                                         I AFC Version : 7.5.0.5_TF10
[9/6/26, 11:02:39:294 GMT] 0000003a om.ibm.ws.app.manager.rar.internal.RARApplicationHandlerImpl A J2CA7001I: Resource adapter gmoa installed in 0.746 seconds.
[9/6/26, 11:02:39:298 GMT] 00000037 com.ibm.ws.app.manager.AppMessageHelper                      I CWWKZ0018I: Starting application zosconnect-ui-backend.
[9/6/26, 11:02:39:299 GMT] 00000039 com.ibm.ws.app.manager.AppMessageHelper                      I CWWKZ0018I: Starting application zosconnect-ui.
[9/6/26, 11:02:39:299 GMT] 00000036 com.ibm.ws.app.manager.AppMessageHelper                      I CWWKZ0018I: Starting application zosconnect-ui-backend-db2.
[9/6/26, 11:02:39:300 GMT] 0000003b com.ibm.ws.app.manager.AppMessageHelper                      I CWWKZ0018I: Starting application zosconnect-ui-backend-ims.
[9/6/26, 11:02:39:300 GMT] 00000039 bm.ws.app.manager.war.internal.WARDeployedAppInfoFactoryImpl I CWWKZ0133I: The zosconnect-ui application at the /opt/ibm/zosconnect/lib/com.ibm.zosconnect.ui.war location is being expanded to the /opt/ibm/wlp/usr/servers/defaultServer/apps/expanded/zosconnect-ui.war directory.
[9/6/26, 11:02:39:299 GMT] 00000037 bm.ws.app.manager.war.internal.WARDeployedAppInfoFactoryImpl I CWWKZ0133I: The zosconnect-ui-backend application at the /opt/ibm/zosconnect/lib/com.ibm.zosconnect.ui.backend.war location is being expanded to the /opt/ibm/wlp/usr/servers/defaultServer/apps/expanded/zosconnect-ui-backend.war directory.
[9/6/26, 11:02:39:300 GMT] 00000036 bm.ws.app.manager.war.internal.WARDeployedAppInfoFactoryImpl I CWWKZ0133I: The zosconnect-ui-backend-db2 application at the /opt/ibm/zosconnect/lib/com.ibm.zosconnect.ui.backend.db2.war location is being expanded to the /opt/ibm/wlp/usr/servers/defaultServer/apps/expanded/zosconnect-ui-backend-db2.war directory.
[9/6/26, 11:02:39:300 GMT] 0000003b bm.ws.app.manager.war.internal.WARDeployedAppInfoFactoryImpl I CWWKZ0133I: The zosconnect-ui-backend-ims application at the /opt/ibm/zosconnect/lib/com.ibm.zosconnect.ui.backend.ims.war location is being expanded to the /opt/ibm/wlp/usr/servers/defaultServer/apps/expanded/zosconnect-ui-backend-ims.war directory.
[9/6/26, 11:02:39:300 GMT] 0000003a com.ibm.ws.app.manager.AppMessageHelper                      I CWWKZ0018I: Starting application zosconnect-ui-backend-cics.
[9/6/26, 11:02:39:300 GMT] 0000003a bm.ws.app.manager.war.internal.WARDeployedAppInfoFactoryImpl I CWWKZ0133I: The zosconnect-ui-backend-cics application at the /opt/ibm/zosconnect/lib/com.ibm.zosconnect.ui.backend.cics.war location is being expanded to the /opt/ibm/wlp/usr/servers/defaultServer/apps/expanded/zosconnect-ui-backend-cics.war directory.
[9/6/26, 11:02:39:520 GMT] 00000039 com.ibm.ws.webcontainer.osgi.webapp.WebGroup                 I SRVE0169I: Loading Web Module: z/OS Connect Designer.
[9/6/26, 11:02:39:521 GMT] 00000039 com.ibm.ws.webcontainer                                      I SRVE0250I: Web Module z/OS Connect Designer has been bound to default_host.
[9/6/26, 11:02:39:521 GMT] 00000039 com.ibm.ws.http.internal.VirtualHostImpl                     A CWWKT0016I: Web application available (default_host): http://02db3501d6ac:9080/zosConnect/designer/
[9/6/26, 11:02:39:528 GMT] 00000039 com.ibm.ws.app.manager.AppMessageHelper                      I CWWKZ0018I: Starting application api.
[9/6/26, 11:02:39:528 GMT] 00000039 bm.ws.app.manager.war.internal.WARDeployedAppInfoFactoryImpl I CWWKZ0133I: The api application at the /opt/ibm/wlp/usr/servers/defaultServer/dropins/api.war location is being expanded to the /opt/ibm/wlp/usr/servers/defaultServer/apps/expanded/api.war directory.
[9/6/26, 11:02:40:994 GMT] 0000003b com.ibm.ws.webcontainer.osgi.webapp.WebGroup                 I SRVE0169I: Loading Web Module: com.ibm.zosconnect.ui.backend.ims.
[9/6/26, 11:02:40:996 GMT] 00000036 com.ibm.ws.webcontainer.osgi.webapp.WebGroup                 I SRVE0169I: Loading Web Module: com.ibm.zosconnect.ui.backend.db2.
[9/6/26, 11:02:40:996 GMT] 0000003b com.ibm.ws.webcontainer                                      I SRVE0250I: Web Module com.ibm.zosconnect.ui.backend.ims has been bound to default_host.
[9/6/26, 11:02:40:991 GMT] 0000003a com.ibm.ws.webcontainer.osgi.webapp.WebGroup                 I SRVE0169I: Loading Web Module: com.ibm.zosconnect.ui.backend.cics.
[9/6/26, 11:02:40:996 GMT] 00000036 com.ibm.ws.webcontainer                                      I SRVE0250I: Web Module com.ibm.zosconnect.ui.backend.db2 has been bound to default_host.
[9/6/26, 11:02:40:997 GMT] 0000003a com.ibm.ws.webcontainer                                      I SRVE0250I: Web Module com.ibm.zosconnect.ui.backend.cics has been bound to default_host.
[9/6/26, 11:02:40:997 GMT] 0000003b com.ibm.ws.http.internal.VirtualHostImpl                     A CWWKT0016I: Web application available (default_host): http://02db3501d6ac:9080/zosConnect/designer/api/zosAssetProvider/ims-1.0/
[9/6/26, 11:02:40:997 GMT] 0000003a com.ibm.ws.http.internal.VirtualHostImpl                     A CWWKT0016I: Web application available (default_host): http://02db3501d6ac:9080/zosConnect/designer/api/zosAssetProvider/cics-1.0/
[9/6/26, 11:02:40:997 GMT] 00000036 com.ibm.ws.http.internal.VirtualHostImpl                     A CWWKT0016I: Web application available (default_host): http://02db3501d6ac:9080/zosConnect/designer/api/zosAssetProvider/db2-1.0/
[9/6/26, 11:02:41:011 GMT] 00000036 com.ibm.ws.session.WASSessionCore                            I SESN0176I: A new session context will be created for application key default_host/zosConnect/designer/api/zosAssetProvider/ims-1.0
[9/6/26, 11:02:41:012 GMT] 00000036 com.ibm.ws.util                                              I SESN0172I: The session manager is using the Java default SecureRandom implementation for session ID generation.
[9/6/26, 11:02:41:021 GMT] 0000003b com.ibm.ws.session.WASSessionCore                            I SESN0176I: A new session context will be created for application key default_host/zosConnect/designer
[9/6/26, 11:02:41:021 GMT] 0000003b com.ibm.ws.util                                              I SESN0172I: The session manager is using the Java default SecureRandom implementation for session ID generation.
[9/6/26, 11:02:41:032 GMT] 0000003a com.ibm.ws.webcontainer.osgi.mbeans.PluginGenerator          I SRVE9103I: A configuration file for a web server plugin was automatically generated for this server at /opt/ibm/wlp/output/defaultServer/logs/state/plugin-cfg.xml.
[9/6/26, 11:02:41:036 GMT] 0000003b com.ibm.ws.app.manager.AppMessageHelper                      A CWWKZ0001I: Application zosconnect-ui started in 1.736 seconds.
[9/6/26, 11:02:41:037 GMT] 00000036 com.ibm.ws.app.manager.AppMessageHelper                      A CWWKZ0001I: Application zosconnect-ui-backend-ims started in 1.737 seconds.
[9/6/26, 11:02:41:037 GMT] 0000003a com.ibm.ws.session.WASSessionCore                            I SESN0176I: A new session context will be created for application key default_host/zosConnect/designer/api/zosAssetProvider/cics-1.0
[9/6/26, 11:02:41:039 GMT] 0000003a com.ibm.ws.util                                              I SESN0172I: The session manager is using the Java default SecureRandom implementation for session ID generation.
[9/6/26, 11:02:41:040 GMT] 0000003b com.ibm.ws.session.WASSessionCore                            I SESN0176I: A new session context will be created for application key default_host/zosConnect/designer/api/zosAssetProvider/db2-1.0
[9/6/26, 11:02:41:040 GMT] 0000003b com.ibm.ws.util                                              I SESN0172I: The session manager is using the Java default SecureRandom implementation for session ID generation.
[9/6/26, 11:02:41:047 GMT] 0000003a com.ibm.ws.app.manager.AppMessageHelper                      A CWWKZ0001I: Application zosconnect-ui-backend-cics started in 1.746 seconds.
[9/6/26, 11:02:41:048 GMT] 0000003b com.ibm.ws.app.manager.AppMessageHelper                      A CWWKZ0001I: Application zosconnect-ui-backend-db2 started in 1.748 seconds.
[9/6/26, 11:02:41:288 GMT] 00000039 com.ibm.zosconnect.api.project.operation.OperationsHelper    E BAQR1626E: An error occurred while attempting to load operations: java.io.IOException: /opt/ibm/wlp/usr/servers/defaultServer/apps/expanded/api.war/WEB-INF/operations
[9/6/26, 11:02:41:289 GMT] 00000039 com.ibm.zosconnect.engine.impl.OperationManagerImpl          E BAQR1669E: Failed to load project from /opt/ibm/wlp/usr/servers/defaultServer/apps/expanded/api.war/WEB-INF/. 
[9/6/26, 11:02:41:350 GMT] 00000039 zosasset.cics.internal.factories.CicsCommareaZosAssetFactory I BAQR1753I: Loaded CICS COMMAREA z/OS Asset VRCB0100
[9/6/26, 11:02:41:384 GMT] 00000039 liberty.microprofile.openapi20.internal.ApplicationProcessor I CWWKO1660I: The application api was processed and an OpenAPI document was produced.
[9/6/26, 11:02:41:386 GMT] 00000039 com.ibm.ws.webcontainer.osgi.webapp.WebGroup                 I SRVE0169I: Loading Web Module: api.
[9/6/26, 11:02:41:386 GMT] 00000039 com.ibm.ws.webcontainer                                      I SRVE0250I: Web Module api has been bound to default_host.
[9/6/26, 11:02:41:386 GMT] 00000039 com.ibm.ws.http.internal.VirtualHostImpl                     A CWWKT0016I: Web application available (default_host): http://02db3501d6ac:9080/
[9/6/26, 11:02:41:387 GMT] 00000036 com.ibm.ws.session.WASSessionCore                            I SESN0176I: A new session context will be created for application key default_host/
[9/6/26, 11:02:41:387 GMT] 00000036 com.ibm.ws.util                                              I SESN0172I: The session manager is using the Java default SecureRandom implementation for session ID generation.
[9/6/26, 11:02:41:391 GMT] 00000036 com.ibm.ws.app.manager.AppMessageHelper                      A CWWKZ0001I: Application api started in 1.863 seconds.
[9/6/26, 11:02:41:398 GMT] 00000039 com.ibm.ws.webcontainer.osgi.mbeans.PluginGenerator          I SRVE9103I: A configuration file for a web server plugin was automatically generated for this server at /opt/ibm/wlp/output/defaultServer/logs/state/plugin-cfg.xml.
[9/6/26, 11:02:41:498 GMT] 00000036 apache.cxf.cxf.core.3.2:1.0.111.cl260320260625-2008(id=110)] I Setting the server's publish address to be /
[9/6/26, 11:02:41:542 GMT] 00000036 com.ibm.ws.webcontainer.servlet                              I SRVE0242I: [api] [/] [{{oasTitle}}]: Initialization successful.
[9/6/26, 11:02:41:910 GMT] 00000037 liberty.microprofile.openapi20.internal.MergeDisabledAlerter I CWWKO1663I: Combining OpenAPI documentation from multiple modules is disabled. Only WebModule [api/api] is used to generate OpenAPI documentation. To enable merging of OpenAPI documentation from all modules, set config property mp.openapi.extensions.liberty.merged.include = all.
[9/6/26, 11:02:41:911 GMT] 00000037 com.ibm.ws.webcontainer.osgi.webapp.WebGroup                 I SRVE0169I: Loading Web Module: com.ibm.zosconnect.ui.backend.
[9/6/26, 11:02:41:911 GMT] 00000037 com.ibm.ws.webcontainer                                      I SRVE0250I: Web Module com.ibm.zosconnect.ui.backend has been bound to default_host.
[9/6/26, 11:02:41:911 GMT] 00000037 com.ibm.ws.http.internal.VirtualHostImpl                     A CWWKT0016I: Web application available (default_host): http://02db3501d6ac:9080/zosConnect/designer/api/
[9/6/26, 11:02:41:912 GMT] 0000003a com.ibm.ws.session.WASSessionCore                            I SESN0176I: A new session context will be created for application key default_host/zosConnect/designer/api
[9/6/26, 11:02:41:912 GMT] 0000003a com.ibm.ws.util                                              I SESN0172I: The session manager is using the Java default SecureRandom implementation for session ID generation.
[9/6/26, 11:02:41:922 GMT] 00000036 com.ibm.ws.webcontainer.osgi.mbeans.PluginGenerator          I SRVE9103I: A configuration file for a web server plugin was automatically generated for this server at /opt/ibm/wlp/output/defaultServer/logs/state/plugin-cfg.xml.
[9/6/26, 11:02:41:964 GMT] 0000003a com.ibm.ws.app.manager.AppMessageHelper                      A CWWKZ0001I: Application zosconnect-ui-backend started in 2.665 seconds.
[9/6/26, 11:02:41:985 GMT] 0000003a apache.cxf.cxf.core.3.2:1.0.111.cl260320260625-2008(id=110)] I Setting the server's publish address to be /
[9/6/26, 11:02:41:985 GMT] 00000035 com.ibm.ws.tcpchannel.internal.TCPPort                       I CWWKO0219I: TCP Channel defaultHttpEndpoint has been started and is now listening for requests on host *  (IPv6) port 9080.
[9/6/26, 11:02:41:985 GMT] 00000035 com.ibm.ws.tcpchannel.internal.TCPPort                       I CWWKO0219I: TCP Channel defaultHttpEndpoint-ssl has been started and is now listening for requests on host *  (IPv6) port 9443.
[9/6/26, 11:02:41:989 GMT] 0000003a com.ibm.ws.webcontainer.servlet                              I SRVE0242I: [zosconnect-ui-backend] [/zosConnect/designer/api] [com.ibm.zosconnect.ui.backend]: Initialization successful.
[9/6/26, 11:02:42:011 GMT] 00000035 com.ibm.ws.kernel.feature.internal.FeatureManager            A CWWKF0015I: The server has the following interim fixes active in the runtime: PH71719,OLGH34465,PH70352,PH71808,PH70798,PH71585,PH70078,PH70510,PH71631. For a full listing of installed fixes run: productInfo version --ifixes
[9/6/26, 11:02:42:012 GMT] 00000035 com.ibm.ws.kernel.feature.internal.FeatureManager            A CWWKF0012I: The server installed the following features: [appSecurity-2.0, audit-1.0, beanValidation-2.0, cdi-2.0, concurrent-1.0, distributedMap-1.0, el-3.0, jaxb-2.2, jaxrs-2.1, jaxrsClient-2.1, jca-1.7, jndi-1.0, json-1.0, jsonb-1.0, jsonp-1.1, jsp-2.3, jwt-1.0, monitor-1.0, mpConfig-2.0, mpContextPropagation-1.2, mpHealth-3.1, mpMetrics-3.0, mpOpenAPI-2.0, servlet-4.0, ssl-1.0, transportSecurity-1.0, zosconnect:cics-1.0, zosconnect:db2-1.0, zosconnect:designer-1.0, zosconnect:ims-1.0, zosconnect:zosConnect-3.0].
[9/6/26, 11:02:42:012 GMT] 00000035 com.ibm.ws.kernel.feature.internal.FeatureManager            I CWWKF0008I: Feature update completed in 6.942 seconds.
[9/6/26, 11:02:42:012 GMT] 00000035 com.ibm.ws.kernel.feature.internal.FeatureManager            A CWWKF0011I: The defaultServer server is ready to run a smarter planet. The defaultServer server started in 7.968 seconds.
[9/6/26, 11:02:48:984 GMT] 00000090 com.ibm.ws.http.internal.VirtualHostImpl                     A CWWKT0017I: Web application removed (default_host): http://02db3501d6ac:9080/
[9/6/26, 11:02:48:986 GMT] 00000090 com.ibm.ws.webcontainer.servlet                              I SRVE0253I: [api] [/] [{{oasTitle}}]: Destroy successful.
[9/6/26, 11:02:48:998 GMT] 00000090 com.ibm.ws.app.manager.AppMessageHelper                      A CWWKZ0009I: The application api has stopped successfully.
[9/6/26, 11:02:49:004 GMT] 00000090 com.ibm.ws.app.manager.AppMessageHelper                      I CWWKZ0018I: Starting application api.
[9/6/26, 11:02:49:005 GMT] 00000090 bm.ws.app.manager.war.internal.WARDeployedAppInfoFactoryImpl I CWWKZ0133I: The api application at the /opt/ibm/wlp/usr/servers/defaultServer/dropins/api.war location is being expanded to the /opt/ibm/wlp/usr/servers/defaultServer/apps/expanded/api.war directory.
[9/6/26, 11:02:49:025 GMT] 00000091 com.ibm.ws.webcontainer.osgi.mbeans.PluginGenerator          I SRVE9103I: A configuration file for a web server plugin was automatically generated for this server at /opt/ibm/wlp/output/defaultServer/logs/state/plugin-cfg.xml.
[9/6/26, 11:02:49:236 GMT] 00000090 zosasset.cics.internal.factories.CicsCommareaZosAssetFactory I BAQR1753I: Loaded CICS COMMAREA z/OS Asset VRCB0100
[9/6/26, 11:02:49:247 GMT] 00000090 liberty.microprofile.openapi20.internal.ApplicationProcessor I CWWKO1660I: The application api was processed and an OpenAPI document was produced.
[9/6/26, 11:02:49:248 GMT] 00000090 com.ibm.ws.webcontainer.osgi.webapp.WebGroup                 I SRVE0169I: Loading Web Module: api.
[9/6/26, 11:02:49:248 GMT] 00000090 com.ibm.ws.webcontainer                                      I SRVE0250I: Web Module api has been bound to default_host.
[9/6/26, 11:02:49:248 GMT] 00000090 com.ibm.ws.http.internal.VirtualHostImpl                     A CWWKT0016I: Web application available (default_host): http://02db3501d6ac:9080/
[9/6/26, 11:02:49:249 GMT] 00000092 com.ibm.ws.session.WASSessionCore                            I SESN0176I: A new session context will be created for application key default_host/
[9/6/26, 11:02:49:250 GMT] 00000092 com.ibm.ws.util                                              I SESN0172I: The session manager is using the Java default SecureRandom implementation for session ID generation.
[9/6/26, 11:02:49:256 GMT] 00000092 com.ibm.ws.app.manager.AppMessageHelper                      A CWWKZ0003I: The application api updated in 0.251 seconds.
[9/6/26, 11:02:49:268 GMT] 00000092 apache.cxf.cxf.core.3.2:1.0.111.cl260320260625-2008(id=110)] I Setting the server's publish address to be /
[9/6/26, 11:02:49:271 GMT] 00000090 com.ibm.ws.webcontainer.osgi.mbeans.PluginGenerator          I SRVE9103I: A configuration file for a web server plugin was automatically generated for this server at /opt/ibm/wlp/output/defaultServer/logs/state/plugin-cfg.xml.
[9/6/26, 11:02:49:272 GMT] 00000092 com.ibm.ws.webcontainer.servlet                              I SRVE0242I: [api] [/] [{{oasTitle}}]: Initialization successful.
[9/6/26, 11:02:50:287 GMT] 00000076 m.ibm.zosconnect.ui.backend.apiproject.TestApiProjectHandler I BAQW0071I: Successfully initialized monitoring of API project.
[9/6/26, 11:02:50:751 GMT] 000000b0 com.ibm.ws.config.xml.internal.ConfigRefresher               A CWWKG0016I: Starting server configuration update.
[9/6/26, 11:02:50:753 GMT] 000000b0 com.ibm.ws.config.xml.internal.ServerXMLConfiguration        A CWWKG0093A: Processing configuration drop-ins resource: /opt/ibm/wlp/usr/servers/defaultServer/configDropins/defaults/keystore.xml
[9/6/26, 11:02:50:755 GMT] 000000b0 com.ibm.ws.config.xml.internal.ServerXMLConfiguration        A CWWKG0093A: Processing configuration drop-ins resource: /opt/ibm/wlp/usr/servers/defaultServer/configDropins/overrides/cics.xml
[9/6/26, 11:02:50:756 GMT] 000000b0 com.ibm.ws.config.xml.internal.ServerXMLConfiguration        A CWWKG0093A: Processing configuration drop-ins resource: /opt/ibm/wlp/usr/servers/defaultServer/configDropins/overrides/http-ssl-endpoint.xml
[9/6/26, 11:02:50:756 GMT] 000000b0 com.ibm.ws.config.xml.internal.ServerXMLConfiguration        A CWWKG0093A: Processing configuration drop-ins resource: /opt/ibm/wlp/usr/servers/defaultServer/configDropins/overrides/server.xml
[9/6/26, 11:02:50:757 GMT] 000000b0 com.ibm.ws.config.xml.internal.ServerXMLConfiguration        A CWWKG0093A: Processing configuration drop-ins resource: /opt/ibm/wlp/usr/servers/defaultServer/configDropins/overrides/tls.xml
[9/6/26, 11:02:50:780 GMT] 000000b0 com.ibm.ws.config.xml.internal.ConfigRefresher               A CWWKG0018I: The server configuration was not updated. No functional changes were detected.
[9/6/26, 11:03:42:581 GMT] 00000091 com.ibm.ws.webcontainer.servlet                              I SRVE0242I: [zosconnect-ui] [/zosConnect/designer] [/index.jsp]: Initialization successful.
[9/6/26, 11:03:43:374 GMT] 000000d2 apache.cxf.cxf.core.3.2:1.0.111.cl260320260625-2008(id=110)] I Setting the server's publish address to be /
[9/6/26, 11:03:43:378 GMT] 000000d2 com.ibm.ws.webcontainer.servlet                              I SRVE0242I: [zosconnect-ui-backend-cics] [/zosConnect/designer/api/zosAssetProvider/cics-1.0] [com.ibm.zosconnect.ui.backend.cics.WorkspaceApplication]: Initialization successful.
[9/6/26, 11:03:43:437 GMT] 000000e0 apache.cxf.cxf.core.3.2:1.0.111.cl260320260625-2008(id=110)] I Setting the server's publish address to be /
[9/6/26, 11:03:43:442 GMT] 000000e0 com.ibm.ws.webcontainer.servlet                              I SRVE0242I: [zosconnect-ui-backend-db2] [/zosConnect/designer/api/zosAssetProvider/db2-1.0] [com.ibm.zosconnect.ui.backend.db2.WorkspaceApplication]: Initialization successful.
[9/6/26, 11:03:43:538 GMT] 00000091 apache.cxf.cxf.core.3.2:1.0.111.cl260320260625-2008(id=110)] I Setting the server's publish address to be /
[9/6/26, 11:03:43:542 GMT] 00000091 com.ibm.ws.webcontainer.servlet                              I SRVE0242I: [zosconnect-ui-backend-ims] [/zosConnect/designer/api/zosAssetProvider/ims-1.0] [com.ibm.zosconnect.ui.backend.ims.WorkspaceApplication]: Initialization successful.
[9/6/26, 11:03:54:953 GMT] 000000f4 com.ibm.ws.http.internal.VirtualHostImpl                     A CWWKT0017I: Web application removed (default_host): http://02db3501d6ac:9080/
[9/6/26, 11:03:54:953 GMT] 000000f4 com.ibm.ws.webcontainer.servlet                              I SRVE0253I: [api] [/] [{{oasTitle}}]: Destroy successful.
[9/6/26, 11:03:54:976 GMT] 000000f4 com.ibm.ws.app.manager.AppMessageHelper                      A CWWKZ0009I: The application api has stopped successfully.
[9/6/26, 11:03:55:048 GMT] 000000f6 com.ibm.ws.webcontainer.osgi.mbeans.PluginGenerator          I SRVE9103I: A configuration file for a web server plugin was automatically generated for this server at /opt/ibm/wlp/output/defaultServer/logs/state/plugin-cfg.xml.
[9/6/26, 11:03:56:663 GMT] 000000eb com.ibm.ws.app.manager.AppMessageHelper                      I CWWKZ0018I: Starting application api.
[9/6/26, 11:03:56:663 GMT] 000000eb bm.ws.app.manager.war.internal.WARDeployedAppInfoFactoryImpl I CWWKZ0133I: The api application at the /opt/ibm/wlp/usr/servers/defaultServer/dropins/api.war location is being expanded to the /opt/ibm/wlp/usr/servers/defaultServer/apps/expanded/api.war directory.
[9/6/26, 11:03:57:017 GMT] 000000eb zosasset.cics.internal.factories.CicsCommareaZosAssetFactory I BAQR1753I: Loaded CICS COMMAREA z/OS Asset VRCB0100
[9/6/26, 11:03:57:039 GMT] 000000eb com.ibm.zosconnect.engine.impl.OperationManagerImpl          E BAQR1660E: Missing operation.yaml for operation %2Fcustomers/post.
[9/6/26, 11:03:57:051 GMT] 000000eb liberty.microprofile.openapi20.internal.ApplicationProcessor I CWWKO1660I: The application api was processed and an OpenAPI document was produced.
[9/6/26, 11:03:57:053 GMT] 000000eb com.ibm.ws.webcontainer.osgi.webapp.WebGroup                 I SRVE0169I: Loading Web Module: api.
[9/6/26, 11:03:57:053 GMT] 000000eb com.ibm.ws.webcontainer                                      I SRVE0250I: Web Module api has been bound to default_host.
[9/6/26, 11:03:57:053 GMT] 000000eb com.ibm.ws.http.internal.VirtualHostImpl                     A CWWKT0016I: Web application available (default_host): http://02db3501d6ac:9080/
[9/6/26, 11:03:57:054 GMT] 000000ea com.ibm.ws.session.WASSessionCore                            I SESN0176I: A new session context will be created for application key default_host/
[9/6/26, 11:03:57:055 GMT] 000000ea com.ibm.ws.util                                              I SESN0172I: The session manager is using the Java default SecureRandom implementation for session ID generation.
[9/6/26, 11:03:57:062 GMT] 000000ea com.ibm.ws.app.manager.AppMessageHelper                      A CWWKZ0001I: Application api started in 0.399 seconds.
[9/6/26, 11:03:57:078 GMT] 000000e2 com.ibm.ws.webcontainer.osgi.mbeans.PluginGenerator          I SRVE9103I: A configuration file for a web server plugin was automatically generated for this server at /opt/ibm/wlp/output/defaultServer/logs/state/plugin-cfg.xml.
[9/6/26, 11:03:57:080 GMT] 000000ea apache.cxf.cxf.core.3.2:1.0.111.cl260320260625-2008(id=110)] I Setting the server's publish address to be /
[9/6/26, 11:03:57:086 GMT] 000000ea com.ibm.ws.webcontainer.servlet                              I SRVE0242I: [api] [/] [{{oasTitle}}]: Initialization successful.
[9/6/26, 11:09:50:023 GMT] 00000279 com.ibm.ws.webcontainer.servlet                              I SRVE0242I: [zosconnect-ui] [/zosConnect/designer] [DesignerServlet]: Initialization successful.
[9/6/26, 11:10:04:153 GMT] 00000278 com.ibm.ws.http.internal.VirtualHostImpl                     A CWWKT0017I: Web application removed (default_host): http://02db3501d6ac:9080/
[9/6/26, 11:10:04:155 GMT] 00000278 com.ibm.ws.webcontainer.servlet                              I SRVE0253I: [api] [/] [{{oasTitle}}]: Destroy successful.
[9/6/26, 11:10:04:187 GMT] 00000278 com.ibm.ws.app.manager.AppMessageHelper                      A CWWKZ0009I: The application api has stopped successfully.
[9/6/26, 11:10:04:244 GMT] 0000028a com.ibm.ws.webcontainer.osgi.mbeans.PluginGenerator          I SRVE9103I: A configuration file for a web server plugin was automatically generated for this server at /opt/ibm/wlp/output/defaultServer/logs/state/plugin-cfg.xml.
[9/6/26, 11:10:05:333 GMT] 00000250 com.ibm.ws.app.manager.AppMessageHelper                      I CWWKZ0018I: Starting application api.
[9/6/26, 11:10:05:334 GMT] 00000250 bm.ws.app.manager.war.internal.WARDeployedAppInfoFactoryImpl I CWWKZ0133I: The api application at the /opt/ibm/wlp/usr/servers/defaultServer/dropins/api.war location is being expanded to the /opt/ibm/wlp/usr/servers/defaultServer/apps/expanded/api.war directory.
[9/6/26, 11:10:06:438 GMT] 00000250 com.ibm.zosconnect.engine.impl.OperationManagerImpl          E BAQR1660E: Missing operation.yaml for operation %2Fcustomers/post.
[9/6/26, 11:10:06:490 GMT] 00000250 zosasset.cics.internal.factories.CicsCommareaZosAssetFactory I BAQR1753I: Loaded CICS COMMAREA z/OS Asset VRCB0100
[9/6/26, 11:10:06:500 GMT] 00000250 liberty.microprofile.openapi20.internal.ApplicationProcessor I CWWKO1660I: The application api was processed and an OpenAPI document was produced.
[9/6/26, 11:10:06:503 GMT] 00000250 com.ibm.ws.webcontainer.osgi.webapp.WebGroup                 I SRVE0169I: Loading Web Module: api.
[9/6/26, 11:10:06:503 GMT] 00000250 com.ibm.ws.webcontainer                                      I SRVE0250I: Web Module api has been bound to default_host.
[9/6/26, 11:10:06:503 GMT] 00000250 com.ibm.ws.http.internal.VirtualHostImpl                     A CWWKT0016I: Web application available (default_host): http://02db3501d6ac:9080/
[9/6/26, 11:10:06:505 GMT] 00000279 com.ibm.ws.session.WASSessionCore                            I SESN0176I: A new session context will be created for application key default_host/
[9/6/26, 11:10:06:511 GMT] 00000279 com.ibm.ws.util                                              I SESN0172I: The session manager is using the Java default SecureRandom implementation for session ID generation.
[9/6/26, 11:10:06:524 GMT] 00000279 com.ibm.ws.app.manager.AppMessageHelper                      A CWWKZ0001I: Application api started in 1.190 seconds.
[9/6/26, 11:10:06:553 GMT] 00000250 com.ibm.ws.webcontainer.osgi.mbeans.PluginGenerator          I SRVE9103I: A configuration file for a web server plugin was automatically generated for this server at /opt/ibm/wlp/output/defaultServer/logs/state/plugin-cfg.xml.
[9/6/26, 11:10:06:563 GMT] 00000279 apache.cxf.cxf.core.3.2:1.0.111.cl260320260625-2008(id=110)] I Setting the server's publish address to be /
[9/6/26, 11:10:06:576 GMT] 00000279 com.ibm.ws.webcontainer.servlet                              I SRVE0242I: [api] [/] [{{oasTitle}}]: Initialization successful.
[9/6/26, 11:16:58:159 GMT] 000003ce com.ibm.ws.http.internal.VirtualHostImpl                     A CWWKT0017I: Web application removed (default_host): http://02db3501d6ac:9080/
[9/6/26, 11:16:58:160 GMT] 000003ce com.ibm.ws.webcontainer.servlet                              I SRVE0253I: [api] [/] [{{oasTitle}}]: Destroy successful.
[9/6/26, 11:16:58:170 GMT] 000003ce com.ibm.ws.app.manager.AppMessageHelper                      A CWWKZ0009I: The application api has stopped successfully.
[9/6/26, 11:16:58:206 GMT] 00000414 com.ibm.ws.webcontainer.osgi.mbeans.PluginGenerator          I SRVE9103I: A configuration file for a web server plugin was automatically generated for this server at /opt/ibm/wlp/output/defaultServer/logs/state/plugin-cfg.xml.
[9/6/26, 11:16:59:369 GMT] 0000041f com.ibm.ws.app.manager.AppMessageHelper                      I CWWKZ0018I: Starting application api.
[9/6/26, 11:16:59:370 GMT] 0000041f bm.ws.app.manager.war.internal.WARDeployedAppInfoFactoryImpl I CWWKZ0133I: The api application at the /opt/ibm/wlp/usr/servers/defaultServer/dropins/api.war location is being expanded to the /opt/ibm/wlp/usr/servers/defaultServer/apps/expanded/api.war directory.
[9/6/26, 11:16:59:899 GMT] 0000041f zosasset.cics.internal.factories.CicsCommareaZosAssetFactory I BAQR1753I: Loaded CICS COMMAREA z/OS Asset VRCB0100
[9/6/26, 11:16:59:910 GMT] 0000041f liberty.microprofile.openapi20.internal.ApplicationProcessor I CWWKO1660I: The application api was processed and an OpenAPI document was produced.
[9/6/26, 11:16:59:913 GMT] 0000041f com.ibm.ws.webcontainer.osgi.webapp.WebGroup                 I SRVE0169I: Loading Web Module: api.
[9/6/26, 11:16:59:913 GMT] 0000041f com.ibm.ws.webcontainer                                      I SRVE0250I: Web Module api has been bound to default_host.
[9/6/26, 11:16:59:913 GMT] 0000041f com.ibm.ws.http.internal.VirtualHostImpl                     A CWWKT0016I: Web application available (default_host): http://02db3501d6ac:9080/
[9/6/26, 11:16:59:914 GMT] 00000414 com.ibm.ws.session.WASSessionCore                            I SESN0176I: A new session context will be created for application key default_host/
[9/6/26, 11:16:59:915 GMT] 00000414 com.ibm.ws.util                                              I SESN0172I: The session manager is using the Java default SecureRandom implementation for session ID generation.
[9/6/26, 11:16:59:932 GMT] 00000414 com.ibm.ws.app.manager.AppMessageHelper                      A CWWKZ0001I: Application api started in 0.562 seconds.
[9/6/26, 11:16:59:957 GMT] 0000041f com.ibm.ws.webcontainer.osgi.mbeans.PluginGenerator          I SRVE9103I: A configuration file for a web server plugin was automatically generated for this server at /opt/ibm/wlp/output/defaultServer/logs/state/plugin-cfg.xml.
[9/6/26, 11:16:59:960 GMT] 00000414 apache.cxf.cxf.core.3.2:1.0.111.cl260320260625-2008(id=110)] I Setting the server's publish address to be /
[9/6/26, 11:16:59:966 GMT] 00000414 com.ibm.ws.webcontainer.servlet                              I SRVE0242I: [api] [/] [{{oasTitle}}]: Initialization successful.
[9/6/26, 11:17:07:144 GMT] 00000465 com.ibm.ws.http.internal.VirtualHostImpl                     A CWWKT0017I: Web application removed (default_host): http://02db3501d6ac:9080/
[9/6/26, 11:17:07:145 GMT] 00000465 com.ibm.ws.webcontainer.servlet                              I SRVE0253I: [api] [/] [{{oasTitle}}]: Destroy successful.
[9/6/26, 11:17:07:151 GMT] 00000465 com.ibm.ws.app.manager.AppMessageHelper                      A CWWKZ0009I: The application api has stopped successfully.
[9/6/26, 11:17:07:165 GMT] 0000043d com.ibm.ws.webcontainer.osgi.mbeans.PluginGenerator          I SRVE9103I: A configuration file for a web server plugin was automatically generated for this server at /opt/ibm/wlp/output/defaultServer/logs/state/plugin-cfg.xml.
[9/6/26, 11:17:07:833 GMT] 00000477 com.ibm.ws.app.manager.AppMessageHelper                      I CWWKZ0018I: Starting application api.
[9/6/26, 11:17:07:833 GMT] 00000477 bm.ws.app.manager.war.internal.WARDeployedAppInfoFactoryImpl I CWWKZ0133I: The api application at the /opt/ibm/wlp/usr/servers/defaultServer/dropins/api.war location is being expanded to the /opt/ibm/wlp/usr/servers/defaultServer/apps/expanded/api.war directory.
[9/6/26, 11:17:08:045 GMT] 00000477 zosasset.cics.internal.factories.CicsCommareaZosAssetFactory I BAQR1753I: Loaded CICS COMMAREA z/OS Asset VRCB0100
[9/6/26, 11:17:08:062 GMT] 00000477 liberty.microprofile.openapi20.internal.ApplicationProcessor I CWWKO1660I: The application api was processed and an OpenAPI document was produced.
[9/6/26, 11:17:08:063 GMT] 00000477 com.ibm.ws.webcontainer.osgi.webapp.WebGroup                 I SRVE0169I: Loading Web Module: api.
[9/6/26, 11:17:08:063 GMT] 00000477 com.ibm.ws.webcontainer                                      I SRVE0250I: Web Module api has been bound to default_host.
[9/6/26, 11:17:08:063 GMT] 00000477 com.ibm.ws.http.internal.VirtualHostImpl                     A CWWKT0016I: Web application available (default_host): http://02db3501d6ac:9080/
[9/6/26, 11:17:08:064 GMT] 0000045e com.ibm.ws.session.WASSessionCore                            I SESN0176I: A new session context will be created for application key default_host/
[9/6/26, 11:17:08:064 GMT] 0000045e com.ibm.ws.util                                              I SESN0172I: The session manager is using the Java default SecureRandom implementation for session ID generation.
[9/6/26, 11:17:08:068 GMT] 0000045e com.ibm.ws.app.manager.AppMessageHelper                      A CWWKZ0001I: Application api started in 0.235 seconds.
[9/6/26, 11:17:08:076 GMT] 0000045e apache.cxf.cxf.core.3.2:1.0.111.cl260320260625-2008(id=110)] I Setting the server's publish address to be /
[9/6/26, 11:17:08:078 GMT] 00000477 com.ibm.ws.webcontainer.osgi.mbeans.PluginGenerator          I SRVE9103I: A configuration file for a web server plugin was automatically generated for this server at /opt/ibm/wlp/output/defaultServer/logs/state/plugin-cfg.xml.
[9/6/26, 11:17:08:078 GMT] 0000045e com.ibm.ws.webcontainer.servlet                              I SRVE0242I: [api] [/] [{{oasTitle}}]: Initialization successful.
[9/6/26, 11:26:16:441 GMT] 000006e7 com.ibm.ws.http.internal.VirtualHostImpl                     A CWWKT0017I: Web application removed (default_host): http://02db3501d6ac:9080/
[9/6/26, 11:26:16:443 GMT] 000006e7 com.ibm.ws.webcontainer.servlet                              I SRVE0253I: [api] [/] [{{oasTitle}}]: Destroy successful.
[9/6/26, 11:26:16:452 GMT] 000006e7 com.ibm.ws.app.manager.AppMessageHelper                      A CWWKZ0009I: The application api has stopped successfully.
[9/6/26, 11:26:16:473 GMT] 000006eb com.ibm.ws.webcontainer.osgi.mbeans.PluginGenerator          I SRVE9103I: A configuration file for a web server plugin was automatically generated for this server at /opt/ibm/wlp/output/defaultServer/logs/state/plugin-cfg.xml.
[9/6/26, 11:26:18:144 GMT] 000006df com.ibm.ws.app.manager.AppMessageHelper                      I CWWKZ0018I: Starting application api.
[9/6/26, 11:26:18:145 GMT] 000006df bm.ws.app.manager.war.internal.WARDeployedAppInfoFactoryImpl I CWWKZ0133I: The api application at the /opt/ibm/wlp/usr/servers/defaultServer/dropins/api.war location is being expanded to the /opt/ibm/wlp/usr/servers/defaultServer/apps/expanded/api.war directory.
[9/6/26, 11:26:18:422 GMT] 000006df zosasset.cics.internal.factories.CicsCommareaZosAssetFactory I BAQR1753I: Loaded CICS COMMAREA z/OS Asset VRCB0100
[9/6/26, 11:26:18:429 GMT] 000006df liberty.microprofile.openapi20.internal.ApplicationProcessor I CWWKO1660I: The application api was processed and an OpenAPI document was produced.
[9/6/26, 11:26:18:430 GMT] 000006df com.ibm.ws.webcontainer.osgi.webapp.WebGroup                 I SRVE0169I: Loading Web Module: api.
[9/6/26, 11:26:18:430 GMT] 000006df com.ibm.ws.webcontainer                                      I SRVE0250I: Web Module api has been bound to default_host.
[9/6/26, 11:26:18:430 GMT] 000006df com.ibm.ws.http.internal.VirtualHostImpl                     A CWWKT0016I: Web application available (default_host): http://02db3501d6ac:9080/
[9/6/26, 11:26:18:430 GMT] 000006e7 com.ibm.ws.session.WASSessionCore                            I SESN0176I: A new session context will be created for application key default_host/
[9/6/26, 11:26:18:431 GMT] 000006e7 com.ibm.ws.util                                              I SESN0172I: The session manager is using the Java default SecureRandom implementation for session ID generation.
[9/6/26, 11:26:18:439 GMT] 000006e7 com.ibm.ws.app.manager.AppMessageHelper                      A CWWKZ0001I: Application api started in 0.294 seconds.
[9/6/26, 11:26:18:445 GMT] 000006bb com.ibm.ws.webcontainer.osgi.mbeans.PluginGenerator          I SRVE9103I: A configuration file for a web server plugin was automatically generated for this server at /opt/ibm/wlp/output/defaultServer/logs/state/plugin-cfg.xml.
[9/6/26, 11:26:18:455 GMT] 000006e7 apache.cxf.cxf.core.3.2:1.0.111.cl260320260625-2008(id=110)] I Setting the server's publish address to be /
[9/6/26, 11:26:18:464 GMT] 000006e7 com.ibm.ws.webcontainer.servlet                              I SRVE0242I: [api] [/] [{{oasTitle}}]: Initialization successful.
[9/6/26, 12:20:37:817 GMT] 00000a85 com.ibm.ws.http.internal.VirtualHostImpl                     A CWWKT0017I: Web application removed (default_host): http://02db3501d6ac:9080/
[9/6/26, 12:20:37:819 GMT] 00000a85 com.ibm.ws.webcontainer.servlet                              I SRVE0253I: [api] [/] [{{oasTitle}}]: Destroy successful.
[9/6/26, 12:20:37:828 GMT] 00000a85 com.ibm.ws.app.manager.AppMessageHelper                      A CWWKZ0009I: The application api has stopped successfully.
[9/6/26, 12:20:37:897 GMT] 00000a88 com.ibm.ws.webcontainer.osgi.mbeans.PluginGenerator          I SRVE9103I: A configuration file for a web server plugin was automatically generated for this server at /opt/ibm/wlp/output/defaultServer/logs/state/plugin-cfg.xml.
[9/6/26, 12:20:38:517 GMT] 00000a71 com.ibm.ws.app.manager.AppMessageHelper                      I CWWKZ0018I: Starting application api.
[9/6/26, 12:20:38:518 GMT] 00000a71 bm.ws.app.manager.war.internal.WARDeployedAppInfoFactoryImpl I CWWKZ0133I: The api application at the /opt/ibm/wlp/usr/servers/defaultServer/dropins/api.war location is being expanded to the /opt/ibm/wlp/usr/servers/defaultServer/apps/expanded/api.war directory.
[9/6/26, 12:20:38:748 GMT] 00000a71 zosasset.cics.internal.factories.CicsCommareaZosAssetFactory I BAQR1753I: Loaded CICS COMMAREA z/OS Asset VRCB0100
[9/6/26, 12:20:38:776 GMT] 00000a71 liberty.microprofile.openapi20.internal.ApplicationProcessor I CWWKO1660I: The application api was processed and an OpenAPI document was produced.
[9/6/26, 12:20:38:777 GMT] 00000a71 com.ibm.ws.webcontainer.osgi.webapp.WebGroup                 I SRVE0169I: Loading Web Module: api.
[9/6/26, 12:20:38:777 GMT] 00000a71 com.ibm.ws.webcontainer                                      I SRVE0250I: Web Module api has been bound to default_host.
[9/6/26, 12:20:38:777 GMT] 00000a71 com.ibm.ws.http.internal.VirtualHostImpl                     A CWWKT0016I: Web application available (default_host): http://02db3501d6ac:9080/
[9/6/26, 12:20:38:778 GMT] 00000a64 com.ibm.ws.session.WASSessionCore                            I SESN0176I: A new session context will be created for application key default_host/
[9/6/26, 12:20:38:778 GMT] 00000a64 com.ibm.ws.util                                              I SESN0172I: The session manager is using the Java default SecureRandom implementation for session ID generation.
[9/6/26, 12:20:38:785 GMT] 00000a64 com.ibm.ws.app.manager.AppMessageHelper                      A CWWKZ0001I: Application api started in 0.267 seconds.
[9/6/26, 12:20:38:793 GMT] 00000a71 com.ibm.ws.webcontainer.osgi.mbeans.PluginGenerator          I SRVE9103I: A configuration file for a web server plugin was automatically generated for this server at /opt/ibm/wlp/output/defaultServer/logs/state/plugin-cfg.xml.
[9/6/26, 12:20:38:797 GMT] 00000a64 apache.cxf.cxf.core.3.2:1.0.111.cl260320260625-2008(id=110)] I Setting the server's publish address to be /
[9/6/26, 12:20:38:800 GMT] 00000a64 com.ibm.ws.webcontainer.servlet                              I SRVE0242I: [api] [/] [{{oasTitle}}]: Initialization successful.
[9/6/26, 12:21:04:413 GMT] 00000a88 com.ibm.ws.http.internal.VirtualHostImpl                     A CWWKT0017I: Web application removed (default_host): http://02db3501d6ac:9080/
[9/6/26, 12:21:04:414 GMT] 00000a88 com.ibm.ws.webcontainer.servlet                              I SRVE0253I: [api] [/] [{{oasTitle}}]: Destroy successful.
[9/6/26, 12:21:04:419 GMT] 00000a88 com.ibm.ws.app.manager.AppMessageHelper                      A CWWKZ0009I: The application api has stopped successfully.
[9/6/26, 12:21:04:439 GMT] 00000ab3 com.ibm.ws.webcontainer.osgi.mbeans.PluginGenerator          I SRVE9103I: A configuration file for a web server plugin was automatically generated for this server at /opt/ibm/wlp/output/defaultServer/logs/state/plugin-cfg.xml.
[9/6/26, 12:21:05:141 GMT] 00000ab3 com.ibm.ws.app.manager.AppMessageHelper                      I CWWKZ0018I: Starting application api.
[9/6/26, 12:21:05:142 GMT] 00000ab3 bm.ws.app.manager.war.internal.WARDeployedAppInfoFactoryImpl I CWWKZ0133I: The api application at the /opt/ibm/wlp/usr/servers/defaultServer/dropins/api.war location is being expanded to the /opt/ibm/wlp/usr/servers/defaultServer/apps/expanded/api.war directory.
[9/6/26, 12:21:05:342 GMT] 00000ab3 zosasset.cics.internal.factories.CicsCommareaZosAssetFactory I BAQR1753I: Loaded CICS COMMAREA z/OS Asset VRCB0100
[9/6/26, 12:21:05:358 GMT] 00000ab3 liberty.microprofile.openapi20.internal.ApplicationProcessor I CWWKO1660I: The application api was processed and an OpenAPI document was produced.
[9/6/26, 12:21:05:359 GMT] 00000ab3 com.ibm.ws.webcontainer.osgi.webapp.WebGroup                 I SRVE0169I: Loading Web Module: api.
[9/6/26, 12:21:05:359 GMT] 00000ab3 com.ibm.ws.webcontainer                                      I SRVE0250I: Web Module api has been bound to default_host.
[9/6/26, 12:21:05:359 GMT] 00000ab3 com.ibm.ws.http.internal.VirtualHostImpl                     A CWWKT0016I: Web application available (default_host): http://02db3501d6ac:9080/
[9/6/26, 12:21:05:359 GMT] 00000a5a com.ibm.ws.session.WASSessionCore                            I SESN0176I: A new session context will be created for application key default_host/
[9/6/26, 12:21:05:360 GMT] 00000a5a com.ibm.ws.util                                              I SESN0172I: The session manager is using the Java default SecureRandom implementation for session ID generation.
[9/6/26, 12:21:05:366 GMT] 00000a5a com.ibm.ws.app.manager.AppMessageHelper                      A CWWKZ0001I: Application api started in 0.224 seconds.
[9/6/26, 12:21:05:380 GMT] 00000ab3 com.ibm.ws.webcontainer.osgi.mbeans.PluginGenerator          I SRVE9103I: A configuration file for a web server plugin was automatically generated for this server at /opt/ibm/wlp/output/defaultServer/logs/state/plugin-cfg.xml.
[9/6/26, 12:21:05:382 GMT] 00000a5a apache.cxf.cxf.core.3.2:1.0.111.cl260320260625-2008(id=110)] I Setting the server's publish address to be /
[9/6/26, 12:21:05:384 GMT] 00000a5a com.ibm.ws.webcontainer.servlet                              I SRVE0242I: [api] [/] [{{oasTitle}}]: Initialization successful.
[9/6/26, 12:21:58:247 GMT] 00000ae7 com.ibm.ws.http.internal.VirtualHostImpl                     A CWWKT0017I: Web application removed (default_host): http://02db3501d6ac:9080/
[9/6/26, 12:21:58:248 GMT] 00000ae7 com.ibm.ws.webcontainer.servlet                              I SRVE0253I: [api] [/] [{{oasTitle}}]: Destroy successful.
[9/6/26, 12:21:58:257 GMT] 00000ae7 com.ibm.ws.app.manager.AppMessageHelper                      A CWWKZ0009I: The application api has stopped successfully.
[9/6/26, 12:21:58:267 GMT] 00000ae1 com.ibm.ws.webcontainer.osgi.mbeans.PluginGenerator          I SRVE9103I: A configuration file for a web server plugin was automatically generated for this server at /opt/ibm/wlp/output/defaultServer/logs/state/plugin-cfg.xml.
[9/6/26, 12:21:58:946 GMT] 00000ade com.ibm.ws.app.manager.AppMessageHelper                      I CWWKZ0018I: Starting application api.
[9/6/26, 12:21:58:947 GMT] 00000ade bm.ws.app.manager.war.internal.WARDeployedAppInfoFactoryImpl I CWWKZ0133I: The api application at the /opt/ibm/wlp/usr/servers/defaultServer/dropins/api.war location is being expanded to the /opt/ibm/wlp/usr/servers/defaultServer/apps/expanded/api.war directory.
[9/6/26, 12:21:59:177 GMT] 00000ade zosasset.cics.internal.factories.CicsCommareaZosAssetFactory I BAQR1753I: Loaded CICS COMMAREA z/OS Asset VRCB0100
[9/6/26, 12:21:59:182 GMT] 00000ade liberty.microprofile.openapi20.internal.ApplicationProcessor I CWWKO1660I: The application api was processed and an OpenAPI document was produced.
[9/6/26, 12:21:59:183 GMT] 00000ade com.ibm.ws.webcontainer.osgi.webapp.WebGroup                 I SRVE0169I: Loading Web Module: api.
[9/6/26, 12:21:59:183 GMT] 00000ade com.ibm.ws.webcontainer                                      I SRVE0250I: Web Module api has been bound to default_host.
[9/6/26, 12:21:59:183 GMT] 00000ade com.ibm.ws.http.internal.VirtualHostImpl                     A CWWKT0016I: Web application available (default_host): http://02db3501d6ac:9080/
[9/6/26, 12:21:59:184 GMT] 00000af3 com.ibm.ws.session.WASSessionCore                            I SESN0176I: A new session context will be created for application key default_host/
[9/6/26, 12:21:59:185 GMT] 00000af3 com.ibm.ws.util                                              I SESN0172I: The session manager is using the Java default SecureRandom implementation for session ID generation.
[9/6/26, 12:21:59:192 GMT] 00000af3 com.ibm.ws.app.manager.AppMessageHelper                      A CWWKZ0001I: Application api started in 0.245 seconds.
[9/6/26, 12:21:59:207 GMT] 00000af3 apache.cxf.cxf.core.3.2:1.0.111.cl260320260625-2008(id=110)] I Setting the server's publish address to be /
[9/6/26, 12:21:59:212 GMT] 00000af3 com.ibm.ws.webcontainer.servlet                              I SRVE0242I: [api] [/] [{{oasTitle}}]: Initialization successful.
[9/6/26, 12:21:59:216 GMT] 00000acd com.ibm.ws.webcontainer.osgi.mbeans.PluginGenerator          I SRVE9103I: A configuration file for a web server plugin was automatically generated for this server at /opt/ibm/wlp/output/defaultServer/logs/state/plugin-cfg.xml.
[9/6/26, 12:24:58:533 GMT] 00000bd0 com.ibm.ws.http.internal.VirtualHostImpl                     A CWWKT0017I: Web application removed (default_host): http://02db3501d6ac:9080/
[9/6/26, 12:24:58:534 GMT] 00000bd0 com.ibm.ws.webcontainer.servlet                              I SRVE0253I: [api] [/] [{{oasTitle}}]: Destroy successful.
[9/6/26, 12:24:58:540 GMT] 00000bd0 com.ibm.ws.app.manager.AppMessageHelper                      A CWWKZ0009I: The application api has stopped successfully.
[9/6/26, 12:24:58:554 GMT] 00000bcd com.ibm.ws.webcontainer.osgi.mbeans.PluginGenerator          I SRVE9103I: A configuration file for a web server plugin was automatically generated for this server at /opt/ibm/wlp/output/defaultServer/logs/state/plugin-cfg.xml.
[9/6/26, 12:24:59:227 GMT] 00000b8f com.ibm.ws.app.manager.AppMessageHelper                      I CWWKZ0018I: Starting application api.
[9/6/26, 12:24:59:228 GMT] 00000b8f bm.ws.app.manager.war.internal.WARDeployedAppInfoFactoryImpl I CWWKZ0133I: The api application at the /opt/ibm/wlp/usr/servers/defaultServer/dropins/api.war location is being expanded to the /opt/ibm/wlp/usr/servers/defaultServer/apps/expanded/api.war directory.
[9/6/26, 12:24:59:425 GMT] 00000b8f zosasset.cics.internal.factories.CicsCommareaZosAssetFactory I BAQR1753I: Loaded CICS COMMAREA z/OS Asset VRCB0100
[9/6/26, 12:24:59:442 GMT] 00000b8f liberty.microprofile.openapi20.internal.ApplicationProcessor I CWWKO1660I: The application api was processed and an OpenAPI document was produced.
[9/6/26, 12:24:59:443 GMT] 00000b8f com.ibm.ws.webcontainer.osgi.webapp.WebGroup                 I SRVE0169I: Loading Web Module: api.
[9/6/26, 12:24:59:443 GMT] 00000b8f com.ibm.ws.webcontainer                                      I SRVE0250I: Web Module api has been bound to default_host.
[9/6/26, 12:24:59:443 GMT] 00000b8f com.ibm.ws.http.internal.VirtualHostImpl                     A CWWKT0016I: Web application available (default_host): http://02db3501d6ac:9080/
[9/6/26, 12:24:59:443 GMT] 00000b26 com.ibm.ws.session.WASSessionCore                            I SESN0176I: A new session context will be created for application key default_host/
[9/6/26, 12:24:59:444 GMT] 00000b26 com.ibm.ws.util                                              I SESN0172I: The session manager is using the Java default SecureRandom implementation for session ID generation.
[9/6/26, 12:24:59:447 GMT] 00000b26 com.ibm.ws.app.manager.AppMessageHelper                      A CWWKZ0001I: Application api started in 0.219 seconds.
[9/6/26, 12:24:59:453 GMT] 00000bb3 com.ibm.ws.webcontainer.osgi.mbeans.PluginGenerator          I SRVE9103I: A configuration file for a web server plugin was automatically generated for this server at /opt/ibm/wlp/output/defaultServer/logs/state/plugin-cfg.xml.
[9/6/26, 12:24:59:456 GMT] 00000b26 apache.cxf.cxf.core.3.2:1.0.111.cl260320260625-2008(id=110)] I Setting the server's publish address to be /
[9/6/26, 12:24:59:460 GMT] 00000b26 com.ibm.ws.webcontainer.servlet                              I SRVE0242I: [api] [/] [{{oasTitle}}]: Initialization successful.
[9/6/26, 12:25:07:505 GMT] 00000bcd com.ibm.ws.http.internal.VirtualHostImpl                     A CWWKT0017I: Web application removed (default_host): http://02db3501d6ac:9080/
[9/6/26, 12:25:07:506 GMT] 00000bcd com.ibm.ws.webcontainer.servlet                              I SRVE0253I: [api] [/] [{{oasTitle}}]: Destroy successful.
[9/6/26, 12:25:07:513 GMT] 00000bcd com.ibm.ws.app.manager.AppMessageHelper                      A CWWKZ0009I: The application api has stopped successfully.
[9/6/26, 12:25:07:530 GMT] 00000b1d com.ibm.ws.webcontainer.osgi.mbeans.PluginGenerator          I SRVE9103I: A configuration file for a web server plugin was automatically generated for this server at /opt/ibm/wlp/output/defaultServer/logs/state/plugin-cfg.xml.
[9/6/26, 12:25:08:204 GMT] 00000b99 com.ibm.ws.app.manager.AppMessageHelper                      I CWWKZ0018I: Starting application api.
[9/6/26, 12:25:08:205 GMT] 00000b99 bm.ws.app.manager.war.internal.WARDeployedAppInfoFactoryImpl I CWWKZ0133I: The api application at the /opt/ibm/wlp/usr/servers/defaultServer/dropins/api.war location is being expanded to the /opt/ibm/wlp/usr/servers/defaultServer/apps/expanded/api.war directory.
[9/6/26, 12:25:08:386 GMT] 00000b99 zosasset.cics.internal.factories.CicsCommareaZosAssetFactory I BAQR1753I: Loaded CICS COMMAREA z/OS Asset VRCB0100
[9/6/26, 12:25:08:390 GMT] 00000b99 liberty.microprofile.openapi20.internal.ApplicationProcessor I CWWKO1660I: The application api was processed and an OpenAPI document was produced.
[9/6/26, 12:25:08:391 GMT] 00000b99 com.ibm.ws.webcontainer.osgi.webapp.WebGroup                 I SRVE0169I: Loading Web Module: api.
[9/6/26, 12:25:08:391 GMT] 00000b99 com.ibm.ws.webcontainer                                      I SRVE0250I: Web Module api has been bound to default_host.
[9/6/26, 12:25:08:391 GMT] 00000b99 com.ibm.ws.http.internal.VirtualHostImpl                     A CWWKT0016I: Web application available (default_host): http://02db3501d6ac:9080/
[9/6/26, 12:25:08:391 GMT] 00000bca com.ibm.ws.session.WASSessionCore                            I SESN0176I: A new session context will be created for application key default_host/
[9/6/26, 12:25:08:392 GMT] 00000bca com.ibm.ws.util                                              I SESN0172I: The session manager is using the Java default SecureRandom implementation for session ID generation.
[9/6/26, 12:25:08:398 GMT] 00000bca com.ibm.ws.app.manager.AppMessageHelper                      A CWWKZ0001I: Application api started in 0.193 seconds.
[9/6/26, 12:25:08:401 GMT] 00000bad com.ibm.ws.webcontainer.osgi.mbeans.PluginGenerator          I SRVE9103I: A configuration file for a web server plugin was automatically generated for this server at /opt/ibm/wlp/output/defaultServer/logs/state/plugin-cfg.xml.
[9/6/26, 12:25:08:411 GMT] 00000bca apache.cxf.cxf.core.3.2:1.0.111.cl260320260625-2008(id=110)] I Setting the server's publish address to be /
[9/6/26, 12:25:08:416 GMT] 00000bca com.ibm.ws.webcontainer.servlet                              I SRVE0242I: [api] [/] [{{oasTitle}}]: Initialization successful.
[9/6/26, 12:26:46:661 GMT] 00000c46 com.ibm.ws.http.internal.VirtualHostImpl                     A CWWKT0017I: Web application removed (default_host): http://02db3501d6ac:9080/
[9/6/26, 12:26:46:662 GMT] 00000c46 com.ibm.ws.webcontainer.servlet                              I SRVE0253I: [api] [/] [{{oasTitle}}]: Destroy successful.
[9/6/26, 12:26:46:669 GMT] 00000c46 com.ibm.ws.app.manager.AppMessageHelper                      A CWWKZ0009I: The application api has stopped successfully.
[9/6/26, 12:26:46:682 GMT] 00000bf4 com.ibm.ws.webcontainer.osgi.mbeans.PluginGenerator          I SRVE9103I: A configuration file for a web server plugin was automatically generated for this server at /opt/ibm/wlp/output/defaultServer/logs/state/plugin-cfg.xml.
[9/6/26, 12:26:47:367 GMT] 00000c36 com.ibm.ws.app.manager.AppMessageHelper                      I CWWKZ0018I: Starting application api.
[9/6/26, 12:26:47:368 GMT] 00000c36 bm.ws.app.manager.war.internal.WARDeployedAppInfoFactoryImpl I CWWKZ0133I: The api application at the /opt/ibm/wlp/usr/servers/defaultServer/dropins/api.war location is being expanded to the /opt/ibm/wlp/usr/servers/defaultServer/apps/expanded/api.war directory.
[9/6/26, 12:26:47:547 GMT] 00000c36 zosasset.cics.internal.factories.CicsCommareaZosAssetFactory I BAQR1753I: Loaded CICS COMMAREA z/OS Asset VRCB0100
[9/6/26, 12:26:47:561 GMT] 00000c36 liberty.microprofile.openapi20.internal.ApplicationProcessor I CWWKO1660I: The application api was processed and an OpenAPI document was produced.
[9/6/26, 12:26:47:562 GMT] 00000c36 com.ibm.ws.webcontainer.osgi.webapp.WebGroup                 I SRVE0169I: Loading Web Module: api.
[9/6/26, 12:26:47:562 GMT] 00000c36 com.ibm.ws.webcontainer                                      I SRVE0250I: Web Module api has been bound to default_host.
[9/6/26, 12:26:47:562 GMT] 00000c36 com.ibm.ws.http.internal.VirtualHostImpl                     A CWWKT0016I: Web application available (default_host): http://02db3501d6ac:9080/
[9/6/26, 12:26:47:563 GMT] 00000c3d com.ibm.ws.session.WASSessionCore                            I SESN0176I: A new session context will be created for application key default_host/
[9/6/26, 12:26:47:563 GMT] 00000c3d com.ibm.ws.util                                              I SESN0172I: The session manager is using the Java default SecureRandom implementation for session ID generation.
[9/6/26, 12:26:47:568 GMT] 00000c3d com.ibm.ws.app.manager.AppMessageHelper                      A CWWKZ0001I: Application api started in 0.200 seconds.
[9/6/26, 12:26:47:573 GMT] 00000c59 com.ibm.ws.webcontainer.osgi.mbeans.PluginGenerator          I SRVE9103I: A configuration file for a web server plugin was automatically generated for this server at /opt/ibm/wlp/output/defaultServer/logs/state/plugin-cfg.xml.
[9/6/26, 12:26:47:575 GMT] 00000c3d apache.cxf.cxf.core.3.2:1.0.111.cl260320260625-2008(id=110)] I Setting the server's publish address to be /
[9/6/26, 12:26:47:579 GMT] 00000c3d com.ibm.ws.webcontainer.servlet                              I SRVE0242I: [api] [/] [{{oasTitle}}]: Initialization successful.
[9/6/26, 12:26:55:622 GMT] 00000c4e com.ibm.ws.http.internal.VirtualHostImpl                     A CWWKT0017I: Web application removed (default_host): http://02db3501d6ac:9080/
[9/6/26, 12:26:55:622 GMT] 00000c4e com.ibm.ws.webcontainer.servlet                              I SRVE0253I: [api] [/] [{{oasTitle}}]: Destroy successful.
[9/6/26, 12:26:55:629 GMT] 00000c4e com.ibm.ws.app.manager.AppMessageHelper                      A CWWKZ0009I: The application api has stopped successfully.
[9/6/26, 12:26:55:643 GMT] 00000c0e com.ibm.ws.webcontainer.osgi.mbeans.PluginGenerator          I SRVE9103I: A configuration file for a web server plugin was automatically generated for this server at /opt/ibm/wlp/output/defaultServer/logs/state/plugin-cfg.xml.
[9/6/26, 12:26:56:325 GMT] 00000c4e com.ibm.ws.app.manager.AppMessageHelper                      I CWWKZ0018I: Starting application api.
[9/6/26, 12:26:56:326 GMT] 00000c4e bm.ws.app.manager.war.internal.WARDeployedAppInfoFactoryImpl I CWWKZ0133I: The api application at the /opt/ibm/wlp/usr/servers/defaultServer/dropins/api.war location is being expanded to the /opt/ibm/wlp/usr/servers/defaultServer/apps/expanded/api.war directory.
[9/6/26, 12:26:56:472 GMT] 00000c4e zosasset.cics.internal.factories.CicsCommareaZosAssetFactory I BAQR1753I: Loaded CICS COMMAREA z/OS Asset VRCB0100
[9/6/26, 12:26:56:483 GMT] 00000c4e liberty.microprofile.openapi20.internal.ApplicationProcessor I CWWKO1660I: The application api was processed and an OpenAPI document was produced.
[9/6/26, 12:26:56:484 GMT] 00000c4e com.ibm.ws.webcontainer.osgi.webapp.WebGroup                 I SRVE0169I: Loading Web Module: api.
[9/6/26, 12:26:56:484 GMT] 00000c4e com.ibm.ws.webcontainer                                      I SRVE0250I: Web Module api has been bound to default_host.
[9/6/26, 12:26:56:484 GMT] 00000c4e com.ibm.ws.http.internal.VirtualHostImpl                     A CWWKT0016I: Web application available (default_host): http://02db3501d6ac:9080/
[9/6/26, 12:26:56:484 GMT] 00000c46 com.ibm.ws.session.WASSessionCore                            I SESN0176I: A new session context will be created for application key default_host/
[9/6/26, 12:26:56:485 GMT] 00000c46 com.ibm.ws.util                                              I SESN0172I: The session manager is using the Java default SecureRandom implementation for session ID generation.
[9/6/26, 12:26:56:490 GMT] 00000c46 com.ibm.ws.app.manager.AppMessageHelper                      A CWWKZ0001I: Application api started in 0.164 seconds.
[9/6/26, 12:26:56:492 GMT] 00000c4e com.ibm.ws.webcontainer.osgi.mbeans.PluginGenerator          I SRVE9103I: A configuration file for a web server plugin was automatically generated for this server at /opt/ibm/wlp/output/defaultServer/logs/state/plugin-cfg.xml.
[9/6/26, 12:26:56:495 GMT] 00000c46 apache.cxf.cxf.core.3.2:1.0.111.cl260320260625-2008(id=110)] I Setting the server's publish address to be /
[9/6/26, 12:26:56:498 GMT] 00000c46 com.ibm.ws.webcontainer.servlet                              I SRVE0242I: [api] [/] [{{oasTitle}}]: Initialization successful.
[9/6/26, 12:27:13:656 GMT] 00000c10 com.ibm.ws.http.internal.VirtualHostImpl                     A CWWKT0017I: Web application removed (default_host): http://02db3501d6ac:9080/
[9/6/26, 12:27:13:656 GMT] 00000c10 com.ibm.ws.webcontainer.servlet                              I SRVE0253I: [api] [/] [{{oasTitle}}]: Destroy successful.
[9/6/26, 12:27:13:660 GMT] 00000c10 com.ibm.ws.app.manager.AppMessageHelper                      A CWWKZ0009I: The application api has stopped successfully.
[9/6/26, 12:27:13:669 GMT] 00000c46 com.ibm.ws.webcontainer.osgi.mbeans.PluginGenerator          I SRVE9103I: A configuration file for a web server plugin was automatically generated for this server at /opt/ibm/wlp/output/defaultServer/logs/state/plugin-cfg.xml.
[9/6/26, 12:27:14:365 GMT] 00000c39 com.ibm.ws.app.manager.AppMessageHelper                      I CWWKZ0018I: Starting application api.
[9/6/26, 12:27:14:366 GMT] 00000c39 bm.ws.app.manager.war.internal.WARDeployedAppInfoFactoryImpl I CWWKZ0133I: The api application at the /opt/ibm/wlp/usr/servers/defaultServer/dropins/api.war location is being expanded to the /opt/ibm/wlp/usr/servers/defaultServer/apps/expanded/api.war directory.
[9/6/26, 12:27:14:561 GMT] 00000c39 zosasset.cics.internal.factories.CicsCommareaZosAssetFactory I BAQR1753I: Loaded CICS COMMAREA z/OS Asset VRCB0100
[9/6/26, 12:27:14:571 GMT] 00000c39 liberty.microprofile.openapi20.internal.ApplicationProcessor I CWWKO1660I: The application api was processed and an OpenAPI document was produced.
[9/6/26, 12:27:14:572 GMT] 00000c39 com.ibm.ws.webcontainer.osgi.webapp.WebGroup                 I SRVE0169I: Loading Web Module: api.
[9/6/26, 12:27:14:572 GMT] 00000c39 com.ibm.ws.webcontainer                                      I SRVE0250I: Web Module api has been bound to default_host.
[9/6/26, 12:27:14:572 GMT] 00000c39 com.ibm.ws.http.internal.VirtualHostImpl                     A CWWKT0016I: Web application available (default_host): http://02db3501d6ac:9080/
[9/6/26, 12:27:14:572 GMT] 00000c85 com.ibm.ws.session.WASSessionCore                            I SESN0176I: A new session context will be created for application key default_host/
[9/6/26, 12:27:14:573 GMT] 00000c85 com.ibm.ws.util                                              I SESN0172I: The session manager is using the Java default SecureRandom implementation for session ID generation.
[9/6/26, 12:27:14:576 GMT] 00000c85 com.ibm.ws.app.manager.AppMessageHelper                      A CWWKZ0001I: Application api started in 0.211 seconds.
[9/6/26, 12:27:14:581 GMT] 00000c8e com.ibm.ws.webcontainer.osgi.mbeans.PluginGenerator          I SRVE9103I: A configuration file for a web server plugin was automatically generated for this server at /opt/ibm/wlp/output/defaultServer/logs/state/plugin-cfg.xml.
[9/6/26, 12:27:14:585 GMT] 00000c85 apache.cxf.cxf.core.3.2:1.0.111.cl260320260625-2008(id=110)] I Setting the server's publish address to be /
[9/6/26, 12:27:14:591 GMT] 00000c85 com.ibm.ws.webcontainer.servlet                              I SRVE0242I: [api] [/] [{{oasTitle}}]: Initialization successful.
[9/6/26, 12:27:22:642 GMT] 00000ca4 com.ibm.ws.http.internal.VirtualHostImpl                     A CWWKT0017I: Web application removed (default_host): http://02db3501d6ac:9080/
[9/6/26, 12:27:22:642 GMT] 00000ca4 com.ibm.ws.webcontainer.servlet                              I SRVE0253I: [api] [/] [{{oasTitle}}]: Destroy successful.
[9/6/26, 12:27:22:645 GMT] 00000ca4 com.ibm.ws.app.manager.AppMessageHelper                      A CWWKZ0009I: The application api has stopped successfully.
[9/6/26, 12:27:22:657 GMT] 00000c88 com.ibm.ws.webcontainer.osgi.mbeans.PluginGenerator          I SRVE9103I: A configuration file for a web server plugin was automatically generated for this server at /opt/ibm/wlp/output/defaultServer/logs/state/plugin-cfg.xml.
[9/6/26, 12:27:23:355 GMT] 00000c94 com.ibm.ws.app.manager.AppMessageHelper                      I CWWKZ0018I: Starting application api.
[9/6/26, 12:27:23:356 GMT] 00000c94 bm.ws.app.manager.war.internal.WARDeployedAppInfoFactoryImpl I CWWKZ0133I: The api application at the /opt/ibm/wlp/usr/servers/defaultServer/dropins/api.war location is being expanded to the /opt/ibm/wlp/usr/servers/defaultServer/apps/expanded/api.war directory.
[9/6/26, 12:27:23:512 GMT] 00000c94 zosasset.cics.internal.factories.CicsCommareaZosAssetFactory I BAQR1753I: Loaded CICS COMMAREA z/OS Asset VRCB0100
[9/6/26, 12:27:23:521 GMT] 00000c94 liberty.microprofile.openapi20.internal.ApplicationProcessor I CWWKO1660I: The application api was processed and an OpenAPI document was produced.
[9/6/26, 12:27:23:522 GMT] 00000c94 com.ibm.ws.webcontainer.osgi.webapp.WebGroup                 I SRVE0169I: Loading Web Module: api.
[9/6/26, 12:27:23:522 GMT] 00000c94 com.ibm.ws.webcontainer                                      I SRVE0250I: Web Module api has been bound to default_host.
[9/6/26, 12:27:23:522 GMT] 00000c94 com.ibm.ws.http.internal.VirtualHostImpl                     A CWWKT0016I: Web application available (default_host): http://02db3501d6ac:9080/
[9/6/26, 12:27:23:523 GMT] 00000c95 com.ibm.ws.session.WASSessionCore                            I SESN0176I: A new session context will be created for application key default_host/
[9/6/26, 12:27:23:523 GMT] 00000c95 com.ibm.ws.util                                              I SESN0172I: The session manager is using the Java default SecureRandom implementation for session ID generation.
[9/6/26, 12:27:23:528 GMT] 00000c95 com.ibm.ws.app.manager.AppMessageHelper                      A CWWKZ0001I: Application api started in 0.172 seconds.
[9/6/26, 12:27:23:534 GMT] 00000c94 com.ibm.ws.webcontainer.osgi.mbeans.PluginGenerator          I SRVE9103I: A configuration file for a web server plugin was automatically generated for this server at /opt/ibm/wlp/output/defaultServer/logs/state/plugin-cfg.xml.
[9/6/26, 12:27:23:537 GMT] 00000c95 apache.cxf.cxf.core.3.2:1.0.111.cl260320260625-2008(id=110)] I Setting the server's publish address to be /
[9/6/26, 12:27:23:539 GMT] 00000c95 com.ibm.ws.webcontainer.servlet                              I SRVE0242I: [api] [/] [{{oasTitle}}]: Initialization successful.
[9/6/26, 12:28:08:167 GMT] 00000c39 com.ibm.ws.http.internal.VirtualHostImpl                     A CWWKT0017I: Web application removed (default_host): http://02db3501d6ac:9080/
[9/6/26, 12:28:08:168 GMT] 00000c39 com.ibm.ws.webcontainer.servlet                              I SRVE0253I: [api] [/] [{{oasTitle}}]: Destroy successful.
[9/6/26, 12:28:08:173 GMT] 00000c39 com.ibm.ws.app.manager.AppMessageHelper                      A CWWKZ0009I: The application api has stopped successfully.
[9/6/26, 12:28:08:176 GMT] 00000c39 com.ibm.ws.app.manager.AppMessageHelper                      I CWWKZ0018I: Starting application api.
[9/6/26, 12:28:08:176 GMT] 00000c39 bm.ws.app.manager.war.internal.WARDeployedAppInfoFactoryImpl I CWWKZ0133I: The api application at the /opt/ibm/wlp/usr/servers/defaultServer/dropins/api.war location is being expanded to the /opt/ibm/wlp/usr/servers/defaultServer/apps/expanded/api.war directory.
[9/6/26, 12:28:08:187 GMT] 00000ccf com.ibm.ws.webcontainer.osgi.mbeans.PluginGenerator          I SRVE9103I: A configuration file for a web server plugin was automatically generated for this server at /opt/ibm/wlp/output/defaultServer/logs/state/plugin-cfg.xml.
[9/6/26, 12:28:08:331 GMT] 00000c39 zosasset.cics.internal.factories.CicsCommareaZosAssetFactory I BAQR1753I: Loaded CICS COMMAREA z/OS Asset VRCB0100
[9/6/26, 12:28:08:341 GMT] 00000c39 liberty.microprofile.openapi20.internal.ApplicationProcessor I CWWKO1660I: The application api was processed and an OpenAPI document was produced.
[9/6/26, 12:28:08:342 GMT] 00000c39 com.ibm.ws.webcontainer.osgi.webapp.WebGroup                 I SRVE0169I: Loading Web Module: api.
[9/6/26, 12:28:08:342 GMT] 00000c39 com.ibm.ws.webcontainer                                      I SRVE0250I: Web Module api has been bound to default_host.
[9/6/26, 12:28:08:343 GMT] 00000c39 com.ibm.ws.http.internal.VirtualHostImpl                     A CWWKT0016I: Web application available (default_host): http://02db3501d6ac:9080/
[9/6/26, 12:28:08:343 GMT] 00000cee com.ibm.ws.session.WASSessionCore                            I SESN0176I: A new session context will be created for application key default_host/
[9/6/26, 12:28:08:343 GMT] 00000cee com.ibm.ws.util                                              I SESN0172I: The session manager is using the Java default SecureRandom implementation for session ID generation.
[9/6/26, 12:28:08:348 GMT] 00000cee com.ibm.ws.app.manager.AppMessageHelper                      A CWWKZ0003I: The application api updated in 0.172 seconds.
[9/6/26, 12:28:08:354 GMT] 00000c39 com.ibm.ws.webcontainer.osgi.mbeans.PluginGenerator          I SRVE9103I: A configuration file for a web server plugin was automatically generated for this server at /opt/ibm/wlp/output/defaultServer/logs/state/plugin-cfg.xml.
[9/6/26, 12:28:08:355 GMT] 00000cee apache.cxf.cxf.core.3.2:1.0.111.cl260320260625-2008(id=110)] I Setting the server's publish address to be /
[9/6/26, 12:28:08:359 GMT] 00000cee com.ibm.ws.webcontainer.servlet                              I SRVE0242I: [api] [/] [{{oasTitle}}]: Initialization successful.
[9/6/26, 12:28:17:170 GMT] 00000cff com.ibm.ws.http.internal.VirtualHostImpl                     A CWWKT0017I: Web application removed (default_host): http://02db3501d6ac:9080/
[9/6/26, 12:28:17:171 GMT] 00000cff com.ibm.ws.webcontainer.servlet                              I SRVE0253I: [api] [/] [{{oasTitle}}]: Destroy successful.
[9/6/26, 12:28:17:176 GMT] 00000cff com.ibm.ws.app.manager.AppMessageHelper                      A CWWKZ0009I: The application api has stopped successfully.
[9/6/26, 12:28:17:179 GMT] 00000cff com.ibm.ws.app.manager.AppMessageHelper                      I CWWKZ0018I: Starting application api.
[9/6/26, 12:28:17:179 GMT] 00000cff bm.ws.app.manager.war.internal.WARDeployedAppInfoFactoryImpl I CWWKZ0133I: The api application at the /opt/ibm/wlp/usr/servers/defaultServer/dropins/api.war location is being expanded to the /opt/ibm/wlp/usr/servers/defaultServer/apps/expanded/api.war directory.
[9/6/26, 12:28:17:188 GMT] 00000ceb com.ibm.ws.webcontainer.osgi.mbeans.PluginGenerator          I SRVE9103I: A configuration file for a web server plugin was automatically generated for this server at /opt/ibm/wlp/output/defaultServer/logs/state/plugin-cfg.xml.
[9/6/26, 12:28:17:323 GMT] 00000cff zosasset.cics.internal.factories.CicsCommareaZosAssetFactory I BAQR1753I: Loaded CICS COMMAREA z/OS Asset VRCB0100
[9/6/26, 12:28:17:325 GMT] 00000cff liberty.microprofile.openapi20.internal.ApplicationProcessor I CWWKO1660I: The application api was processed and an OpenAPI document was produced.
[9/6/26, 12:28:17:326 GMT] 00000cff com.ibm.ws.webcontainer.osgi.webapp.WebGroup                 I SRVE0169I: Loading Web Module: api.
[9/6/26, 12:28:17:326 GMT] 00000cff com.ibm.ws.webcontainer                                      I SRVE0250I: Web Module api has been bound to default_host.
[9/6/26, 12:28:17:326 GMT] 00000cff com.ibm.ws.http.internal.VirtualHostImpl                     A CWWKT0016I: Web application available (default_host): http://02db3501d6ac:9080/
[9/6/26, 12:28:17:327 GMT] 00000d00 com.ibm.ws.session.WASSessionCore                            I SESN0176I: A new session context will be created for application key default_host/
[9/6/26, 12:28:17:327 GMT] 00000d00 com.ibm.ws.util                                              I SESN0172I: The session manager is using the Java default SecureRandom implementation for session ID generation.
[9/6/26, 12:28:17:331 GMT] 00000d00 com.ibm.ws.app.manager.AppMessageHelper                      A CWWKZ0003I: The application api updated in 0.152 seconds.
[9/6/26, 12:28:17:338 GMT] 00000cff com.ibm.ws.webcontainer.osgi.mbeans.PluginGenerator          I SRVE9103I: A configuration file for a web server plugin was automatically generated for this server at /opt/ibm/wlp/output/defaultServer/logs/state/plugin-cfg.xml.
[9/6/26, 12:28:17:339 GMT] 00000d00 apache.cxf.cxf.core.3.2:1.0.111.cl260320260625-2008(id=110)] I Setting the server's publish address to be /
[9/6/26, 12:28:17:341 GMT] 00000d00 com.ibm.ws.webcontainer.servlet                              I SRVE0242I: [api] [/] [{{oasTitle}}]: Initialization successful.
[9/6/26, 12:29:37:672 GMT] 00000d6a com.ibm.ws.http.internal.VirtualHostImpl                     A CWWKT0017I: Web application removed (default_host): http://02db3501d6ac:9080/
[9/6/26, 12:29:37:673 GMT] 00000d6a com.ibm.ws.webcontainer.servlet                              I SRVE0253I: [api] [/] [{{oasTitle}}]: Destroy successful.
[9/6/26, 12:29:37:677 GMT] 00000d6a com.ibm.ws.app.manager.AppMessageHelper                      A CWWKZ0009I: The application api has stopped successfully.
[9/6/26, 12:29:37:689 GMT] 00000d1d com.ibm.ws.webcontainer.osgi.mbeans.PluginGenerator          I SRVE9103I: A configuration file for a web server plugin was automatically generated for this server at /opt/ibm/wlp/output/defaultServer/logs/state/plugin-cfg.xml.
[9/6/26, 12:29:38:358 GMT] 00000d1d com.ibm.ws.app.manager.AppMessageHelper                      I CWWKZ0018I: Starting application api.
[9/6/26, 12:29:38:359 GMT] 00000d1d bm.ws.app.manager.war.internal.WARDeployedAppInfoFactoryImpl I CWWKZ0133I: The api application at the /opt/ibm/wlp/usr/servers/defaultServer/dropins/api.war location is being expanded to the /opt/ibm/wlp/usr/servers/defaultServer/apps/expanded/api.war directory.
[9/6/26, 12:29:38:524 GMT] 00000d1d zosasset.cics.internal.factories.CicsCommareaZosAssetFactory I BAQR1753I: Loaded CICS COMMAREA z/OS Asset VRCB0100
[9/6/26, 12:29:38:527 GMT] 00000d1d liberty.microprofile.openapi20.internal.ApplicationProcessor I CWWKO1660I: The application api was processed and an OpenAPI document was produced.
[9/6/26, 12:29:38:528 GMT] 00000d1d com.ibm.ws.webcontainer.osgi.webapp.WebGroup                 I SRVE0169I: Loading Web Module: api.
[9/6/26, 12:29:38:528 GMT] 00000d1d com.ibm.ws.webcontainer                                      I SRVE0250I: Web Module api has been bound to default_host.
[9/6/26, 12:29:38:528 GMT] 00000d1d com.ibm.ws.http.internal.VirtualHostImpl                     A CWWKT0016I: Web application available (default_host): http://02db3501d6ac:9080/
[9/6/26, 12:29:38:528 GMT] 00000d55 com.ibm.ws.session.WASSessionCore                            I SESN0176I: A new session context will be created for application key default_host/
[9/6/26, 12:29:38:529 GMT] 00000d55 com.ibm.ws.util                                              I SESN0172I: The session manager is using the Java default SecureRandom implementation for session ID generation.
[9/6/26, 12:29:38:532 GMT] 00000d55 com.ibm.ws.app.manager.AppMessageHelper                      A CWWKZ0001I: Application api started in 0.173 seconds.
[9/6/26, 12:29:38:535 GMT] 00000d50 com.ibm.ws.webcontainer.osgi.mbeans.PluginGenerator          I SRVE9103I: A configuration file for a web server plugin was automatically generated for this server at /opt/ibm/wlp/output/defaultServer/logs/state/plugin-cfg.xml.
[9/6/26, 12:29:38:538 GMT] 00000d55 apache.cxf.cxf.core.3.2:1.0.111.cl260320260625-2008(id=110)] I Setting the server's publish address to be /
[9/6/26, 12:29:38:541 GMT] 00000d55 com.ibm.ws.webcontainer.servlet                              I SRVE0242I: [api] [/] [{{oasTitle}}]: Initialization successful.
[9/6/26, 12:33:13:649 GMT] 00000e14 com.ibm.ws.http.internal.VirtualHostImpl                     A CWWKT0017I: Web application removed (default_host): http://02db3501d6ac:9080/
[9/6/26, 12:33:13:650 GMT] 00000e14 com.ibm.ws.webcontainer.servlet                              I SRVE0253I: [api] [/] [{{oasTitle}}]: Destroy successful.
[9/6/26, 12:33:13:656 GMT] 00000e14 com.ibm.ws.app.manager.AppMessageHelper                      A CWWKZ0009I: The application api has stopped successfully.
[9/6/26, 12:33:13:674 GMT] 00000e4b com.ibm.ws.webcontainer.osgi.mbeans.PluginGenerator          I SRVE9103I: A configuration file for a web server plugin was automatically generated for this server at /opt/ibm/wlp/output/defaultServer/logs/state/plugin-cfg.xml.
[9/6/26, 12:33:14:361 GMT] 00000e69 com.ibm.ws.app.manager.AppMessageHelper                      I CWWKZ0018I: Starting application api.
[9/6/26, 12:33:14:362 GMT] 00000e69 bm.ws.app.manager.war.internal.WARDeployedAppInfoFactoryImpl I CWWKZ0133I: The api application at the /opt/ibm/wlp/usr/servers/defaultServer/dropins/api.war location is being expanded to the /opt/ibm/wlp/usr/servers/defaultServer/apps/expanded/api.war directory.
[9/6/26, 12:33:14:524 GMT] 00000e69 zosasset.cics.internal.factories.CicsCommareaZosAssetFactory I BAQR1753I: Loaded CICS COMMAREA z/OS Asset VRCB0100
[9/6/26, 12:33:14:537 GMT] 00000e69 liberty.microprofile.openapi20.internal.ApplicationProcessor I CWWKO1660I: The application api was processed and an OpenAPI document was produced.
[9/6/26, 12:33:14:538 GMT] 00000e69 com.ibm.ws.webcontainer.osgi.webapp.WebGroup                 I SRVE0169I: Loading Web Module: api.
[9/6/26, 12:33:14:538 GMT] 00000e69 com.ibm.ws.webcontainer                                      I SRVE0250I: Web Module api has been bound to default_host.
[9/6/26, 12:33:14:538 GMT] 00000e69 com.ibm.ws.http.internal.VirtualHostImpl                     A CWWKT0016I: Web application available (default_host): http://02db3501d6ac:9080/
[9/6/26, 12:33:14:539 GMT] 00000e10 com.ibm.ws.session.WASSessionCore                            I SESN0176I: A new session context will be created for application key default_host/
[9/6/26, 12:33:14:539 GMT] 00000e10 com.ibm.ws.util                                              I SESN0172I: The session manager is using the Java default SecureRandom implementation for session ID generation.
[9/6/26, 12:33:14:542 GMT] 00000e10 com.ibm.ws.app.manager.AppMessageHelper                      A CWWKZ0001I: Application api started in 0.180 seconds.
[9/6/26, 12:33:14:549 GMT] 00000e42 com.ibm.ws.webcontainer.osgi.mbeans.PluginGenerator          I SRVE9103I: A configuration file for a web server plugin was automatically generated for this server at /opt/ibm/wlp/output/defaultServer/logs/state/plugin-cfg.xml.
[9/6/26, 12:33:14:549 GMT] 00000e10 apache.cxf.cxf.core.3.2:1.0.111.cl260320260625-2008(id=110)] I Setting the server's publish address to be /
[9/6/26, 12:33:14:552 GMT] 00000e10 com.ibm.ws.webcontainer.servlet                              I SRVE0242I: [api] [/] [{{oasTitle}}]: Initialization successful.
[9/6/26, 12:33:23:377 GMT] 00000e1a com.ibm.ws.http.internal.VirtualHostImpl                     A CWWKT0017I: Web application removed (default_host): http://02db3501d6ac:9080/
[9/6/26, 12:33:23:378 GMT] 00000e1a com.ibm.ws.webcontainer.servlet                              I SRVE0253I: [api] [/] [{{oasTitle}}]: Destroy successful.
[9/6/26, 12:33:23:382 GMT] 00000e1a com.ibm.ws.app.manager.AppMessageHelper                      A CWWKZ0009I: The application api has stopped successfully.
[9/6/26, 12:33:23:385 GMT] 00000e1a com.ibm.ws.app.manager.AppMessageHelper                      I CWWKZ0018I: Starting application api.
[9/6/26, 12:33:23:385 GMT] 00000e1a bm.ws.app.manager.war.internal.WARDeployedAppInfoFactoryImpl I CWWKZ0133I: The api application at the /opt/ibm/wlp/usr/servers/defaultServer/dropins/api.war location is being expanded to the /opt/ibm/wlp/usr/servers/defaultServer/apps/expanded/api.war directory.
[9/6/26, 12:33:23:396 GMT] 00000e7a com.ibm.ws.webcontainer.osgi.mbeans.PluginGenerator          I SRVE9103I: A configuration file for a web server plugin was automatically generated for this server at /opt/ibm/wlp/output/defaultServer/logs/state/plugin-cfg.xml.
[9/6/26, 12:33:23:506 GMT] 00000e1a zosasset.cics.internal.factories.CicsCommareaZosAssetFactory I BAQR1753I: Loaded CICS COMMAREA z/OS Asset VRCB0100
[9/6/26, 12:33:23:515 GMT] 00000e1a liberty.microprofile.openapi20.internal.ApplicationProcessor I CWWKO1660I: The application api was processed and an OpenAPI document was produced.
[9/6/26, 12:33:23:516 GMT] 00000e1a com.ibm.ws.webcontainer.osgi.webapp.WebGroup                 I SRVE0169I: Loading Web Module: api.
[9/6/26, 12:33:23:516 GMT] 00000e1a com.ibm.ws.webcontainer                                      I SRVE0250I: Web Module api has been bound to default_host.
[9/6/26, 12:33:23:516 GMT] 00000e1a com.ibm.ws.http.internal.VirtualHostImpl                     A CWWKT0016I: Web application available (default_host): http://02db3501d6ac:9080/
[9/6/26, 12:33:23:517 GMT] 00000e53 com.ibm.ws.session.WASSessionCore                            I SESN0176I: A new session context will be created for application key default_host/
[9/6/26, 12:33:23:517 GMT] 00000e53 com.ibm.ws.util                                              I SESN0172I: The session manager is using the Java default SecureRandom implementation for session ID generation.
[9/6/26, 12:33:23:520 GMT] 00000e53 com.ibm.ws.app.manager.AppMessageHelper                      A CWWKZ0003I: The application api updated in 0.134 seconds.
[9/6/26, 12:33:23:523 GMT] 00000e1a com.ibm.ws.webcontainer.osgi.mbeans.PluginGenerator          I SRVE9103I: A configuration file for a web server plugin was automatically generated for this server at /opt/ibm/wlp/output/defaultServer/logs/state/plugin-cfg.xml.
[9/6/26, 12:33:23:527 GMT] 00000e53 apache.cxf.cxf.core.3.2:1.0.111.cl260320260625-2008(id=110)] I Setting the server's publish address to be /
[9/6/26, 12:33:23:529 GMT] 00000e53 com.ibm.ws.webcontainer.servlet                              I SRVE0242I: [api] [/] [{{oasTitle}}]: Initialization successful.
[9/6/26, 12:43:35:287 GMT] 00001129 com.ibm.ws.http.internal.VirtualHostImpl                     A CWWKT0017I: Web application removed (default_host): http://02db3501d6ac:9080/
[9/6/26, 12:43:35:288 GMT] 00001129 com.ibm.ws.webcontainer.servlet                              I SRVE0253I: [api] [/] [{{oasTitle}}]: Destroy successful.
[9/6/26, 12:43:35:293 GMT] 00001129 com.ibm.ws.app.manager.AppMessageHelper                      A CWWKZ0009I: The application api has stopped successfully.
[9/6/26, 12:43:35:295 GMT] 00001129 com.ibm.ws.app.manager.AppMessageHelper                      W CWWKZ0014W: The application api could not be started as it could not be found at location /opt/ibm/wlp/usr/servers/defaultServer/dropins/api.war.
[9/6/26, 12:43:35:307 GMT] 0000112b com.ibm.ws.webcontainer.osgi.mbeans.PluginGenerator          I SRVE9103I: A configuration file for a web server plugin was automatically generated for this server at /opt/ibm/wlp/output/defaultServer/logs/state/plugin-cfg.xml.
[9/6/26, 12:43:36:012 GMT] 00001130 com.ibm.ws.app.manager.AppMessageHelper                      I CWWKZ0018I: Starting application api.
[9/6/26, 12:43:36:014 GMT] 00001130 bm.ws.app.manager.war.internal.WARDeployedAppInfoFactoryImpl I CWWKZ0133I: The api application at the /opt/ibm/wlp/usr/servers/defaultServer/dropins/api.war location is being expanded to the /opt/ibm/wlp/usr/servers/defaultServer/apps/expanded/api.war directory.
[9/6/26, 12:43:36:159 GMT] 00001130 zosasset.cics.internal.factories.CicsCommareaZosAssetFactory I BAQR1753I: Loaded CICS COMMAREA z/OS Asset VRCB0100
[9/6/26, 12:43:36:169 GMT] 00001130 liberty.microprofile.openapi20.internal.ApplicationProcessor I CWWKO1660I: The application api was processed and an OpenAPI document was produced.
[9/6/26, 12:43:36:171 GMT] 00001130 com.ibm.ws.webcontainer.osgi.webapp.WebGroup                 I SRVE0169I: Loading Web Module: api.
[9/6/26, 12:43:36:171 GMT] 00001130 com.ibm.ws.webcontainer                                      I SRVE0250I: Web Module api has been bound to default_host.
[9/6/26, 12:43:36:172 GMT] 00001130 com.ibm.ws.http.internal.VirtualHostImpl                     A CWWKT0016I: Web application available (default_host): http://02db3501d6ac:9080/
[9/6/26, 12:43:36:173 GMT] 00000fd6 com.ibm.ws.session.WASSessionCore                            I SESN0176I: A new session context will be created for application key default_host/
[9/6/26, 12:43:36:176 GMT] 00000fd6 com.ibm.ws.util                                              I SESN0172I: The session manager is using the Java default SecureRandom implementation for session ID generation.
[9/6/26, 12:43:36:183 GMT] 00000fd6 com.ibm.ws.app.manager.AppMessageHelper                      A CWWKZ0003I: The application api updated in 0.169 seconds.
[9/6/26, 12:43:36:184 GMT] 00001130 com.ibm.ws.webcontainer.osgi.mbeans.PluginGenerator          I SRVE9103I: A configuration file for a web server plugin was automatically generated for this server at /opt/ibm/wlp/output/defaultServer/logs/state/plugin-cfg.xml.
[9/6/26, 12:43:36:191 GMT] 00000fd6 apache.cxf.cxf.core.3.2:1.0.111.cl260320260625-2008(id=110)] I Setting the server's publish address to be /
[9/6/26, 12:43:36:194 GMT] 00000fd6 com.ibm.ws.webcontainer.servlet                              I SRVE0242I: [api] [/] [{{oasTitle}}]: Initialization successful.
[9/6/26, 12:43:53:799 GMT] 0000111f com.ibm.ws.http.internal.VirtualHostImpl                     A CWWKT0017I: Web application removed (default_host): http://02db3501d6ac:9080/
[9/6/26, 12:43:53:801 GMT] 0000111f com.ibm.ws.webcontainer.servlet                              I SRVE0253I: [api] [/] [{{oasTitle}}]: Destroy successful.
[9/6/26, 12:43:53:807 GMT] 0000111f com.ibm.ws.app.manager.AppMessageHelper                      A CWWKZ0009I: The application api has stopped successfully.
[9/6/26, 12:43:53:810 GMT] 0000111f com.ibm.ws.app.manager.AppMessageHelper                      I CWWKZ0018I: Starting application api.
[9/6/26, 12:43:53:810 GMT] 0000111f bm.ws.app.manager.war.internal.WARDeployedAppInfoFactoryImpl I CWWKZ0133I: The api application at the /opt/ibm/wlp/usr/servers/defaultServer/dropins/api.war location is being expanded to the /opt/ibm/wlp/usr/servers/defaultServer/apps/expanded/api.war directory.
[9/6/26, 12:43:53:820 GMT] 0000113f com.ibm.ws.webcontainer.osgi.mbeans.PluginGenerator          I SRVE9103I: A configuration file for a web server plugin was automatically generated for this server at /opt/ibm/wlp/output/defaultServer/logs/state/plugin-cfg.xml.
[9/6/26, 12:43:53:933 GMT] 0000111f zosasset.cics.internal.factories.CicsCommareaZosAssetFactory I BAQR1753I: Loaded CICS COMMAREA z/OS Asset VRCB0100
[9/6/26, 12:43:53:936 GMT] 0000111f liberty.microprofile.openapi20.internal.ApplicationProcessor I CWWKO1660I: The application api was processed and an OpenAPI document was produced.
[9/6/26, 12:43:53:937 GMT] 0000111f com.ibm.ws.webcontainer.osgi.webapp.WebGroup                 I SRVE0169I: Loading Web Module: api.
[9/6/26, 12:43:53:938 GMT] 0000111f com.ibm.ws.webcontainer                                      I SRVE0250I: Web Module api has been bound to default_host.
[9/6/26, 12:43:53:938 GMT] 0000111f com.ibm.ws.http.internal.VirtualHostImpl                     A CWWKT0016I: Web application available (default_host): http://02db3501d6ac:9080/
[9/6/26, 12:43:53:938 GMT] 0000112c com.ibm.ws.session.WASSessionCore                            I SESN0176I: A new session context will be created for application key default_host/
[9/6/26, 12:43:53:938 GMT] 0000112c com.ibm.ws.util                                              I SESN0172I: The session manager is using the Java default SecureRandom implementation for session ID generation.
[9/6/26, 12:43:53:941 GMT] 0000112c com.ibm.ws.app.manager.AppMessageHelper                      A CWWKZ0003I: The application api updated in 0.131 seconds.
[9/6/26, 12:43:53:944 GMT] 0000111f com.ibm.ws.webcontainer.osgi.mbeans.PluginGenerator          I SRVE9103I: A configuration file for a web server plugin was automatically generated for this server at /opt/ibm/wlp/output/defaultServer/logs/state/plugin-cfg.xml.
[9/6/26, 12:43:53:947 GMT] 0000112c apache.cxf.cxf.core.3.2:1.0.111.cl260320260625-2008(id=110)] I Setting the server's publish address to be /
[9/6/26, 12:43:53:949 GMT] 0000112c com.ibm.ws.webcontainer.servlet                              I SRVE0242I: [api] [/] [{{oasTitle}}]: Initialization successful.
[9/6/26, 12:45:23:367 GMT] 000011b0 com.ibm.ws.http.internal.VirtualHostImpl                     A CWWKT0017I: Web application removed (default_host): http://02db3501d6ac:9080/
[9/6/26, 12:45:23:367 GMT] 000011b0 com.ibm.ws.webcontainer.servlet                              I SRVE0253I: [api] [/] [{{oasTitle}}]: Destroy successful.
[9/6/26, 12:45:23:370 GMT] 000011b0 com.ibm.ws.app.manager.AppMessageHelper                      A CWWKZ0009I: The application api has stopped successfully.
[9/6/26, 12:45:23:373 GMT] 000011b0 com.ibm.ws.app.manager.AppMessageHelper                      I CWWKZ0018I: Starting application api.
[9/6/26, 12:45:23:373 GMT] 000011b0 bm.ws.app.manager.war.internal.WARDeployedAppInfoFactoryImpl I CWWKZ0133I: The api application at the /opt/ibm/wlp/usr/servers/defaultServer/dropins/api.war location is being expanded to the /opt/ibm/wlp/usr/servers/defaultServer/apps/expanded/api.war directory.
[9/6/26, 12:45:23:382 GMT] 000011b8 com.ibm.ws.webcontainer.osgi.mbeans.PluginGenerator          I SRVE9103I: A configuration file for a web server plugin was automatically generated for this server at /opt/ibm/wlp/output/defaultServer/logs/state/plugin-cfg.xml.
[9/6/26, 12:45:23:491 GMT] 000011b0 zosasset.cics.internal.factories.CicsCommareaZosAssetFactory I BAQR1753I: Loaded CICS COMMAREA z/OS Asset VRCB0100
[9/6/26, 12:45:23:500 GMT] 000011b0 liberty.microprofile.openapi20.internal.ApplicationProcessor I CWWKO1660I: The application api was processed and an OpenAPI document was produced.
[9/6/26, 12:45:23:500 GMT] 000011b0 com.ibm.ws.webcontainer.osgi.webapp.WebGroup                 I SRVE0169I: Loading Web Module: api.
[9/6/26, 12:45:23:501 GMT] 000011b0 com.ibm.ws.webcontainer                                      I SRVE0250I: Web Module api has been bound to default_host.
[9/6/26, 12:45:23:501 GMT] 000011b0 com.ibm.ws.http.internal.VirtualHostImpl                     A CWWKT0016I: Web application available (default_host): http://02db3501d6ac:9080/
[9/6/26, 12:45:23:501 GMT] 000011bc com.ibm.ws.session.WASSessionCore                            I SESN0176I: A new session context will be created for application key default_host/
[9/6/26, 12:45:23:501 GMT] 000011bc com.ibm.ws.util                                              I SESN0172I: The session manager is using the Java default SecureRandom implementation for session ID generation.
[9/6/26, 12:45:23:504 GMT] 000011bc com.ibm.ws.app.manager.AppMessageHelper                      A CWWKZ0003I: The application api updated in 0.131 seconds.
[9/6/26, 12:45:23:508 GMT] 00001195 com.ibm.ws.webcontainer.osgi.mbeans.PluginGenerator          I SRVE9103I: A configuration file for a web server plugin was automatically generated for this server at /opt/ibm/wlp/output/defaultServer/logs/state/plugin-cfg.xml.
[9/6/26, 12:45:23:510 GMT] 000011bc apache.cxf.cxf.core.3.2:1.0.111.cl260320260625-2008(id=110)] I Setting the server's publish address to be /
[9/6/26, 12:45:23:512 GMT] 000011bc com.ibm.ws.webcontainer.servlet                              I SRVE0242I: [api] [/] [{{oasTitle}}]: Initialization successful.
[9/6/26, 12:45:59:567 GMT] 000011a6 com.ibm.ws.http.internal.VirtualHostImpl                     A CWWKT0017I: Web application removed (default_host): http://02db3501d6ac:9080/
[9/6/26, 12:45:59:568 GMT] 000011a6 com.ibm.ws.webcontainer.servlet                              I SRVE0253I: [api] [/] [{{oasTitle}}]: Destroy successful.
[9/6/26, 12:45:59:571 GMT] 000011a6 com.ibm.ws.app.manager.AppMessageHelper                      A CWWKZ0009I: The application api has stopped successfully.
[9/6/26, 12:45:59:575 GMT] 000011a6 com.ibm.ws.app.manager.AppMessageHelper                      I CWWKZ0018I: Starting application api.
[9/6/26, 12:45:59:575 GMT] 000011a6 bm.ws.app.manager.war.internal.WARDeployedAppInfoFactoryImpl I CWWKZ0133I: The api application at the /opt/ibm/wlp/usr/servers/defaultServer/dropins/api.war location is being expanded to the /opt/ibm/wlp/usr/servers/defaultServer/apps/expanded/api.war directory.
[9/6/26, 12:45:59:587 GMT] 00001169 com.ibm.ws.webcontainer.osgi.mbeans.PluginGenerator          I SRVE9103I: A configuration file for a web server plugin was automatically generated for this server at /opt/ibm/wlp/output/defaultServer/logs/state/plugin-cfg.xml.
[9/6/26, 12:45:59:699 GMT] 000011a6 zosasset.cics.internal.factories.CicsCommareaZosAssetFactory I BAQR1753I: Loaded CICS COMMAREA z/OS Asset VRCB0100
[9/6/26, 12:45:59:702 GMT] 000011a6 liberty.microprofile.openapi20.internal.ApplicationProcessor I CWWKO1660I: The application api was processed and an OpenAPI document was produced.
[9/6/26, 12:45:59:703 GMT] 000011a6 com.ibm.ws.webcontainer.osgi.webapp.WebGroup                 I SRVE0169I: Loading Web Module: api.
[9/6/26, 12:45:59:703 GMT] 000011a6 com.ibm.ws.webcontainer                                      I SRVE0250I: Web Module api has been bound to default_host.
[9/6/26, 12:45:59:703 GMT] 000011a6 com.ibm.ws.http.internal.VirtualHostImpl                     A CWWKT0016I: Web application available (default_host): http://02db3501d6ac:9080/
[9/6/26, 12:45:59:704 GMT] 000011e0 com.ibm.ws.session.WASSessionCore                            I SESN0176I: A new session context will be created for application key default_host/
[9/6/26, 12:45:59:704 GMT] 000011e0 com.ibm.ws.util                                              I SESN0172I: The session manager is using the Java default SecureRandom implementation for session ID generation.
[9/6/26, 12:45:59:708 GMT] 000011e0 com.ibm.ws.app.manager.AppMessageHelper                      A CWWKZ0003I: The application api updated in 0.132 seconds.
[9/6/26, 12:45:59:713 GMT] 000011e0 apache.cxf.cxf.core.3.2:1.0.111.cl260320260625-2008(id=110)] I Setting the server's publish address to be /
[9/6/26, 12:45:59:715 GMT] 000011a6 com.ibm.ws.webcontainer.osgi.mbeans.PluginGenerator          I SRVE9103I: A configuration file for a web server plugin was automatically generated for this server at /opt/ibm/wlp/output/defaultServer/logs/state/plugin-cfg.xml.
[9/6/26, 12:45:59:715 GMT] 000011e0 com.ibm.ws.webcontainer.servlet                              I SRVE0242I: [api] [/] [{{oasTitle}}]: Initialization successful.
[9/6/26, 12:46:17:846 GMT] 00001218 com.ibm.ws.http.internal.VirtualHostImpl                     A CWWKT0017I: Web application removed (default_host): http://02db3501d6ac:9080/
[9/6/26, 12:46:17:846 GMT] 00001218 com.ibm.ws.webcontainer.servlet                              I SRVE0253I: [api] [/] [{{oasTitle}}]: Destroy successful.
[9/6/26, 12:46:17:850 GMT] 00001218 com.ibm.ws.app.manager.AppMessageHelper                      A CWWKZ0009I: The application api has stopped successfully.
[9/6/26, 12:46:17:852 GMT] 00001218 com.ibm.ws.app.manager.AppMessageHelper                      I CWWKZ0018I: Starting application api.
[9/6/26, 12:46:17:853 GMT] 00001218 bm.ws.app.manager.war.internal.WARDeployedAppInfoFactoryImpl I CWWKZ0133I: The api application at the /opt/ibm/wlp/usr/servers/defaultServer/dropins/api.war location is being expanded to the /opt/ibm/wlp/usr/servers/defaultServer/apps/expanded/api.war directory.
[9/6/26, 12:46:17:862 GMT] 000011f2 com.ibm.ws.webcontainer.osgi.mbeans.PluginGenerator          I SRVE9103I: A configuration file for a web server plugin was automatically generated for this server at /opt/ibm/wlp/output/defaultServer/logs/state/plugin-cfg.xml.
[9/6/26, 12:46:17:960 GMT] 00001218 zosasset.cics.internal.factories.CicsCommareaZosAssetFactory I BAQR1753I: Loaded CICS COMMAREA z/OS Asset VRCB0100
[9/6/26, 12:46:17:968 GMT] 00001218 liberty.microprofile.openapi20.internal.ApplicationProcessor I CWWKO1660I: The application api was processed and an OpenAPI document was produced.
[9/6/26, 12:46:17:968 GMT] 00001218 com.ibm.ws.webcontainer.osgi.webapp.WebGroup                 I SRVE0169I: Loading Web Module: api.
[9/6/26, 12:46:17:968 GMT] 00001218 com.ibm.ws.webcontainer                                      I SRVE0250I: Web Module api has been bound to default_host.
[9/6/26, 12:46:17:968 GMT] 00001218 com.ibm.ws.http.internal.VirtualHostImpl                     A CWWKT0016I: Web application available (default_host): http://02db3501d6ac:9080/
[9/6/26, 12:46:17:969 GMT] 00001169 com.ibm.ws.session.WASSessionCore                            I SESN0176I: A new session context will be created for application key default_host/
[9/6/26, 12:46:17:972 GMT] 00001169 com.ibm.ws.util                                              I SESN0172I: The session manager is using the Java default SecureRandom implementation for session ID generation.
[9/6/26, 12:46:17:975 GMT] 00001169 com.ibm.ws.app.manager.AppMessageHelper                      A CWWKZ0003I: The application api updated in 0.122 seconds.
[9/6/26, 12:46:17:975 GMT] 00001218 com.ibm.ws.webcontainer.osgi.mbeans.PluginGenerator          I SRVE9103I: A configuration file for a web server plugin was automatically generated for this server at /opt/ibm/wlp/output/defaultServer/logs/state/plugin-cfg.xml.
[9/6/26, 12:46:17:979 GMT] 00001169 apache.cxf.cxf.core.3.2:1.0.111.cl260320260625-2008(id=110)] I Setting the server's publish address to be /
[9/6/26, 12:46:17:981 GMT] 00001169 com.ibm.ws.webcontainer.servlet                              I SRVE0242I: [api] [/] [{{oasTitle}}]: Initialization successful.
[9/6/26, 13:05:03:031 GMT] 0000170c com.ibm.ws.http.internal.VirtualHostImpl                     A CWWKT0017I: Web application removed (default_host): http://02db3501d6ac:9080/
[9/6/26, 13:05:03:032 GMT] 0000170c com.ibm.ws.webcontainer.servlet                              I SRVE0253I: [api] [/] [{{oasTitle}}]: Destroy successful.
[9/6/26, 13:05:03:044 GMT] 0000170c com.ibm.ws.app.manager.AppMessageHelper                      A CWWKZ0009I: The application api has stopped successfully.
[9/6/26, 13:05:03:074 GMT] 0000170f com.ibm.ws.webcontainer.osgi.mbeans.PluginGenerator          I SRVE9103I: A configuration file for a web server plugin was automatically generated for this server at /opt/ibm/wlp/output/defaultServer/logs/state/plugin-cfg.xml.
[9/6/26, 13:05:03:720 GMT] 00001702 com.ibm.ws.app.manager.AppMessageHelper                      I CWWKZ0018I: Starting application api.
[9/6/26, 13:05:03:721 GMT] 00001702 bm.ws.app.manager.war.internal.WARDeployedAppInfoFactoryImpl I CWWKZ0133I: The api application at the /opt/ibm/wlp/usr/servers/defaultServer/dropins/api.war location is being expanded to the /opt/ibm/wlp/usr/servers/defaultServer/apps/expanded/api.war directory.
[9/6/26, 13:05:03:925 GMT] 00001702 zosasset.cics.internal.factories.CicsCommareaZosAssetFactory I BAQR1753I: Loaded CICS COMMAREA z/OS Asset VRCB0100
[9/6/26, 13:05:03:928 GMT] 00001702 liberty.microprofile.openapi20.internal.ApplicationProcessor I CWWKO1660I: The application api was processed and an OpenAPI document was produced.
[9/6/26, 13:05:03:928 GMT] 00001702 com.ibm.ws.webcontainer.osgi.webapp.WebGroup                 I SRVE0169I: Loading Web Module: api.
[9/6/26, 13:05:03:929 GMT] 00001702 com.ibm.ws.webcontainer                                      I SRVE0250I: Web Module api has been bound to default_host.
[9/6/26, 13:05:03:929 GMT] 00001702 com.ibm.ws.http.internal.VirtualHostImpl                     A CWWKT0016I: Web application available (default_host): http://02db3501d6ac:9080/
[9/6/26, 13:05:03:929 GMT] 00001706 com.ibm.ws.session.WASSessionCore                            I SESN0176I: A new session context will be created for application key default_host/
[9/6/26, 13:05:03:930 GMT] 00001706 com.ibm.ws.util                                              I SESN0172I: The session manager is using the Java default SecureRandom implementation for session ID generation.
[9/6/26, 13:05:03:934 GMT] 00001706 com.ibm.ws.app.manager.AppMessageHelper                      A CWWKZ0001I: Application api started in 0.213 seconds.
[9/6/26, 13:05:03:938 GMT] 000016c1 com.ibm.ws.webcontainer.osgi.mbeans.PluginGenerator          I SRVE9103I: A configuration file for a web server plugin was automatically generated for this server at /opt/ibm/wlp/output/defaultServer/logs/state/plugin-cfg.xml.
[9/6/26, 13:05:03:942 GMT] 00001706 apache.cxf.cxf.core.3.2:1.0.111.cl260320260625-2008(id=110)] I Setting the server's publish address to be /
[9/6/26, 13:05:03:945 GMT] 00001706 com.ibm.ws.webcontainer.servlet                              I SRVE0242I: [api] [/] [{{oasTitle}}]: Initialization successful.
[9/6/26, 13:08:04:077 GMT] 000017d4 com.ibm.ws.http.internal.VirtualHostImpl                     A CWWKT0017I: Web application removed (default_host): http://02db3501d6ac:9080/
[9/6/26, 13:08:04:079 GMT] 000017d4 com.ibm.ws.webcontainer.servlet                              I SRVE0253I: [api] [/] [{{oasTitle}}]: Destroy successful.
[9/6/26, 13:08:04:084 GMT] 000017d4 com.ibm.ws.app.manager.AppMessageHelper                      A CWWKZ0009I: The application api has stopped successfully.
[9/6/26, 13:08:04:087 GMT] 000017d4 com.ibm.ws.app.manager.AppMessageHelper                      I CWWKZ0018I: Starting application api.
[9/6/26, 13:08:04:087 GMT] 000017d4 bm.ws.app.manager.war.internal.WARDeployedAppInfoFactoryImpl I CWWKZ0133I: The api application at the /opt/ibm/wlp/usr/servers/defaultServer/dropins/api.war location is being expanded to the /opt/ibm/wlp/usr/servers/defaultServer/apps/expanded/api.war directory.
[9/6/26, 13:08:04:100 GMT] 000017ca com.ibm.ws.webcontainer.osgi.mbeans.PluginGenerator          I SRVE9103I: A configuration file for a web server plugin was automatically generated for this server at /opt/ibm/wlp/output/defaultServer/logs/state/plugin-cfg.xml.
[9/6/26, 13:08:04:230 GMT] 000017d4 com.ibm.zosconnect.engine.impl.ZosAssetManagerImpl           E BAQR1622E: Failed to read WEB-INF/src/main/zosAssets/VRCB0130/zosAsset.yaml. The file does not exist.
[9/6/26, 13:08:04:238 GMT] 000017d4 zosasset.cics.internal.factories.CicsCommareaZosAssetFactory I BAQR1753I: Loaded CICS COMMAREA z/OS Asset VRCB0100
[9/6/26, 13:08:04:247 GMT] 000017d4 liberty.microprofile.openapi20.internal.ApplicationProcessor I CWWKO1660I: The application api was processed and an OpenAPI document was produced.
[9/6/26, 13:08:04:247 GMT] 000017d4 com.ibm.ws.webcontainer.osgi.webapp.WebGroup                 I SRVE0169I: Loading Web Module: api.
[9/6/26, 13:08:04:247 GMT] 000017d4 com.ibm.ws.webcontainer                                      I SRVE0250I: Web Module api has been bound to default_host.
[9/6/26, 13:08:04:248 GMT] 000017d4 com.ibm.ws.http.internal.VirtualHostImpl                     A CWWKT0016I: Web application available (default_host): http://02db3501d6ac:9080/
[9/6/26, 13:08:04:248 GMT] 000017c7 com.ibm.ws.session.WASSessionCore                            I SESN0176I: A new session context will be created for application key default_host/
[9/6/26, 13:08:04:251 GMT] 000017c7 com.ibm.ws.util                                              I SESN0172I: The session manager is using the Java default SecureRandom implementation for session ID generation.
[9/6/26, 13:08:04:255 GMT] 000017c7 com.ibm.ws.app.manager.AppMessageHelper                      A CWWKZ0003I: The application api updated in 0.168 seconds.
[9/6/26, 13:08:04:256 GMT] 000017d4 com.ibm.ws.webcontainer.osgi.mbeans.PluginGenerator          I SRVE9103I: A configuration file for a web server plugin was automatically generated for this server at /opt/ibm/wlp/output/defaultServer/logs/state/plugin-cfg.xml.
[9/6/26, 13:08:04:261 GMT] 000017c7 apache.cxf.cxf.core.3.2:1.0.111.cl260320260625-2008(id=110)] I Setting the server's publish address to be /
[9/6/26, 13:08:04:263 GMT] 000017c7 com.ibm.ws.webcontainer.servlet                              I SRVE0242I: [api] [/] [{{oasTitle}}]: Initialization successful.
[9/6/26, 13:09:23:641 GMT] 00001829 com.ibm.ws.http.internal.VirtualHostImpl                     A CWWKT0017I: Web application removed (default_host): http://02db3501d6ac:9080/
[9/6/26, 13:09:23:641 GMT] 00001829 com.ibm.ws.webcontainer.servlet                              I SRVE0253I: [api] [/] [{{oasTitle}}]: Destroy successful.
[9/6/26, 13:09:23:645 GMT] 00001829 com.ibm.ws.app.manager.AppMessageHelper                      A CWWKZ0009I: The application api has stopped successfully.
[9/6/26, 13:09:23:660 GMT] 0000183a com.ibm.ws.webcontainer.osgi.mbeans.PluginGenerator          I SRVE9103I: A configuration file for a web server plugin was automatically generated for this server at /opt/ibm/wlp/output/defaultServer/logs/state/plugin-cfg.xml.
[9/6/26, 13:09:24:326 GMT] 0000180d com.ibm.ws.app.manager.AppMessageHelper                      I CWWKZ0018I: Starting application api.
[9/6/26, 13:09:24:327 GMT] 0000180d bm.ws.app.manager.war.internal.WARDeployedAppInfoFactoryImpl I CWWKZ0133I: The api application at the /opt/ibm/wlp/usr/servers/defaultServer/dropins/api.war location is being expanded to the /opt/ibm/wlp/usr/servers/defaultServer/apps/expanded/api.war directory.
[9/6/26, 13:09:24:484 GMT] 0000180d com.ibm.zosconnect.engine.impl.ZosAssetManagerImpl           E BAQR1622E: Failed to read WEB-INF/src/main/zosAssets/VRCB0130/zosAsset.yaml. The file does not exist.
[9/6/26, 13:09:24:494 GMT] 0000180d zosasset.cics.internal.factories.CicsCommareaZosAssetFactory I BAQR1753I: Loaded CICS COMMAREA z/OS Asset VRCB0100
[9/6/26, 13:09:24:501 GMT] 0000180d liberty.microprofile.openapi20.internal.ApplicationProcessor I CWWKO1660I: The application api was processed and an OpenAPI document was produced.
[9/6/26, 13:09:24:502 GMT] 0000180d com.ibm.ws.webcontainer.osgi.webapp.WebGroup                 I SRVE0169I: Loading Web Module: api.
[9/6/26, 13:09:24:502 GMT] 0000180d com.ibm.ws.webcontainer                                      I SRVE0250I: Web Module api has been bound to default_host.
[9/6/26, 13:09:24:502 GMT] 0000180d com.ibm.ws.http.internal.VirtualHostImpl                     A CWWKT0016I: Web application available (default_host): http://02db3501d6ac:9080/
[9/6/26, 13:09:24:503 GMT] 00001821 com.ibm.ws.session.WASSessionCore                            I SESN0176I: A new session context will be created for application key default_host/
[9/6/26, 13:09:24:503 GMT] 00001821 com.ibm.ws.util                                              I SESN0172I: The session manager is using the Java default SecureRandom implementation for session ID generation.
[9/6/26, 13:09:24:506 GMT] 00001821 com.ibm.ws.app.manager.AppMessageHelper                      A CWWKZ0001I: Application api started in 0.180 seconds.
[9/6/26, 13:09:24:510 GMT] 0000181b com.ibm.ws.webcontainer.osgi.mbeans.PluginGenerator          I SRVE9103I: A configuration file for a web server plugin was automatically generated for this server at /opt/ibm/wlp/output/defaultServer/logs/state/plugin-cfg.xml.
[9/6/26, 13:09:24:512 GMT] 00001821 apache.cxf.cxf.core.3.2:1.0.111.cl260320260625-2008(id=110)] I Setting the server's publish address to be /
[9/6/26, 13:09:24:514 GMT] 00001821 com.ibm.ws.webcontainer.servlet                              I SRVE0242I: [api] [/] [{{oasTitle}}]: Initialization successful.
[9/6/26, 13:12:33:427 GMT] 00001910 com.ibm.ws.http.internal.VirtualHostImpl                     A CWWKT0017I: Web application removed (default_host): http://02db3501d6ac:9080/
[9/6/26, 13:12:33:427 GMT] 00001910 com.ibm.ws.webcontainer.servlet                              I SRVE0253I: [api] [/] [{{oasTitle}}]: Destroy successful.
[9/6/26, 13:12:33:432 GMT] 00001910 com.ibm.ws.app.manager.AppMessageHelper                      A CWWKZ0009I: The application api has stopped successfully.
[9/6/26, 13:12:33:450 GMT] 00001900 com.ibm.ws.webcontainer.osgi.mbeans.PluginGenerator          I SRVE9103I: A configuration file for a web server plugin was automatically generated for this server at /opt/ibm/wlp/output/defaultServer/logs/state/plugin-cfg.xml.
[9/6/26, 13:12:34:137 GMT] 0000191d com.ibm.ws.app.manager.AppMessageHelper                      I CWWKZ0018I: Starting application api.
[9/6/26, 13:12:34:138 GMT] 0000191d bm.ws.app.manager.war.internal.WARDeployedAppInfoFactoryImpl I CWWKZ0133I: The api application at the /opt/ibm/wlp/usr/servers/defaultServer/dropins/api.war location is being expanded to the /opt/ibm/wlp/usr/servers/defaultServer/apps/expanded/api.war directory.
[9/6/26, 13:12:34:276 GMT] 0000191d com.ibm.zosconnect.api.project.operation.OperationsHelper    E BAQR1626E: An error occurred while attempting to load operations: java.io.IOException: /opt/ibm/wlp/usr/servers/defaultServer/apps/expanded/api.war/WEB-INF/operations
[9/6/26, 13:12:34:276 GMT] 0000191d com.ibm.zosconnect.engine.impl.OperationManagerImpl          E BAQR1669E: Failed to load project from /opt/ibm/wlp/usr/servers/defaultServer/apps/expanded/api.war/WEB-INF/. 
[9/6/26, 13:12:34:278 GMT] 0000191d liberty.microprofile.openapi20.internal.ApplicationProcessor I CWWKO1660I: The application api was processed and an OpenAPI document was produced.
[9/6/26, 13:12:34:279 GMT] 0000191d com.ibm.ws.webcontainer.osgi.webapp.WebGroup                 I SRVE0169I: Loading Web Module: api.
[9/6/26, 13:12:34:279 GMT] 0000191d com.ibm.ws.webcontainer                                      I SRVE0250I: Web Module api has been bound to default_host.
[9/6/26, 13:12:34:279 GMT] 0000191d com.ibm.ws.http.internal.VirtualHostImpl                     A CWWKT0016I: Web application available (default_host): http://02db3501d6ac:9080/
[9/6/26, 13:12:34:280 GMT] 00001820 com.ibm.ws.session.WASSessionCore                            I SESN0176I: A new session context will be created for application key default_host/
[9/6/26, 13:12:34:280 GMT] 00001820 com.ibm.ws.util                                              I SESN0172I: The session manager is using the Java default SecureRandom implementation for session ID generation.
[9/6/26, 13:12:34:284 GMT] 00001820 com.ibm.ws.app.manager.AppMessageHelper                      A CWWKZ0001I: Application api started in 0.146 seconds.
[9/6/26, 13:12:34:286 GMT] 0000191d com.ibm.ws.webcontainer.osgi.mbeans.PluginGenerator          I SRVE9103I: A configuration file for a web server plugin was automatically generated for this server at /opt/ibm/wlp/output/defaultServer/logs/state/plugin-cfg.xml.
[9/6/26, 13:12:34:290 GMT] 00001820 apache.cxf.cxf.core.3.2:1.0.111.cl260320260625-2008(id=110)] I Setting the server's publish address to be /
[9/6/26, 13:12:34:292 GMT] 00001820 com.ibm.ws.webcontainer.servlet                              I SRVE0242I: [api] [/] [{{oasTitle}}]: Initialization successful.
[9/6/26, 13:29:17:102 GMT] 00001d12 com.ibm.zosconnect.api.project.operation.OperationsHelper    E BAQR1626E: An error occurred while attempting to load operations: java.io.IOException: /workspace/project/operations
[9/6/26, 13:29:20:363 GMT] 00001d6d com.ibm.zosconnect.api.project.operation.OperationsHelper    E BAQR1626E: An error occurred while attempting to load operations: java.io.IOException: /workspace/project/operations
[9/6/26, 13:31:10:256 GMT] 00001dd7 com.ibm.ws.http.internal.VirtualHostImpl                     A CWWKT0017I: Web application removed (default_host): http://02db3501d6ac:9080/
[9/6/26, 13:31:10:257 GMT] 00001dd7 com.ibm.ws.webcontainer.servlet                              I SRVE0253I: [api] [/] [{{oasTitle}}]: Destroy successful.
[9/6/26, 13:31:10:263 GMT] 00001dd7 com.ibm.ws.app.manager.AppMessageHelper                      A CWWKZ0009I: The application api has stopped successfully.
[9/6/26, 13:31:10:282 GMT] 00001e01 com.ibm.ws.webcontainer.osgi.mbeans.PluginGenerator          I SRVE9103I: A configuration file for a web server plugin was automatically generated for this server at /opt/ibm/wlp/output/defaultServer/logs/state/plugin-cfg.xml.
[9/6/26, 13:31:10:956 GMT] 00001da6 com.ibm.ws.app.manager.AppMessageHelper                      I CWWKZ0018I: Starting application api.
[9/6/26, 13:31:10:956 GMT] 00001da6 bm.ws.app.manager.war.internal.WARDeployedAppInfoFactoryImpl I CWWKZ0133I: The api application at the /opt/ibm/wlp/usr/servers/defaultServer/dropins/api.war location is being expanded to the /opt/ibm/wlp/usr/servers/defaultServer/apps/expanded/api.war directory.
[9/6/26, 13:31:11:150 GMT] 00001da6 com.ibm.zosconnect.engine.impl.ZosAssetManagerImpl           E BAQR1622E: Failed to read WEB-INF/src/main/zosAssets/VRCB0130/zosAsset.yaml. The file does not exist.
[9/6/26, 13:31:11:154 GMT] 00001da6 com.ibm.zosconnect.api.project.operation.OperationsHelper    E BAQR1626E: An error occurred while attempting to load operations: java.io.IOException: /opt/ibm/wlp/usr/servers/defaultServer/apps/expanded/api.war/WEB-INF/operations
[9/6/26, 13:31:11:154 GMT] 00001da6 com.ibm.zosconnect.engine.impl.OperationManagerImpl          E BAQR1669E: Failed to load project from /opt/ibm/wlp/usr/servers/defaultServer/apps/expanded/api.war/WEB-INF/. 
[9/6/26, 13:31:11:158 GMT] 00001da6 liberty.microprofile.openapi20.internal.ApplicationProcessor I CWWKO1660I: The application api was processed and an OpenAPI document was produced.
[9/6/26, 13:31:11:159 GMT] 00001da6 com.ibm.ws.webcontainer.osgi.webapp.WebGroup                 I SRVE0169I: Loading Web Module: api.
[9/6/26, 13:31:11:159 GMT] 00001da6 com.ibm.ws.webcontainer                                      I SRVE0250I: Web Module api has been bound to default_host.
[9/6/26, 13:31:11:159 GMT] 00001da6 com.ibm.ws.http.internal.VirtualHostImpl                     A CWWKT0016I: Web application available (default_host): http://02db3501d6ac:9080/
[9/6/26, 13:31:11:160 GMT] 00001dd6 com.ibm.ws.session.WASSessionCore                            I SESN0176I: A new session context will be created for application key default_host/
[9/6/26, 13:31:11:160 GMT] 00001dd6 com.ibm.ws.util                                              I SESN0172I: The session manager is using the Java default SecureRandom implementation for session ID generation.
[9/6/26, 13:31:11:164 GMT] 00001dd6 com.ibm.ws.app.manager.AppMessageHelper                      A CWWKZ0001I: Application api started in 0.208 seconds.
[9/6/26, 13:31:11:170 GMT] 00001e09 com.ibm.ws.webcontainer.osgi.mbeans.PluginGenerator          I SRVE9103I: A configuration file for a web server plugin was automatically generated for this server at /opt/ibm/wlp/output/defaultServer/logs/state/plugin-cfg.xml.
[9/6/26, 13:31:11:171 GMT] 00001dd6 apache.cxf.cxf.core.3.2:1.0.111.cl260320260625-2008(id=110)] I Setting the server's publish address to be /
[9/6/26, 13:31:11:176 GMT] 00001dd6 com.ibm.ws.webcontainer.servlet                              I SRVE0242I: [api] [/] [{{oasTitle}}]: Initialization successful.
[9/6/26, 13:31:55:112 GMT] 00001e1e com.ibm.zosconnect.ui.backend.workspace.ZosAssetManager      E BAQW0091E: Unable to find file zosAsset.yaml within the VRCB0130 directory.
[9/6/26, 13:31:55:528 GMT] 00001e33 com.ibm.zosconnect.api.project.operation.OperationsHelper    E BAQR1626E: An error occurred while attempting to load operations: java.io.IOException: /workspace/project/operations
[9/6/26, 13:32:24:375 GMT] 00001e0a com.ibm.zosconnect.ui.backend.workspace.ZosAssetManager      E BAQW0091E: Unable to find file zosAsset.yaml within the VRCB0130 directory.
[9/6/26, 13:32:24:802 GMT] 00001e50 com.ibm.zosconnect.api.project.operation.OperationsHelper    E BAQR1626E: An error occurred while attempting to load operations: java.io.IOException: /workspace/project/operations
[9/6/26, 13:32:36:162 GMT] 00001e52 com.ibm.zosconnect.api.project.operation.OperationsHelper    E BAQR1626E: An error occurred while attempting to load operations: java.io.IOException: /workspace/project/operations
[9/6/26, 13:32:36:714 GMT] 00001df9 com.ibm.zosconnect.api.project.operation.OperationsHelper    E BAQR1626E: An error occurred while attempting to load operations: java.io.IOException: /workspace/project/operations
[9/6/26, 13:32:40:703 GMT] 00001e74 com.ibm.zosconnect.api.project.operation.OperationsHelper    E BAQR1626E: An error occurred while attempting to load operations: java.io.IOException: /workspace/project/operations
[9/6/26, 13:34:57:456 GMT] 00001e78 com.ibm.zosconnect.ui.backend.workspace.ZosAssetManager      E BAQW0091E: Unable to find file zosAsset.yaml within the VRCB0130 directory.
[9/6/26, 13:34:58:083 GMT] 00001f00 com.ibm.zosconnect.api.project.operation.OperationsHelper    E BAQR1626E: An error occurred while attempting to load operations: java.io.IOException: /workspace/project/operations
[9/6/26, 13:34:58:116 GMT] 00001f13 com.ibm.zosconnect.ui.backend.workspace.ZosAssetManager      E BAQW0091E: Unable to find file zosAsset.yaml within the VRCB0130 directory.
[9/6/26, 13:34:58:734 GMT] 00001f06 com.ibm.zosconnect.api.project.operation.OperationsHelper    E BAQR1626E: An error occurred while attempting to load operations: java.io.IOException: /workspace/project/operations
[9/6/26, 13:37:31:502 GMT] 00001f2e com.ibm.zosconnect.ui.backend.workspace.ZosAssetManager      E BAQW0091E: Unable to find file zosAsset.yaml within the VRCB0130 directory.
[9/6/26, 13:37:31:922 GMT] 00001f9c com.ibm.zosconnect.api.project.operation.OperationsHelper    E BAQR1626E: An error occurred while attempting to load operations: java.io.IOException: /workspace/project/operations
[9/6/26, 13:39:41:660 GMT] 00002045 com.ibm.zosconnect.ui.backend.workspace.ZosAssetManager      E BAQW0091E: Unable to find file zosAsset.yaml within the VRCB0130 directory.
[9/6/26, 13:40:00:968 GMT] 0000205c com.ibm.ws.http.internal.VirtualHostImpl                     A CWWKT0017I: Web application removed (default_host): http://02db3501d6ac:9080/
[9/6/26, 13:40:00:969 GMT] 0000205c com.ibm.ws.webcontainer.servlet                              I SRVE0253I: [api] [/] [{{oasTitle}}]: Destroy successful.
[9/6/26, 13:40:00:971 GMT] 0000205c com.ibm.ws.app.manager.AppMessageHelper                      A CWWKZ0009I: The application api has stopped successfully.
[9/6/26, 13:40:00:983 GMT] 00002057 com.ibm.ws.webcontainer.osgi.mbeans.PluginGenerator          I SRVE9103I: A configuration file for a web server plugin was automatically generated for this server at /opt/ibm/wlp/output/defaultServer/logs/state/plugin-cfg.xml.
[9/6/26, 13:40:01:677 GMT] 00002066 com.ibm.ws.app.manager.AppMessageHelper                      I CWWKZ0018I: Starting application api.
[9/6/26, 13:40:01:678 GMT] 00002066 bm.ws.app.manager.war.internal.WARDeployedAppInfoFactoryImpl I CWWKZ0133I: The api application at the /opt/ibm/wlp/usr/servers/defaultServer/dropins/api.war location is being expanded to the /opt/ibm/wlp/usr/servers/defaultServer/apps/expanded/api.war directory.
[9/6/26, 13:40:01:814 GMT] 00002066 com.ibm.zosconnect.engine.impl.OperationManagerImpl          E BAQR1660E: Missing operation.yaml for operation %2Fcustomers%2F%7BcustomerId%7D/get.
[9/6/26, 13:40:01:814 GMT] 00002066 com.ibm.zosconnect.engine.impl.OperationManagerImpl          E BAQR1660E: Missing operation.yaml for operation %2Fcustomers/post.
[9/6/26, 13:40:01:815 GMT] 00002066 com.ibm.zosconnect.engine.impl.ZosAssetManagerImpl           E BAQR1622E: Failed to read WEB-INF/src/main/zosAssets/VRCB0130/zosAsset.yaml. The file does not exist.
[9/6/26, 13:40:01:820 GMT] 00002066 liberty.microprofile.openapi20.internal.ApplicationProcessor I CWWKO1660I: The application api was processed and an OpenAPI document was produced.
[9/6/26, 13:40:01:820 GMT] 00002066 com.ibm.ws.webcontainer.osgi.webapp.WebGroup                 I SRVE0169I: Loading Web Module: api.
[9/6/26, 13:40:01:820 GMT] 00002066 com.ibm.ws.webcontainer                                      I SRVE0250I: Web Module api has been bound to default_host.
[9/6/26, 13:40:01:820 GMT] 00002066 com.ibm.ws.http.internal.VirtualHostImpl                     A CWWKT0016I: Web application available (default_host): http://02db3501d6ac:9080/
[9/6/26, 13:40:01:821 GMT] 0000205b com.ibm.ws.session.WASSessionCore                            I SESN0176I: A new session context will be created for application key default_host/
[9/6/26, 13:40:01:821 GMT] 0000205b com.ibm.ws.util                                              I SESN0172I: The session manager is using the Java default SecureRandom implementation for session ID generation.
[9/6/26, 13:40:01:824 GMT] 0000205b com.ibm.ws.app.manager.AppMessageHelper                      A CWWKZ0001I: Application api started in 0.146 seconds.
[9/6/26, 13:40:01:826 GMT] 00002059 com.ibm.ws.webcontainer.osgi.mbeans.PluginGenerator          I SRVE9103I: A configuration file for a web server plugin was automatically generated for this server at /opt/ibm/wlp/output/defaultServer/logs/state/plugin-cfg.xml.
[9/6/26, 13:40:01:828 GMT] 0000205b apache.cxf.cxf.core.3.2:1.0.111.cl260320260625-2008(id=110)] I Setting the server's publish address to be /
[9/6/26, 13:40:01:831 GMT] 0000205b com.ibm.ws.webcontainer.servlet                              I SRVE0242I: [api] [/] [{{oasTitle}}]: Initialization successful.
[9/6/26, 13:40:03:164 GMT] 00002056 com.ibm.zosconnect.ui.backend.workspace.ZosAssetManager      E BAQW0091E: Unable to find file zosAsset.yaml within the VRCB0130 directory.
[9/6/26, 13:40:18:989 GMT] 0000207a com.ibm.ws.http.internal.VirtualHostImpl                     A CWWKT0017I: Web application removed (default_host): http://02db3501d6ac:9080/
[9/6/26, 13:40:18:990 GMT] 0000207a com.ibm.ws.webcontainer.servlet                              I SRVE0253I: [api] [/] [{{oasTitle}}]: Destroy successful.
[9/6/26, 13:40:18:995 GMT] 0000207a com.ibm.ws.app.manager.AppMessageHelper                      A CWWKZ0009I: The application api has stopped successfully.
[9/6/26, 13:40:19:003 GMT] 0000205a com.ibm.ws.webcontainer.osgi.mbeans.PluginGenerator          I SRVE9103I: A configuration file for a web server plugin was automatically generated for this server at /opt/ibm/wlp/output/defaultServer/logs/state/plugin-cfg.xml.
[9/6/26, 13:40:19:700 GMT] 00002084 com.ibm.ws.app.manager.AppMessageHelper                      I CWWKZ0018I: Starting application api.
[9/6/26, 13:40:19:701 GMT] 00002084 bm.ws.app.manager.war.internal.WARDeployedAppInfoFactoryImpl I CWWKZ0133I: The api application at the /opt/ibm/wlp/usr/servers/defaultServer/dropins/api.war location is being expanded to the /opt/ibm/wlp/usr/servers/defaultServer/apps/expanded/api.war directory.
[9/6/26, 13:40:19:827 GMT] 00002084 com.ibm.zosconnect.engine.impl.ZosAssetManagerImpl           E BAQR1622E: Failed to read WEB-INF/src/main/zosAssets/VRCB0130/zosAsset.yaml. The file does not exist.
[9/6/26, 13:40:19:835 GMT] 00002084 com.ibm.zosconnect.engine.impl.OperationManagerImpl          E BAQR1660E: Missing operation.yaml for operation %2Fcustomers%2F%7BcustomerId%7D/get.
[9/6/26, 13:40:19:835 GMT] 00002084 com.ibm.zosconnect.engine.impl.OperationManagerImpl          E BAQR1660E: Missing operation.yaml for operation %2Fcustomers/post.
[9/6/26, 13:40:19:844 GMT] 00002084 liberty.microprofile.openapi20.internal.ApplicationProcessor I CWWKO1660I: The application api was processed and an OpenAPI document was produced.
[9/6/26, 13:40:19:844 GMT] 00002084 com.ibm.ws.webcontainer.osgi.webapp.WebGroup                 I SRVE0169I: Loading Web Module: api.
[9/6/26, 13:40:19:844 GMT] 00002084 com.ibm.ws.webcontainer                                      I SRVE0250I: Web Module api has been bound to default_host.
[9/6/26, 13:40:19:845 GMT] 00002084 com.ibm.ws.http.internal.VirtualHostImpl                     A CWWKT0016I: Web application available (default_host): http://02db3501d6ac:9080/
[9/6/26, 13:40:19:845 GMT] 00002067 com.ibm.ws.session.WASSessionCore                            I SESN0176I: A new session context will be created for application key default_host/
[9/6/26, 13:40:19:845 GMT] 00002067 com.ibm.ws.util                                              I SESN0172I: The session manager is using the Java default SecureRandom implementation for session ID generation.
[9/6/26, 13:40:19:847 GMT] 00002067 com.ibm.ws.app.manager.AppMessageHelper                      A CWWKZ0001I: Application api started in 0.147 seconds.
[9/6/26, 13:40:19:851 GMT] 00002067 apache.cxf.cxf.core.3.2:1.0.111.cl260320260625-2008(id=110)] I Setting the server's publish address to be /
[9/6/26, 13:40:19:853 GMT] 00002067 com.ibm.ws.webcontainer.servlet                              I SRVE0242I: [api] [/] [{{oasTitle}}]: Initialization successful.
[9/6/26, 13:40:19:854 GMT] 00002081 com.ibm.ws.webcontainer.osgi.mbeans.PluginGenerator          I SRVE9103I: A configuration file for a web server plugin was automatically generated for this server at /opt/ibm/wlp/output/defaultServer/logs/state/plugin-cfg.xml.
[9/6/26, 13:45:20:437 GMT] 0000215d com.ibm.ws.http.internal.VirtualHostImpl                     A CWWKT0017I: Web application removed (default_host): http://02db3501d6ac:9080/
[9/6/26, 13:45:20:441 GMT] 0000215d com.ibm.ws.webcontainer.servlet                              I SRVE0253I: [api] [/] [{{oasTitle}}]: Destroy successful.
[9/6/26, 13:45:20:450 GMT] 0000215d com.ibm.ws.app.manager.AppMessageHelper                      A CWWKZ0009I: The application api has stopped successfully.
[9/6/26, 13:45:20:482 GMT] 00002155 com.ibm.ws.webcontainer.osgi.mbeans.PluginGenerator          I SRVE9103I: A configuration file for a web server plugin was automatically generated for this server at /opt/ibm/wlp/output/defaultServer/logs/state/plugin-cfg.xml.
[9/6/26, 13:45:21:133 GMT] 00002142 com.ibm.ws.app.manager.AppMessageHelper                      I CWWKZ0018I: Starting application api.
[9/6/26, 13:45:21:134 GMT] 00002142 bm.ws.app.manager.war.internal.WARDeployedAppInfoFactoryImpl I CWWKZ0133I: The api application at the /opt/ibm/wlp/usr/servers/defaultServer/dropins/api.war location is being expanded to the /opt/ibm/wlp/usr/servers/defaultServer/apps/expanded/api.war directory.
[9/6/26, 13:45:21:313 GMT] 00002142 com.ibm.zosconnect.engine.impl.OperationManagerImpl          E BAQR1660E: Missing operation.yaml for operation %2Fcustomers%2F%7BcustomerId%7D/get.
[9/6/26, 13:45:21:313 GMT] 00002142 com.ibm.zosconnect.engine.impl.OperationManagerImpl          E BAQR1660E: Missing operation.yaml for operation %2Fcustomers/post.
[9/6/26, 13:45:21:319 GMT] 00002142 liberty.microprofile.openapi20.internal.ApplicationProcessor I CWWKO1660I: The application api was processed and an OpenAPI document was produced.
[9/6/26, 13:45:21:319 GMT] 00002142 com.ibm.ws.webcontainer.osgi.webapp.WebGroup                 I SRVE0169I: Loading Web Module: api.
[9/6/26, 13:45:21:319 GMT] 00002142 com.ibm.ws.webcontainer                                      I SRVE0250I: Web Module api has been bound to default_host.
[9/6/26, 13:45:21:320 GMT] 00002142 com.ibm.ws.http.internal.VirtualHostImpl                     A CWWKT0016I: Web application available (default_host): http://02db3501d6ac:9080/
[9/6/26, 13:45:21:320 GMT] 00002155 com.ibm.ws.session.WASSessionCore                            I SESN0176I: A new session context will be created for application key default_host/
[9/6/26, 13:45:21:320 GMT] 00002155 com.ibm.ws.util                                              I SESN0172I: The session manager is using the Java default SecureRandom implementation for session ID generation.
[9/6/26, 13:45:21:323 GMT] 00002155 com.ibm.ws.app.manager.AppMessageHelper                      A CWWKZ0001I: Application api started in 0.190 seconds.
[9/6/26, 13:45:21:326 GMT] 00002151 com.ibm.ws.webcontainer.osgi.mbeans.PluginGenerator          I SRVE9103I: A configuration file for a web server plugin was automatically generated for this server at /opt/ibm/wlp/output/defaultServer/logs/state/plugin-cfg.xml.
[9/6/26, 13:45:21:329 GMT] 00002155 apache.cxf.cxf.core.3.2:1.0.111.cl260320260625-2008(id=110)] I Setting the server's publish address to be /
[9/6/26, 13:45:21:331 GMT] 00002155 com.ibm.ws.webcontainer.servlet                              I SRVE0242I: [api] [/] [{{oasTitle}}]: Initialization successful.
[9/6/26, 13:46:42:387 GMT] 0000219d com.ibm.zosconnect.ui.backend.workspace.ZosAssetManager      E BAQW0009E: z/OS Asset not found.
[9/6/26, 13:46:59:010 GMT] 000021b3 com.ibm.ws.http.internal.VirtualHostImpl                     A CWWKT0017I: Web application removed (default_host): http://02db3501d6ac:9080/
[9/6/26, 13:46:59:010 GMT] 000021b3 com.ibm.ws.webcontainer.servlet                              I SRVE0253I: [api] [/] [{{oasTitle}}]: Destroy successful.
[9/6/26, 13:46:59:014 GMT] 000021b3 com.ibm.ws.app.manager.AppMessageHelper                      A CWWKZ0009I: The application api has stopped successfully.
[9/6/26, 13:46:59:025 GMT] 00002199 com.ibm.ws.webcontainer.osgi.mbeans.PluginGenerator          I SRVE9103I: A configuration file for a web server plugin was automatically generated for this server at /opt/ibm/wlp/output/defaultServer/logs/state/plugin-cfg.xml.
[9/6/26, 13:46:59:725 GMT] 000021b1 com.ibm.ws.app.manager.AppMessageHelper                      I CWWKZ0018I: Starting application api.
[9/6/26, 13:46:59:726 GMT] 000021b1 bm.ws.app.manager.war.internal.WARDeployedAppInfoFactoryImpl I CWWKZ0133I: The api application at the /opt/ibm/wlp/usr/servers/defaultServer/dropins/api.war location is being expanded to the /opt/ibm/wlp/usr/servers/defaultServer/apps/expanded/api.war directory.
[9/6/26, 13:46:59:856 GMT] 000021b1 com.ibm.zosconnect.engine.impl.OperationManagerImpl          E BAQR1660E: Missing operation.yaml for operation %2Fcustomers%2F%7BcustomerId%7D/get.
[9/6/26, 13:46:59:856 GMT] 000021b1 com.ibm.zosconnect.engine.impl.OperationManagerImpl          E BAQR1660E: Missing operation.yaml for operation %2Fcustomers/post.
[9/6/26, 13:46:59:863 GMT] 000021b1 liberty.microprofile.openapi20.internal.ApplicationProcessor I CWWKO1660I: The application api was processed and an OpenAPI document was produced.
[9/6/26, 13:46:59:863 GMT] 000021b1 com.ibm.ws.webcontainer.osgi.webapp.WebGroup                 I SRVE0169I: Loading Web Module: api.
[9/6/26, 13:46:59:864 GMT] 000021b1 com.ibm.ws.webcontainer                                      I SRVE0250I: Web Module api has been bound to default_host.
[9/6/26, 13:46:59:864 GMT] 000021b1 com.ibm.ws.http.internal.VirtualHostImpl                     A CWWKT0016I: Web application available (default_host): http://02db3501d6ac:9080/
[9/6/26, 13:46:59:864 GMT] 000021d1 com.ibm.ws.session.WASSessionCore                            I SESN0176I: A new session context will be created for application key default_host/
[9/6/26, 13:46:59:864 GMT] 000021d1 com.ibm.ws.util                                              I SESN0172I: The session manager is using the Java default SecureRandom implementation for session ID generation.
[9/6/26, 13:46:59:867 GMT] 000021d1 com.ibm.ws.app.manager.AppMessageHelper                      A CWWKZ0001I: Application api started in 0.141 seconds.
[9/6/26, 13:46:59:870 GMT] 000021d2 com.ibm.ws.webcontainer.osgi.mbeans.PluginGenerator          I SRVE9103I: A configuration file for a web server plugin was automatically generated for this server at /opt/ibm/wlp/output/defaultServer/logs/state/plugin-cfg.xml.
[9/6/26, 13:46:59:873 GMT] 000021d1 apache.cxf.cxf.core.3.2:1.0.111.cl260320260625-2008(id=110)] I Setting the server's publish address to be /
[9/6/26, 13:46:59:875 GMT] 000021d1 com.ibm.ws.webcontainer.servlet                              I SRVE0242I: [api] [/] [{{oasTitle}}]: Initialization successful.
[9/6/26, 14:07:31:346 GMT] 0000269c com.ibm.ws.http.internal.VirtualHostImpl                     A CWWKT0017I: Web application removed (default_host): http://02db3501d6ac:9080/
[9/6/26, 14:07:31:348 GMT] 0000269c com.ibm.ws.webcontainer.servlet                              I SRVE0253I: [api] [/] [{{oasTitle}}]: Destroy successful.
[9/6/26, 14:07:31:361 GMT] 0000269c com.ibm.ws.app.manager.AppMessageHelper                      A CWWKZ0009I: The application api has stopped successfully.
[9/6/26, 14:07:31:365 GMT] 0000269c com.ibm.ws.app.manager.AppMessageHelper                      I CWWKZ0018I: Starting application api.
[9/6/26, 14:07:31:366 GMT] 0000269c bm.ws.app.manager.war.internal.WARDeployedAppInfoFactoryImpl I CWWKZ0133I: The api application at the /opt/ibm/wlp/usr/servers/defaultServer/dropins/api.war location is being expanded to the /opt/ibm/wlp/usr/servers/defaultServer/apps/expanded/api.war directory.
[9/6/26, 14:07:31:387 GMT] 000026a3 com.ibm.ws.webcontainer.osgi.mbeans.PluginGenerator          I SRVE9103I: A configuration file for a web server plugin was automatically generated for this server at /opt/ibm/wlp/output/defaultServer/logs/state/plugin-cfg.xml.
[9/6/26, 14:07:31:518 GMT] 0000269c com.ibm.zosconnect.engine.impl.OperationManagerImpl          E BAQR1660E: Missing operation.yaml for operation %2Fcustomers%2F%7BcustomerId%7D/get.
[9/6/26, 14:07:31:519 GMT] 0000269c com.ibm.zosconnect.engine.impl.OperationManagerImpl          E BAQR1660E: Missing operation.yaml for operation %2Fcustomers/post.
[9/6/26, 14:07:31:521 GMT] 0000269c com.ibm.zosconnect.engine.impl.ZosAssetManagerImpl           E BAQR1622E: Failed to read WEB-INF/src/main/zosAssets/import/zosAsset.yaml. The file does not exist.
[9/6/26, 14:07:31:526 GMT] 0000269c liberty.microprofile.openapi20.internal.ApplicationProcessor I CWWKO1660I: The application api was processed and an OpenAPI document was produced.
[9/6/26, 14:07:31:527 GMT] 0000269c com.ibm.ws.webcontainer.osgi.webapp.WebGroup                 I SRVE0169I: Loading Web Module: api.
[9/6/26, 14:07:31:527 GMT] 0000269c com.ibm.ws.webcontainer                                      I SRVE0250I: Web Module api has been bound to default_host.
[9/6/26, 14:07:31:527 GMT] 0000269c com.ibm.ws.http.internal.VirtualHostImpl                     A CWWKT0016I: Web application available (default_host): http://02db3501d6ac:9080/
[9/6/26, 14:07:31:528 GMT] 000026c7 com.ibm.ws.session.WASSessionCore                            I SESN0176I: A new session context will be created for application key default_host/
[9/6/26, 14:07:31:528 GMT] 000026c7 com.ibm.ws.util                                              I SESN0172I: The session manager is using the Java default SecureRandom implementation for session ID generation.
[9/6/26, 14:07:31:531 GMT] 000026c7 com.ibm.ws.app.manager.AppMessageHelper                      A CWWKZ0003I: The application api updated in 0.166 seconds.
[9/6/26, 14:07:31:535 GMT] 000026cf com.ibm.ws.webcontainer.osgi.mbeans.PluginGenerator          I SRVE9103I: A configuration file for a web server plugin was automatically generated for this server at /opt/ibm/wlp/output/defaultServer/logs/state/plugin-cfg.xml.
[9/6/26, 14:07:31:537 GMT] 000026c7 apache.cxf.cxf.core.3.2:1.0.111.cl260320260625-2008(id=110)] I Setting the server's publish address to be /
[9/6/26, 14:07:31:540 GMT] 000026c7 com.ibm.ws.webcontainer.servlet                              I SRVE0242I: [api] [/] [{{oasTitle}}]: Initialization successful.
[9/6/26, 14:08:43:341 GMT] 000026b4 com.ibm.ws.http.internal.VirtualHostImpl                     A CWWKT0017I: Web application removed (default_host): http://02db3501d6ac:9080/
[9/6/26, 14:08:43:342 GMT] 000026b4 com.ibm.ws.webcontainer.servlet                              I SRVE0253I: [api] [/] [{{oasTitle}}]: Destroy successful.
[9/6/26, 14:08:43:348 GMT] 000026b4 com.ibm.ws.app.manager.AppMessageHelper                      A CWWKZ0009I: The application api has stopped successfully.
[9/6/26, 14:08:43:351 GMT] 000026b4 com.ibm.ws.app.manager.AppMessageHelper                      I CWWKZ0018I: Starting application api.
[9/6/26, 14:08:43:351 GMT] 000026b4 bm.ws.app.manager.war.internal.WARDeployedAppInfoFactoryImpl I CWWKZ0133I: The api application at the /opt/ibm/wlp/usr/servers/defaultServer/dropins/api.war location is being expanded to the /opt/ibm/wlp/usr/servers/defaultServer/apps/expanded/api.war directory.
[9/6/26, 14:08:43:361 GMT] 0000270c com.ibm.ws.webcontainer.osgi.mbeans.PluginGenerator          I SRVE9103I: A configuration file for a web server plugin was automatically generated for this server at /opt/ibm/wlp/output/defaultServer/logs/state/plugin-cfg.xml.
[9/6/26, 14:08:43:465 GMT] 000026b4 com.ibm.zosconnect.engine.impl.OperationManagerImpl          E BAQR1660E: Missing operation.yaml for operation %2Fcustomers%2F%7BcustomerId%7D/get.
[9/6/26, 14:08:43:466 GMT] 000026b4 com.ibm.zosconnect.engine.impl.OperationManagerImpl          E BAQR1660E: Missing operation.yaml for operation %2Fcustomers/post.
[9/6/26, 14:08:43:473 GMT] 000026b4 zosasset.cics.internal.factories.CicsCommareaZosAssetFactory I BAQR1753I: Loaded CICS COMMAREA z/OS Asset VRCB0130
[9/6/26, 14:08:43:473 GMT] 000026b4 com.ibm.zosconnect.engine.impl.ZosAssetManagerImpl           E BAQR1622E: Failed to read WEB-INF/src/main/zosAssets/import/zosAsset.yaml. The file does not exist.
[9/6/26, 14:08:43:476 GMT] 000026b4 liberty.microprofile.openapi20.internal.ApplicationProcessor I CWWKO1660I: The application api was processed and an OpenAPI document was produced.
[9/6/26, 14:08:43:477 GMT] 000026b4 com.ibm.ws.webcontainer.osgi.webapp.WebGroup                 I SRVE0169I: Loading Web Module: api.
[9/6/26, 14:08:43:477 GMT] 000026b4 com.ibm.ws.webcontainer                                      I SRVE0250I: Web Module api has been bound to default_host.
[9/6/26, 14:08:43:477 GMT] 000026b4 com.ibm.ws.http.internal.VirtualHostImpl                     A CWWKT0016I: Web application available (default_host): http://02db3501d6ac:9080/
[9/6/26, 14:08:43:477 GMT] 000026f3 com.ibm.ws.session.WASSessionCore                            I SESN0176I: A new session context will be created for application key default_host/
[9/6/26, 14:08:43:477 GMT] 000026f3 com.ibm.ws.util                                              I SESN0172I: The session manager is using the Java default SecureRandom implementation for session ID generation.
[9/6/26, 14:08:43:480 GMT] 000026f3 com.ibm.ws.app.manager.AppMessageHelper                      A CWWKZ0003I: The application api updated in 0.128 seconds.
[9/6/26, 14:08:43:484 GMT] 00002717 com.ibm.ws.webcontainer.osgi.mbeans.PluginGenerator          I SRVE9103I: A configuration file for a web server plugin was automatically generated for this server at /opt/ibm/wlp/output/defaultServer/logs/state/plugin-cfg.xml.
[9/6/26, 14:08:43:485 GMT] 000026f3 apache.cxf.cxf.core.3.2:1.0.111.cl260320260625-2008(id=110)] I Setting the server's publish address to be /
[9/6/26, 14:08:43:488 GMT] 000026f3 com.ibm.ws.webcontainer.servlet                              I SRVE0242I: [api] [/] [{{oasTitle}}]: Initialization successful.
[9/6/26, 14:11:33:595 GMT] 000027ac com.ibm.ws.http.internal.VirtualHostImpl                     A CWWKT0017I: Web application removed (default_host): http://02db3501d6ac:9080/
[9/6/26, 14:11:33:596 GMT] 000027ac com.ibm.ws.webcontainer.servlet                              I SRVE0253I: [api] [/] [{{oasTitle}}]: Destroy successful.
[9/6/26, 14:11:33:600 GMT] 000027ac com.ibm.ws.app.manager.AppMessageHelper                      A CWWKZ0009I: The application api has stopped successfully.
[9/6/26, 14:11:33:615 GMT] 000027e0 com.ibm.ws.webcontainer.osgi.mbeans.PluginGenerator          I SRVE9103I: A configuration file for a web server plugin was automatically generated for this server at /opt/ibm/wlp/output/defaultServer/logs/state/plugin-cfg.xml.
[9/6/26, 14:11:34:306 GMT] 000027ea com.ibm.ws.app.manager.AppMessageHelper                      I CWWKZ0018I: Starting application api.
[9/6/26, 14:11:34:308 GMT] 000027ea bm.ws.app.manager.war.internal.WARDeployedAppInfoFactoryImpl I CWWKZ0133I: The api application at the /opt/ibm/wlp/usr/servers/defaultServer/dropins/api.war location is being expanded to the /opt/ibm/wlp/usr/servers/defaultServer/apps/expanded/api.war directory.
[9/6/26, 14:11:34:439 GMT] 000027ea zosasset.cics.internal.factories.CicsCommareaZosAssetFactory I BAQR1753I: Loaded CICS COMMAREA z/OS Asset VRCB0130
[9/6/26, 14:11:34:440 GMT] 000027ea com.ibm.zosconnect.engine.impl.ZosAssetManagerImpl           E BAQR1622E: Failed to read WEB-INF/src/main/zosAssets/import/zosAsset.yaml. The file does not exist.
[9/6/26, 14:11:34:445 GMT] 000027ea com.ibm.zosconnect.engine.impl.OperationManagerImpl          E BAQR1660E: Missing operation.yaml for operation %2Fcustomers/post.
[9/6/26, 14:11:34:448 GMT] 000027ea liberty.microprofile.openapi20.internal.ApplicationProcessor I CWWKO1660I: The application api was processed and an OpenAPI document was produced.
[9/6/26, 14:11:34:449 GMT] 000027ea com.ibm.ws.webcontainer.osgi.webapp.WebGroup                 I SRVE0169I: Loading Web Module: api.
[9/6/26, 14:11:34:449 GMT] 000027ea com.ibm.ws.webcontainer                                      I SRVE0250I: Web Module api has been bound to default_host.
[9/6/26, 14:11:34:449 GMT] 000027ea com.ibm.ws.http.internal.VirtualHostImpl                     A CWWKT0016I: Web application available (default_host): http://02db3501d6ac:9080/
[9/6/26, 14:11:34:449 GMT] 000027fd com.ibm.ws.session.WASSessionCore                            I SESN0176I: A new session context will be created for application key default_host/
[9/6/26, 14:11:34:451 GMT] 000027fd com.ibm.ws.util                                              I SESN0172I: The session manager is using the Java default SecureRandom implementation for session ID generation.
[9/6/26, 14:11:34:456 GMT] 000027fd com.ibm.ws.app.manager.AppMessageHelper                      A CWWKZ0001I: Application api started in 0.149 seconds.
[9/6/26, 14:11:34:458 GMT] 000027ea com.ibm.ws.webcontainer.osgi.mbeans.PluginGenerator          I SRVE9103I: A configuration file for a web server plugin was automatically generated for this server at /opt/ibm/wlp/output/defaultServer/logs/state/plugin-cfg.xml.
[9/6/26, 14:11:34:461 GMT] 000027fd apache.cxf.cxf.core.3.2:1.0.111.cl260320260625-2008(id=110)] I Setting the server's publish address to be /
[9/6/26, 14:11:34:468 GMT] 000027fd com.ibm.ws.webcontainer.servlet                              I SRVE0242I: [api] [/] [{{oasTitle}}]: Initialization successful.
[9/6/26, 14:22:58:053 GMT] 00002ae7 com.ibm.ws.http.internal.VirtualHostImpl                     A CWWKT0017I: Web application removed (default_host): http://02db3501d6ac:9080/
[9/6/26, 14:22:58:055 GMT] 00002ae7 com.ibm.ws.webcontainer.servlet                              I SRVE0253I: [api] [/] [{{oasTitle}}]: Destroy successful.
[9/6/26, 14:22:58:063 GMT] 00002ae7 com.ibm.ws.app.manager.AppMessageHelper                      A CWWKZ0009I: The application api has stopped successfully.
[9/6/26, 14:22:58:083 GMT] 00002b01 com.ibm.ws.webcontainer.osgi.mbeans.PluginGenerator          I SRVE9103I: A configuration file for a web server plugin was automatically generated for this server at /opt/ibm/wlp/output/defaultServer/logs/state/plugin-cfg.xml.
[9/6/26, 14:22:58:758 GMT] 00002afe com.ibm.ws.app.manager.AppMessageHelper                      I CWWKZ0018I: Starting application api.
[9/6/26, 14:22:58:759 GMT] 00002afe bm.ws.app.manager.war.internal.WARDeployedAppInfoFactoryImpl I CWWKZ0133I: The api application at the /opt/ibm/wlp/usr/servers/defaultServer/dropins/api.war location is being expanded to the /opt/ibm/wlp/usr/servers/defaultServer/apps/expanded/api.war directory.
[9/6/26, 14:22:58:921 GMT] 00002afe zosasset.cics.internal.factories.CicsCommareaZosAssetFactory I BAQR1753I: Loaded CICS COMMAREA z/OS Asset VRCB0130
[9/6/26, 14:22:58:922 GMT] 00002afe com.ibm.zosconnect.engine.impl.ZosAssetManagerImpl           E BAQR1622E: Failed to read WEB-INF/src/main/zosAssets/import/zosAsset.yaml. The file does not exist.
[9/6/26, 14:22:58:931 GMT] 00002afe com.ibm.zosconnect.engine.impl.OperationManagerImpl          E BAQR1660E: Missing operation.yaml for operation %2Fcustomers/post.
[9/6/26, 14:22:58:935 GMT] 00002afe liberty.microprofile.openapi20.internal.ApplicationProcessor I CWWKO1660I: The application api was processed and an OpenAPI document was produced.
[9/6/26, 14:22:58:935 GMT] 00002afe com.ibm.ws.webcontainer.osgi.webapp.WebGroup                 I SRVE0169I: Loading Web Module: api.
[9/6/26, 14:22:58:936 GMT] 00002afe com.ibm.ws.webcontainer                                      I SRVE0250I: Web Module api has been bound to default_host.
[9/6/26, 14:22:58:936 GMT] 00002afe com.ibm.ws.http.internal.VirtualHostImpl                     A CWWKT0016I: Web application available (default_host): http://02db3501d6ac:9080/
[9/6/26, 14:22:58:936 GMT] 00002af0 com.ibm.ws.session.WASSessionCore                            I SESN0176I: A new session context will be created for application key default_host/
[9/6/26, 14:22:58:936 GMT] 00002af0 com.ibm.ws.util                                              I SESN0172I: The session manager is using the Java default SecureRandom implementation for session ID generation.
[9/6/26, 14:22:58:939 GMT] 00002af0 com.ibm.ws.app.manager.AppMessageHelper                      A CWWKZ0001I: Application api started in 0.181 seconds.
[9/6/26, 14:22:58:943 GMT] 00002afd com.ibm.ws.webcontainer.osgi.mbeans.PluginGenerator          I SRVE9103I: A configuration file for a web server plugin was automatically generated for this server at /opt/ibm/wlp/output/defaultServer/logs/state/plugin-cfg.xml.
[9/6/26, 14:22:58:946 GMT] 00002af0 apache.cxf.cxf.core.3.2:1.0.111.cl260320260625-2008(id=110)] I Setting the server's publish address to be /
[9/6/26, 14:22:58:949 GMT] 00002af0 com.ibm.ws.webcontainer.servlet                              I SRVE0242I: [api] [/] [{{oasTitle}}]: Initialization successful.
[9/6/26, 14:25:04:829 GMT] 00002b8b com.ibm.ws.http.internal.VirtualHostImpl                     A CWWKT0017I: Web application removed (default_host): http://02db3501d6ac:9080/
[9/6/26, 14:25:04:831 GMT] 00002b8b com.ibm.ws.webcontainer.servlet                              I SRVE0253I: [api] [/] [{{oasTitle}}]: Destroy successful.
[9/6/26, 14:25:04:839 GMT] 00002b8b com.ibm.ws.app.manager.AppMessageHelper                      A CWWKZ0009I: The application api has stopped successfully.
[9/6/26, 14:25:04:843 GMT] 00002b8b com.ibm.ws.app.manager.AppMessageHelper                      I CWWKZ0018I: Starting application api.
[9/6/26, 14:25:04:843 GMT] 00002b8b bm.ws.app.manager.war.internal.WARDeployedAppInfoFactoryImpl I CWWKZ0133I: The api application at the /opt/ibm/wlp/usr/servers/defaultServer/dropins/api.war location is being expanded to the /opt/ibm/wlp/usr/servers/defaultServer/apps/expanded/api.war directory.
[9/6/26, 14:25:04:856 GMT] 00002b95 com.ibm.ws.webcontainer.osgi.mbeans.PluginGenerator          I SRVE9103I: A configuration file for a web server plugin was automatically generated for this server at /opt/ibm/wlp/output/defaultServer/logs/state/plugin-cfg.xml.
[9/6/26, 14:25:04:971 GMT] 00002b8b zosasset.cics.internal.factories.CicsCommareaZosAssetFactory I BAQR1753I: Loaded CICS COMMAREA z/OS Asset VRCB0130
[9/6/26, 14:25:04:971 GMT] 00002b8b com.ibm.zosconnect.engine.impl.ZosAssetManagerImpl           E BAQR1622E: Failed to read WEB-INF/src/main/zosAssets/import/zosAsset.yaml. The file does not exist.
[9/6/26, 14:25:04:979 GMT] 00002b8b com.ibm.zosconnect.engine.impl.OperationManagerImpl          E BAQR1660E: Missing operation.yaml for operation %2Fcustomers/post.
[9/6/26, 14:25:04:984 GMT] 00002b8b liberty.microprofile.openapi20.internal.ApplicationProcessor I CWWKO1660I: The application api was processed and an OpenAPI document was produced.
[9/6/26, 14:25:04:984 GMT] 00002b8b com.ibm.ws.webcontainer.osgi.webapp.WebGroup                 I SRVE0169I: Loading Web Module: api.
[9/6/26, 14:25:04:984 GMT] 00002b8b com.ibm.ws.webcontainer                                      I SRVE0250I: Web Module api has been bound to default_host.
[9/6/26, 14:25:04:985 GMT] 00002b8b com.ibm.ws.http.internal.VirtualHostImpl                     A CWWKT0016I: Web application available (default_host): http://02db3501d6ac:9080/
[9/6/26, 14:25:04:985 GMT] 00002b86 com.ibm.ws.session.WASSessionCore                            I SESN0176I: A new session context will be created for application key default_host/
[9/6/26, 14:25:04:985 GMT] 00002b86 com.ibm.ws.util                                              I SESN0172I: The session manager is using the Java default SecureRandom implementation for session ID generation.
[9/6/26, 14:25:04:991 GMT] 00002b86 com.ibm.ws.app.manager.AppMessageHelper                      A CWWKZ0003I: The application api updated in 0.147 seconds.
[9/6/26, 14:25:04:992 GMT] 00002b8b com.ibm.ws.webcontainer.osgi.mbeans.PluginGenerator          I SRVE9103I: A configuration file for a web server plugin was automatically generated for this server at /opt/ibm/wlp/output/defaultServer/logs/state/plugin-cfg.xml.
[9/6/26, 14:25:04:997 GMT] 00002b86 apache.cxf.cxf.core.3.2:1.0.111.cl260320260625-2008(id=110)] I Setting the server's publish address to be /
[9/6/26, 14:25:04:999 GMT] 00002b86 com.ibm.ws.webcontainer.servlet                              I SRVE0242I: [api] [/] [{{oasTitle}}]: Initialization successful.
[9/6/26, 14:25:13:868 GMT] 00002b95 com.ibm.ws.http.internal.VirtualHostImpl                     A CWWKT0017I: Web application removed (default_host): http://02db3501d6ac:9080/
[9/6/26, 14:25:13:869 GMT] 00002b95 com.ibm.ws.webcontainer.servlet                              I SRVE0253I: [api] [/] [{{oasTitle}}]: Destroy successful.
[9/6/26, 14:25:13:874 GMT] 00002b95 com.ibm.ws.app.manager.AppMessageHelper                      A CWWKZ0009I: The application api has stopped successfully.
[9/6/26, 14:25:13:877 GMT] 00002b95 com.ibm.ws.app.manager.AppMessageHelper                      I CWWKZ0018I: Starting application api.
[9/6/26, 14:25:13:877 GMT] 00002b95 bm.ws.app.manager.war.internal.WARDeployedAppInfoFactoryImpl I CWWKZ0133I: The api application at the /opt/ibm/wlp/usr/servers/defaultServer/dropins/api.war location is being expanded to the /opt/ibm/wlp/usr/servers/defaultServer/apps/expanded/api.war directory.
[9/6/26, 14:25:13:887 GMT] 00002b58 com.ibm.ws.webcontainer.osgi.mbeans.PluginGenerator          I SRVE9103I: A configuration file for a web server plugin was automatically generated for this server at /opt/ibm/wlp/output/defaultServer/logs/state/plugin-cfg.xml.
[9/6/26, 14:25:13:998 GMT] 00002b95 zosasset.cics.internal.factories.CicsCommareaZosAssetFactory I BAQR1753I: Loaded CICS COMMAREA z/OS Asset VRCB0130
[9/6/26, 14:25:13:998 GMT] 00002b95 com.ibm.zosconnect.engine.impl.ZosAssetManagerImpl           E BAQR1622E: Failed to read WEB-INF/src/main/zosAssets/import/zosAsset.yaml. The file does not exist.
[9/6/26, 14:25:14:006 GMT] 00002b95 com.ibm.zosconnect.engine.impl.OperationManagerImpl          E BAQR1660E: Missing operation.yaml for operation %2Fcustomers/post.
[9/6/26, 14:25:14:009 GMT] 00002b95 liberty.microprofile.openapi20.internal.ApplicationProcessor I CWWKO1660I: The application api was processed and an OpenAPI document was produced.
[9/6/26, 14:25:14:010 GMT] 00002b95 com.ibm.ws.webcontainer.osgi.webapp.WebGroup                 I SRVE0169I: Loading Web Module: api.
[9/6/26, 14:25:14:010 GMT] 00002b95 com.ibm.ws.webcontainer                                      I SRVE0250I: Web Module api has been bound to default_host.
[9/6/26, 14:25:14:010 GMT] 00002b95 com.ibm.ws.http.internal.VirtualHostImpl                     A CWWKT0016I: Web application available (default_host): http://02db3501d6ac:9080/
[9/6/26, 14:25:14:011 GMT] 00002b55 com.ibm.ws.session.WASSessionCore                            I SESN0176I: A new session context will be created for application key default_host/
[9/6/26, 14:25:14:011 GMT] 00002b55 com.ibm.ws.util                                              I SESN0172I: The session manager is using the Java default SecureRandom implementation for session ID generation.
[9/6/26, 14:25:14:016 GMT] 00002b55 com.ibm.ws.app.manager.AppMessageHelper                      A CWWKZ0003I: The application api updated in 0.139 seconds.
[9/6/26, 14:25:14:018 GMT] 00002b95 com.ibm.ws.webcontainer.osgi.mbeans.PluginGenerator          I SRVE9103I: A configuration file for a web server plugin was automatically generated for this server at /opt/ibm/wlp/output/defaultServer/logs/state/plugin-cfg.xml.
[9/6/26, 14:25:14:023 GMT] 00002b55 apache.cxf.cxf.core.3.2:1.0.111.cl260320260625-2008(id=110)] I Setting the server's publish address to be /
[9/6/26, 14:25:14:026 GMT] 00002b55 com.ibm.ws.webcontainer.servlet                              I SRVE0242I: [api] [/] [{{oasTitle}}]: Initialization successful.
[9/6/26, 14:25:22:304 GMT] 00002b4b com.ibm.ws.http.internal.VirtualHostImpl                     A CWWKT0017I: Web application removed (default_host): http://02db3501d6ac:9080/
[9/6/26, 14:25:22:304 GMT] 00002b4b com.ibm.ws.webcontainer.servlet                              I SRVE0253I: [api] [/] [{{oasTitle}}]: Destroy successful.
[9/6/26, 14:25:22:311 GMT] 00002b4b com.ibm.ws.app.manager.AppMessageHelper                      A CWWKZ0009I: The application api has stopped successfully.
[9/6/26, 14:25:22:318 GMT] 00002b8e com.ibm.ws.webcontainer.osgi.mbeans.PluginGenerator          I SRVE9103I: A configuration file for a web server plugin was automatically generated for this server at /opt/ibm/wlp/output/defaultServer/logs/state/plugin-cfg.xml.
[9/6/26, 14:25:23:011 GMT] 00002bbb com.ibm.ws.app.manager.AppMessageHelper                      I CWWKZ0018I: Starting application api.
[9/6/26, 14:25:23:012 GMT] 00002bbb bm.ws.app.manager.war.internal.WARDeployedAppInfoFactoryImpl I CWWKZ0133I: The api application at the /opt/ibm/wlp/usr/servers/defaultServer/dropins/api.war location is being expanded to the /opt/ibm/wlp/usr/servers/defaultServer/apps/expanded/api.war directory.
[9/6/26, 14:25:23:142 GMT] 00002bbb zosasset.cics.internal.factories.CicsCommareaZosAssetFactory I BAQR1753I: Loaded CICS COMMAREA z/OS Asset VRCB0130
[9/6/26, 14:25:23:142 GMT] 00002bbb com.ibm.zosconnect.engine.impl.ZosAssetManagerImpl           E BAQR1622E: Failed to read WEB-INF/src/main/zosAssets/import/zosAsset.yaml. The file does not exist.
[9/6/26, 14:25:23:148 GMT] 00002bbb com.ibm.zosconnect.engine.impl.OperationManagerImpl          E BAQR1660E: Missing operation.yaml for operation %2Fcustomers/post.
[9/6/26, 14:25:23:152 GMT] 00002bbb liberty.microprofile.openapi20.internal.ApplicationProcessor I CWWKO1660I: The application api was processed and an OpenAPI document was produced.
[9/6/26, 14:25:23:153 GMT] 00002bbb com.ibm.ws.webcontainer.osgi.webapp.WebGroup                 I SRVE0169I: Loading Web Module: api.
[9/6/26, 14:25:23:153 GMT] 00002bbb com.ibm.ws.webcontainer                                      I SRVE0250I: Web Module api has been bound to default_host.
[9/6/26, 14:25:23:153 GMT] 00002bbb com.ibm.ws.http.internal.VirtualHostImpl                     A CWWKT0016I: Web application available (default_host): http://02db3501d6ac:9080/
[9/6/26, 14:25:23:153 GMT] 00002b8e com.ibm.ws.session.WASSessionCore                            I SESN0176I: A new session context will be created for application key default_host/
[9/6/26, 14:25:23:153 GMT] 00002b8e com.ibm.ws.util                                              I SESN0172I: The session manager is using the Java default SecureRandom implementation for session ID generation.
[9/6/26, 14:25:23:156 GMT] 00002b8e com.ibm.ws.app.manager.AppMessageHelper                      A CWWKZ0001I: Application api started in 0.145 seconds.
[9/6/26, 14:25:23:159 GMT] 00002bbc com.ibm.ws.webcontainer.osgi.mbeans.PluginGenerator          I SRVE9103I: A configuration file for a web server plugin was automatically generated for this server at /opt/ibm/wlp/output/defaultServer/logs/state/plugin-cfg.xml.
[9/6/26, 14:25:23:162 GMT] 00002b8e apache.cxf.cxf.core.3.2:1.0.111.cl260320260625-2008(id=110)] I Setting the server's publish address to be /
[9/6/26, 14:25:23:164 GMT] 00002b8e com.ibm.ws.webcontainer.servlet                              I SRVE0242I: [api] [/] [{{oasTitle}}]: Initialization successful.
[9/6/26, 14:25:31:281 GMT] 00002b8b com.ibm.ws.http.internal.VirtualHostImpl                     A CWWKT0017I: Web application removed (default_host): http://02db3501d6ac:9080/
[9/6/26, 14:25:31:282 GMT] 00002b8b com.ibm.ws.webcontainer.servlet                              I SRVE0253I: [api] [/] [{{oasTitle}}]: Destroy successful.
[9/6/26, 14:25:31:287 GMT] 00002b8b com.ibm.ws.app.manager.AppMessageHelper                      A CWWKZ0009I: The application api has stopped successfully.
[9/6/26, 14:25:31:295 GMT] 00002b4b com.ibm.ws.webcontainer.osgi.mbeans.PluginGenerator          I SRVE9103I: A configuration file for a web server plugin was automatically generated for this server at /opt/ibm/wlp/output/defaultServer/logs/state/plugin-cfg.xml.
[9/6/26, 14:25:31:984 GMT] 00002bbd com.ibm.ws.app.manager.AppMessageHelper                      I CWWKZ0018I: Starting application api.
[9/6/26, 14:25:31:985 GMT] 00002bbd bm.ws.app.manager.war.internal.WARDeployedAppInfoFactoryImpl I CWWKZ0133I: The api application at the /opt/ibm/wlp/usr/servers/defaultServer/dropins/api.war location is being expanded to the /opt/ibm/wlp/usr/servers/defaultServer/apps/expanded/api.war directory.
[9/6/26, 14:25:32:112 GMT] 00002bbd com.ibm.zosconnect.engine.impl.OperationManagerImpl          E BAQR1660E: Missing operation.yaml for operation %2Fcustomers/post.
[9/6/26, 14:25:32:120 GMT] 00002bbd zosasset.cics.internal.factories.CicsCommareaZosAssetFactory I BAQR1753I: Loaded CICS COMMAREA z/OS Asset VRCB0130
[9/6/26, 14:25:32:121 GMT] 00002bbd com.ibm.zosconnect.engine.impl.ZosAssetManagerImpl           E BAQR1622E: Failed to read WEB-INF/src/main/zosAssets/import/zosAsset.yaml. The file does not exist.
[9/6/26, 14:25:32:123 GMT] 00002bbd liberty.microprofile.openapi20.internal.ApplicationProcessor I CWWKO1660I: The application api was processed and an OpenAPI document was produced.
[9/6/26, 14:25:32:125 GMT] 00002bbd com.ibm.ws.webcontainer.osgi.webapp.WebGroup                 I SRVE0169I: Loading Web Module: api.
[9/6/26, 14:25:32:125 GMT] 00002bbd com.ibm.ws.webcontainer                                      I SRVE0250I: Web Module api has been bound to default_host.
[9/6/26, 14:25:32:125 GMT] 00002bbd com.ibm.ws.http.internal.VirtualHostImpl                     A CWWKT0016I: Web application available (default_host): http://02db3501d6ac:9080/
[9/6/26, 14:25:32:125 GMT] 00002bd9 com.ibm.ws.session.WASSessionCore                            I SESN0176I: A new session context will be created for application key default_host/
[9/6/26, 14:25:32:125 GMT] 00002bd9 com.ibm.ws.util                                              I SESN0172I: The session manager is using the Java default SecureRandom implementation for session ID generation.
[9/6/26, 14:25:32:128 GMT] 00002bd9 com.ibm.ws.app.manager.AppMessageHelper                      A CWWKZ0001I: Application api started in 0.143 seconds.
[9/6/26, 14:25:32:131 GMT] 00002bbf com.ibm.ws.webcontainer.osgi.mbeans.PluginGenerator          I SRVE9103I: A configuration file for a web server plugin was automatically generated for this server at /opt/ibm/wlp/output/defaultServer/logs/state/plugin-cfg.xml.
[9/6/26, 14:25:32:132 GMT] 00002bd9 apache.cxf.cxf.core.3.2:1.0.111.cl260320260625-2008(id=110)] I Setting the server's publish address to be /
[9/6/26, 14:25:32:135 GMT] 00002bd9 com.ibm.ws.webcontainer.servlet                              I SRVE0242I: [api] [/] [{{oasTitle}}]: Initialization successful.
[9/6/26, 14:25:49:330 GMT] 00002bea com.ibm.ws.http.internal.VirtualHostImpl                     A CWWKT0017I: Web application removed (default_host): http://02db3501d6ac:9080/
[9/6/26, 14:25:49:331 GMT] 00002bea com.ibm.ws.webcontainer.servlet                              I SRVE0253I: [api] [/] [{{oasTitle}}]: Destroy successful.
[9/6/26, 14:25:49:333 GMT] 00002bea com.ibm.ws.app.manager.AppMessageHelper                      A CWWKZ0009I: The application api has stopped successfully.
[9/6/26, 14:25:49:340 GMT] 00002bf2 com.ibm.ws.webcontainer.osgi.mbeans.PluginGenerator          I SRVE9103I: A configuration file for a web server plugin was automatically generated for this server at /opt/ibm/wlp/output/defaultServer/logs/state/plugin-cfg.xml.
[9/6/26, 14:25:50:045 GMT] 00002bea com.ibm.ws.app.manager.AppMessageHelper                      I CWWKZ0018I: Starting application api.
[9/6/26, 14:25:50:046 GMT] 00002bea bm.ws.app.manager.war.internal.WARDeployedAppInfoFactoryImpl I CWWKZ0133I: The api application at the /opt/ibm/wlp/usr/servers/defaultServer/dropins/api.war location is being expanded to the /opt/ibm/wlp/usr/servers/defaultServer/apps/expanded/api.war directory.
[9/6/26, 14:25:50:167 GMT] 00002bea com.ibm.zosconnect.engine.impl.OperationManagerImpl          E BAQR1660E: Missing operation.yaml for operation %2Fcustomers/post.
[9/6/26, 14:25:50:173 GMT] 00002bea zosasset.cics.internal.factories.CicsCommareaZosAssetFactory I BAQR1753I: Loaded CICS COMMAREA z/OS Asset VRCB0130
[9/6/26, 14:25:50:173 GMT] 00002bea com.ibm.zosconnect.engine.impl.ZosAssetManagerImpl           E BAQR1622E: Failed to read WEB-INF/src/main/zosAssets/import/zosAsset.yaml. The file does not exist.
[9/6/26, 14:25:50:177 GMT] 00002bea liberty.microprofile.openapi20.internal.ApplicationProcessor I CWWKO1660I: The application api was processed and an OpenAPI document was produced.
[9/6/26, 14:25:50:178 GMT] 00002bea com.ibm.ws.webcontainer.osgi.webapp.WebGroup                 I SRVE0169I: Loading Web Module: api.
[9/6/26, 14:25:50:178 GMT] 00002bea com.ibm.ws.webcontainer                                      I SRVE0250I: Web Module api has been bound to default_host.
[9/6/26, 14:25:50:178 GMT] 00002bea com.ibm.ws.http.internal.VirtualHostImpl                     A CWWKT0016I: Web application available (default_host): http://02db3501d6ac:9080/
[9/6/26, 14:25:50:178 GMT] 00002bf7 com.ibm.ws.session.WASSessionCore                            I SESN0176I: A new session context will be created for application key default_host/
[9/6/26, 14:25:50:179 GMT] 00002bf7 com.ibm.ws.util                                              I SESN0172I: The session manager is using the Java default SecureRandom implementation for session ID generation.
[9/6/26, 14:25:50:182 GMT] 00002bf7 com.ibm.ws.app.manager.AppMessageHelper                      A CWWKZ0001I: Application api started in 0.136 seconds.
[9/6/26, 14:25:50:184 GMT] 00002b4b com.ibm.ws.webcontainer.osgi.mbeans.PluginGenerator          I SRVE9103I: A configuration file for a web server plugin was automatically generated for this server at /opt/ibm/wlp/output/defaultServer/logs/state/plugin-cfg.xml.
[9/6/26, 14:25:50:187 GMT] 00002bf7 apache.cxf.cxf.core.3.2:1.0.111.cl260320260625-2008(id=110)] I Setting the server's publish address to be /
[9/6/26, 14:25:50:189 GMT] 00002bf7 com.ibm.ws.webcontainer.servlet                              I SRVE0242I: [api] [/] [{{oasTitle}}]: Initialization successful.
[9/6/26, 14:25:58:284 GMT] 00002bd9 com.ibm.ws.http.internal.VirtualHostImpl                     A CWWKT0017I: Web application removed (default_host): http://02db3501d6ac:9080/
[9/6/26, 14:25:58:285 GMT] 00002bd9 com.ibm.ws.webcontainer.servlet                              I SRVE0253I: [api] [/] [{{oasTitle}}]: Destroy successful.
[9/6/26, 14:25:58:288 GMT] 00002bd9 com.ibm.ws.app.manager.AppMessageHelper                      A CWWKZ0009I: The application api has stopped successfully.
[9/6/26, 14:25:58:295 GMT] 00002bf3 com.ibm.ws.webcontainer.osgi.mbeans.PluginGenerator          I SRVE9103I: A configuration file for a web server plugin was automatically generated for this server at /opt/ibm/wlp/output/defaultServer/logs/state/plugin-cfg.xml.
[9/6/26, 14:25:58:990 GMT] 00002c07 com.ibm.ws.app.manager.AppMessageHelper                      I CWWKZ0018I: Starting application api.
[9/6/26, 14:25:58:990 GMT] 00002c07 bm.ws.app.manager.war.internal.WARDeployedAppInfoFactoryImpl I CWWKZ0133I: The api application at the /opt/ibm/wlp/usr/servers/defaultServer/dropins/api.war location is being expanded to the /opt/ibm/wlp/usr/servers/defaultServer/apps/expanded/api.war directory.
[9/6/26, 14:25:59:105 GMT] 00002c07 com.ibm.zosconnect.engine.impl.OperationManagerImpl          E BAQR1660E: Missing operation.yaml for operation %2Fcustomers/post.
[9/6/26, 14:25:59:110 GMT] 00002c07 zosasset.cics.internal.factories.CicsCommareaZosAssetFactory I BAQR1753I: Loaded CICS COMMAREA z/OS Asset VRCB0130
[9/6/26, 14:25:59:111 GMT] 00002c07 com.ibm.zosconnect.engine.impl.ZosAssetManagerImpl           E BAQR1622E: Failed to read WEB-INF/src/main/zosAssets/import/zosAsset.yaml. The file does not exist.
[9/6/26, 14:25:59:113 GMT] 00002c07 liberty.microprofile.openapi20.internal.ApplicationProcessor I CWWKO1660I: The application api was processed and an OpenAPI document was produced.
[9/6/26, 14:25:59:113 GMT] 00002c07 com.ibm.ws.webcontainer.osgi.webapp.WebGroup                 I SRVE0169I: Loading Web Module: api.
[9/6/26, 14:25:59:113 GMT] 00002c07 com.ibm.ws.webcontainer                                      I SRVE0250I: Web Module api has been bound to default_host.
[9/6/26, 14:25:59:113 GMT] 00002c07 com.ibm.ws.http.internal.VirtualHostImpl                     A CWWKT0016I: Web application available (default_host): http://02db3501d6ac:9080/
[9/6/26, 14:25:59:114 GMT] 00002bf1 com.ibm.ws.session.WASSessionCore                            I SESN0176I: A new session context will be created for application key default_host/
[9/6/26, 14:25:59:114 GMT] 00002bf1 com.ibm.ws.util                                              I SESN0172I: The session manager is using the Java default SecureRandom implementation for session ID generation.
[9/6/26, 14:25:59:116 GMT] 00002bf1 com.ibm.ws.app.manager.AppMessageHelper                      A CWWKZ0001I: Application api started in 0.126 seconds.
[9/6/26, 14:25:59:119 GMT] 00002bf1 apache.cxf.cxf.core.3.2:1.0.111.cl260320260625-2008(id=110)] I Setting the server's publish address to be /
[9/6/26, 14:25:59:120 GMT] 00002b54 com.ibm.ws.webcontainer.osgi.mbeans.PluginGenerator          I SRVE9103I: A configuration file for a web server plugin was automatically generated for this server at /opt/ibm/wlp/output/defaultServer/logs/state/plugin-cfg.xml.
[9/6/26, 14:25:59:122 GMT] 00002bf1 com.ibm.ws.webcontainer.servlet                              I SRVE0242I: [api] [/] [{{oasTitle}}]: Initialization successful.
[9/6/26, 14:26:07:260 GMT] 00002c0a com.ibm.ws.http.internal.VirtualHostImpl                     A CWWKT0017I: Web application removed (default_host): http://02db3501d6ac:9080/
[9/6/26, 14:26:07:261 GMT] 00002c0a com.ibm.ws.webcontainer.servlet                              I SRVE0253I: [api] [/] [{{oasTitle}}]: Destroy successful.
[9/6/26, 14:26:07:264 GMT] 00002c0a com.ibm.ws.app.manager.AppMessageHelper                      A CWWKZ0009I: The application api has stopped successfully.
[9/6/26, 14:26:07:274 GMT] 00002c1a com.ibm.ws.webcontainer.osgi.mbeans.PluginGenerator          I SRVE9103I: A configuration file for a web server plugin was automatically generated for this server at /opt/ibm/wlp/output/defaultServer/logs/state/plugin-cfg.xml.
[9/6/26, 14:26:07:963 GMT] 00002bbb com.ibm.ws.app.manager.AppMessageHelper                      I CWWKZ0018I: Starting application api.
[9/6/26, 14:26:07:963 GMT] 00002bbb bm.ws.app.manager.war.internal.WARDeployedAppInfoFactoryImpl I CWWKZ0133I: The api application at the /opt/ibm/wlp/usr/servers/defaultServer/dropins/api.war location is being expanded to the /opt/ibm/wlp/usr/servers/defaultServer/apps/expanded/api.war directory.
[9/6/26, 14:26:08:087 GMT] 00002bbb com.ibm.zosconnect.engine.impl.OperationManagerImpl          E BAQR1660E: Missing operation.yaml for operation %2Fcustomers/post.
[9/6/26, 14:26:08:094 GMT] 00002bbb zosasset.cics.internal.factories.CicsCommareaZosAssetFactory I BAQR1753I: Loaded CICS COMMAREA z/OS Asset VRCB0130
[9/6/26, 14:26:08:094 GMT] 00002bbb com.ibm.zosconnect.engine.impl.ZosAssetManagerImpl           E BAQR1622E: Failed to read WEB-INF/src/main/zosAssets/import/zosAsset.yaml. The file does not exist.
[9/6/26, 14:26:08:098 GMT] 00002bbb liberty.microprofile.openapi20.internal.ApplicationProcessor I CWWKO1660I: The application api was processed and an OpenAPI document was produced.
[9/6/26, 14:26:08:098 GMT] 00002bbb com.ibm.ws.webcontainer.osgi.webapp.WebGroup                 I SRVE0169I: Loading Web Module: api.
[9/6/26, 14:26:08:099 GMT] 00002bbb com.ibm.ws.webcontainer                                      I SRVE0250I: Web Module api has been bound to default_host.
[9/6/26, 14:26:08:099 GMT] 00002bbb com.ibm.ws.http.internal.VirtualHostImpl                     A CWWKT0016I: Web application available (default_host): http://02db3501d6ac:9080/
[9/6/26, 14:26:08:099 GMT] 00002c05 com.ibm.ws.session.WASSessionCore                            I SESN0176I: A new session context will be created for application key default_host/
[9/6/26, 14:26:08:099 GMT] 00002c05 com.ibm.ws.util                                              I SESN0172I: The session manager is using the Java default SecureRandom implementation for session ID generation.
[9/6/26, 14:26:08:102 GMT] 00002c05 com.ibm.ws.app.manager.AppMessageHelper                      A CWWKZ0001I: Application api started in 0.139 seconds.
[9/6/26, 14:26:08:104 GMT] 00002c0c com.ibm.ws.webcontainer.osgi.mbeans.PluginGenerator          I SRVE9103I: A configuration file for a web server plugin was automatically generated for this server at /opt/ibm/wlp/output/defaultServer/logs/state/plugin-cfg.xml.
[9/6/26, 14:26:08:108 GMT] 00002c05 apache.cxf.cxf.core.3.2:1.0.111.cl260320260625-2008(id=110)] I Setting the server's publish address to be /
[9/6/26, 14:26:08:110 GMT] 00002c05 com.ibm.ws.webcontainer.servlet                              I SRVE0242I: [api] [/] [{{oasTitle}}]: Initialization successful.
[9/6/26, 14:26:16:228 GMT] 00002c37 com.ibm.ws.http.internal.VirtualHostImpl                     A CWWKT0017I: Web application removed (default_host): http://02db3501d6ac:9080/
[9/6/26, 14:26:16:228 GMT] 00002c37 com.ibm.ws.webcontainer.servlet                              I SRVE0253I: [api] [/] [{{oasTitle}}]: Destroy successful.
[9/6/26, 14:26:16:231 GMT] 00002c37 com.ibm.ws.app.manager.AppMessageHelper                      A CWWKZ0009I: The application api has stopped successfully.
[9/6/26, 14:26:16:240 GMT] 00002c32 com.ibm.ws.webcontainer.osgi.mbeans.PluginGenerator          I SRVE9103I: A configuration file for a web server plugin was automatically generated for this server at /opt/ibm/wlp/output/defaultServer/logs/state/plugin-cfg.xml.
[9/6/26, 14:26:16:929 GMT] 00002beb com.ibm.ws.app.manager.AppMessageHelper                      I CWWKZ0018I: Starting application api.
[9/6/26, 14:26:16:930 GMT] 00002beb bm.ws.app.manager.war.internal.WARDeployedAppInfoFactoryImpl I CWWKZ0133I: The api application at the /opt/ibm/wlp/usr/servers/defaultServer/dropins/api.war location is being expanded to the /opt/ibm/wlp/usr/servers/defaultServer/apps/expanded/api.war directory.
[9/6/26, 14:26:17:078 GMT] 00002beb com.ibm.zosconnect.engine.impl.OperationManagerImpl          E BAQR1660E: Missing operation.yaml for operation %2Fcustomers/post.
[9/6/26, 14:26:17:085 GMT] 00002beb zosasset.cics.internal.factories.CicsCommareaZosAssetFactory I BAQR1753I: Loaded CICS COMMAREA z/OS Asset VRCB0130
[9/6/26, 14:26:17:085 GMT] 00002beb com.ibm.zosconnect.engine.impl.ZosAssetManagerImpl           E BAQR1622E: Failed to read WEB-INF/src/main/zosAssets/import/zosAsset.yaml. The file does not exist.
[9/6/26, 14:26:17:088 GMT] 00002beb liberty.microprofile.openapi20.internal.ApplicationProcessor I CWWKO1660I: The application api was processed and an OpenAPI document was produced.
[9/6/26, 14:26:17:089 GMT] 00002beb com.ibm.ws.webcontainer.osgi.webapp.WebGroup                 I SRVE0169I: Loading Web Module: api.
[9/6/26, 14:26:17:089 GMT] 00002beb com.ibm.ws.webcontainer                                      I SRVE0250I: Web Module api has been bound to default_host.
[9/6/26, 14:26:17:089 GMT] 00002beb com.ibm.ws.http.internal.VirtualHostImpl                     A CWWKT0016I: Web application available (default_host): http://02db3501d6ac:9080/
[9/6/26, 14:26:17:089 GMT] 00002c37 com.ibm.ws.session.WASSessionCore                            I SESN0176I: A new session context will be created for application key default_host/
[9/6/26, 14:26:17:090 GMT] 00002c37 com.ibm.ws.util                                              I SESN0172I: The session manager is using the Java default SecureRandom implementation for session ID generation.
[9/6/26, 14:26:17:092 GMT] 00002c37 com.ibm.ws.app.manager.AppMessageHelper                      A CWWKZ0001I: Application api started in 0.162 seconds.
[9/6/26, 14:26:17:095 GMT] 00002c31 com.ibm.ws.webcontainer.osgi.mbeans.PluginGenerator          I SRVE9103I: A configuration file for a web server plugin was automatically generated for this server at /opt/ibm/wlp/output/defaultServer/logs/state/plugin-cfg.xml.
[9/6/26, 14:26:17:096 GMT] 00002c37 apache.cxf.cxf.core.3.2:1.0.111.cl260320260625-2008(id=110)] I Setting the server's publish address to be /
[9/6/26, 14:26:17:098 GMT] 00002c37 com.ibm.ws.webcontainer.servlet                              I SRVE0242I: [api] [/] [{{oasTitle}}]: Initialization successful.
[9/6/26, 14:26:25:193 GMT] 00002c4a com.ibm.ws.http.internal.VirtualHostImpl                     A CWWKT0017I: Web application removed (default_host): http://02db3501d6ac:9080/
[9/6/26, 14:26:25:194 GMT] 00002c4a com.ibm.ws.webcontainer.servlet                              I SRVE0253I: [api] [/] [{{oasTitle}}]: Destroy successful.
[9/6/26, 14:26:25:200 GMT] 00002c4a com.ibm.ws.app.manager.AppMessageHelper                      A CWWKZ0009I: The application api has stopped successfully.
[9/6/26, 14:26:25:206 GMT] 00002c0a com.ibm.ws.webcontainer.osgi.mbeans.PluginGenerator          I SRVE9103I: A configuration file for a web server plugin was automatically generated for this server at /opt/ibm/wlp/output/defaultServer/logs/state/plugin-cfg.xml.
[9/6/26, 14:26:25:907 GMT] 00002bf5 com.ibm.ws.app.manager.AppMessageHelper                      I CWWKZ0018I: Starting application api.
[9/6/26, 14:26:25:907 GMT] 00002bf5 bm.ws.app.manager.war.internal.WARDeployedAppInfoFactoryImpl I CWWKZ0133I: The api application at the /opt/ibm/wlp/usr/servers/defaultServer/dropins/api.war location is being expanded to the /opt/ibm/wlp/usr/servers/defaultServer/apps/expanded/api.war directory.
[9/6/26, 14:26:26:033 GMT] 00002bf5 com.ibm.zosconnect.engine.impl.OperationManagerImpl          E BAQR1660E: Missing operation.yaml for operation %2Fcustomers/post.
[9/6/26, 14:26:26:038 GMT] 00002bf5 zosasset.cics.internal.factories.CicsCommareaZosAssetFactory I BAQR1753I: Loaded CICS COMMAREA z/OS Asset VRCB0130
[9/6/26, 14:26:26:038 GMT] 00002bf5 com.ibm.zosconnect.engine.impl.ZosAssetManagerImpl           E BAQR1622E: Failed to read WEB-INF/src/main/zosAssets/import/zosAsset.yaml. The file does not exist.
[9/6/26, 14:26:26:041 GMT] 00002bf5 liberty.microprofile.openapi20.internal.ApplicationProcessor I CWWKO1660I: The application api was processed and an OpenAPI document was produced.
[9/6/26, 14:26:26:041 GMT] 00002bf5 com.ibm.ws.webcontainer.osgi.webapp.WebGroup                 I SRVE0169I: Loading Web Module: api.
[9/6/26, 14:26:26:042 GMT] 00002bf5 com.ibm.ws.webcontainer                                      I SRVE0250I: Web Module api has been bound to default_host.
[9/6/26, 14:26:26:042 GMT] 00002bf5 com.ibm.ws.http.internal.VirtualHostImpl                     A CWWKT0016I: Web application available (default_host): http://02db3501d6ac:9080/
[9/6/26, 14:26:26:042 GMT] 00002c0a com.ibm.ws.session.WASSessionCore                            I SESN0176I: A new session context will be created for application key default_host/
[9/6/26, 14:26:26:042 GMT] 00002c0a com.ibm.ws.util                                              I SESN0172I: The session manager is using the Java default SecureRandom implementation for session ID generation.
[9/6/26, 14:26:26:045 GMT] 00002c0a com.ibm.ws.app.manager.AppMessageHelper                      A CWWKZ0001I: Application api started in 0.138 seconds.
[9/6/26, 14:26:26:049 GMT] 00002c0a apache.cxf.cxf.core.3.2:1.0.111.cl260320260625-2008(id=110)] I Setting the server's publish address to be /
[9/6/26, 14:26:26:049 GMT] 00002bf5 com.ibm.ws.webcontainer.osgi.mbeans.PluginGenerator          I SRVE9103I: A configuration file for a web server plugin was automatically generated for this server at /opt/ibm/wlp/output/defaultServer/logs/state/plugin-cfg.xml.
[9/6/26, 14:26:26:052 GMT] 00002c0a com.ibm.ws.webcontainer.servlet                              I SRVE0242I: [api] [/] [{{oasTitle}}]: Initialization successful.
[9/6/26, 14:26:34:914 GMT] 00002beb com.ibm.ws.http.internal.VirtualHostImpl                     A CWWKT0017I: Web application removed (default_host): http://02db3501d6ac:9080/
[9/6/26, 14:26:34:920 GMT] 00002beb com.ibm.ws.webcontainer.servlet                              I SRVE0253I: [api] [/] [{{oasTitle}}]: Destroy successful.
[9/6/26, 14:26:34:927 GMT] 00002beb com.ibm.ws.app.manager.AppMessageHelper                      A CWWKZ0009I: The application api has stopped successfully.
[9/6/26, 14:26:34:930 GMT] 00002beb com.ibm.ws.app.manager.AppMessageHelper                      I CWWKZ0018I: Starting application api.
[9/6/26, 14:26:34:931 GMT] 00002beb bm.ws.app.manager.war.internal.WARDeployedAppInfoFactoryImpl I CWWKZ0133I: The api application at the /opt/ibm/wlp/usr/servers/defaultServer/dropins/api.war location is being expanded to the /opt/ibm/wlp/usr/servers/defaultServer/apps/expanded/api.war directory.
[9/6/26, 14:26:34:936 GMT] 00002c19 com.ibm.ws.webcontainer.osgi.mbeans.PluginGenerator          I SRVE9103I: A configuration file for a web server plugin was automatically generated for this server at /opt/ibm/wlp/output/defaultServer/logs/state/plugin-cfg.xml.
[9/6/26, 14:26:35:028 GMT] 00002beb zosasset.cics.internal.factories.CicsCommareaZosAssetFactory I BAQR1753I: Loaded CICS COMMAREA z/OS Asset VRCB0130
[9/6/26, 14:26:35:028 GMT] 00002beb com.ibm.zosconnect.engine.impl.ZosAssetManagerImpl           E BAQR1622E: Failed to read WEB-INF/src/main/zosAssets/import/zosAsset.yaml. The file does not exist.
[9/6/26, 14:26:35:037 GMT] 00002beb com.ibm.zosconnect.engine.impl.OperationManagerImpl          E BAQR1660E: Missing operation.yaml for operation %2Fcustomers/post.
[9/6/26, 14:26:35:042 GMT] 00002beb liberty.microprofile.openapi20.internal.ApplicationProcessor I CWWKO1660I: The application api was processed and an OpenAPI document was produced.
[9/6/26, 14:26:35:042 GMT] 00002beb com.ibm.ws.webcontainer.osgi.webapp.WebGroup                 I SRVE0169I: Loading Web Module: api.
[9/6/26, 14:26:35:042 GMT] 00002beb com.ibm.ws.webcontainer                                      I SRVE0250I: Web Module api has been bound to default_host.
[9/6/26, 14:26:35:043 GMT] 00002beb com.ibm.ws.http.internal.VirtualHostImpl                     A CWWKT0016I: Web application available (default_host): http://02db3501d6ac:9080/
[9/6/26, 14:26:35:043 GMT] 00002c5b com.ibm.ws.session.WASSessionCore                            I SESN0176I: A new session context will be created for application key default_host/
[9/6/26, 14:26:35:043 GMT] 00002c5b com.ibm.ws.util                                              I SESN0172I: The session manager is using the Java default SecureRandom implementation for session ID generation.
[9/6/26, 14:26:35:048 GMT] 00002c5b com.ibm.ws.app.manager.AppMessageHelper                      A CWWKZ0003I: The application api updated in 0.118 seconds.
[9/6/26, 14:26:35:052 GMT] 00002c5b apache.cxf.cxf.core.3.2:1.0.111.cl260320260625-2008(id=110)] I Setting the server's publish address to be /
[9/6/26, 14:26:35:053 GMT] 00002beb com.ibm.ws.webcontainer.osgi.mbeans.PluginGenerator          I SRVE9103I: A configuration file for a web server plugin was automatically generated for this server at /opt/ibm/wlp/output/defaultServer/logs/state/plugin-cfg.xml.
[9/6/26, 14:26:35:054 GMT] 00002c5b com.ibm.ws.webcontainer.servlet                              I SRVE0242I: [api] [/] [{{oasTitle}}]: Initialization successful.
[9/6/26, 14:26:43:403 GMT] 00002c4a com.ibm.ws.http.internal.VirtualHostImpl                     A CWWKT0017I: Web application removed (default_host): http://02db3501d6ac:9080/
[9/6/26, 14:26:43:404 GMT] 00002c4a com.ibm.ws.webcontainer.servlet                              I SRVE0253I: [api] [/] [{{oasTitle}}]: Destroy successful.
[9/6/26, 14:26:43:406 GMT] 00002c4a com.ibm.ws.app.manager.AppMessageHelper                      A CWWKZ0009I: The application api has stopped successfully.
[9/6/26, 14:26:43:409 GMT] 00002c4a com.ibm.ws.app.manager.AppMessageHelper                      I CWWKZ0018I: Starting application api.
[9/6/26, 14:26:43:409 GMT] 00002c4a bm.ws.app.manager.war.internal.WARDeployedAppInfoFactoryImpl I CWWKZ0133I: The api application at the /opt/ibm/wlp/usr/servers/defaultServer/dropins/api.war location is being expanded to the /opt/ibm/wlp/usr/servers/defaultServer/apps/expanded/api.war directory.
[9/6/26, 14:26:43:419 GMT] 00002c4c com.ibm.ws.webcontainer.osgi.mbeans.PluginGenerator          I SRVE9103I: A configuration file for a web server plugin was automatically generated for this server at /opt/ibm/wlp/output/defaultServer/logs/state/plugin-cfg.xml.
[9/6/26, 14:26:43:502 GMT] 00002c4a com.ibm.zosconnect.engine.impl.OperationManagerImpl          E BAQR1660E: Missing operation.yaml for operation %2Fcustomers/post.
[9/6/26, 14:26:43:510 GMT] 00002c4a zosasset.cics.internal.factories.CicsCommareaZosAssetFactory I BAQR1753I: Loaded CICS COMMAREA z/OS Asset VRCB0130
[9/6/26, 14:26:43:510 GMT] 00002c4a com.ibm.zosconnect.engine.impl.ZosAssetManagerImpl           E BAQR1622E: Failed to read WEB-INF/src/main/zosAssets/import/zosAsset.yaml. The file does not exist.
[9/6/26, 14:26:43:512 GMT] 00002c4a liberty.microprofile.openapi20.internal.ApplicationProcessor I CWWKO1660I: The application api was processed and an OpenAPI document was produced.
[9/6/26, 14:26:43:513 GMT] 00002c4a com.ibm.ws.webcontainer.osgi.webapp.WebGroup                 I SRVE0169I: Loading Web Module: api.
[9/6/26, 14:26:43:513 GMT] 00002c4a com.ibm.ws.webcontainer                                      I SRVE0250I: Web Module api has been bound to default_host.
[9/6/26, 14:26:43:513 GMT] 00002c4a com.ibm.ws.http.internal.VirtualHostImpl                     A CWWKT0016I: Web application available (default_host): http://02db3501d6ac:9080/
[9/6/26, 14:26:43:513 GMT] 00002c5a com.ibm.ws.session.WASSessionCore                            I SESN0176I: A new session context will be created for application key default_host/
[9/6/26, 14:26:43:513 GMT] 00002c5a com.ibm.ws.util                                              I SESN0172I: The session manager is using the Java default SecureRandom implementation for session ID generation.
[9/6/26, 14:26:43:515 GMT] 00002c5a com.ibm.ws.app.manager.AppMessageHelper                      A CWWKZ0003I: The application api updated in 0.106 seconds.
[9/6/26, 14:26:43:520 GMT] 00002c5a apache.cxf.cxf.core.3.2:1.0.111.cl260320260625-2008(id=110)] I Setting the server's publish address to be /
[9/6/26, 14:26:43:521 GMT] 00002c5a com.ibm.ws.webcontainer.servlet                              I SRVE0242I: [api] [/] [{{oasTitle}}]: Initialization successful.
[9/6/26, 14:26:43:522 GMT] 00002c19 com.ibm.ws.webcontainer.osgi.mbeans.PluginGenerator          I SRVE9103I: A configuration file for a web server plugin was automatically generated for this server at /opt/ibm/wlp/output/defaultServer/logs/state/plugin-cfg.xml.
[9/6/26, 14:26:52:386 GMT] 00002b54 com.ibm.ws.http.internal.VirtualHostImpl                     A CWWKT0017I: Web application removed (default_host): http://02db3501d6ac:9080/
[9/6/26, 14:26:52:387 GMT] 00002b54 com.ibm.ws.webcontainer.servlet                              I SRVE0253I: [api] [/] [{{oasTitle}}]: Destroy successful.
[9/6/26, 14:26:52:389 GMT] 00002b54 com.ibm.ws.app.manager.AppMessageHelper                      A CWWKZ0009I: The application api has stopped successfully.
[9/6/26, 14:26:52:394 GMT] 00002bf4 com.ibm.ws.webcontainer.osgi.mbeans.PluginGenerator          I SRVE9103I: A configuration file for a web server plugin was automatically generated for this server at /opt/ibm/wlp/output/defaultServer/logs/state/plugin-cfg.xml.
[9/6/26, 14:26:53:096 GMT] 00002c4a com.ibm.ws.app.manager.AppMessageHelper                      I CWWKZ0018I: Starting application api.
[9/6/26, 14:26:53:097 GMT] 00002c4a bm.ws.app.manager.war.internal.WARDeployedAppInfoFactoryImpl I CWWKZ0133I: The api application at the /opt/ibm/wlp/usr/servers/defaultServer/dropins/api.war location is being expanded to the /opt/ibm/wlp/usr/servers/defaultServer/apps/expanded/api.war directory.
[9/6/26, 14:26:53:213 GMT] 00002c4a zosasset.cics.internal.factories.CicsCommareaZosAssetFactory I BAQR1753I: Loaded CICS COMMAREA z/OS Asset VRCB0130
[9/6/26, 14:26:53:213 GMT] 00002c4a com.ibm.zosconnect.engine.impl.ZosAssetManagerImpl           E BAQR1622E: Failed to read WEB-INF/src/main/zosAssets/import/zosAsset.yaml. The file does not exist.
[9/6/26, 14:26:53:220 GMT] 00002c4a com.ibm.zosconnect.engine.impl.OperationManagerImpl          E BAQR1660E: Missing operation.yaml for operation %2Fcustomers/post.
[9/6/26, 14:26:53:223 GMT] 00002c4a liberty.microprofile.openapi20.internal.ApplicationProcessor I CWWKO1660I: The application api was processed and an OpenAPI document was produced.
[9/6/26, 14:26:53:223 GMT] 00002c4a com.ibm.ws.webcontainer.osgi.webapp.WebGroup                 I SRVE0169I: Loading Web Module: api.
[9/6/26, 14:26:53:223 GMT] 00002c4a com.ibm.ws.webcontainer                                      I SRVE0250I: Web Module api has been bound to default_host.
[9/6/26, 14:26:53:223 GMT] 00002c4a com.ibm.ws.http.internal.VirtualHostImpl                     A CWWKT0016I: Web application available (default_host): http://02db3501d6ac:9080/
[9/6/26, 14:26:53:224 GMT] 00002c82 com.ibm.ws.session.WASSessionCore                            I SESN0176I: A new session context will be created for application key default_host/
[9/6/26, 14:26:53:224 GMT] 00002c82 com.ibm.ws.util                                              I SESN0172I: The session manager is using the Java default SecureRandom implementation for session ID generation.
[9/6/26, 14:26:53:226 GMT] 00002c82 com.ibm.ws.app.manager.AppMessageHelper                      A CWWKZ0001I: Application api started in 0.129 seconds.
[9/6/26, 14:26:53:228 GMT] 00002c58 com.ibm.ws.webcontainer.osgi.mbeans.PluginGenerator          I SRVE9103I: A configuration file for a web server plugin was automatically generated for this server at /opt/ibm/wlp/output/defaultServer/logs/state/plugin-cfg.xml.
[9/6/26, 14:26:53:229 GMT] 00002c82 apache.cxf.cxf.core.3.2:1.0.111.cl260320260625-2008(id=110)] I Setting the server's publish address to be /
[9/6/26, 14:26:53:231 GMT] 00002c82 com.ibm.ws.webcontainer.servlet                              I SRVE0242I: [api] [/] [{{oasTitle}}]: Initialization successful.
[9/6/26, 14:27:01:374 GMT] 00002c59 com.ibm.ws.http.internal.VirtualHostImpl                     A CWWKT0017I: Web application removed (default_host): http://02db3501d6ac:9080/
[9/6/26, 14:27:01:387 GMT] 00002c59 com.ibm.ws.webcontainer.servlet                              I SRVE0253I: [api] [/] [{{oasTitle}}]: Destroy successful.
[9/6/26, 14:27:01:396 GMT] 00002c59 com.ibm.ws.app.manager.AppMessageHelper                      A CWWKZ0009I: The application api has stopped successfully.
[9/6/26, 14:27:01:409 GMT] 00002c31 com.ibm.ws.webcontainer.osgi.mbeans.PluginGenerator          I SRVE9103I: A configuration file for a web server plugin was automatically generated for this server at /opt/ibm/wlp/output/defaultServer/logs/state/plugin-cfg.xml.
[9/6/26, 14:27:02:079 GMT] 00002c59 com.ibm.ws.app.manager.AppMessageHelper                      I CWWKZ0018I: Starting application api.
[9/6/26, 14:27:02:079 GMT] 00002c59 bm.ws.app.manager.war.internal.WARDeployedAppInfoFactoryImpl I CWWKZ0133I: The api application at the /opt/ibm/wlp/usr/servers/defaultServer/dropins/api.war location is being expanded to the /opt/ibm/wlp/usr/servers/defaultServer/apps/expanded/api.war directory.
[9/6/26, 14:27:02:207 GMT] 00002c59 zosasset.cics.internal.factories.CicsCommareaZosAssetFactory I BAQR1753I: Loaded CICS COMMAREA z/OS Asset VRCB0130
[9/6/26, 14:27:02:208 GMT] 00002c59 com.ibm.zosconnect.engine.impl.ZosAssetManagerImpl           E BAQR1622E: Failed to read WEB-INF/src/main/zosAssets/import/zosAsset.yaml. The file does not exist.
[9/6/26, 14:27:02:215 GMT] 00002c59 com.ibm.zosconnect.engine.impl.OperationManagerImpl          E BAQR1660E: Missing operation.yaml for operation %2Fcustomers/post.
[9/6/26, 14:27:02:218 GMT] 00002c59 liberty.microprofile.openapi20.internal.ApplicationProcessor I CWWKO1660I: The application api was processed and an OpenAPI document was produced.
[9/6/26, 14:27:02:219 GMT] 00002c59 com.ibm.ws.webcontainer.osgi.webapp.WebGroup                 I SRVE0169I: Loading Web Module: api.
[9/6/26, 14:27:02:219 GMT] 00002c59 com.ibm.ws.webcontainer                                      I SRVE0250I: Web Module api has been bound to default_host.
[9/6/26, 14:27:02:219 GMT] 00002c59 com.ibm.ws.http.internal.VirtualHostImpl                     A CWWKT0016I: Web application available (default_host): http://02db3501d6ac:9080/
[9/6/26, 14:27:02:219 GMT] 00002c84 com.ibm.ws.session.WASSessionCore                            I SESN0176I: A new session context will be created for application key default_host/
[9/6/26, 14:27:02:219 GMT] 00002c84 com.ibm.ws.util                                              I SESN0172I: The session manager is using the Java default SecureRandom implementation for session ID generation.
[9/6/26, 14:27:02:222 GMT] 00002c84 com.ibm.ws.app.manager.AppMessageHelper                      A CWWKZ0001I: Application api started in 0.143 seconds.
[9/6/26, 14:27:02:225 GMT] 00002c9d com.ibm.ws.webcontainer.osgi.mbeans.PluginGenerator          I SRVE9103I: A configuration file for a web server plugin was automatically generated for this server at /opt/ibm/wlp/output/defaultServer/logs/state/plugin-cfg.xml.
[9/6/26, 14:27:02:228 GMT] 00002c84 apache.cxf.cxf.core.3.2:1.0.111.cl260320260625-2008(id=110)] I Setting the server's publish address to be /
[9/6/26, 14:27:02:231 GMT] 00002c84 com.ibm.ws.webcontainer.servlet                              I SRVE0242I: [api] [/] [{{oasTitle}}]: Initialization successful.
[9/6/26, 14:27:19:405 GMT] 00002cbd com.ibm.ws.http.internal.VirtualHostImpl                     A CWWKT0017I: Web application removed (default_host): http://02db3501d6ac:9080/
[9/6/26, 14:27:19:406 GMT] 00002cbd com.ibm.ws.webcontainer.servlet                              I SRVE0253I: [api] [/] [{{oasTitle}}]: Destroy successful.
[9/6/26, 14:27:19:410 GMT] 00002cbd com.ibm.ws.app.manager.AppMessageHelper                      A CWWKZ0009I: The application api has stopped successfully.
[9/6/26, 14:27:19:418 GMT] 00002c84 com.ibm.ws.webcontainer.osgi.mbeans.PluginGenerator          I SRVE9103I: A configuration file for a web server plugin was automatically generated for this server at /opt/ibm/wlp/output/defaultServer/logs/state/plugin-cfg.xml.
[9/6/26, 14:27:20:117 GMT] 00002cae com.ibm.ws.app.manager.AppMessageHelper                      I CWWKZ0018I: Starting application api.
[9/6/26, 14:27:20:117 GMT] 00002cae bm.ws.app.manager.war.internal.WARDeployedAppInfoFactoryImpl I CWWKZ0133I: The api application at the /opt/ibm/wlp/usr/servers/defaultServer/dropins/api.war location is being expanded to the /opt/ibm/wlp/usr/servers/defaultServer/apps/expanded/api.war directory.
[9/6/26, 14:27:20:247 GMT] 00002cae com.ibm.zosconnect.engine.impl.OperationManagerImpl          E BAQR1660E: Missing operation.yaml for operation %2Fcustomers/post.
[9/6/26, 14:27:20:253 GMT] 00002cae zosasset.cics.internal.factories.CicsCommareaZosAssetFactory I BAQR1753I: Loaded CICS COMMAREA z/OS Asset VRCB0130
[9/6/26, 14:27:20:253 GMT] 00002cae com.ibm.zosconnect.engine.impl.ZosAssetManagerImpl           E BAQR1622E: Failed to read WEB-INF/src/main/zosAssets/import/zosAsset.yaml. The file does not exist.
[9/6/26, 14:27:20:255 GMT] 00002cae liberty.microprofile.openapi20.internal.ApplicationProcessor I CWWKO1660I: The application api was processed and an OpenAPI document was produced.
[9/6/26, 14:27:20:255 GMT] 00002cae com.ibm.ws.webcontainer.osgi.webapp.WebGroup                 I SRVE0169I: Loading Web Module: api.
[9/6/26, 14:27:20:256 GMT] 00002cae com.ibm.ws.webcontainer                                      I SRVE0250I: Web Module api has been bound to default_host.
[9/6/26, 14:27:20:256 GMT] 00002cae com.ibm.ws.http.internal.VirtualHostImpl                     A CWWKT0016I: Web application available (default_host): http://02db3501d6ac:9080/
[9/6/26, 14:27:20:256 GMT] 00002c84 com.ibm.ws.session.WASSessionCore                            I SESN0176I: A new session context will be created for application key default_host/
[9/6/26, 14:27:20:256 GMT] 00002c84 com.ibm.ws.util                                              I SESN0172I: The session manager is using the Java default SecureRandom implementation for session ID generation.
[9/6/26, 14:27:20:259 GMT] 00002c84 com.ibm.ws.app.manager.AppMessageHelper                      A CWWKZ0001I: Application api started in 0.142 seconds.
[9/6/26, 14:27:20:262 GMT] 00002c5a com.ibm.ws.webcontainer.osgi.mbeans.PluginGenerator          I SRVE9103I: A configuration file for a web server plugin was automatically generated for this server at /opt/ibm/wlp/output/defaultServer/logs/state/plugin-cfg.xml.
[9/6/26, 14:27:20:263 GMT] 00002c84 apache.cxf.cxf.core.3.2:1.0.111.cl260320260625-2008(id=110)] I Setting the server's publish address to be /
[9/6/26, 14:27:20:265 GMT] 00002c84 com.ibm.ws.webcontainer.servlet                              I SRVE0242I: [api] [/] [{{oasTitle}}]: Initialization successful.
[9/6/26, 14:27:28:391 GMT] 00002cba com.ibm.ws.http.internal.VirtualHostImpl                     A CWWKT0017I: Web application removed (default_host): http://02db3501d6ac:9080/
[9/6/26, 14:27:28:392 GMT] 00002cba com.ibm.ws.webcontainer.servlet                              I SRVE0253I: [api] [/] [{{oasTitle}}]: Destroy successful.
[9/6/26, 14:27:28:396 GMT] 00002cba com.ibm.ws.app.manager.AppMessageHelper                      A CWWKZ0009I: The application api has stopped successfully.
[9/6/26, 14:27:28:403 GMT] 00002c9b com.ibm.ws.webcontainer.osgi.mbeans.PluginGenerator          I SRVE9103I: A configuration file for a web server plugin was automatically generated for this server at /opt/ibm/wlp/output/defaultServer/logs/state/plugin-cfg.xml.
[9/6/26, 14:27:29:083 GMT] 00002c4c com.ibm.ws.app.manager.AppMessageHelper                      I CWWKZ0018I: Starting application api.
[9/6/26, 14:27:29:084 GMT] 00002c4c bm.ws.app.manager.war.internal.WARDeployedAppInfoFactoryImpl I CWWKZ0133I: The api application at the /opt/ibm/wlp/usr/servers/defaultServer/dropins/api.war location is being expanded to the /opt/ibm/wlp/usr/servers/defaultServer/apps/expanded/api.war directory.
[9/6/26, 14:27:29:208 GMT] 00002c4c com.ibm.zosconnect.engine.impl.OperationManagerImpl          E BAQR1660E: Missing operation.yaml for operation %2Fcustomers/post.
[9/6/26, 14:27:29:214 GMT] 00002c4c zosasset.cics.internal.factories.CicsCommareaZosAssetFactory I BAQR1753I: Loaded CICS COMMAREA z/OS Asset VRCB0130
[9/6/26, 14:27:29:214 GMT] 00002c4c com.ibm.zosconnect.engine.impl.ZosAssetManagerImpl           E BAQR1622E: Failed to read WEB-INF/src/main/zosAssets/import/zosAsset.yaml. The file does not exist.
[9/6/26, 14:27:29:217 GMT] 00002c4c liberty.microprofile.openapi20.internal.ApplicationProcessor I CWWKO1660I: The application api was processed and an OpenAPI document was produced.
[9/6/26, 14:27:29:217 GMT] 00002c4c com.ibm.ws.webcontainer.osgi.webapp.WebGroup                 I SRVE0169I: Loading Web Module: api.
[9/6/26, 14:27:29:217 GMT] 00002c4c com.ibm.ws.webcontainer                                      I SRVE0250I: Web Module api has been bound to default_host.
[9/6/26, 14:27:29:217 GMT] 00002c4c com.ibm.ws.http.internal.VirtualHostImpl                     A CWWKT0016I: Web application available (default_host): http://02db3501d6ac:9080/
[9/6/26, 14:27:29:217 GMT] 00002c84 com.ibm.ws.session.WASSessionCore                            I SESN0176I: A new session context will be created for application key default_host/
[9/6/26, 14:27:29:217 GMT] 00002c84 com.ibm.ws.util                                              I SESN0172I: The session manager is using the Java default SecureRandom implementation for session ID generation.
[9/6/26, 14:27:29:220 GMT] 00002c84 com.ibm.ws.app.manager.AppMessageHelper                      A CWWKZ0001I: Application api started in 0.136 seconds.
[9/6/26, 14:27:29:223 GMT] 00002cb7 com.ibm.ws.webcontainer.osgi.mbeans.PluginGenerator          I SRVE9103I: A configuration file for a web server plugin was automatically generated for this server at /opt/ibm/wlp/output/defaultServer/logs/state/plugin-cfg.xml.
[9/6/26, 14:27:29:224 GMT] 00002c84 apache.cxf.cxf.core.3.2:1.0.111.cl260320260625-2008(id=110)] I Setting the server's publish address to be /
[9/6/26, 14:27:29:226 GMT] 00002c84 com.ibm.ws.webcontainer.servlet                              I SRVE0242I: [api] [/] [{{oasTitle}}]: Initialization successful.
[9/6/26, 14:27:37:364 GMT] 00002cbc com.ibm.ws.http.internal.VirtualHostImpl                     A CWWKT0017I: Web application removed (default_host): http://02db3501d6ac:9080/
[9/6/26, 14:27:37:364 GMT] 00002cbc com.ibm.ws.webcontainer.servlet                              I SRVE0253I: [api] [/] [{{oasTitle}}]: Destroy successful.
[9/6/26, 14:27:37:367 GMT] 00002cbc com.ibm.ws.app.manager.AppMessageHelper                      A CWWKZ0009I: The application api has stopped successfully.
[9/6/26, 14:27:37:374 GMT] 00002cb5 com.ibm.ws.webcontainer.osgi.mbeans.PluginGenerator          I SRVE9103I: A configuration file for a web server plugin was automatically generated for this server at /opt/ibm/wlp/output/defaultServer/logs/state/plugin-cfg.xml.
[9/6/26, 14:27:38:058 GMT] 00002ce0 com.ibm.ws.app.manager.AppMessageHelper                      I CWWKZ0018I: Starting application api.
[9/6/26, 14:27:38:061 GMT] 00002ce0 bm.ws.app.manager.war.internal.WARDeployedAppInfoFactoryImpl I CWWKZ0133I: The api application at the /opt/ibm/wlp/usr/servers/defaultServer/dropins/api.war location is being expanded to the /opt/ibm/wlp/usr/servers/defaultServer/apps/expanded/api.war directory.
[9/6/26, 14:27:38:180 GMT] 00002ce0 com.ibm.zosconnect.engine.impl.OperationManagerImpl          E BAQR1660E: Missing operation.yaml for operation %2Fcustomers/post.
[9/6/26, 14:27:38:185 GMT] 00002ce0 zosasset.cics.internal.factories.CicsCommareaZosAssetFactory I BAQR1753I: Loaded CICS COMMAREA z/OS Asset VRCB0130
[9/6/26, 14:27:38:185 GMT] 00002ce0 com.ibm.zosconnect.engine.impl.ZosAssetManagerImpl           E BAQR1622E: Failed to read WEB-INF/src/main/zosAssets/import/zosAsset.yaml. The file does not exist.
[9/6/26, 14:27:38:187 GMT] 00002ce0 liberty.microprofile.openapi20.internal.ApplicationProcessor I CWWKO1660I: The application api was processed and an OpenAPI document was produced.
[9/6/26, 14:27:38:188 GMT] 00002ce0 com.ibm.ws.webcontainer.osgi.webapp.WebGroup                 I SRVE0169I: Loading Web Module: api.
[9/6/26, 14:27:38:188 GMT] 00002ce0 com.ibm.ws.webcontainer                                      I SRVE0250I: Web Module api has been bound to default_host.
[9/6/26, 14:27:38:188 GMT] 00002ce0 com.ibm.ws.http.internal.VirtualHostImpl                     A CWWKT0016I: Web application available (default_host): http://02db3501d6ac:9080/
[9/6/26, 14:27:38:188 GMT] 00002c59 com.ibm.ws.session.WASSessionCore                            I SESN0176I: A new session context will be created for application key default_host/
[9/6/26, 14:27:38:188 GMT] 00002c59 com.ibm.ws.util                                              I SESN0172I: The session manager is using the Java default SecureRandom implementation for session ID generation.
[9/6/26, 14:27:38:190 GMT] 00002c59 com.ibm.ws.app.manager.AppMessageHelper                      A CWWKZ0001I: Application api started in 0.132 seconds.
[9/6/26, 14:27:38:196 GMT] 00002c59 apache.cxf.cxf.core.3.2:1.0.111.cl260320260625-2008(id=110)] I Setting the server's publish address to be /
[9/6/26, 14:27:38:197 GMT] 00002cbc com.ibm.ws.webcontainer.osgi.mbeans.PluginGenerator          I SRVE9103I: A configuration file for a web server plugin was automatically generated for this server at /opt/ibm/wlp/output/defaultServer/logs/state/plugin-cfg.xml.
[9/6/26, 14:27:38:199 GMT] 00002c59 com.ibm.ws.webcontainer.servlet                              I SRVE0242I: [api] [/] [{{oasTitle}}]: Initialization successful.
[9/6/26, 14:27:46:307 GMT] 00002c59 com.ibm.ws.http.internal.VirtualHostImpl                     A CWWKT0017I: Web application removed (default_host): http://02db3501d6ac:9080/
[9/6/26, 14:27:46:308 GMT] 00002c59 com.ibm.ws.webcontainer.servlet                              I SRVE0253I: [api] [/] [{{oasTitle}}]: Destroy successful.
[9/6/26, 14:27:46:311 GMT] 00002c59 com.ibm.ws.app.manager.AppMessageHelper                      A CWWKZ0009I: The application api has stopped successfully.
[9/6/26, 14:27:46:323 GMT] 00002cd1 com.ibm.ws.webcontainer.osgi.mbeans.PluginGenerator          I SRVE9103I: A configuration file for a web server plugin was automatically generated for this server at /opt/ibm/wlp/output/defaultServer/logs/state/plugin-cfg.xml.
[9/6/26, 14:27:47:019 GMT] 00002cfd com.ibm.ws.app.manager.AppMessageHelper                      I CWWKZ0018I: Starting application api.
[9/6/26, 14:27:47:023 GMT] 00002cfd bm.ws.app.manager.war.internal.WARDeployedAppInfoFactoryImpl I CWWKZ0133I: The api application at the /opt/ibm/wlp/usr/servers/defaultServer/dropins/api.war location is being expanded to the /opt/ibm/wlp/usr/servers/defaultServer/apps/expanded/api.war directory.
[9/6/26, 14:27:47:157 GMT] 00002cfd zosasset.cics.internal.factories.CicsCommareaZosAssetFactory I BAQR1753I: Loaded CICS COMMAREA z/OS Asset VRCB0130
[9/6/26, 14:27:47:157 GMT] 00002cfd com.ibm.zosconnect.engine.impl.ZosAssetManagerImpl           E BAQR1622E: Failed to read WEB-INF/src/main/zosAssets/import/zosAsset.yaml. The file does not exist.
[9/6/26, 14:27:47:165 GMT] 00002cfd com.ibm.zosconnect.engine.impl.OperationManagerImpl          E BAQR1660E: Missing operation.yaml for operation %2Fcustomers/post.
[9/6/26, 14:27:47:168 GMT] 00002cfd liberty.microprofile.openapi20.internal.ApplicationProcessor I CWWKO1660I: The application api was processed and an OpenAPI document was produced.
[9/6/26, 14:27:47:168 GMT] 00002cfd com.ibm.ws.webcontainer.osgi.webapp.WebGroup                 I SRVE0169I: Loading Web Module: api.
[9/6/26, 14:27:47:168 GMT] 00002cfd com.ibm.ws.webcontainer                                      I SRVE0250I: Web Module api has been bound to default_host.
[9/6/26, 14:27:47:169 GMT] 00002cfd com.ibm.ws.http.internal.VirtualHostImpl                     A CWWKT0016I: Web application available (default_host): http://02db3501d6ac:9080/
[9/6/26, 14:27:47:169 GMT] 00002c59 com.ibm.ws.session.WASSessionCore                            I SESN0176I: A new session context will be created for application key default_host/
[9/6/26, 14:27:47:169 GMT] 00002c59 com.ibm.ws.util                                              I SESN0172I: The session manager is using the Java default SecureRandom implementation for session ID generation.
[9/6/26, 14:27:47:171 GMT] 00002c59 com.ibm.ws.app.manager.AppMessageHelper                      A CWWKZ0001I: Application api started in 0.152 seconds.
[9/6/26, 14:27:47:174 GMT] 00002cfe com.ibm.ws.webcontainer.osgi.mbeans.PluginGenerator          I SRVE9103I: A configuration file for a web server plugin was automatically generated for this server at /opt/ibm/wlp/output/defaultServer/logs/state/plugin-cfg.xml.
[9/6/26, 14:27:47:175 GMT] 00002c59 apache.cxf.cxf.core.3.2:1.0.111.cl260320260625-2008(id=110)] I Setting the server's publish address to be /
[9/6/26, 14:27:47:177 GMT] 00002c59 com.ibm.ws.webcontainer.servlet                              I SRVE0242I: [api] [/] [{{oasTitle}}]: Initialization successful.
[9/6/26, 14:27:55:281 GMT] 00002ce2 com.ibm.ws.http.internal.VirtualHostImpl                     A CWWKT0017I: Web application removed (default_host): http://02db3501d6ac:9080/
[9/6/26, 14:27:55:282 GMT] 00002ce2 com.ibm.ws.webcontainer.servlet                              I SRVE0253I: [api] [/] [{{oasTitle}}]: Destroy successful.
[9/6/26, 14:27:55:285 GMT] 00002ce2 com.ibm.ws.app.manager.AppMessageHelper                      A CWWKZ0009I: The application api has stopped successfully.
[9/6/26, 14:27:55:290 GMT] 00002cb6 com.ibm.ws.webcontainer.osgi.mbeans.PluginGenerator          I SRVE9103I: A configuration file for a web server plugin was automatically generated for this server at /opt/ibm/wlp/output/defaultServer/logs/state/plugin-cfg.xml.
[9/6/26, 14:27:55:993 GMT] 00002d0a com.ibm.ws.app.manager.AppMessageHelper                      I CWWKZ0018I: Starting application api.
[9/6/26, 14:27:55:994 GMT] 00002d0a bm.ws.app.manager.war.internal.WARDeployedAppInfoFactoryImpl I CWWKZ0133I: The api application at the /opt/ibm/wlp/usr/servers/defaultServer/dropins/api.war location is being expanded to the /opt/ibm/wlp/usr/servers/defaultServer/apps/expanded/api.war directory.
[9/6/26, 14:27:56:111 GMT] 00002d0a zosasset.cics.internal.factories.CicsCommareaZosAssetFactory I BAQR1753I: Loaded CICS COMMAREA z/OS Asset VRCB0130
[9/6/26, 14:27:56:111 GMT] 00002d0a com.ibm.zosconnect.engine.impl.ZosAssetManagerImpl           E BAQR1622E: Failed to read WEB-INF/src/main/zosAssets/import/zosAsset.yaml. The file does not exist.
[9/6/26, 14:27:56:117 GMT] 00002d0a com.ibm.zosconnect.engine.impl.OperationManagerImpl          E BAQR1660E: Missing operation.yaml for operation %2Fcustomers/post.
[9/6/26, 14:27:56:119 GMT] 00002d0a liberty.microprofile.openapi20.internal.ApplicationProcessor I CWWKO1660I: The application api was processed and an OpenAPI document was produced.
[9/6/26, 14:27:56:120 GMT] 00002d0a com.ibm.ws.webcontainer.osgi.webapp.WebGroup                 I SRVE0169I: Loading Web Module: api.
[9/6/26, 14:27:56:120 GMT] 00002d0a com.ibm.ws.webcontainer                                      I SRVE0250I: Web Module api has been bound to default_host.
[9/6/26, 14:27:56:120 GMT] 00002d0a com.ibm.ws.http.internal.VirtualHostImpl                     A CWWKT0016I: Web application available (default_host): http://02db3501d6ac:9080/
[9/6/26, 14:27:56:120 GMT] 00002c4c com.ibm.ws.session.WASSessionCore                            I SESN0176I: A new session context will be created for application key default_host/
[9/6/26, 14:27:56:120 GMT] 00002c4c com.ibm.ws.util                                              I SESN0172I: The session manager is using the Java default SecureRandom implementation for session ID generation.
[9/6/26, 14:27:56:122 GMT] 00002c4c com.ibm.ws.app.manager.AppMessageHelper                      A CWWKZ0001I: Application api started in 0.128 seconds.
[9/6/26, 14:27:56:126 GMT] 00002c73 com.ibm.ws.webcontainer.osgi.mbeans.PluginGenerator          I SRVE9103I: A configuration file for a web server plugin was automatically generated for this server at /opt/ibm/wlp/output/defaultServer/logs/state/plugin-cfg.xml.
[9/6/26, 14:27:56:126 GMT] 00002c4c apache.cxf.cxf.core.3.2:1.0.111.cl260320260625-2008(id=110)] I Setting the server's publish address to be /
[9/6/26, 14:27:56:128 GMT] 00002c4c com.ibm.ws.webcontainer.servlet                              I SRVE0242I: [api] [/] [{{oasTitle}}]: Initialization successful.
[9/6/26, 14:28:04:481 GMT] 00002d22 com.ibm.ws.http.internal.VirtualHostImpl                     A CWWKT0017I: Web application removed (default_host): http://02db3501d6ac:9080/
[9/6/26, 14:28:04:481 GMT] 00002d22 com.ibm.ws.webcontainer.servlet                              I SRVE0253I: [api] [/] [{{oasTitle}}]: Destroy successful.
[9/6/26, 14:28:04:483 GMT] 00002d22 com.ibm.ws.app.manager.AppMessageHelper                      A CWWKZ0009I: The application api has stopped successfully.
[9/6/26, 14:28:04:486 GMT] 00002d22 com.ibm.ws.app.manager.AppMessageHelper                      I CWWKZ0018I: Starting application api.
[9/6/26, 14:28:04:486 GMT] 00002d22 bm.ws.app.manager.war.internal.WARDeployedAppInfoFactoryImpl I CWWKZ0133I: The api application at the /opt/ibm/wlp/usr/servers/defaultServer/dropins/api.war location is being expanded to the /opt/ibm/wlp/usr/servers/defaultServer/apps/expanded/api.war directory.
[9/6/26, 14:28:04:493 GMT] 00002c9b com.ibm.ws.webcontainer.osgi.mbeans.PluginGenerator          I SRVE9103I: A configuration file for a web server plugin was automatically generated for this server at /opt/ibm/wlp/output/defaultServer/logs/state/plugin-cfg.xml.
[9/6/26, 14:28:04:580 GMT] 00002d22 com.ibm.zosconnect.engine.impl.OperationManagerImpl          E BAQR1660E: Missing operation.yaml for operation %2Fcustomers/post.
[9/6/26, 14:28:04:587 GMT] 00002d22 zosasset.cics.internal.factories.CicsCommareaZosAssetFactory I BAQR1753I: Loaded CICS COMMAREA z/OS Asset VRCB0130
[9/6/26, 14:28:04:587 GMT] 00002d22 com.ibm.zosconnect.engine.impl.ZosAssetManagerImpl           E BAQR1622E: Failed to read WEB-INF/src/main/zosAssets/import/zosAsset.yaml. The file does not exist.
[9/6/26, 14:28:04:591 GMT] 00002d22 liberty.microprofile.openapi20.internal.ApplicationProcessor I CWWKO1660I: The application api was processed and an OpenAPI document was produced.
[9/6/26, 14:28:04:592 GMT] 00002d22 com.ibm.ws.webcontainer.osgi.webapp.WebGroup                 I SRVE0169I: Loading Web Module: api.
[9/6/26, 14:28:04:592 GMT] 00002d22 com.ibm.ws.webcontainer                                      I SRVE0250I: Web Module api has been bound to default_host.
[9/6/26, 14:28:04:592 GMT] 00002d22 com.ibm.ws.http.internal.VirtualHostImpl                     A CWWKT0016I: Web application available (default_host): http://02db3501d6ac:9080/
[9/6/26, 14:28:04:593 GMT] 00002d23 com.ibm.ws.session.WASSessionCore                            I SESN0176I: A new session context will be created for application key default_host/
[9/6/26, 14:28:04:594 GMT] 00002d23 com.ibm.ws.util                                              I SESN0172I: The session manager is using the Java default SecureRandom implementation for session ID generation.
[9/6/26, 14:28:04:599 GMT] 00002d23 com.ibm.ws.app.manager.AppMessageHelper                      A CWWKZ0003I: The application api updated in 0.112 seconds.
[9/6/26, 14:28:04:599 GMT] 00002d22 com.ibm.ws.webcontainer.osgi.mbeans.PluginGenerator          I SRVE9103I: A configuration file for a web server plugin was automatically generated for this server at /opt/ibm/wlp/output/defaultServer/logs/state/plugin-cfg.xml.
[9/6/26, 14:28:04:604 GMT] 00002d23 apache.cxf.cxf.core.3.2:1.0.111.cl260320260625-2008(id=110)] I Setting the server's publish address to be /
[9/6/26, 14:28:04:606 GMT] 00002d23 com.ibm.ws.webcontainer.servlet                              I SRVE0242I: [api] [/] [{{oasTitle}}]: Initialization successful.
[9/6/26, 14:28:14:018 GMT] 00002d23 com.ibm.ws.http.internal.VirtualHostImpl                     A CWWKT0017I: Web application removed (default_host): http://02db3501d6ac:9080/
[9/6/26, 14:28:14:020 GMT] 00002d23 com.ibm.ws.webcontainer.servlet                              I SRVE0253I: [api] [/] [{{oasTitle}}]: Destroy successful.
[9/6/26, 14:28:14:024 GMT] 00002d23 com.ibm.ws.app.manager.AppMessageHelper                      A CWWKZ0009I: The application api has stopped successfully.
[9/6/26, 14:28:14:027 GMT] 00002d23 com.ibm.ws.app.manager.AppMessageHelper                      I CWWKZ0018I: Starting application api.
[9/6/26, 14:28:14:027 GMT] 00002d23 bm.ws.app.manager.war.internal.WARDeployedAppInfoFactoryImpl I CWWKZ0133I: The api application at the /opt/ibm/wlp/usr/servers/defaultServer/dropins/api.war location is being expanded to the /opt/ibm/wlp/usr/servers/defaultServer/apps/expanded/api.war directory.
[9/6/26, 14:28:14:034 GMT] 00002d3d com.ibm.ws.webcontainer.osgi.mbeans.PluginGenerator          I SRVE9103I: A configuration file for a web server plugin was automatically generated for this server at /opt/ibm/wlp/output/defaultServer/logs/state/plugin-cfg.xml.
[9/6/26, 14:28:14:119 GMT] 00002d23 com.ibm.zosconnect.engine.impl.OperationManagerImpl          E BAQR1660E: Missing operation.yaml for operation %2Fcustomers/post.
[9/6/26, 14:28:14:124 GMT] 00002d23 zosasset.cics.internal.factories.CicsCommareaZosAssetFactory I BAQR1753I: Loaded CICS COMMAREA z/OS Asset VRCB0130
[9/6/26, 14:28:14:124 GMT] 00002d23 com.ibm.zosconnect.engine.impl.ZosAssetManagerImpl           E BAQR1622E: Failed to read WEB-INF/src/main/zosAssets/import/zosAsset.yaml. The file does not exist.
[9/6/26, 14:28:14:127 GMT] 00002d23 liberty.microprofile.openapi20.internal.ApplicationProcessor I CWWKO1660I: The application api was processed and an OpenAPI document was produced.
[9/6/26, 14:28:14:127 GMT] 00002d23 com.ibm.ws.webcontainer.osgi.webapp.WebGroup                 I SRVE0169I: Loading Web Module: api.
[9/6/26, 14:28:14:127 GMT] 00002d23 com.ibm.ws.webcontainer                                      I SRVE0250I: Web Module api has been bound to default_host.
[9/6/26, 14:28:14:127 GMT] 00002d23 com.ibm.ws.http.internal.VirtualHostImpl                     A CWWKT0016I: Web application available (default_host): http://02db3501d6ac:9080/
[9/6/26, 14:28:14:127 GMT] 00002cb5 com.ibm.ws.session.WASSessionCore                            I SESN0176I: A new session context will be created for application key default_host/
[9/6/26, 14:28:14:128 GMT] 00002cb5 com.ibm.ws.util                                              I SESN0172I: The session manager is using the Java default SecureRandom implementation for session ID generation.
[9/6/26, 14:28:14:130 GMT] 00002cb5 com.ibm.ws.app.manager.AppMessageHelper                      A CWWKZ0003I: The application api updated in 0.103 seconds.
[9/6/26, 14:28:14:133 GMT] 00002d0c com.ibm.ws.webcontainer.osgi.mbeans.PluginGenerator          I SRVE9103I: A configuration file for a web server plugin was automatically generated for this server at /opt/ibm/wlp/output/defaultServer/logs/state/plugin-cfg.xml.
[9/6/26, 14:28:14:134 GMT] 00002cb5 apache.cxf.cxf.core.3.2:1.0.111.cl260320260625-2008(id=110)] I Setting the server's publish address to be /
[9/6/26, 14:28:14:136 GMT] 00002cb5 com.ibm.ws.webcontainer.servlet                              I SRVE0242I: [api] [/] [{{oasTitle}}]: Initialization successful.
[9/6/26, 14:28:22:451 GMT] 00002d52 com.ibm.ws.http.internal.VirtualHostImpl                     A CWWKT0017I: Web application removed (default_host): http://02db3501d6ac:9080/
[9/6/26, 14:28:22:452 GMT] 00002d52 com.ibm.ws.webcontainer.servlet                              I SRVE0253I: [api] [/] [{{oasTitle}}]: Destroy successful.
[9/6/26, 14:28:22:455 GMT] 00002d52 com.ibm.ws.app.manager.AppMessageHelper                      A CWWKZ0009I: The application api has stopped successfully.
[9/6/26, 14:28:22:461 GMT] 00002d38 com.ibm.ws.webcontainer.osgi.mbeans.PluginGenerator          I SRVE9103I: A configuration file for a web server plugin was automatically generated for this server at /opt/ibm/wlp/output/defaultServer/logs/state/plugin-cfg.xml.
[9/6/26, 14:28:23:160 GMT] 00002d4f com.ibm.ws.app.manager.AppMessageHelper                      I CWWKZ0018I: Starting application api.
[9/6/26, 14:28:23:161 GMT] 00002d4f bm.ws.app.manager.war.internal.WARDeployedAppInfoFactoryImpl I CWWKZ0133I: The api application at the /opt/ibm/wlp/usr/servers/defaultServer/dropins/api.war location is being expanded to the /opt/ibm/wlp/usr/servers/defaultServer/apps/expanded/api.war directory.
[9/6/26, 14:28:23:297 GMT] 00002d4f zosasset.cics.internal.factories.CicsCommareaZosAssetFactory I BAQR1753I: Loaded CICS COMMAREA z/OS Asset VRCB0130
[9/6/26, 14:28:23:298 GMT] 00002d4f com.ibm.zosconnect.engine.impl.ZosAssetManagerImpl           E BAQR1622E: Failed to read WEB-INF/src/main/zosAssets/import/zosAsset.yaml. The file does not exist.
[9/6/26, 14:28:23:302 GMT] 00002d4f com.ibm.zosconnect.engine.impl.OperationManagerImpl          E BAQR1660E: Missing operation.yaml for operation %2Fcustomers/post.
[9/6/26, 14:28:23:305 GMT] 00002d4f liberty.microprofile.openapi20.internal.ApplicationProcessor I CWWKO1660I: The application api was processed and an OpenAPI document was produced.
[9/6/26, 14:28:23:305 GMT] 00002d4f com.ibm.ws.webcontainer.osgi.webapp.WebGroup                 I SRVE0169I: Loading Web Module: api.
[9/6/26, 14:28:23:306 GMT] 00002d4f com.ibm.ws.webcontainer                                      I SRVE0250I: Web Module api has been bound to default_host.
[9/6/26, 14:28:23:306 GMT] 00002d4f com.ibm.ws.http.internal.VirtualHostImpl                     A CWWKT0016I: Web application available (default_host): http://02db3501d6ac:9080/
[9/6/26, 14:28:23:306 GMT] 00002d36 com.ibm.ws.session.WASSessionCore                            I SESN0176I: A new session context will be created for application key default_host/
[9/6/26, 14:28:23:306 GMT] 00002d36 com.ibm.ws.util                                              I SESN0172I: The session manager is using the Java default SecureRandom implementation for session ID generation.
[9/6/26, 14:28:23:308 GMT] 00002d36 com.ibm.ws.app.manager.AppMessageHelper                      A CWWKZ0001I: Application api started in 0.147 seconds.
[9/6/26, 14:28:23:311 GMT] 00002d4a com.ibm.ws.webcontainer.osgi.mbeans.PluginGenerator          I SRVE9103I: A configuration file for a web server plugin was automatically generated for this server at /opt/ibm/wlp/output/defaultServer/logs/state/plugin-cfg.xml.
[9/6/26, 14:28:23:311 GMT] 00002d36 apache.cxf.cxf.core.3.2:1.0.111.cl260320260625-2008(id=110)] I Setting the server's publish address to be /
[9/6/26, 14:28:23:315 GMT] 00002d36 com.ibm.ws.webcontainer.servlet                              I SRVE0242I: [api] [/] [{{oasTitle}}]: Initialization successful.
[9/6/26, 14:28:31:420 GMT] 00002d61 com.ibm.ws.http.internal.VirtualHostImpl                     A CWWKT0017I: Web application removed (default_host): http://02db3501d6ac:9080/
[9/6/26, 14:28:31:421 GMT] 00002d61 com.ibm.ws.webcontainer.servlet                              I SRVE0253I: [api] [/] [{{oasTitle}}]: Destroy successful.
[9/6/26, 14:28:31:423 GMT] 00002d61 com.ibm.ws.app.manager.AppMessageHelper                      A CWWKZ0009I: The application api has stopped successfully.
[9/6/26, 14:28:31:429 GMT] 00002ce7 com.ibm.ws.webcontainer.osgi.mbeans.PluginGenerator          I SRVE9103I: A configuration file for a web server plugin was automatically generated for this server at /opt/ibm/wlp/output/defaultServer/logs/state/plugin-cfg.xml.
[9/6/26, 14:28:32:134 GMT] 00002ce7 com.ibm.ws.app.manager.AppMessageHelper                      I CWWKZ0018I: Starting application api.
[9/6/26, 14:28:32:135 GMT] 00002ce7 bm.ws.app.manager.war.internal.WARDeployedAppInfoFactoryImpl I CWWKZ0133I: The api application at the /opt/ibm/wlp/usr/servers/defaultServer/dropins/api.war location is being expanded to the /opt/ibm/wlp/usr/servers/defaultServer/apps/expanded/api.war directory.
[9/6/26, 14:28:32:253 GMT] 00002ce7 zosasset.cics.internal.factories.CicsCommareaZosAssetFactory I BAQR1753I: Loaded CICS COMMAREA z/OS Asset VRCB0130
[9/6/26, 14:28:32:253 GMT] 00002ce7 com.ibm.zosconnect.engine.impl.ZosAssetManagerImpl           E BAQR1622E: Failed to read WEB-INF/src/main/zosAssets/import/zosAsset.yaml. The file does not exist.
[9/6/26, 14:28:32:259 GMT] 00002ce7 com.ibm.zosconnect.engine.impl.OperationManagerImpl          E BAQR1660E: Missing operation.yaml for operation %2Fcustomers/post.
[9/6/26, 14:28:32:262 GMT] 00002ce7 liberty.microprofile.openapi20.internal.ApplicationProcessor I CWWKO1660I: The application api was processed and an OpenAPI document was produced.
[9/6/26, 14:28:32:262 GMT] 00002ce7 com.ibm.ws.webcontainer.osgi.webapp.WebGroup                 I SRVE0169I: Loading Web Module: api.
[9/6/26, 14:28:32:262 GMT] 00002ce7 com.ibm.ws.webcontainer                                      I SRVE0250I: Web Module api has been bound to default_host.
[9/6/26, 14:28:32:262 GMT] 00002ce7 com.ibm.ws.http.internal.VirtualHostImpl                     A CWWKT0016I: Web application available (default_host): http://02db3501d6ac:9080/
[9/6/26, 14:28:32:262 GMT] 00002c59 com.ibm.ws.session.WASSessionCore                            I SESN0176I: A new session context will be created for application key default_host/
[9/6/26, 14:28:32:263 GMT] 00002c59 com.ibm.ws.util                                              I SESN0172I: The session manager is using the Java default SecureRandom implementation for session ID generation.
[9/6/26, 14:28:32:265 GMT] 00002c59 com.ibm.ws.app.manager.AppMessageHelper                      A CWWKZ0001I: Application api started in 0.130 seconds.
[9/6/26, 14:28:32:269 GMT] 00002c59 apache.cxf.cxf.core.3.2:1.0.111.cl260320260625-2008(id=110)] I Setting the server's publish address to be /
[9/6/26, 14:28:32:269 GMT] 00002d4d com.ibm.ws.webcontainer.osgi.mbeans.PluginGenerator          I SRVE9103I: A configuration file for a web server plugin was automatically generated for this server at /opt/ibm/wlp/output/defaultServer/logs/state/plugin-cfg.xml.
[9/6/26, 14:28:32:271 GMT] 00002c59 com.ibm.ws.webcontainer.servlet                              I SRVE0242I: [api] [/] [{{oasTitle}}]: Initialization successful.
[9/6/26, 14:34:23:323 GMT] 00002ef4 com.ibm.ws.http.internal.VirtualHostImpl                     A CWWKT0017I: Web application removed (default_host): http://02db3501d6ac:9080/
[9/6/26, 14:34:23:326 GMT] 00002ef4 com.ibm.ws.webcontainer.servlet                              I SRVE0253I: [api] [/] [{{oasTitle}}]: Destroy successful.
[9/6/26, 14:34:23:335 GMT] 00002ef4 com.ibm.ws.app.manager.AppMessageHelper                      A CWWKZ0009I: The application api has stopped successfully.
[9/6/26, 14:34:23:338 GMT] 00002ef4 com.ibm.ws.app.manager.AppMessageHelper                      I CWWKZ0018I: Starting application api.
[9/6/26, 14:34:23:338 GMT] 00002ef4 bm.ws.app.manager.war.internal.WARDeployedAppInfoFactoryImpl I CWWKZ0133I: The api application at the /opt/ibm/wlp/usr/servers/defaultServer/dropins/api.war location is being expanded to the /opt/ibm/wlp/usr/servers/defaultServer/apps/expanded/api.war directory.
[9/6/26, 14:34:23:357 GMT] 00002ebe com.ibm.ws.webcontainer.osgi.mbeans.PluginGenerator          I SRVE9103I: A configuration file for a web server plugin was automatically generated for this server at /opt/ibm/wlp/output/defaultServer/logs/state/plugin-cfg.xml.
[9/6/26, 14:34:23:473 GMT] 00002ef4 com.ibm.zosconnect.engine.impl.OperationManagerImpl          E BAQR1660E: Missing operation.yaml for operation %2Fcustomers/post.
[9/6/26, 14:34:23:481 GMT] 00002ef4 zosasset.cics.internal.factories.CicsCommareaZosAssetFactory I BAQR1753I: Loaded CICS COMMAREA z/OS Asset VRCB0130
[9/6/26, 14:34:23:481 GMT] 00002ef4 com.ibm.zosconnect.engine.impl.ZosAssetManagerImpl           E BAQR1622E: Failed to read WEB-INF/src/main/zosAssets/import/zosAsset.yaml. The file does not exist.
[9/6/26, 14:34:23:484 GMT] 00002ef4 liberty.microprofile.openapi20.internal.ApplicationProcessor I CWWKO1660I: The application api was processed and an OpenAPI document was produced.
[9/6/26, 14:34:23:485 GMT] 00002ef4 com.ibm.ws.webcontainer.osgi.webapp.WebGroup                 I SRVE0169I: Loading Web Module: api.
[9/6/26, 14:34:23:485 GMT] 00002ef4 com.ibm.ws.webcontainer                                      I SRVE0250I: Web Module api has been bound to default_host.
[9/6/26, 14:34:23:485 GMT] 00002ef4 com.ibm.ws.http.internal.VirtualHostImpl                     A CWWKT0016I: Web application available (default_host): http://02db3501d6ac:9080/
[9/6/26, 14:34:23:486 GMT] 00002ef3 com.ibm.ws.session.WASSessionCore                            I SESN0176I: A new session context will be created for application key default_host/
[9/6/26, 14:34:23:486 GMT] 00002ef3 com.ibm.ws.util                                              I SESN0172I: The session manager is using the Java default SecureRandom implementation for session ID generation.
[9/6/26, 14:34:23:490 GMT] 00002ef3 com.ibm.ws.app.manager.AppMessageHelper                      A CWWKZ0003I: The application api updated in 0.151 seconds.
[9/6/26, 14:34:23:491 GMT] 00002ec5 com.ibm.ws.webcontainer.osgi.mbeans.PluginGenerator          I SRVE9103I: A configuration file for a web server plugin was automatically generated for this server at /opt/ibm/wlp/output/defaultServer/logs/state/plugin-cfg.xml.
[9/6/26, 14:34:23:497 GMT] 00002ef3 apache.cxf.cxf.core.3.2:1.0.111.cl260320260625-2008(id=110)] I Setting the server's publish address to be /
[9/6/26, 14:34:23:500 GMT] 00002ef3 com.ibm.ws.webcontainer.servlet                              I SRVE0242I: [api] [/] [{{oasTitle}}]: Initialization successful.
[9/6/26, 14:34:31:830 GMT] 00002f07 com.ibm.ws.http.internal.VirtualHostImpl                     A CWWKT0017I: Web application removed (default_host): http://02db3501d6ac:9080/
[9/6/26, 14:34:31:830 GMT] 00002f07 com.ibm.ws.webcontainer.servlet                              I SRVE0253I: [api] [/] [{{oasTitle}}]: Destroy successful.
[9/6/26, 14:34:31:832 GMT] 00002f07 com.ibm.ws.app.manager.AppMessageHelper                      A CWWKZ0009I: The application api has stopped successfully.
[9/6/26, 14:34:31:834 GMT] 00002f07 com.ibm.ws.app.manager.AppMessageHelper                      I CWWKZ0018I: Starting application api.
[9/6/26, 14:34:31:834 GMT] 00002f07 bm.ws.app.manager.war.internal.WARDeployedAppInfoFactoryImpl I CWWKZ0133I: The api application at the /opt/ibm/wlp/usr/servers/defaultServer/dropins/api.war location is being expanded to the /opt/ibm/wlp/usr/servers/defaultServer/apps/expanded/api.war directory.
[9/6/26, 14:34:31:844 GMT] 00002ef7 com.ibm.ws.webcontainer.osgi.mbeans.PluginGenerator          I SRVE9103I: A configuration file for a web server plugin was automatically generated for this server at /opt/ibm/wlp/output/defaultServer/logs/state/plugin-cfg.xml.
[9/6/26, 14:34:31:941 GMT] 00002f07 com.ibm.zosconnect.engine.impl.OperationManagerImpl          E BAQR1660E: Missing operation.yaml for operation %2Fcustomers/post.
[9/6/26, 14:34:31:946 GMT] 00002f07 zosasset.cics.internal.factories.CicsCommareaZosAssetFactory I BAQR1753I: Loaded CICS COMMAREA z/OS Asset VRCB0130
[9/6/26, 14:34:31:947 GMT] 00002f07 com.ibm.zosconnect.engine.impl.ZosAssetManagerImpl           E BAQR1622E: Failed to read WEB-INF/src/main/zosAssets/import/zosAsset.yaml. The file does not exist.
[9/6/26, 14:34:31:949 GMT] 00002f07 liberty.microprofile.openapi20.internal.ApplicationProcessor I CWWKO1660I: The application api was processed and an OpenAPI document was produced.
[9/6/26, 14:34:31:949 GMT] 00002f07 com.ibm.ws.webcontainer.osgi.webapp.WebGroup                 I SRVE0169I: Loading Web Module: api.
[9/6/26, 14:34:31:949 GMT] 00002f07 com.ibm.ws.webcontainer                                      I SRVE0250I: Web Module api has been bound to default_host.
[9/6/26, 14:34:31:950 GMT] 00002f07 com.ibm.ws.http.internal.VirtualHostImpl                     A CWWKT0016I: Web application available (default_host): http://02db3501d6ac:9080/
[9/6/26, 14:34:31:950 GMT] 00002ecb com.ibm.ws.session.WASSessionCore                            I SESN0176I: A new session context will be created for application key default_host/
[9/6/26, 14:34:31:950 GMT] 00002ecb com.ibm.ws.util                                              I SESN0172I: The session manager is using the Java default SecureRandom implementation for session ID generation.
[9/6/26, 14:34:31:952 GMT] 00002ecb com.ibm.ws.app.manager.AppMessageHelper                      A CWWKZ0003I: The application api updated in 0.118 seconds.
[9/6/26, 14:34:31:959 GMT] 00002ecb apache.cxf.cxf.core.3.2:1.0.111.cl260320260625-2008(id=110)] I Setting the server's publish address to be /
[9/6/26, 14:34:31:960 GMT] 00002f07 com.ibm.ws.webcontainer.osgi.mbeans.PluginGenerator          I SRVE9103I: A configuration file for a web server plugin was automatically generated for this server at /opt/ibm/wlp/output/defaultServer/logs/state/plugin-cfg.xml.
[9/6/26, 14:34:31:961 GMT] 00002ecb com.ibm.ws.webcontainer.servlet                              I SRVE0242I: [api] [/] [{{oasTitle}}]: Initialization successful.
[9/6/26, 14:39:48:701 GMT] 0000304d com.ibm.zosconnect.ui.backend.workspace.ZosAssetManager      E BAQW0091E: Unable to find file zosAsset.yaml within the import directory.
[9/6/26, 14:39:53:681 GMT] 00003063 com.ibm.zosconnect.ui.backend.workspace.ZosAssetManager      E BAQW0091E: Unable to find file zosAsset.yaml within the import directory.
[9/6/26, 14:39:54:369 GMT] 00003070 com.ibm.zosconnect.ui.backend.workspace.ZosAssetManager      E BAQW0091E: Unable to find file zosAsset.yaml within the import directory.
[9/6/26, 14:40:05:288 GMT] 0000307d com.ibm.ws.http.internal.VirtualHostImpl                     A CWWKT0017I: Web application removed (default_host): http://02db3501d6ac:9080/
[9/6/26, 14:40:05:289 GMT] 0000307d com.ibm.ws.webcontainer.servlet                              I SRVE0253I: [api] [/] [{{oasTitle}}]: Destroy successful.
[9/6/26, 14:40:05:293 GMT] 0000307d com.ibm.ws.app.manager.AppMessageHelper                      A CWWKZ0009I: The application api has stopped successfully.
[9/6/26, 14:40:05:295 GMT] 0000307d com.ibm.ws.app.manager.AppMessageHelper                      I CWWKZ0018I: Starting application api.
[9/6/26, 14:40:05:296 GMT] 0000307d bm.ws.app.manager.war.internal.WARDeployedAppInfoFactoryImpl I CWWKZ0133I: The api application at the /opt/ibm/wlp/usr/servers/defaultServer/dropins/api.war location is being expanded to the /opt/ibm/wlp/usr/servers/defaultServer/apps/expanded/api.war directory.
[9/6/26, 14:40:05:307 GMT] 00003058 com.ibm.ws.webcontainer.osgi.mbeans.PluginGenerator          I SRVE9103I: A configuration file for a web server plugin was automatically generated for this server at /opt/ibm/wlp/output/defaultServer/logs/state/plugin-cfg.xml.
[9/6/26, 14:40:05:404 GMT] 0000307d zosasset.cics.internal.factories.CicsCommareaZosAssetFactory I BAQR1753I: Loaded CICS COMMAREA z/OS Asset VRCB0130
[9/6/26, 14:40:05:404 GMT] 0000307d com.ibm.zosconnect.engine.impl.ZosAssetManagerImpl           E BAQR1622E: Failed to read WEB-INF/src/main/zosAssets/import/zosAsset.yaml. The file does not exist.
[9/6/26, 14:40:05:410 GMT] 0000307d com.ibm.zosconnect.engine.impl.OperationManagerImpl          E BAQR1660E: Missing operation.yaml for operation %2Fcustomers/post.
[9/6/26, 14:40:05:412 GMT] 0000307d liberty.microprofile.openapi20.internal.ApplicationProcessor I CWWKO1660I: The application api was processed and an OpenAPI document was produced.
[9/6/26, 14:40:05:413 GMT] 0000307d com.ibm.ws.webcontainer.osgi.webapp.WebGroup                 I SRVE0169I: Loading Web Module: api.
[9/6/26, 14:40:05:413 GMT] 0000307d com.ibm.ws.webcontainer                                      I SRVE0250I: Web Module api has been bound to default_host.
[9/6/26, 14:40:05:413 GMT] 0000307d com.ibm.ws.http.internal.VirtualHostImpl                     A CWWKT0016I: Web application available (default_host): http://02db3501d6ac:9080/
[9/6/26, 14:40:05:413 GMT] 0000305a com.ibm.ws.session.WASSessionCore                            I SESN0176I: A new session context will be created for application key default_host/
[9/6/26, 14:40:05:414 GMT] 0000305a com.ibm.ws.util                                              I SESN0172I: The session manager is using the Java default SecureRandom implementation for session ID generation.
[9/6/26, 14:40:05:419 GMT] 0000305a com.ibm.ws.app.manager.AppMessageHelper                      A CWWKZ0003I: The application api updated in 0.123 seconds.
[9/6/26, 14:40:05:421 GMT] 0000307d com.ibm.ws.webcontainer.osgi.mbeans.PluginGenerator          I SRVE9103I: A configuration file for a web server plugin was automatically generated for this server at /opt/ibm/wlp/output/defaultServer/logs/state/plugin-cfg.xml.
[9/6/26, 14:40:05:424 GMT] 0000305a apache.cxf.cxf.core.3.2:1.0.111.cl260320260625-2008(id=110)] I Setting the server's publish address to be /
[9/6/26, 14:40:05:430 GMT] 0000305a com.ibm.ws.webcontainer.servlet                              I SRVE0242I: [api] [/] [{{oasTitle}}]: Initialization successful.
[9/6/26, 14:42:11:894 GMT] 00003105 com.ibm.ws.http.internal.VirtualHostImpl                     A CWWKT0017I: Web application removed (default_host): http://02db3501d6ac:9080/
[9/6/26, 14:42:11:895 GMT] 00003105 com.ibm.ws.webcontainer.servlet                              I SRVE0253I: [api] [/] [{{oasTitle}}]: Destroy successful.
[9/6/26, 14:42:11:902 GMT] 00003105 com.ibm.ws.app.manager.AppMessageHelper                      A CWWKZ0009I: The application api has stopped successfully.
[9/6/26, 14:42:11:905 GMT] 00003105 com.ibm.ws.app.manager.AppMessageHelper                      I CWWKZ0018I: Starting application api.
[9/6/26, 14:42:11:905 GMT] 00003105 bm.ws.app.manager.war.internal.WARDeployedAppInfoFactoryImpl I CWWKZ0133I: The api application at the /opt/ibm/wlp/usr/servers/defaultServer/dropins/api.war location is being expanded to the /opt/ibm/wlp/usr/servers/defaultServer/apps/expanded/api.war directory.
[9/6/26, 14:42:11:924 GMT] 0000311f com.ibm.ws.webcontainer.osgi.mbeans.PluginGenerator          I SRVE9103I: A configuration file for a web server plugin was automatically generated for this server at /opt/ibm/wlp/output/defaultServer/logs/state/plugin-cfg.xml.
[9/6/26, 14:42:12:024 GMT] 00003105 com.ibm.zosconnect.engine.impl.OperationManagerImpl          E BAQR1660E: Missing operation.yaml for operation %2Fcustomers/post.
[9/6/26, 14:42:12:033 GMT] 00003105 zosasset.cics.internal.factories.CicsCommareaZosAssetFactory I BAQR1753I: Loaded CICS COMMAREA z/OS Asset VRCB0130
[9/6/26, 14:42:12:033 GMT] 00003105 com.ibm.zosconnect.engine.impl.ZosAssetManagerImpl           E BAQR1622E: Failed to read WEB-INF/src/main/zosAssets/import/zosAsset.yaml. The file does not exist.
[9/6/26, 14:42:12:036 GMT] 00003105 liberty.microprofile.openapi20.internal.ApplicationProcessor I CWWKO1660I: The application api was processed and an OpenAPI document was produced.
[9/6/26, 14:42:12:036 GMT] 00003105 com.ibm.ws.webcontainer.osgi.webapp.WebGroup                 I SRVE0169I: Loading Web Module: api.
[9/6/26, 14:42:12:036 GMT] 00003105 com.ibm.ws.webcontainer                                      I SRVE0250I: Web Module api has been bound to default_host.
[9/6/26, 14:42:12:036 GMT] 00003105 com.ibm.ws.http.internal.VirtualHostImpl                     A CWWKT0016I: Web application available (default_host): http://02db3501d6ac:9080/
[9/6/26, 14:42:12:036 GMT] 00003107 com.ibm.ws.session.WASSessionCore                            I SESN0176I: A new session context will be created for application key default_host/
[9/6/26, 14:42:12:037 GMT] 00003107 com.ibm.ws.util                                              I SESN0172I: The session manager is using the Java default SecureRandom implementation for session ID generation.
[9/6/26, 14:42:12:042 GMT] 00003105 com.ibm.ws.webcontainer.osgi.mbeans.PluginGenerator          I SRVE9103I: A configuration file for a web server plugin was automatically generated for this server at /opt/ibm/wlp/output/defaultServer/logs/state/plugin-cfg.xml.
[9/6/26, 14:42:12:042 GMT] 00003107 com.ibm.ws.app.manager.AppMessageHelper                      A CWWKZ0003I: The application api updated in 0.137 seconds.
[9/6/26, 14:42:12:049 GMT] 00003107 apache.cxf.cxf.core.3.2:1.0.111.cl260320260625-2008(id=110)] I Setting the server's publish address to be /
[9/6/26, 14:42:12:053 GMT] 00003107 com.ibm.ws.webcontainer.servlet                              I SRVE0242I: [api] [/] [{{oasTitle}}]: Initialization successful.
[9/6/26, 14:44:35:997 GMT] 00003113 com.ibm.ws.http.internal.VirtualHostImpl                     A CWWKT0017I: Web application removed (default_host): http://02db3501d6ac:9080/
[9/6/26, 14:44:35:999 GMT] 00003113 com.ibm.ws.webcontainer.servlet                              I SRVE0253I: [api] [/] [{{oasTitle}}]: Destroy successful.
[9/6/26, 14:44:36:005 GMT] 00003113 com.ibm.ws.app.manager.AppMessageHelper                      A CWWKZ0009I: The application api has stopped successfully.
[9/6/26, 14:44:36:016 GMT] 00003113 com.ibm.ws.app.manager.AppMessageHelper                      I CWWKZ0018I: Starting application api.
[9/6/26, 14:44:36:017 GMT] 00003113 bm.ws.app.manager.war.internal.WARDeployedAppInfoFactoryImpl I CWWKZ0133I: The api application at the /opt/ibm/wlp/usr/servers/defaultServer/dropins/api.war location is being expanded to the /opt/ibm/wlp/usr/servers/defaultServer/apps/expanded/api.war directory.
[9/6/26, 14:44:36:035 GMT] 000031b3 com.ibm.ws.webcontainer.osgi.mbeans.PluginGenerator          I SRVE9103I: A configuration file for a web server plugin was automatically generated for this server at /opt/ibm/wlp/output/defaultServer/logs/state/plugin-cfg.xml.
[9/6/26, 14:44:36:131 GMT] 00003113 com.ibm.zosconnect.engine.impl.OperationManagerImpl          E BAQR1660E: Missing operation.yaml for operation %2Fcustomers/post.
[9/6/26, 14:44:36:136 GMT] 00003113 zosasset.cics.internal.factories.CicsCommareaZosAssetFactory I BAQR1753I: Loaded CICS COMMAREA z/OS Asset VRCB0130
[9/6/26, 14:44:36:139 GMT] 00003113 zosasset.cics.internal.factories.CicsCommareaZosAssetFactory I BAQR1753I: Loaded CICS COMMAREA z/OS Asset VRCB0100
[9/6/26, 14:44:36:139 GMT] 00003113 com.ibm.zosconnect.engine.impl.ZosAssetManagerImpl           E BAQR1622E: Failed to read WEB-INF/src/main/zosAssets/import/zosAsset.yaml. The file does not exist.
[9/6/26, 14:44:36:142 GMT] 00003113 liberty.microprofile.openapi20.internal.ApplicationProcessor I CWWKO1660I: The application api was processed and an OpenAPI document was produced.
[9/6/26, 14:44:36:143 GMT] 00003113 com.ibm.ws.webcontainer.osgi.webapp.WebGroup                 I SRVE0169I: Loading Web Module: api.
[9/6/26, 14:44:36:143 GMT] 00003113 com.ibm.ws.webcontainer                                      I SRVE0250I: Web Module api has been bound to default_host.
[9/6/26, 14:44:36:143 GMT] 00003113 com.ibm.ws.http.internal.VirtualHostImpl                     A CWWKT0016I: Web application available (default_host): http://02db3501d6ac:9080/
[9/6/26, 14:44:36:143 GMT] 000031bb com.ibm.ws.session.WASSessionCore                            I SESN0176I: A new session context will be created for application key default_host/
[9/6/26, 14:44:36:143 GMT] 000031bb com.ibm.ws.util                                              I SESN0172I: The session manager is using the Java default SecureRandom implementation for session ID generation.
[9/6/26, 14:44:36:147 GMT] 000031bb com.ibm.ws.app.manager.AppMessageHelper                      A CWWKZ0003I: The application api updated in 0.130 seconds.
[9/6/26, 14:44:36:150 GMT] 00003113 com.ibm.ws.webcontainer.osgi.mbeans.PluginGenerator          I SRVE9103I: A configuration file for a web server plugin was automatically generated for this server at /opt/ibm/wlp/output/defaultServer/logs/state/plugin-cfg.xml.
[9/6/26, 14:44:36:152 GMT] 000031bb apache.cxf.cxf.core.3.2:1.0.111.cl260320260625-2008(id=110)] I Setting the server's publish address to be /
[9/6/26, 14:44:36:154 GMT] 000031bb com.ibm.ws.webcontainer.servlet                              I SRVE0242I: [api] [/] [{{oasTitle}}]: Initialization successful.
[9/6/26, 14:44:44:702 GMT] 000031ad com.ibm.zosconnect.ui.backend.workspace.ZosAssetManager      E BAQW0091E: Unable to find file zosAsset.yaml within the import directory.
[9/6/26, 14:44:48:597 GMT] 000030d2 com.ibm.zosconnect.ui.backend.workspace.ZosAssetManager      E BAQW0091E: Unable to find file zosAsset.yaml within the import directory.
[9/6/26, 14:45:02:154 GMT] 000031d5 com.ibm.ws.http.internal.VirtualHostImpl                     A CWWKT0017I: Web application removed (default_host): http://02db3501d6ac:9080/
[9/6/26, 14:45:02:154 GMT] 000031d5 com.ibm.ws.webcontainer.servlet                              I SRVE0253I: [api] [/] [{{oasTitle}}]: Destroy successful.
[9/6/26, 14:45:02:156 GMT] 000031d5 com.ibm.ws.app.manager.AppMessageHelper                      A CWWKZ0009I: The application api has stopped successfully.
[9/6/26, 14:45:02:162 GMT] 000031e6 com.ibm.ws.webcontainer.osgi.mbeans.PluginGenerator          I SRVE9103I: A configuration file for a web server plugin was automatically generated for this server at /opt/ibm/wlp/output/defaultServer/logs/state/plugin-cfg.xml.
[9/6/26, 14:45:02:850 GMT] 000031e4 com.ibm.ws.app.manager.AppMessageHelper                      I CWWKZ0018I: Starting application api.
[9/6/26, 14:45:02:851 GMT] 000031e4 bm.ws.app.manager.war.internal.WARDeployedAppInfoFactoryImpl I CWWKZ0133I: The api application at the /opt/ibm/wlp/usr/servers/defaultServer/dropins/api.war location is being expanded to the /opt/ibm/wlp/usr/servers/defaultServer/apps/expanded/api.war directory.
[9/6/26, 14:45:02:970 GMT] 000031e4 com.ibm.zosconnect.engine.impl.OperationManagerImpl          E BAQR1660E: Missing operation.yaml for operation %2Fcustomers/post.
[9/6/26, 14:45:02:978 GMT] 000031e4 zosasset.cics.internal.factories.CicsCommareaZosAssetFactory I BAQR1753I: Loaded CICS COMMAREA z/OS Asset VRCB0130
[9/6/26, 14:45:02:981 GMT] 000031e4 zosasset.cics.internal.factories.CicsCommareaZosAssetFactory I BAQR1753I: Loaded CICS COMMAREA z/OS Asset VRCB0100
[9/6/26, 14:45:02:981 GMT] 000031e4 com.ibm.zosconnect.engine.impl.ZosAssetManagerImpl           E BAQR1622E: Failed to read WEB-INF/src/main/zosAssets/import/zosAsset.yaml. The file does not exist.
[9/6/26, 14:45:02:984 GMT] 000031e4 liberty.microprofile.openapi20.internal.ApplicationProcessor I CWWKO1660I: The application api was processed and an OpenAPI document was produced.
[9/6/26, 14:45:02:985 GMT] 000031e4 com.ibm.ws.webcontainer.osgi.webapp.WebGroup                 I SRVE0169I: Loading Web Module: api.
[9/6/26, 14:45:02:985 GMT] 000031e4 com.ibm.ws.webcontainer                                      I SRVE0250I: Web Module api has been bound to default_host.
[9/6/26, 14:45:02:985 GMT] 000031e4 com.ibm.ws.http.internal.VirtualHostImpl                     A CWWKT0016I: Web application available (default_host): http://02db3501d6ac:9080/
[9/6/26, 14:45:02:986 GMT] 000030fe com.ibm.ws.session.WASSessionCore                            I SESN0176I: A new session context will be created for application key default_host/
[9/6/26, 14:45:02:986 GMT] 000030fe com.ibm.ws.util                                              I SESN0172I: The session manager is using the Java default SecureRandom implementation for session ID generation.
[9/6/26, 14:45:02:989 GMT] 000030fe com.ibm.ws.app.manager.AppMessageHelper                      A CWWKZ0001I: Application api started in 0.139 seconds.
[9/6/26, 14:45:02:994 GMT] 000030fe apache.cxf.cxf.core.3.2:1.0.111.cl260320260625-2008(id=110)] I Setting the server's publish address to be /
[9/6/26, 14:45:02:994 GMT] 000031f6 com.ibm.ws.webcontainer.osgi.mbeans.PluginGenerator          I SRVE9103I: A configuration file for a web server plugin was automatically generated for this server at /opt/ibm/wlp/output/defaultServer/logs/state/plugin-cfg.xml.
[9/6/26, 14:45:02:996 GMT] 000030fe com.ibm.ws.webcontainer.servlet                              I SRVE0242I: [api] [/] [{{oasTitle}}]: Initialization successful.
[9/6/26, 14:45:03:530 GMT] 000031fd com.ibm.zosconnect.ui.backend.workspace.ZosAssetManager      E BAQW0018E: An error occurred attempting to delete z/OS Asset file import: java.io.FileNotFoundException: /workspace/project/src/main/zosAssets/import/zosAsset.yaml (No such file or directory)
[9/6/26, 14:45:04:494 GMT] 000031ec com.ibm.zosconnect.ui.backend.workspace.ZosAssetManager      E BAQW0018E: An error occurred attempting to delete z/OS Asset file import: java.io.FileNotFoundException: /workspace/project/src/main/zosAssets/import/zosAsset.yaml (No such file or directory)
[9/6/26, 14:45:07:145 GMT] 000031fe com.ibm.zosconnect.ui.backend.workspace.ZosAssetManager      E BAQW0091E: Unable to find file zosAsset.yaml within the import directory.
[9/6/26, 14:45:20:196 GMT] 0000320d com.ibm.ws.http.internal.VirtualHostImpl                     A CWWKT0017I: Web application removed (default_host): http://02db3501d6ac:9080/
[9/6/26, 14:45:20:196 GMT] 0000320d com.ibm.ws.webcontainer.servlet                              I SRVE0253I: [api] [/] [{{oasTitle}}]: Destroy successful.
[9/6/26, 14:45:20:202 GMT] 0000320d com.ibm.ws.app.manager.AppMessageHelper                      A CWWKZ0009I: The application api has stopped successfully.
[9/6/26, 14:45:20:215 GMT] 000030fe com.ibm.ws.webcontainer.osgi.mbeans.PluginGenerator          I SRVE9103I: A configuration file for a web server plugin was automatically generated for this server at /opt/ibm/wlp/output/defaultServer/logs/state/plugin-cfg.xml.
[9/6/26, 14:45:20:886 GMT] 000031a4 com.ibm.ws.app.manager.AppMessageHelper                      I CWWKZ0018I: Starting application api.
[9/6/26, 14:45:20:886 GMT] 000031a4 bm.ws.app.manager.war.internal.WARDeployedAppInfoFactoryImpl I CWWKZ0133I: The api application at the /opt/ibm/wlp/usr/servers/defaultServer/dropins/api.war location is being expanded to the /opt/ibm/wlp/usr/servers/defaultServer/apps/expanded/api.war directory.
[9/6/26, 14:45:21:018 GMT] 000031a4 com.ibm.zosconnect.engine.impl.OperationManagerImpl          E BAQR1660E: Missing operation.yaml for operation %2Fcustomers/post.
[9/6/26, 14:45:21:025 GMT] 000031a4 zosasset.cics.internal.factories.CicsCommareaZosAssetFactory I BAQR1753I: Loaded CICS COMMAREA z/OS Asset VRCB0130
[9/6/26, 14:45:21:036 GMT] 000031a4 zosasset.cics.internal.factories.CicsCommareaZosAssetFactory I BAQR1753I: Loaded CICS COMMAREA z/OS Asset VRCB0100
[9/6/26, 14:45:21:036 GMT] 000031a4 com.ibm.zosconnect.engine.impl.ZosAssetManagerImpl           E BAQR1622E: Failed to read WEB-INF/src/main/zosAssets/import/zosAsset.yaml. The file does not exist.
[9/6/26, 14:45:21:038 GMT] 000031a4 liberty.microprofile.openapi20.internal.ApplicationProcessor I CWWKO1660I: The application api was processed and an OpenAPI document was produced.
[9/6/26, 14:45:21:040 GMT] 000031a4 com.ibm.ws.webcontainer.osgi.webapp.WebGroup                 I SRVE0169I: Loading Web Module: api.
[9/6/26, 14:45:21:040 GMT] 000031a4 com.ibm.ws.webcontainer                                      I SRVE0250I: Web Module api has been bound to default_host.
[9/6/26, 14:45:21:040 GMT] 000031a4 com.ibm.ws.http.internal.VirtualHostImpl                     A CWWKT0016I: Web application available (default_host): http://02db3501d6ac:9080/
[9/6/26, 14:45:21:040 GMT] 000031ed com.ibm.ws.session.WASSessionCore                            I SESN0176I: A new session context will be created for application key default_host/
[9/6/26, 14:45:21:040 GMT] 000031ed com.ibm.ws.util                                              I SESN0172I: The session manager is using the Java default SecureRandom implementation for session ID generation.
[9/6/26, 14:45:21:043 GMT] 000031ed com.ibm.ws.app.manager.AppMessageHelper                      A CWWKZ0001I: Application api started in 0.157 seconds.
[9/6/26, 14:45:21:045 GMT] 000031f6 com.ibm.ws.webcontainer.osgi.mbeans.PluginGenerator          I SRVE9103I: A configuration file for a web server plugin was automatically generated for this server at /opt/ibm/wlp/output/defaultServer/logs/state/plugin-cfg.xml.
[9/6/26, 14:45:21:049 GMT] 000031ed apache.cxf.cxf.core.3.2:1.0.111.cl260320260625-2008(id=110)] I Setting the server's publish address to be /
[9/6/26, 14:45:21:051 GMT] 000031ed com.ibm.ws.webcontainer.servlet                              I SRVE0242I: [api] [/] [{{oasTitle}}]: Initialization successful.
[9/6/26, 14:45:29:138 GMT] 000031f6 com.ibm.ws.http.internal.VirtualHostImpl                     A CWWKT0017I: Web application removed (default_host): http://02db3501d6ac:9080/
[9/6/26, 14:45:29:138 GMT] 000031f6 com.ibm.ws.webcontainer.servlet                              I SRVE0253I: [api] [/] [{{oasTitle}}]: Destroy successful.
[9/6/26, 14:45:29:141 GMT] 000031f6 com.ibm.ws.app.manager.AppMessageHelper                      A CWWKZ0009I: The application api has stopped successfully.
[9/6/26, 14:45:29:147 GMT] 0000321c com.ibm.ws.webcontainer.osgi.mbeans.PluginGenerator          I SRVE9103I: A configuration file for a web server plugin was automatically generated for this server at /opt/ibm/wlp/output/defaultServer/logs/state/plugin-cfg.xml.
[9/6/26, 14:45:29:841 GMT] 00003182 com.ibm.ws.app.manager.AppMessageHelper                      I CWWKZ0018I: Starting application api.
[9/6/26, 14:45:29:841 GMT] 00003182 bm.ws.app.manager.war.internal.WARDeployedAppInfoFactoryImpl I CWWKZ0133I: The api application at the /opt/ibm/wlp/usr/servers/defaultServer/dropins/api.war location is being expanded to the /opt/ibm/wlp/usr/servers/defaultServer/apps/expanded/api.war directory.
[9/6/26, 14:45:29:959 GMT] 00003182 zosasset.cics.internal.factories.CicsCommareaZosAssetFactory I BAQR1753I: Loaded CICS COMMAREA z/OS Asset VRCB0130
[9/6/26, 14:45:29:963 GMT] 00003182 zosasset.cics.internal.factories.CicsCommareaZosAssetFactory I BAQR1753I: Loaded CICS COMMAREA z/OS Asset VRCB0100
[9/6/26, 14:45:29:963 GMT] 00003182 com.ibm.zosconnect.engine.impl.ZosAssetManagerImpl           E BAQR1622E: Failed to read WEB-INF/src/main/zosAssets/import/zosAsset.yaml. The file does not exist.
[9/6/26, 14:45:29:965 GMT] 00003182 liberty.microprofile.openapi20.internal.ApplicationProcessor I CWWKO1660I: The application api was processed and an OpenAPI document was produced.
[9/6/26, 14:45:29:967 GMT] 00003182 com.ibm.ws.webcontainer.osgi.webapp.WebGroup                 I SRVE0169I: Loading Web Module: api.
[9/6/26, 14:45:29:967 GMT] 00003182 com.ibm.ws.webcontainer                                      I SRVE0250I: Web Module api has been bound to default_host.
[9/6/26, 14:45:29:967 GMT] 00003182 com.ibm.ws.http.internal.VirtualHostImpl                     A CWWKT0016I: Web application available (default_host): http://02db3501d6ac:9080/
[9/6/26, 14:45:29:967 GMT] 0000322c com.ibm.ws.session.WASSessionCore                            I SESN0176I: A new session context will be created for application key default_host/
[9/6/26, 14:45:29:967 GMT] 0000322c com.ibm.ws.util                                              I SESN0172I: The session manager is using the Java default SecureRandom implementation for session ID generation.
[9/6/26, 14:45:29:971 GMT] 0000322c com.ibm.ws.app.manager.AppMessageHelper                      A CWWKZ0001I: Application api started in 0.129 seconds.
[9/6/26, 14:45:29:972 GMT] 00003231 com.ibm.ws.webcontainer.osgi.mbeans.PluginGenerator          I SRVE9103I: A configuration file for a web server plugin was automatically generated for this server at /opt/ibm/wlp/output/defaultServer/logs/state/plugin-cfg.xml.
[9/6/26, 14:45:29:974 GMT] 0000322c apache.cxf.cxf.core.3.2:1.0.111.cl260320260625-2008(id=110)] I Setting the server's publish address to be /
[9/6/26, 14:45:29:976 GMT] 0000322c com.ibm.ws.webcontainer.servlet                              I SRVE0242I: [api] [/] [{{oasTitle}}]: Initialization successful.
[9/6/26, 14:46:32:842 GMT] 00003282 com.ibm.ws.http.internal.VirtualHostImpl                     A CWWKT0017I: Web application removed (default_host): http://02db3501d6ac:9080/
[9/6/26, 14:46:32:843 GMT] 00003282 com.ibm.ws.webcontainer.servlet                              I SRVE0253I: [api] [/] [{{oasTitle}}]: Destroy successful.
[9/6/26, 14:46:32:849 GMT] 00003282 com.ibm.ws.app.manager.AppMessageHelper                      A CWWKZ0009I: The application api has stopped successfully.
[9/6/26, 14:46:32:852 GMT] 00003282 com.ibm.ws.app.manager.AppMessageHelper                      I CWWKZ0018I: Starting application api.
[9/6/26, 14:46:32:852 GMT] 00003282 bm.ws.app.manager.war.internal.WARDeployedAppInfoFactoryImpl I CWWKZ0133I: The api application at the /opt/ibm/wlp/usr/servers/defaultServer/dropins/api.war location is being expanded to the /opt/ibm/wlp/usr/servers/defaultServer/apps/expanded/api.war directory.
[9/6/26, 14:46:32:862 GMT] 0000325e com.ibm.ws.webcontainer.osgi.mbeans.PluginGenerator          I SRVE9103I: A configuration file for a web server plugin was automatically generated for this server at /opt/ibm/wlp/output/defaultServer/logs/state/plugin-cfg.xml.
[9/6/26, 14:46:32:959 GMT] 00003282 zosasset.cics.internal.factories.CicsCommareaZosAssetFactory I BAQR1753I: Loaded CICS COMMAREA z/OS Asset VRCB0130
[9/6/26, 14:46:32:965 GMT] 00003282 zosasset.cics.internal.factories.CicsCommareaZosAssetFactory I BAQR1753I: Loaded CICS COMMAREA z/OS Asset VRCB0100
[9/6/26, 14:46:32:965 GMT] 00003282 com.ibm.zosconnect.engine.impl.ZosAssetManagerImpl           E BAQR1622E: Failed to read WEB-INF/src/main/zosAssets/import/zosAsset.yaml. The file does not exist.
[9/6/26, 14:46:32:974 GMT] 00003282 liberty.microprofile.openapi20.internal.ApplicationProcessor I CWWKO1660I: The application api was processed and an OpenAPI document was produced.
[9/6/26, 14:46:32:975 GMT] 00003282 com.ibm.ws.webcontainer.osgi.webapp.WebGroup                 I SRVE0169I: Loading Web Module: api.
[9/6/26, 14:46:32:975 GMT] 00003282 com.ibm.ws.webcontainer                                      I SRVE0250I: Web Module api has been bound to default_host.
[9/6/26, 14:46:32:975 GMT] 00003282 com.ibm.ws.http.internal.VirtualHostImpl                     A CWWKT0016I: Web application available (default_host): http://02db3501d6ac:9080/
[9/6/26, 14:46:32:975 GMT] 00003272 com.ibm.ws.session.WASSessionCore                            I SESN0176I: A new session context will be created for application key default_host/
[9/6/26, 14:46:32:975 GMT] 00003272 com.ibm.ws.util                                              I SESN0172I: The session manager is using the Java default SecureRandom implementation for session ID generation.
[9/6/26, 14:46:32:979 GMT] 00003282 com.ibm.ws.webcontainer.osgi.mbeans.PluginGenerator          I SRVE9103I: A configuration file for a web server plugin was automatically generated for this server at /opt/ibm/wlp/output/defaultServer/logs/state/plugin-cfg.xml.
[9/6/26, 14:46:32:981 GMT] 00003272 com.ibm.ws.app.manager.AppMessageHelper                      A CWWKZ0003I: The application api updated in 0.129 seconds.
[9/6/26, 14:46:32:985 GMT] 00003272 apache.cxf.cxf.core.3.2:1.0.111.cl260320260625-2008(id=110)] I Setting the server's publish address to be /
[9/6/26, 14:46:32:988 GMT] 00003272 com.ibm.ws.webcontainer.servlet                              I SRVE0242I: [api] [/] [{{oasTitle}}]: Initialization successful.
[9/6/26, 14:46:41:367 GMT] 00003294 com.ibm.ws.http.internal.VirtualHostImpl                     A CWWKT0017I: Web application removed (default_host): http://02db3501d6ac:9080/
[9/6/26, 14:46:41:368 GMT] 00003294 com.ibm.ws.webcontainer.servlet                              I SRVE0253I: [api] [/] [{{oasTitle}}]: Destroy successful.
[9/6/26, 14:46:41:370 GMT] 00003294 com.ibm.ws.app.manager.AppMessageHelper                      A CWWKZ0009I: The application api has stopped successfully.
[9/6/26, 14:46:41:381 GMT] 00003259 com.ibm.ws.webcontainer.osgi.mbeans.PluginGenerator          I SRVE9103I: A configuration file for a web server plugin was automatically generated for this server at /opt/ibm/wlp/output/defaultServer/logs/state/plugin-cfg.xml.
[9/6/26, 14:46:42:076 GMT] 00003290 com.ibm.ws.app.manager.AppMessageHelper                      I CWWKZ0018I: Starting application api.
[9/6/26, 14:46:42:077 GMT] 00003290 bm.ws.app.manager.war.internal.WARDeployedAppInfoFactoryImpl I CWWKZ0133I: The api application at the /opt/ibm/wlp/usr/servers/defaultServer/dropins/api.war location is being expanded to the /opt/ibm/wlp/usr/servers/defaultServer/apps/expanded/api.war directory.
[9/6/26, 14:46:42:200 GMT] 00003290 zosasset.cics.internal.factories.CicsCommareaZosAssetFactory I BAQR1753I: Loaded CICS COMMAREA z/OS Asset VRCB0130
[9/6/26, 14:46:42:202 GMT] 00003290 zosasset.cics.internal.factories.CicsCommareaZosAssetFactory I BAQR1753I: Loaded CICS COMMAREA z/OS Asset VRCB0100
[9/6/26, 14:46:42:203 GMT] 00003290 com.ibm.zosconnect.engine.impl.ZosAssetManagerImpl           E BAQR1622E: Failed to read WEB-INF/src/main/zosAssets/import/zosAsset.yaml. The file does not exist.
[9/6/26, 14:46:42:205 GMT] 00003290 liberty.microprofile.openapi20.internal.ApplicationProcessor I CWWKO1660I: The application api was processed and an OpenAPI document was produced.
[9/6/26, 14:46:42:205 GMT] 00003290 com.ibm.ws.webcontainer.osgi.webapp.WebGroup                 I SRVE0169I: Loading Web Module: api.
[9/6/26, 14:46:42:205 GMT] 00003290 com.ibm.ws.webcontainer                                      I SRVE0250I: Web Module api has been bound to default_host.
[9/6/26, 14:46:42:206 GMT] 00003290 com.ibm.ws.http.internal.VirtualHostImpl                     A CWWKT0016I: Web application available (default_host): http://02db3501d6ac:9080/
[9/6/26, 14:46:42:206 GMT] 00003282 com.ibm.ws.session.WASSessionCore                            I SESN0176I: A new session context will be created for application key default_host/
[9/6/26, 14:46:42:206 GMT] 00003282 com.ibm.ws.util                                              I SESN0172I: The session manager is using the Java default SecureRandom implementation for session ID generation.
[9/6/26, 14:46:42:212 GMT] 00003282 com.ibm.ws.app.manager.AppMessageHelper                      A CWWKZ0001I: Application api started in 0.135 seconds.
[9/6/26, 14:46:42:215 GMT] 00003282 apache.cxf.cxf.core.3.2:1.0.111.cl260320260625-2008(id=110)] I Setting the server's publish address to be /
[9/6/26, 14:46:42:216 GMT] 00003259 com.ibm.ws.webcontainer.osgi.mbeans.PluginGenerator          I SRVE9103I: A configuration file for a web server plugin was automatically generated for this server at /opt/ibm/wlp/output/defaultServer/logs/state/plugin-cfg.xml.
[9/6/26, 14:46:42:218 GMT] 00003282 com.ibm.ws.webcontainer.servlet                              I SRVE0242I: [api] [/] [{{oasTitle}}]: Initialization successful.
[9/6/26, 14:46:50:346 GMT] 000032a8 com.ibm.ws.http.internal.VirtualHostImpl                     A CWWKT0017I: Web application removed (default_host): http://02db3501d6ac:9080/
[9/6/26, 14:46:50:347 GMT] 000032a8 com.ibm.ws.webcontainer.servlet                              I SRVE0253I: [api] [/] [{{oasTitle}}]: Destroy successful.
[9/6/26, 14:46:50:350 GMT] 000032a8 com.ibm.ws.app.manager.AppMessageHelper                      A CWWKZ0009I: The application api has stopped successfully.
[9/6/26, 14:46:50:355 GMT] 00003281 com.ibm.ws.webcontainer.osgi.mbeans.PluginGenerator          I SRVE9103I: A configuration file for a web server plugin was automatically generated for this server at /opt/ibm/wlp/output/defaultServer/logs/state/plugin-cfg.xml.
[9/6/26, 14:46:51:054 GMT] 000031e1 com.ibm.ws.app.manager.AppMessageHelper                      I CWWKZ0018I: Starting application api.
[9/6/26, 14:46:51:055 GMT] 000031e1 bm.ws.app.manager.war.internal.WARDeployedAppInfoFactoryImpl I CWWKZ0133I: The api application at the /opt/ibm/wlp/usr/servers/defaultServer/dropins/api.war location is being expanded to the /opt/ibm/wlp/usr/servers/defaultServer/apps/expanded/api.war directory.
[9/6/26, 14:46:51:175 GMT] 000031e1 zosasset.cics.internal.factories.CicsCommareaZosAssetFactory I BAQR1753I: Loaded CICS COMMAREA z/OS Asset VRCB0130
[9/6/26, 14:46:51:179 GMT] 000031e1 zosasset.cics.internal.factories.CicsCommareaZosAssetFactory I BAQR1753I: Loaded CICS COMMAREA z/OS Asset VRCB0100
[9/6/26, 14:46:51:179 GMT] 000031e1 com.ibm.zosconnect.engine.impl.ZosAssetManagerImpl           E BAQR1622E: Failed to read WEB-INF/src/main/zosAssets/import/zosAsset.yaml. The file does not exist.
[9/6/26, 14:46:51:191 GMT] 000031e1 liberty.microprofile.openapi20.internal.ApplicationProcessor I CWWKO1660I: The application api was processed and an OpenAPI document was produced.
[9/6/26, 14:46:51:192 GMT] 000031e1 com.ibm.ws.webcontainer.osgi.webapp.WebGroup                 I SRVE0169I: Loading Web Module: api.
[9/6/26, 14:46:51:192 GMT] 000031e1 com.ibm.ws.webcontainer                                      I SRVE0250I: Web Module api has been bound to default_host.
[9/6/26, 14:46:51:192 GMT] 000031e1 com.ibm.ws.http.internal.VirtualHostImpl                     A CWWKT0016I: Web application available (default_host): http://02db3501d6ac:9080/
[9/6/26, 14:46:51:193 GMT] 00003282 com.ibm.ws.session.WASSessionCore                            I SESN0176I: A new session context will be created for application key default_host/
[9/6/26, 14:46:51:193 GMT] 00003282 com.ibm.ws.util                                              I SESN0172I: The session manager is using the Java default SecureRandom implementation for session ID generation.
[9/6/26, 14:46:51:195 GMT] 00003282 com.ibm.ws.app.manager.AppMessageHelper                      A CWWKZ0001I: Application api started in 0.141 seconds.
[9/6/26, 14:46:51:197 GMT] 0000320b com.ibm.ws.webcontainer.osgi.mbeans.PluginGenerator          I SRVE9103I: A configuration file for a web server plugin was automatically generated for this server at /opt/ibm/wlp/output/defaultServer/logs/state/plugin-cfg.xml.
[9/6/26, 14:46:51:199 GMT] 00003282 apache.cxf.cxf.core.3.2:1.0.111.cl260320260625-2008(id=110)] I Setting the server's publish address to be /
[9/6/26, 14:46:51:200 GMT] 00003282 com.ibm.ws.webcontainer.servlet                              I SRVE0242I: [api] [/] [{{oasTitle}}]: Initialization successful.
[9/6/26, 14:47:08:376 GMT] 0000327f com.ibm.ws.http.internal.VirtualHostImpl                     A CWWKT0017I: Web application removed (default_host): http://02db3501d6ac:9080/
[9/6/26, 14:47:08:377 GMT] 0000327f com.ibm.ws.webcontainer.servlet                              I SRVE0253I: [api] [/] [{{oasTitle}}]: Destroy successful.
[9/6/26, 14:47:08:380 GMT] 0000327f com.ibm.ws.app.manager.AppMessageHelper                      A CWWKZ0009I: The application api has stopped successfully.
[9/6/26, 14:47:08:393 GMT] 000032a6 com.ibm.ws.webcontainer.osgi.mbeans.PluginGenerator          I SRVE9103I: A configuration file for a web server plugin was automatically generated for this server at /opt/ibm/wlp/output/defaultServer/logs/state/plugin-cfg.xml.
[9/6/26, 14:47:09:086 GMT] 0000327f com.ibm.ws.app.manager.AppMessageHelper                      I CWWKZ0018I: Starting application api.
[9/6/26, 14:47:09:086 GMT] 0000327f bm.ws.app.manager.war.internal.WARDeployedAppInfoFactoryImpl I CWWKZ0133I: The api application at the /opt/ibm/wlp/usr/servers/defaultServer/dropins/api.war location is being expanded to the /opt/ibm/wlp/usr/servers/defaultServer/apps/expanded/api.war directory.
[9/6/26, 14:47:09:232 GMT] 0000327f zosasset.cics.internal.factories.CicsCommareaZosAssetFactory I BAQR1753I: Loaded CICS COMMAREA z/OS Asset VRCB0130
[9/6/26, 14:47:09:236 GMT] 0000327f zosasset.cics.internal.factories.CicsCommareaZosAssetFactory I BAQR1753I: Loaded CICS COMMAREA z/OS Asset VRCB0100
[9/6/26, 14:47:09:236 GMT] 0000327f com.ibm.zosconnect.engine.impl.ZosAssetManagerImpl           E BAQR1622E: Failed to read WEB-INF/src/main/zosAssets/import/zosAsset.yaml. The file does not exist.
[9/6/26, 14:47:09:249 GMT] 0000327f liberty.microprofile.openapi20.internal.ApplicationProcessor I CWWKO1660I: The application api was processed and an OpenAPI document was produced.
[9/6/26, 14:47:09:250 GMT] 0000327f com.ibm.ws.webcontainer.osgi.webapp.WebGroup                 I SRVE0169I: Loading Web Module: api.
[9/6/26, 14:47:09:250 GMT] 0000327f com.ibm.ws.webcontainer                                      I SRVE0250I: Web Module api has been bound to default_host.
[9/6/26, 14:47:09:250 GMT] 0000327f com.ibm.ws.http.internal.VirtualHostImpl                     A CWWKT0016I: Web application available (default_host): http://02db3501d6ac:9080/
[9/6/26, 14:47:09:251 GMT] 000032c8 com.ibm.ws.session.WASSessionCore                            I SESN0176I: A new session context will be created for application key default_host/
[9/6/26, 14:47:09:251 GMT] 000032c8 com.ibm.ws.util                                              I SESN0172I: The session manager is using the Java default SecureRandom implementation for session ID generation.
[9/6/26, 14:47:09:257 GMT] 000032c8 com.ibm.ws.app.manager.AppMessageHelper                      A CWWKZ0001I: Application api started in 0.171 seconds.
[9/6/26, 14:47:09:257 GMT] 00003293 com.ibm.ws.webcontainer.osgi.mbeans.PluginGenerator          I SRVE9103I: A configuration file for a web server plugin was automatically generated for this server at /opt/ibm/wlp/output/defaultServer/logs/state/plugin-cfg.xml.
[9/6/26, 14:47:09:265 GMT] 000032c8 apache.cxf.cxf.core.3.2:1.0.111.cl260320260625-2008(id=110)] I Setting the server's publish address to be /
[9/6/26, 14:47:09:268 GMT] 000032c8 com.ibm.ws.webcontainer.servlet                              I SRVE0242I: [api] [/] [{{oasTitle}}]: Initialization successful.
[9/6/26, 14:47:35:922 GMT] 000032ca com.ibm.ws.http.internal.VirtualHostImpl                     A CWWKT0017I: Web application removed (default_host): http://02db3501d6ac:9080/
[9/6/26, 14:47:35:923 GMT] 000032ca com.ibm.ws.webcontainer.servlet                              I SRVE0253I: [api] [/] [{{oasTitle}}]: Destroy successful.
[9/6/26, 14:47:35:931 GMT] 000032ca com.ibm.ws.app.manager.AppMessageHelper                      A CWWKZ0009I: The application api has stopped successfully.
[9/6/26, 14:47:35:934 GMT] 000032ca com.ibm.ws.app.manager.AppMessageHelper                      I CWWKZ0018I: Starting application api.
[9/6/26, 14:47:35:934 GMT] 000032ca bm.ws.app.manager.war.internal.WARDeployedAppInfoFactoryImpl I CWWKZ0133I: The api application at the /opt/ibm/wlp/usr/servers/defaultServer/dropins/api.war location is being expanded to the /opt/ibm/wlp/usr/servers/defaultServer/apps/expanded/api.war directory.
[9/6/26, 14:47:35:944 GMT] 000032f1 com.ibm.ws.webcontainer.osgi.mbeans.PluginGenerator          I SRVE9103I: A configuration file for a web server plugin was automatically generated for this server at /opt/ibm/wlp/output/defaultServer/logs/state/plugin-cfg.xml.
[9/6/26, 14:47:36:061 GMT] 000032ca zosasset.cics.internal.factories.CicsCommareaZosAssetFactory I BAQR1753I: Loaded CICS COMMAREA z/OS Asset VRCB0130
[9/6/26, 14:47:36:064 GMT] 000032ca zosasset.cics.internal.factories.CicsCommareaZosAssetFactory I BAQR1753I: Loaded CICS COMMAREA z/OS Asset VRCB0100
[9/6/26, 14:47:36:064 GMT] 000032ca com.ibm.zosconnect.engine.impl.ZosAssetManagerImpl           E BAQR1622E: Failed to read WEB-INF/src/main/zosAssets/import/zosAsset.yaml. The file does not exist.
[9/6/26, 14:47:36:072 GMT] 000032ca liberty.microprofile.openapi20.internal.ApplicationProcessor I CWWKO1660I: The application api was processed and an OpenAPI document was produced.
[9/6/26, 14:47:36:072 GMT] 000032ca com.ibm.ws.webcontainer.osgi.webapp.WebGroup                 I SRVE0169I: Loading Web Module: api.
[9/6/26, 14:47:36:073 GMT] 000032ca com.ibm.ws.webcontainer                                      I SRVE0250I: Web Module api has been bound to default_host.
[9/6/26, 14:47:36:073 GMT] 000032ca com.ibm.ws.http.internal.VirtualHostImpl                     A CWWKT0016I: Web application available (default_host): http://02db3501d6ac:9080/
[9/6/26, 14:47:36:073 GMT] 000032db com.ibm.ws.session.WASSessionCore                            I SESN0176I: A new session context will be created for application key default_host/
[9/6/26, 14:47:36:073 GMT] 000032db com.ibm.ws.util                                              I SESN0172I: The session manager is using the Java default SecureRandom implementation for session ID generation.
[9/6/26, 14:47:36:078 GMT] 000032ca com.ibm.ws.webcontainer.osgi.mbeans.PluginGenerator          I SRVE9103I: A configuration file for a web server plugin was automatically generated for this server at /opt/ibm/wlp/output/defaultServer/logs/state/plugin-cfg.xml.
[9/6/26, 14:47:36:078 GMT] 000032db com.ibm.ws.app.manager.AppMessageHelper                      A CWWKZ0003I: The application api updated in 0.142 seconds.
[9/6/26, 14:47:36:081 GMT] 000032db apache.cxf.cxf.core.3.2:1.0.111.cl260320260625-2008(id=110)] I Setting the server's publish address to be /
[9/6/26, 14:47:36:083 GMT] 000032db com.ibm.ws.webcontainer.servlet                              I SRVE0242I: [api] [/] [{{oasTitle}}]: Initialization successful.
[9/6/26, 14:48:20:922 GMT] 000032e7 com.ibm.ws.http.internal.VirtualHostImpl                     A CWWKT0017I: Web application removed (default_host): http://02db3501d6ac:9080/
[9/6/26, 14:48:20:922 GMT] 000032e7 com.ibm.ws.webcontainer.servlet                              I SRVE0253I: [api] [/] [{{oasTitle}}]: Destroy successful.
[9/6/26, 14:48:20:929 GMT] 000032e7 com.ibm.ws.app.manager.AppMessageHelper                      A CWWKZ0009I: The application api has stopped successfully.
[9/6/26, 14:48:20:932 GMT] 000032e7 com.ibm.ws.app.manager.AppMessageHelper                      I CWWKZ0018I: Starting application api.
[9/6/26, 14:48:20:932 GMT] 000032e7 bm.ws.app.manager.war.internal.WARDeployedAppInfoFactoryImpl I CWWKZ0133I: The api application at the /opt/ibm/wlp/usr/servers/defaultServer/dropins/api.war location is being expanded to the /opt/ibm/wlp/usr/servers/defaultServer/apps/expanded/api.war directory.
[9/6/26, 14:48:20:943 GMT] 00003333 com.ibm.ws.webcontainer.osgi.mbeans.PluginGenerator          I SRVE9103I: A configuration file for a web server plugin was automatically generated for this server at /opt/ibm/wlp/output/defaultServer/logs/state/plugin-cfg.xml.
[9/6/26, 14:48:21:054 GMT] 000032e7 zosasset.cics.internal.factories.CicsCommareaZosAssetFactory I BAQR1753I: Loaded CICS COMMAREA z/OS Asset VRCB0130
[9/6/26, 14:48:21:057 GMT] 000032e7 zosasset.cics.internal.factories.CicsCommareaZosAssetFactory I BAQR1753I: Loaded CICS COMMAREA z/OS Asset VRCB0100
[9/6/26, 14:48:21:057 GMT] 000032e7 com.ibm.zosconnect.engine.impl.ZosAssetManagerImpl           E BAQR1622E: Failed to read WEB-INF/src/main/zosAssets/import/zosAsset.yaml. The file does not exist.
[9/6/26, 14:48:21:059 GMT] 000032e7 liberty.microprofile.openapi20.internal.ApplicationProcessor I CWWKO1660I: The application api was processed and an OpenAPI document was produced.
[9/6/26, 14:48:21:060 GMT] 000032e7 com.ibm.ws.webcontainer.osgi.webapp.WebGroup                 I SRVE0169I: Loading Web Module: api.
[9/6/26, 14:48:21:060 GMT] 000032e7 com.ibm.ws.webcontainer                                      I SRVE0250I: Web Module api has been bound to default_host.
[9/6/26, 14:48:21:060 GMT] 000032e7 com.ibm.ws.http.internal.VirtualHostImpl                     A CWWKT0016I: Web application available (default_host): http://02db3501d6ac:9080/
[9/6/26, 14:48:21:060 GMT] 0000331d com.ibm.ws.session.WASSessionCore                            I SESN0176I: A new session context will be created for application key default_host/
[9/6/26, 14:48:21:060 GMT] 0000331d com.ibm.ws.util                                              I SESN0172I: The session manager is using the Java default SecureRandom implementation for session ID generation.
[9/6/26, 14:48:21:065 GMT] 0000331d com.ibm.ws.app.manager.AppMessageHelper                      A CWWKZ0003I: The application api updated in 0.132 seconds.
[9/6/26, 14:48:21:067 GMT] 000032e7 com.ibm.ws.webcontainer.osgi.mbeans.PluginGenerator          I SRVE9103I: A configuration file for a web server plugin was automatically generated for this server at /opt/ibm/wlp/output/defaultServer/logs/state/plugin-cfg.xml.
[9/6/26, 14:48:21:070 GMT] 0000331d apache.cxf.cxf.core.3.2:1.0.111.cl260320260625-2008(id=110)] I Setting the server's publish address to be /
[9/6/26, 14:48:21:072 GMT] 0000331d com.ibm.ws.webcontainer.servlet                              I SRVE0242I: [api] [/] [{{oasTitle}}]: Initialization successful.
[9/6/26, 14:48:29:925 GMT] 0000331b com.ibm.ws.http.internal.VirtualHostImpl                     A CWWKT0017I: Web application removed (default_host): http://02db3501d6ac:9080/
[9/6/26, 14:48:29:925 GMT] 0000331b com.ibm.ws.webcontainer.servlet                              I SRVE0253I: [api] [/] [{{oasTitle}}]: Destroy successful.
[9/6/26, 14:48:29:931 GMT] 0000331b com.ibm.ws.app.manager.AppMessageHelper                      A CWWKZ0009I: The application api has stopped successfully.
[9/6/26, 14:48:29:933 GMT] 0000331b com.ibm.ws.app.manager.AppMessageHelper                      I CWWKZ0018I: Starting application api.
[9/6/26, 14:48:29:933 GMT] 0000331b bm.ws.app.manager.war.internal.WARDeployedAppInfoFactoryImpl I CWWKZ0133I: The api application at the /opt/ibm/wlp/usr/servers/defaultServer/dropins/api.war location is being expanded to the /opt/ibm/wlp/usr/servers/defaultServer/apps/expanded/api.war directory.
[9/6/26, 14:48:29:940 GMT] 00003341 com.ibm.ws.webcontainer.osgi.mbeans.PluginGenerator          I SRVE9103I: A configuration file for a web server plugin was automatically generated for this server at /opt/ibm/wlp/output/defaultServer/logs/state/plugin-cfg.xml.
[9/6/26, 14:48:30:036 GMT] 0000331b zosasset.cics.internal.factories.CicsCommareaZosAssetFactory I BAQR1753I: Loaded CICS COMMAREA z/OS Asset VRCB0130
[9/6/26, 14:48:30:039 GMT] 0000331b zosasset.cics.internal.factories.CicsCommareaZosAssetFactory I BAQR1753I: Loaded CICS COMMAREA z/OS Asset VRCB0100
[9/6/26, 14:48:30:039 GMT] 0000331b com.ibm.zosconnect.engine.impl.ZosAssetManagerImpl           E BAQR1622E: Failed to read WEB-INF/src/main/zosAssets/import/zosAsset.yaml. The file does not exist.
[9/6/26, 14:48:30:041 GMT] 0000331b liberty.microprofile.openapi20.internal.ApplicationProcessor I CWWKO1660I: The application api was processed and an OpenAPI document was produced.
[9/6/26, 14:48:30:042 GMT] 0000331b com.ibm.ws.webcontainer.osgi.webapp.WebGroup                 I SRVE0169I: Loading Web Module: api.
[9/6/26, 14:48:30:042 GMT] 0000331b com.ibm.ws.webcontainer                                      I SRVE0250I: Web Module api has been bound to default_host.
[9/6/26, 14:48:30:042 GMT] 0000331b com.ibm.ws.http.internal.VirtualHostImpl                     A CWWKT0016I: Web application available (default_host): http://02db3501d6ac:9080/
[9/6/26, 14:48:30:042 GMT] 000032c3 com.ibm.ws.session.WASSessionCore                            I SESN0176I: A new session context will be created for application key default_host/
[9/6/26, 14:48:30:042 GMT] 000032c3 com.ibm.ws.util                                              I SESN0172I: The session manager is using the Java default SecureRandom implementation for session ID generation.
[9/6/26, 14:48:30:045 GMT] 000032c3 com.ibm.ws.app.manager.AppMessageHelper                      A CWWKZ0003I: The application api updated in 0.112 seconds.
[9/6/26, 14:48:30:048 GMT] 00003340 com.ibm.ws.webcontainer.osgi.mbeans.PluginGenerator          I SRVE9103I: A configuration file for a web server plugin was automatically generated for this server at /opt/ibm/wlp/output/defaultServer/logs/state/plugin-cfg.xml.
[9/6/26, 14:48:30:049 GMT] 000032c3 apache.cxf.cxf.core.3.2:1.0.111.cl260320260625-2008(id=110)] I Setting the server's publish address to be /
[9/6/26, 14:48:30:050 GMT] 000032c3 com.ibm.ws.webcontainer.servlet                              I SRVE0242I: [api] [/] [{{oasTitle}}]: Initialization successful.
[9/6/26, 14:49:03:047 GMT] 0000335e com.ibm.zosconnect.ui.backend.workspace.ZosAssetManager      E BAQW0018E: An error occurred attempting to delete z/OS Asset file import: java.io.FileNotFoundException: /workspace/project/src/main/zosAssets/import/zosAsset.yaml (No such file or directory)
[9/6/26, 14:49:10:776 GMT] 00003364 com.ibm.zosconnect.ui.backend.workspace.ZosAssetManager      E BAQW0091E: Unable to find file zosAsset.yaml within the import directory.
[9/6/26, 14:49:23:325 GMT] 00003389 com.ibm.ws.http.internal.VirtualHostImpl                     A CWWKT0017I: Web application removed (default_host): http://02db3501d6ac:9080/
[9/6/26, 14:49:23:326 GMT] 00003389 com.ibm.ws.webcontainer.servlet                              I SRVE0253I: [api] [/] [{{oasTitle}}]: Destroy successful.
[9/6/26, 14:49:23:329 GMT] 00003389 com.ibm.ws.app.manager.AppMessageHelper                      A CWWKZ0009I: The application api has stopped successfully.
[9/6/26, 14:49:23:340 GMT] 0000336e com.ibm.ws.webcontainer.osgi.mbeans.PluginGenerator          I SRVE9103I: A configuration file for a web server plugin was automatically generated for this server at /opt/ibm/wlp/output/defaultServer/logs/state/plugin-cfg.xml.
[9/6/26, 14:49:24:016 GMT] 0000338f com.ibm.ws.app.manager.AppMessageHelper                      I CWWKZ0018I: Starting application api.
[9/6/26, 14:49:24:017 GMT] 0000338f bm.ws.app.manager.war.internal.WARDeployedAppInfoFactoryImpl I CWWKZ0133I: The api application at the /opt/ibm/wlp/usr/servers/defaultServer/dropins/api.war location is being expanded to the /opt/ibm/wlp/usr/servers/defaultServer/apps/expanded/api.war directory.
[9/6/26, 14:49:24:144 GMT] 0000338f zosasset.cics.internal.factories.CicsCommareaZosAssetFactory I BAQR1753I: Loaded CICS COMMAREA z/OS Asset VRCB0130
[9/6/26, 14:49:24:149 GMT] 0000338f zosasset.cics.internal.factories.CicsCommareaZosAssetFactory I BAQR1753I: Loaded CICS COMMAREA z/OS Asset VRCB0100
[9/6/26, 14:49:24:149 GMT] 0000338f com.ibm.zosconnect.engine.impl.ZosAssetManagerImpl           E BAQR1622E: Failed to read WEB-INF/src/main/zosAssets/import/zosAsset.yaml. The file does not exist.
[9/6/26, 14:49:24:152 GMT] 0000338f liberty.microprofile.openapi20.internal.ApplicationProcessor I CWWKO1660I: The application api was processed and an OpenAPI document was produced.
[9/6/26, 14:49:24:152 GMT] 0000338f com.ibm.ws.webcontainer.osgi.webapp.WebGroup                 I SRVE0169I: Loading Web Module: api.
[9/6/26, 14:49:24:152 GMT] 0000338f com.ibm.ws.webcontainer                                      I SRVE0250I: Web Module api has been bound to default_host.
[9/6/26, 14:49:24:152 GMT] 0000338f com.ibm.ws.http.internal.VirtualHostImpl                     A CWWKT0016I: Web application available (default_host): http://02db3501d6ac:9080/
[9/6/26, 14:49:24:153 GMT] 00003373 com.ibm.ws.session.WASSessionCore                            I SESN0176I: A new session context will be created for application key default_host/
[9/6/26, 14:49:24:153 GMT] 00003373 com.ibm.ws.util                                              I SESN0172I: The session manager is using the Java default SecureRandom implementation for session ID generation.
[9/6/26, 14:49:24:158 GMT] 00003373 com.ibm.ws.app.manager.AppMessageHelper                      A CWWKZ0001I: Application api started in 0.142 seconds.
[9/6/26, 14:49:24:159 GMT] 0000338f com.ibm.ws.webcontainer.osgi.mbeans.PluginGenerator          I SRVE9103I: A configuration file for a web server plugin was automatically generated for this server at /opt/ibm/wlp/output/defaultServer/logs/state/plugin-cfg.xml.
[9/6/26, 14:49:24:164 GMT] 00003373 apache.cxf.cxf.core.3.2:1.0.111.cl260320260625-2008(id=110)] I Setting the server's publish address to be /
[9/6/26, 14:49:24:166 GMT] 00003373 com.ibm.ws.webcontainer.servlet                              I SRVE0242I: [api] [/] [{{oasTitle}}]: Initialization successful.
[9/6/26, 14:50:36:091 GMT] 000033eb com.ibm.ws.http.internal.VirtualHostImpl                     A CWWKT0017I: Web application removed (default_host): http://02db3501d6ac:9080/
[9/6/26, 14:50:36:092 GMT] 000033eb com.ibm.ws.webcontainer.servlet                              I SRVE0253I: [api] [/] [{{oasTitle}}]: Destroy successful.
[9/6/26, 14:50:36:097 GMT] 000033eb com.ibm.ws.app.manager.AppMessageHelper                      A CWWKZ0009I: The application api has stopped successfully.
[9/6/26, 14:50:36:100 GMT] 000033eb com.ibm.ws.app.manager.AppMessageHelper                      I CWWKZ0018I: Starting application api.
[9/6/26, 14:50:36:100 GMT] 000033eb bm.ws.app.manager.war.internal.WARDeployedAppInfoFactoryImpl I CWWKZ0133I: The api application at the /opt/ibm/wlp/usr/servers/defaultServer/dropins/api.war location is being expanded to the /opt/ibm/wlp/usr/servers/defaultServer/apps/expanded/api.war directory.
[9/6/26, 14:50:36:111 GMT] 000033de com.ibm.ws.webcontainer.osgi.mbeans.PluginGenerator          I SRVE9103I: A configuration file for a web server plugin was automatically generated for this server at /opt/ibm/wlp/output/defaultServer/logs/state/plugin-cfg.xml.
[9/6/26, 14:50:36:214 GMT] 000033eb zosasset.cics.internal.factories.CicsCommareaZosAssetFactory I BAQR1753I: Loaded CICS COMMAREA z/OS Asset VRCB0130
[9/6/26, 14:50:36:217 GMT] 000033eb zosasset.cics.internal.factories.CicsCommareaZosAssetFactory I BAQR1753I: Loaded CICS COMMAREA z/OS Asset VRCB0100
[9/6/26, 14:50:36:217 GMT] 000033eb com.ibm.zosconnect.engine.impl.ZosAssetManagerImpl           E BAQR1622E: Failed to read WEB-INF/src/main/zosAssets/import/zosAsset.yaml. The file does not exist.
[9/6/26, 14:50:36:230 GMT] 000033eb liberty.microprofile.openapi20.internal.ApplicationProcessor I CWWKO1660I: The application api was processed and an OpenAPI document was produced.
[9/6/26, 14:50:36:231 GMT] 000033eb com.ibm.ws.webcontainer.osgi.webapp.WebGroup                 I SRVE0169I: Loading Web Module: api.
[9/6/26, 14:50:36:231 GMT] 000033eb com.ibm.ws.webcontainer                                      I SRVE0250I: Web Module api has been bound to default_host.
[9/6/26, 14:50:36:231 GMT] 000033eb com.ibm.ws.http.internal.VirtualHostImpl                     A CWWKT0016I: Web application available (default_host): http://02db3501d6ac:9080/
[9/6/26, 14:50:36:231 GMT] 000033d0 com.ibm.ws.session.WASSessionCore                            I SESN0176I: A new session context will be created for application key default_host/
[9/6/26, 14:50:36:231 GMT] 000033d0 com.ibm.ws.util                                              I SESN0172I: The session manager is using the Java default SecureRandom implementation for session ID generation.
[9/6/26, 14:50:36:234 GMT] 000033d0 com.ibm.ws.app.manager.AppMessageHelper                      A CWWKZ0003I: The application api updated in 0.133 seconds.
[9/6/26, 14:50:36:242 GMT] 000033b8 com.ibm.ws.webcontainer.osgi.mbeans.PluginGenerator          I SRVE9103I: A configuration file for a web server plugin was automatically generated for this server at /opt/ibm/wlp/output/defaultServer/logs/state/plugin-cfg.xml.
[9/6/26, 14:50:36:245 GMT] 000033d0 apache.cxf.cxf.core.3.2:1.0.111.cl260320260625-2008(id=110)] I Setting the server's publish address to be /
[9/6/26, 14:50:36:248 GMT] 000033d0 com.ibm.ws.webcontainer.servlet                              I SRVE0242I: [api] [/] [{{oasTitle}}]: Initialization successful.
[9/6/26, 14:52:14:814 GMT] 0000345b com.ibm.ws.http.internal.VirtualHostImpl                     A CWWKT0017I: Web application removed (default_host): http://02db3501d6ac:9080/
[9/6/26, 14:52:14:815 GMT] 0000345b com.ibm.ws.webcontainer.servlet                              I SRVE0253I: [api] [/] [{{oasTitle}}]: Destroy successful.
[9/6/26, 14:52:14:821 GMT] 0000345b com.ibm.ws.app.manager.AppMessageHelper                      A CWWKZ0009I: The application api has stopped successfully.
[9/6/26, 14:52:14:823 GMT] 0000345b com.ibm.ws.app.manager.AppMessageHelper                      I CWWKZ0018I: Starting application api.
[9/6/26, 14:52:14:823 GMT] 0000345b bm.ws.app.manager.war.internal.WARDeployedAppInfoFactoryImpl I CWWKZ0133I: The api application at the /opt/ibm/wlp/usr/servers/defaultServer/dropins/api.war location is being expanded to the /opt/ibm/wlp/usr/servers/defaultServer/apps/expanded/api.war directory.
[9/6/26, 14:52:14:838 GMT] 00003455 com.ibm.ws.webcontainer.osgi.mbeans.PluginGenerator          I SRVE9103I: A configuration file for a web server plugin was automatically generated for this server at /opt/ibm/wlp/output/defaultServer/logs/state/plugin-cfg.xml.
[9/6/26, 14:52:14:933 GMT] 0000345b zosasset.cics.internal.factories.CicsCommareaZosAssetFactory I BAQR1753I: Loaded CICS COMMAREA z/OS Asset VRCB0130
[9/6/26, 14:52:14:936 GMT] 0000345b zosasset.cics.internal.factories.CicsCommareaZosAssetFactory I BAQR1753I: Loaded CICS COMMAREA z/OS Asset VRCB0100
[9/6/26, 14:52:14:936 GMT] 0000345b com.ibm.zosconnect.engine.impl.ZosAssetManagerImpl           E BAQR1622E: Failed to read WEB-INF/src/main/zosAssets/import/zosAsset.yaml. The file does not exist.
[9/6/26, 14:52:14:944 GMT] 0000345b liberty.microprofile.openapi20.internal.ApplicationProcessor I CWWKO1660I: The application api was processed and an OpenAPI document was produced.
[9/6/26, 14:52:14:945 GMT] 0000345b com.ibm.ws.webcontainer.osgi.webapp.WebGroup                 I SRVE0169I: Loading Web Module: api.
[9/6/26, 14:52:14:945 GMT] 0000345b com.ibm.ws.webcontainer                                      I SRVE0250I: Web Module api has been bound to default_host.
[9/6/26, 14:52:14:945 GMT] 0000345b com.ibm.ws.http.internal.VirtualHostImpl                     A CWWKT0016I: Web application available (default_host): http://02db3501d6ac:9080/
[9/6/26, 14:52:14:945 GMT] 00003406 com.ibm.ws.session.WASSessionCore                            I SESN0176I: A new session context will be created for application key default_host/
[9/6/26, 14:52:14:945 GMT] 00003406 com.ibm.ws.util                                              I SESN0172I: The session manager is using the Java default SecureRandom implementation for session ID generation.
[9/6/26, 14:52:14:949 GMT] 00003406 com.ibm.ws.app.manager.AppMessageHelper                      A CWWKZ0003I: The application api updated in 0.126 seconds.
[9/6/26, 14:52:14:953 GMT] 0000345b com.ibm.ws.webcontainer.osgi.mbeans.PluginGenerator          I SRVE9103I: A configuration file for a web server plugin was automatically generated for this server at /opt/ibm/wlp/output/defaultServer/logs/state/plugin-cfg.xml.
[9/6/26, 14:52:14:958 GMT] 00003406 apache.cxf.cxf.core.3.2:1.0.111.cl260320260625-2008(id=110)] I Setting the server's publish address to be /
[9/6/26, 14:52:14:960 GMT] 00003406 com.ibm.ws.webcontainer.servlet                              I SRVE0242I: [api] [/] [{{oasTitle}}]: Initialization successful.
[9/6/26, 14:52:25:988 GMT] 00003475 com.ibm.zosconnect.ui.backend.workspace.ZosAssetManager      E BAQW0091E: Unable to find file zosAsset.yaml within the import directory.
[9/6/26, 14:52:42:088 GMT] 00003475 com.ibm.ws.http.internal.VirtualHostImpl                     A CWWKT0017I: Web application removed (default_host): http://02db3501d6ac:9080/
[9/6/26, 14:52:42:089 GMT] 00003475 com.ibm.ws.webcontainer.servlet                              I SRVE0253I: [api] [/] [{{oasTitle}}]: Destroy successful.
[9/6/26, 14:52:42:093 GMT] 00003475 com.ibm.ws.app.manager.AppMessageHelper                      A CWWKZ0009I: The application api has stopped successfully.
[9/6/26, 14:52:42:096 GMT] 00003475 com.ibm.ws.app.manager.AppMessageHelper                      I CWWKZ0018I: Starting application api.
[9/6/26, 14:52:42:096 GMT] 00003475 bm.ws.app.manager.war.internal.WARDeployedAppInfoFactoryImpl I CWWKZ0133I: The api application at the /opt/ibm/wlp/usr/servers/defaultServer/dropins/api.war location is being expanded to the /opt/ibm/wlp/usr/servers/defaultServer/apps/expanded/api.war directory.
[9/6/26, 14:52:42:107 GMT] 00003488 com.ibm.ws.webcontainer.osgi.mbeans.PluginGenerator          I SRVE9103I: A configuration file for a web server plugin was automatically generated for this server at /opt/ibm/wlp/output/defaultServer/logs/state/plugin-cfg.xml.
[9/6/26, 14:52:42:199 GMT] 00003475 zosasset.cics.internal.factories.CicsCommareaZosAssetFactory I BAQR1753I: Loaded CICS COMMAREA z/OS Asset VRCB0130
[9/6/26, 14:52:42:202 GMT] 00003475 zosasset.cics.internal.factories.CicsCommareaZosAssetFactory I BAQR1753I: Loaded CICS COMMAREA z/OS Asset VRCB0100
[9/6/26, 14:52:42:202 GMT] 00003475 com.ibm.zosconnect.engine.impl.ZosAssetManagerImpl           E BAQR1622E: Failed to read WEB-INF/src/main/zosAssets/import/zosAsset.yaml. The file does not exist.
[9/6/26, 14:52:42:204 GMT] 00003475 liberty.microprofile.openapi20.internal.ApplicationProcessor I CWWKO1660I: The application api was processed and an OpenAPI document was produced.
[9/6/26, 14:52:42:204 GMT] 00003475 com.ibm.ws.webcontainer.osgi.webapp.WebGroup                 I SRVE0169I: Loading Web Module: api.
[9/6/26, 14:52:42:204 GMT] 00003475 com.ibm.ws.webcontainer                                      I SRVE0250I: Web Module api has been bound to default_host.
[9/6/26, 14:52:42:205 GMT] 00003475 com.ibm.ws.http.internal.VirtualHostImpl                     A CWWKT0016I: Web application available (default_host): http://02db3501d6ac:9080/
[9/6/26, 14:52:42:205 GMT] 0000348e com.ibm.ws.session.WASSessionCore                            I SESN0176I: A new session context will be created for application key default_host/
[9/6/26, 14:52:42:205 GMT] 0000348e com.ibm.ws.util                                              I SESN0172I: The session manager is using the Java default SecureRandom implementation for session ID generation.
[9/6/26, 14:52:42:207 GMT] 0000348e com.ibm.ws.app.manager.AppMessageHelper                      A CWWKZ0003I: The application api updated in 0.111 seconds.
[9/6/26, 14:52:42:209 GMT] 00003475 com.ibm.ws.webcontainer.osgi.mbeans.PluginGenerator          I SRVE9103I: A configuration file for a web server plugin was automatically generated for this server at /opt/ibm/wlp/output/defaultServer/logs/state/plugin-cfg.xml.
[9/6/26, 14:52:42:211 GMT] 0000348e apache.cxf.cxf.core.3.2:1.0.111.cl260320260625-2008(id=110)] I Setting the server's publish address to be /
[9/6/26, 14:52:42:213 GMT] 0000348e com.ibm.ws.webcontainer.servlet                              I SRVE0242I: [api] [/] [{{oasTitle}}]: Initialization successful.
[9/6/26, 14:52:50:635 GMT] 00003406 com.ibm.ws.http.internal.VirtualHostImpl                     A CWWKT0017I: Web application removed (default_host): http://02db3501d6ac:9080/
[9/6/26, 14:52:50:636 GMT] 00003406 com.ibm.ws.webcontainer.servlet                              I SRVE0253I: [api] [/] [{{oasTitle}}]: Destroy successful.
[9/6/26, 14:52:50:638 GMT] 00003406 com.ibm.ws.app.manager.AppMessageHelper                      A CWWKZ0009I: The application api has stopped successfully.
[9/6/26, 14:52:50:643 GMT] 0000349b com.ibm.ws.webcontainer.osgi.mbeans.PluginGenerator          I SRVE9103I: A configuration file for a web server plugin was automatically generated for this server at /opt/ibm/wlp/output/defaultServer/logs/state/plugin-cfg.xml.
[9/6/26, 14:52:51:337 GMT] 0000345d com.ibm.ws.app.manager.AppMessageHelper                      I CWWKZ0018I: Starting application api.
[9/6/26, 14:52:51:338 GMT] 0000345d bm.ws.app.manager.war.internal.WARDeployedAppInfoFactoryImpl I CWWKZ0133I: The api application at the /opt/ibm/wlp/usr/servers/defaultServer/dropins/api.war location is being expanded to the /opt/ibm/wlp/usr/servers/defaultServer/apps/expanded/api.war directory.
[9/6/26, 14:52:51:452 GMT] 0000345d zosasset.cics.internal.factories.CicsCommareaZosAssetFactory I BAQR1753I: Loaded CICS COMMAREA z/OS Asset VRCB0130
[9/6/26, 14:52:51:456 GMT] 0000345d zosasset.cics.internal.factories.CicsCommareaZosAssetFactory I BAQR1753I: Loaded CICS COMMAREA z/OS Asset VRCB0100
[9/6/26, 14:52:51:456 GMT] 0000345d com.ibm.zosconnect.engine.impl.ZosAssetManagerImpl           E BAQR1622E: Failed to read WEB-INF/src/main/zosAssets/import/zosAsset.yaml. The file does not exist.
[9/6/26, 14:52:51:464 GMT] 0000345d liberty.microprofile.openapi20.internal.ApplicationProcessor I CWWKO1660I: The application api was processed and an OpenAPI document was produced.
[9/6/26, 14:52:51:464 GMT] 0000345d com.ibm.ws.webcontainer.osgi.webapp.WebGroup                 I SRVE0169I: Loading Web Module: api.
[9/6/26, 14:52:51:464 GMT] 0000345d com.ibm.ws.webcontainer                                      I SRVE0250I: Web Module api has been bound to default_host.
[9/6/26, 14:52:51:464 GMT] 0000345d com.ibm.ws.http.internal.VirtualHostImpl                     A CWWKT0016I: Web application available (default_host): http://02db3501d6ac:9080/
[9/6/26, 14:52:51:465 GMT] 00003406 com.ibm.ws.session.WASSessionCore                            I SESN0176I: A new session context will be created for application key default_host/
[9/6/26, 14:52:51:465 GMT] 00003406 com.ibm.ws.util                                              I SESN0172I: The session manager is using the Java default SecureRandom implementation for session ID generation.
[9/6/26, 14:52:51:467 GMT] 00003406 com.ibm.ws.app.manager.AppMessageHelper                      A CWWKZ0001I: Application api started in 0.129 seconds.
[9/6/26, 14:52:51:470 GMT] 00003406 apache.cxf.cxf.core.3.2:1.0.111.cl260320260625-2008(id=110)] I Setting the server's publish address to be /
[9/6/26, 14:52:51:470 GMT] 00003489 com.ibm.ws.webcontainer.osgi.mbeans.PluginGenerator          I SRVE9103I: A configuration file for a web server plugin was automatically generated for this server at /opt/ibm/wlp/output/defaultServer/logs/state/plugin-cfg.xml.
[9/6/26, 14:52:51:474 GMT] 00003406 com.ibm.ws.webcontainer.servlet                              I SRVE0242I: [api] [/] [{{oasTitle}}]: Initialization successful.
[9/6/26, 14:53:18:213 GMT] 00003406 com.ibm.ws.http.internal.VirtualHostImpl                     A CWWKT0017I: Web application removed (default_host): http://02db3501d6ac:9080/
[9/6/26, 14:53:18:213 GMT] 00003406 com.ibm.ws.webcontainer.servlet                              I SRVE0253I: [api] [/] [{{oasTitle}}]: Destroy successful.
[9/6/26, 14:53:18:217 GMT] 00003406 com.ibm.ws.app.manager.AppMessageHelper                      A CWWKZ0009I: The application api has stopped successfully.
[9/6/26, 14:53:18:220 GMT] 00003406 com.ibm.ws.app.manager.AppMessageHelper                      I CWWKZ0018I: Starting application api.
[9/6/26, 14:53:18:220 GMT] 00003406 bm.ws.app.manager.war.internal.WARDeployedAppInfoFactoryImpl I CWWKZ0133I: The api application at the /opt/ibm/wlp/usr/servers/defaultServer/dropins/api.war location is being expanded to the /opt/ibm/wlp/usr/servers/defaultServer/apps/expanded/api.war directory.
[9/6/26, 14:53:18:229 GMT] 000034be com.ibm.ws.webcontainer.osgi.mbeans.PluginGenerator          I SRVE9103I: A configuration file for a web server plugin was automatically generated for this server at /opt/ibm/wlp/output/defaultServer/logs/state/plugin-cfg.xml.
[9/6/26, 14:53:18:328 GMT] 00003406 zosasset.cics.internal.factories.CicsCommareaZosAssetFactory I BAQR1753I: Loaded CICS COMMAREA z/OS Asset VRCB0130
[9/6/26, 14:53:18:331 GMT] 00003406 zosasset.cics.internal.factories.CicsCommareaZosAssetFactory I BAQR1753I: Loaded CICS COMMAREA z/OS Asset VRCB0100
[9/6/26, 14:53:18:331 GMT] 00003406 com.ibm.zosconnect.engine.impl.ZosAssetManagerImpl           E BAQR1622E: Failed to read WEB-INF/src/main/zosAssets/import/zosAsset.yaml. The file does not exist.
[9/6/26, 14:53:18:333 GMT] 00003406 liberty.microprofile.openapi20.internal.ApplicationProcessor I CWWKO1660I: The application api was processed and an OpenAPI document was produced.
[9/6/26, 14:53:18:334 GMT] 00003406 com.ibm.ws.webcontainer.osgi.webapp.WebGroup                 I SRVE0169I: Loading Web Module: api.
[9/6/26, 14:53:18:334 GMT] 00003406 com.ibm.ws.webcontainer                                      I SRVE0250I: Web Module api has been bound to default_host.
[9/6/26, 14:53:18:334 GMT] 00003406 com.ibm.ws.http.internal.VirtualHostImpl                     A CWWKT0016I: Web application available (default_host): http://02db3501d6ac:9080/
[9/6/26, 14:53:18:334 GMT] 000034cd com.ibm.ws.session.WASSessionCore                            I SESN0176I: A new session context will be created for application key default_host/
[9/6/26, 14:53:18:334 GMT] 000034cd com.ibm.ws.util                                              I SESN0172I: The session manager is using the Java default SecureRandom implementation for session ID generation.
[9/6/26, 14:53:18:338 GMT] 000034cd com.ibm.ws.app.manager.AppMessageHelper                      A CWWKZ0003I: The application api updated in 0.117 seconds.
[9/6/26, 14:53:18:340 GMT] 00003406 com.ibm.ws.webcontainer.osgi.mbeans.PluginGenerator          I SRVE9103I: A configuration file for a web server plugin was automatically generated for this server at /opt/ibm/wlp/output/defaultServer/logs/state/plugin-cfg.xml.
[9/6/26, 14:53:18:343 GMT] 000034cd apache.cxf.cxf.core.3.2:1.0.111.cl260320260625-2008(id=110)] I Setting the server's publish address to be /
[9/6/26, 14:53:18:345 GMT] 000034cd com.ibm.ws.webcontainer.servlet                              I SRVE0242I: [api] [/] [{{oasTitle}}]: Initialization successful.
[9/6/26, 14:56:18:354 GMT] 0000359c com.ibm.ws.http.internal.VirtualHostImpl                     A CWWKT0017I: Web application removed (default_host): http://02db3501d6ac:9080/
[9/6/26, 14:56:18:355 GMT] 0000359c com.ibm.ws.webcontainer.servlet                              I SRVE0253I: [api] [/] [{{oasTitle}}]: Destroy successful.
[9/6/26, 14:56:18:359 GMT] 0000359c com.ibm.ws.app.manager.AppMessageHelper                      A CWWKZ0009I: The application api has stopped successfully.
[9/6/26, 14:56:18:362 GMT] 0000359c com.ibm.ws.app.manager.AppMessageHelper                      I CWWKZ0018I: Starting application api.
[9/6/26, 14:56:18:362 GMT] 0000359c bm.ws.app.manager.war.internal.WARDeployedAppInfoFactoryImpl I CWWKZ0133I: The api application at the /opt/ibm/wlp/usr/servers/defaultServer/dropins/api.war location is being expanded to the /opt/ibm/wlp/usr/servers/defaultServer/apps/expanded/api.war directory.
[9/6/26, 14:56:18:374 GMT] 00003576 com.ibm.ws.webcontainer.osgi.mbeans.PluginGenerator          I SRVE9103I: A configuration file for a web server plugin was automatically generated for this server at /opt/ibm/wlp/output/defaultServer/logs/state/plugin-cfg.xml.
[9/6/26, 14:56:18:490 GMT] 0000359c zosasset.cics.internal.factories.CicsCommareaZosAssetFactory I BAQR1753I: Loaded CICS COMMAREA z/OS Asset VRCB0130
[9/6/26, 14:56:18:493 GMT] 0000359c zosasset.cics.internal.factories.CicsCommareaZosAssetFactory I BAQR1753I: Loaded CICS COMMAREA z/OS Asset VRCB0100
[9/6/26, 14:56:18:493 GMT] 0000359c com.ibm.zosconnect.engine.impl.ZosAssetManagerImpl           E BAQR1622E: Failed to read WEB-INF/src/main/zosAssets/import/zosAsset.yaml. The file does not exist.
[9/6/26, 14:56:18:495 GMT] 0000359c liberty.microprofile.openapi20.internal.ApplicationProcessor I CWWKO1660I: The application api was processed and an OpenAPI document was produced.
[9/6/26, 14:56:18:496 GMT] 0000359c com.ibm.ws.webcontainer.osgi.webapp.WebGroup                 I SRVE0169I: Loading Web Module: api.
[9/6/26, 14:56:18:496 GMT] 0000359c com.ibm.ws.webcontainer                                      I SRVE0250I: Web Module api has been bound to default_host.
[9/6/26, 14:56:18:496 GMT] 0000359c com.ibm.ws.http.internal.VirtualHostImpl                     A CWWKT0016I: Web application available (default_host): http://02db3501d6ac:9080/
[9/6/26, 14:56:18:496 GMT] 000034c2 com.ibm.ws.session.WASSessionCore                            I SESN0176I: A new session context will be created for application key default_host/
[9/6/26, 14:56:18:496 GMT] 000034c2 com.ibm.ws.util                                              I SESN0172I: The session manager is using the Java default SecureRandom implementation for session ID generation.
[9/6/26, 14:56:18:502 GMT] 0000359c com.ibm.ws.webcontainer.osgi.mbeans.PluginGenerator          I SRVE9103I: A configuration file for a web server plugin was automatically generated for this server at /opt/ibm/wlp/output/defaultServer/logs/state/plugin-cfg.xml.
[9/6/26, 14:56:18:503 GMT] 000034c2 com.ibm.ws.app.manager.AppMessageHelper                      A CWWKZ0003I: The application api updated in 0.140 seconds.
[9/6/26, 14:56:18:507 GMT] 000034c2 apache.cxf.cxf.core.3.2:1.0.111.cl260320260625-2008(id=110)] I Setting the server's publish address to be /
[9/6/26, 14:56:18:509 GMT] 000034c2 com.ibm.ws.webcontainer.servlet                              I SRVE0242I: [api] [/] [{{oasTitle}}]: Initialization successful.
[9/6/26, 14:56:35:911 GMT] 00003592 com.ibm.ws.http.internal.VirtualHostImpl                     A CWWKT0017I: Web application removed (default_host): http://02db3501d6ac:9080/
[9/6/26, 14:56:35:914 GMT] 00003592 com.ibm.ws.webcontainer.servlet                              I SRVE0253I: [api] [/] [{{oasTitle}}]: Destroy successful.
[9/6/26, 14:56:35:916 GMT] 00003592 com.ibm.ws.app.manager.AppMessageHelper                      A CWWKZ0009I: The application api has stopped successfully.
[9/6/26, 14:56:35:918 GMT] 00003592 com.ibm.ws.app.manager.AppMessageHelper                      I CWWKZ0018I: Starting application api.
[9/6/26, 14:56:35:918 GMT] 00003592 bm.ws.app.manager.war.internal.WARDeployedAppInfoFactoryImpl I CWWKZ0133I: The api application at the /opt/ibm/wlp/usr/servers/defaultServer/dropins/api.war location is being expanded to the /opt/ibm/wlp/usr/servers/defaultServer/apps/expanded/api.war directory.
[9/6/26, 14:56:35:923 GMT] 00003590 com.ibm.ws.webcontainer.osgi.mbeans.PluginGenerator          I SRVE9103I: A configuration file for a web server plugin was automatically generated for this server at /opt/ibm/wlp/output/defaultServer/logs/state/plugin-cfg.xml.
[9/6/26, 14:56:36:003 GMT] 00003592 zosasset.cics.internal.factories.CicsCommareaZosAssetFactory I BAQR1753I: Loaded CICS COMMAREA z/OS Asset VRCB0130
[9/6/26, 14:56:36:005 GMT] 00003592 zosasset.cics.internal.factories.CicsCommareaZosAssetFactory I BAQR1753I: Loaded CICS COMMAREA z/OS Asset VRCB0100
[9/6/26, 14:56:36:005 GMT] 00003592 com.ibm.zosconnect.engine.impl.ZosAssetManagerImpl           E BAQR1622E: Failed to read WEB-INF/src/main/zosAssets/import/zosAsset.yaml. The file does not exist.
[9/6/26, 14:56:36:008 GMT] 00003592 liberty.microprofile.openapi20.internal.ApplicationProcessor I CWWKO1660I: The application api was processed and an OpenAPI document was produced.
[9/6/26, 14:56:36:008 GMT] 00003592 com.ibm.ws.webcontainer.osgi.webapp.WebGroup                 I SRVE0169I: Loading Web Module: api.
[9/6/26, 14:56:36:008 GMT] 00003592 com.ibm.ws.webcontainer                                      I SRVE0250I: Web Module api has been bound to default_host.
[9/6/26, 14:56:36:008 GMT] 00003592 com.ibm.ws.http.internal.VirtualHostImpl                     A CWWKT0016I: Web application available (default_host): http://02db3501d6ac:9080/
[9/6/26, 14:56:36:008 GMT] 000035bd com.ibm.ws.session.WASSessionCore                            I SESN0176I: A new session context will be created for application key default_host/
[9/6/26, 14:56:36:008 GMT] 000035bd com.ibm.ws.util                                              I SESN0172I: The session manager is using the Java default SecureRandom implementation for session ID generation.
[9/6/26, 14:56:36:010 GMT] 000035bd com.ibm.ws.app.manager.AppMessageHelper                      A CWWKZ0003I: The application api updated in 0.092 seconds.
[9/6/26, 14:56:36:013 GMT] 00003595 com.ibm.ws.webcontainer.osgi.mbeans.PluginGenerator          I SRVE9103I: A configuration file for a web server plugin was automatically generated for this server at /opt/ibm/wlp/output/defaultServer/logs/state/plugin-cfg.xml.
[9/6/26, 14:56:36:013 GMT] 000035bd apache.cxf.cxf.core.3.2:1.0.111.cl260320260625-2008(id=110)] I Setting the server's publish address to be /
[9/6/26, 14:56:36:015 GMT] 000035bd com.ibm.ws.webcontainer.servlet                              I SRVE0242I: [api] [/] [{{oasTitle}}]: Initialization successful.
[9/6/26, 14:56:44:881 GMT] 0000359a com.ibm.ws.http.internal.VirtualHostImpl                     A CWWKT0017I: Web application removed (default_host): http://02db3501d6ac:9080/
[9/6/26, 14:56:44:881 GMT] 0000359a com.ibm.ws.webcontainer.servlet                              I SRVE0253I: [api] [/] [{{oasTitle}}]: Destroy successful.
[9/6/26, 14:56:44:884 GMT] 0000359a com.ibm.ws.app.manager.AppMessageHelper                      A CWWKZ0009I: The application api has stopped successfully.
[9/6/26, 14:56:44:890 GMT] 000035d4 com.ibm.ws.webcontainer.osgi.mbeans.PluginGenerator          I SRVE9103I: A configuration file for a web server plugin was automatically generated for this server at /opt/ibm/wlp/output/defaultServer/logs/state/plugin-cfg.xml.
[9/6/26, 14:56:45:592 GMT] 00003590 com.ibm.ws.app.manager.AppMessageHelper                      I CWWKZ0018I: Starting application api.
[9/6/26, 14:56:45:593 GMT] 00003590 bm.ws.app.manager.war.internal.WARDeployedAppInfoFactoryImpl I CWWKZ0133I: The api application at the /opt/ibm/wlp/usr/servers/defaultServer/dropins/api.war location is being expanded to the /opt/ibm/wlp/usr/servers/defaultServer/apps/expanded/api.war directory.
[9/6/26, 14:56:45:713 GMT] 00003590 zosasset.cics.internal.factories.CicsCommareaZosAssetFactory I BAQR1753I: Loaded CICS COMMAREA z/OS Asset VRCB0130
[9/6/26, 14:56:45:716 GMT] 00003590 zosasset.cics.internal.factories.CicsCommareaZosAssetFactory I BAQR1753I: Loaded CICS COMMAREA z/OS Asset VRCB0100
[9/6/26, 14:56:45:716 GMT] 00003590 com.ibm.zosconnect.engine.impl.ZosAssetManagerImpl           E BAQR1622E: Failed to read WEB-INF/src/main/zosAssets/import/zosAsset.yaml. The file does not exist.
[9/6/26, 14:56:45:718 GMT] 00003590 liberty.microprofile.openapi20.internal.ApplicationProcessor I CWWKO1660I: The application api was processed and an OpenAPI document was produced.
[9/6/26, 14:56:45:719 GMT] 00003590 com.ibm.ws.webcontainer.osgi.webapp.WebGroup                 I SRVE0169I: Loading Web Module: api.
[9/6/26, 14:56:45:719 GMT] 00003590 com.ibm.ws.webcontainer                                      I SRVE0250I: Web Module api has been bound to default_host.
[9/6/26, 14:56:45:719 GMT] 00003590 com.ibm.ws.http.internal.VirtualHostImpl                     A CWWKT0016I: Web application available (default_host): http://02db3501d6ac:9080/
[9/6/26, 14:56:45:719 GMT] 00003592 com.ibm.ws.session.WASSessionCore                            I SESN0176I: A new session context will be created for application key default_host/
[9/6/26, 14:56:45:719 GMT] 00003592 com.ibm.ws.util                                              I SESN0172I: The session manager is using the Java default SecureRandom implementation for session ID generation.
[9/6/26, 14:56:45:722 GMT] 00003592 com.ibm.ws.app.manager.AppMessageHelper                      A CWWKZ0001I: Application api started in 0.129 seconds.
[9/6/26, 14:56:45:724 GMT] 00003597 com.ibm.ws.webcontainer.osgi.mbeans.PluginGenerator          I SRVE9103I: A configuration file for a web server plugin was automatically generated for this server at /opt/ibm/wlp/output/defaultServer/logs/state/plugin-cfg.xml.
[9/6/26, 14:56:45:725 GMT] 00003592 apache.cxf.cxf.core.3.2:1.0.111.cl260320260625-2008(id=110)] I Setting the server's publish address to be /
[9/6/26, 14:56:45:727 GMT] 00003592 com.ibm.ws.webcontainer.servlet                              I SRVE0242I: [api] [/] [{{oasTitle}}]: Initialization successful.
[9/6/26, 14:58:15:416 GMT] 00003632 com.ibm.ws.http.internal.VirtualHostImpl                     A CWWKT0017I: Web application removed (default_host): http://02db3501d6ac:9080/
[9/6/26, 14:58:15:417 GMT] 00003632 com.ibm.ws.webcontainer.servlet                              I SRVE0253I: [api] [/] [{{oasTitle}}]: Destroy successful.
[9/6/26, 14:58:15:422 GMT] 00003632 com.ibm.ws.app.manager.AppMessageHelper                      A CWWKZ0009I: The application api has stopped successfully.
[9/6/26, 14:58:15:425 GMT] 00003632 com.ibm.ws.app.manager.AppMessageHelper                      I CWWKZ0018I: Starting application api.
[9/6/26, 14:58:15:426 GMT] 00003632 bm.ws.app.manager.war.internal.WARDeployedAppInfoFactoryImpl I CWWKZ0133I: The api application at the /opt/ibm/wlp/usr/servers/defaultServer/dropins/api.war location is being expanded to the /opt/ibm/wlp/usr/servers/defaultServer/apps/expanded/api.war directory.
[9/6/26, 14:58:15:436 GMT] 00003642 com.ibm.ws.webcontainer.osgi.mbeans.PluginGenerator          I SRVE9103I: A configuration file for a web server plugin was automatically generated for this server at /opt/ibm/wlp/output/defaultServer/logs/state/plugin-cfg.xml.
[9/6/26, 14:58:15:548 GMT] 00003632 zosasset.cics.internal.factories.CicsCommareaZosAssetFactory I BAQR1753I: Loaded CICS COMMAREA z/OS Asset VRCB0130
[9/6/26, 14:58:15:551 GMT] 00003632 zosasset.cics.internal.factories.CicsCommareaZosAssetFactory I BAQR1753I: Loaded CICS COMMAREA z/OS Asset VRCB0100
[9/6/26, 14:58:15:551 GMT] 00003632 com.ibm.zosconnect.engine.impl.ZosAssetManagerImpl           E BAQR1622E: Failed to read WEB-INF/src/main/zosAssets/import/zosAsset.yaml. The file does not exist.
[9/6/26, 14:58:15:561 GMT] 00003632 liberty.microprofile.openapi20.internal.ApplicationProcessor I CWWKO1660I: The application api was processed and an OpenAPI document was produced.
[9/6/26, 14:58:15:562 GMT] 00003632 com.ibm.ws.webcontainer.osgi.webapp.WebGroup                 I SRVE0169I: Loading Web Module: api.
[9/6/26, 14:58:15:562 GMT] 00003632 com.ibm.ws.webcontainer                                      I SRVE0250I: Web Module api has been bound to default_host.
[9/6/26, 14:58:15:562 GMT] 00003632 com.ibm.ws.http.internal.VirtualHostImpl                     A CWWKT0016I: Web application available (default_host): http://02db3501d6ac:9080/
[9/6/26, 14:58:15:562 GMT] 0000360b com.ibm.ws.session.WASSessionCore                            I SESN0176I: A new session context will be created for application key default_host/
[9/6/26, 14:58:15:562 GMT] 0000360b com.ibm.ws.util                                              I SESN0172I: The session manager is using the Java default SecureRandom implementation for session ID generation.
[9/6/26, 14:58:15:566 GMT] 0000360b com.ibm.ws.app.manager.AppMessageHelper                      A CWWKZ0003I: The application api updated in 0.140 seconds.
[9/6/26, 14:58:15:568 GMT] 00003632 com.ibm.ws.webcontainer.osgi.mbeans.PluginGenerator          I SRVE9103I: A configuration file for a web server plugin was automatically generated for this server at /opt/ibm/wlp/output/defaultServer/logs/state/plugin-cfg.xml.
[9/6/26, 14:58:15:573 GMT] 0000360b apache.cxf.cxf.core.3.2:1.0.111.cl260320260625-2008(id=110)] I Setting the server's publish address to be /
[9/6/26, 14:58:15:577 GMT] 0000360b com.ibm.ws.webcontainer.servlet                              I SRVE0242I: [api] [/] [{{oasTitle}}]: Initialization successful.
[9/6/26, 14:58:24:449 GMT] 00003632 com.ibm.ws.http.internal.VirtualHostImpl                     A CWWKT0017I: Web application removed (default_host): http://02db3501d6ac:9080/
[9/6/26, 14:58:24:451 GMT] 00003632 com.ibm.ws.webcontainer.servlet                              I SRVE0253I: [api] [/] [{{oasTitle}}]: Destroy successful.
[9/6/26, 14:58:24:455 GMT] 00003632 com.ibm.ws.app.manager.AppMessageHelper                      A CWWKZ0009I: The application api has stopped successfully.
[9/6/26, 14:58:24:458 GMT] 00003632 com.ibm.ws.app.manager.AppMessageHelper                      I CWWKZ0018I: Starting application api.
[9/6/26, 14:58:24:459 GMT] 00003632 bm.ws.app.manager.war.internal.WARDeployedAppInfoFactoryImpl I CWWKZ0133I: The api application at the /opt/ibm/wlp/usr/servers/defaultServer/dropins/api.war location is being expanded to the /opt/ibm/wlp/usr/servers/defaultServer/apps/expanded/api.war directory.
[9/6/26, 14:58:24:468 GMT] 00003604 com.ibm.ws.webcontainer.osgi.mbeans.PluginGenerator          I SRVE9103I: A configuration file for a web server plugin was automatically generated for this server at /opt/ibm/wlp/output/defaultServer/logs/state/plugin-cfg.xml.
[9/6/26, 14:58:24:556 GMT] 00003632 zosasset.cics.internal.factories.CicsCommareaZosAssetFactory I BAQR1753I: Loaded CICS COMMAREA z/OS Asset VRCB0130
[9/6/26, 14:58:24:558 GMT] 00003632 zosasset.cics.internal.factories.CicsCommareaZosAssetFactory I BAQR1753I: Loaded CICS COMMAREA z/OS Asset VRCB0100
[9/6/26, 14:58:24:559 GMT] 00003632 com.ibm.zosconnect.engine.impl.ZosAssetManagerImpl           E BAQR1622E: Failed to read WEB-INF/src/main/zosAssets/import/zosAsset.yaml. The file does not exist.
[9/6/26, 14:58:24:566 GMT] 00003632 liberty.microprofile.openapi20.internal.ApplicationProcessor I CWWKO1660I: The application api was processed and an OpenAPI document was produced.
[9/6/26, 14:58:24:567 GMT] 00003632 com.ibm.ws.webcontainer.osgi.webapp.WebGroup                 I SRVE0169I: Loading Web Module: api.
[9/6/26, 14:58:24:567 GMT] 00003632 com.ibm.ws.webcontainer                                      I SRVE0250I: Web Module api has been bound to default_host.
[9/6/26, 14:58:24:567 GMT] 00003632 com.ibm.ws.http.internal.VirtualHostImpl                     A CWWKT0016I: Web application available (default_host): http://02db3501d6ac:9080/
[9/6/26, 14:58:24:567 GMT] 00003635 com.ibm.ws.session.WASSessionCore                            I SESN0176I: A new session context will be created for application key default_host/
[9/6/26, 14:58:24:567 GMT] 00003635 com.ibm.ws.util                                              I SESN0172I: The session manager is using the Java default SecureRandom implementation for session ID generation.
[9/6/26, 14:58:24:569 GMT] 00003635 com.ibm.ws.app.manager.AppMessageHelper                      A CWWKZ0003I: The application api updated in 0.111 seconds.
[9/6/26, 14:58:24:572 GMT] 00003632 com.ibm.ws.webcontainer.osgi.mbeans.PluginGenerator          I SRVE9103I: A configuration file for a web server plugin was automatically generated for this server at /opt/ibm/wlp/output/defaultServer/logs/state/plugin-cfg.xml.
[9/6/26, 14:58:24:573 GMT] 00003635 apache.cxf.cxf.core.3.2:1.0.111.cl260320260625-2008(id=110)] I Setting the server's publish address to be /
[9/6/26, 14:58:24:574 GMT] 00003635 com.ibm.ws.webcontainer.servlet                              I SRVE0242I: [api] [/] [{{oasTitle}}]: Initialization successful.
[9/6/26, 14:58:32:909 GMT] 0000363d com.ibm.ws.http.internal.VirtualHostImpl                     A CWWKT0017I: Web application removed (default_host): http://02db3501d6ac:9080/
[9/6/26, 14:58:32:910 GMT] 0000363d com.ibm.ws.webcontainer.servlet                              I SRVE0253I: [api] [/] [{{oasTitle}}]: Destroy successful.
[9/6/26, 14:58:32:913 GMT] 0000363d com.ibm.ws.app.manager.AppMessageHelper                      A CWWKZ0009I: The application api has stopped successfully.
[9/6/26, 14:58:32:921 GMT] 000035cb com.ibm.ws.webcontainer.osgi.mbeans.PluginGenerator          I SRVE9103I: A configuration file for a web server plugin was automatically generated for this server at /opt/ibm/wlp/output/defaultServer/logs/state/plugin-cfg.xml.
[9/6/26, 14:58:33:618 GMT] 00003635 com.ibm.ws.app.manager.AppMessageHelper                      I CWWKZ0018I: Starting application api.
[9/6/26, 14:58:33:619 GMT] 00003635 bm.ws.app.manager.war.internal.WARDeployedAppInfoFactoryImpl I CWWKZ0133I: The api application at the /opt/ibm/wlp/usr/servers/defaultServer/dropins/api.war location is being expanded to the /opt/ibm/wlp/usr/servers/defaultServer/apps/expanded/api.war directory.
[9/6/26, 14:58:33:735 GMT] 00003635 zosasset.cics.internal.factories.CicsCommareaZosAssetFactory I BAQR1753I: Loaded CICS COMMAREA z/OS Asset VRCB0130
[9/6/26, 14:58:33:738 GMT] 00003635 zosasset.cics.internal.factories.CicsCommareaZosAssetFactory I BAQR1753I: Loaded CICS COMMAREA z/OS Asset VRCB0100
[9/6/26, 14:58:33:738 GMT] 00003635 com.ibm.zosconnect.engine.impl.ZosAssetManagerImpl           E BAQR1622E: Failed to read WEB-INF/src/main/zosAssets/import/zosAsset.yaml. The file does not exist.
[9/6/26, 14:58:33:747 GMT] 00003635 liberty.microprofile.openapi20.internal.ApplicationProcessor I CWWKO1660I: The application api was processed and an OpenAPI document was produced.
[9/6/26, 14:58:33:747 GMT] 00003635 com.ibm.ws.webcontainer.osgi.webapp.WebGroup                 I SRVE0169I: Loading Web Module: api.
[9/6/26, 14:58:33:747 GMT] 00003635 com.ibm.ws.webcontainer                                      I SRVE0250I: Web Module api has been bound to default_host.
[9/6/26, 14:58:33:748 GMT] 00003635 com.ibm.ws.http.internal.VirtualHostImpl                     A CWWKT0016I: Web application available (default_host): http://02db3501d6ac:9080/
[9/6/26, 14:58:33:748 GMT] 00003657 com.ibm.ws.session.WASSessionCore                            I SESN0176I: A new session context will be created for application key default_host/
[9/6/26, 14:58:33:748 GMT] 00003657 com.ibm.ws.util                                              I SESN0172I: The session manager is using the Java default SecureRandom implementation for session ID generation.
[9/6/26, 14:58:33:750 GMT] 00003657 com.ibm.ws.app.manager.AppMessageHelper                      A CWWKZ0001I: Application api started in 0.132 seconds.
[9/6/26, 14:58:33:753 GMT] 0000360b com.ibm.ws.webcontainer.osgi.mbeans.PluginGenerator          I SRVE9103I: A configuration file for a web server plugin was automatically generated for this server at /opt/ibm/wlp/output/defaultServer/logs/state/plugin-cfg.xml.
[9/6/26, 14:58:33:754 GMT] 00003657 apache.cxf.cxf.core.3.2:1.0.111.cl260320260625-2008(id=110)] I Setting the server's publish address to be /
[9/6/26, 14:58:33:755 GMT] 00003657 com.ibm.ws.webcontainer.servlet                              I SRVE0242I: [api] [/] [{{oasTitle}}]: Initialization successful.
[9/6/26, 14:58:41:878 GMT] 00003668 com.ibm.ws.http.internal.VirtualHostImpl                     A CWWKT0017I: Web application removed (default_host): http://02db3501d6ac:9080/
[9/6/26, 14:58:41:879 GMT] 00003668 com.ibm.ws.webcontainer.servlet                              I SRVE0253I: [api] [/] [{{oasTitle}}]: Destroy successful.
[9/6/26, 14:58:41:883 GMT] 00003668 com.ibm.ws.app.manager.AppMessageHelper                      A CWWKZ0009I: The application api has stopped successfully.
[9/6/26, 14:58:41:890 GMT] 00003683 com.ibm.ws.webcontainer.osgi.mbeans.PluginGenerator          I SRVE9103I: A configuration file for a web server plugin was automatically generated for this server at /opt/ibm/wlp/output/defaultServer/logs/state/plugin-cfg.xml.
[9/6/26, 14:58:42:587 GMT] 000035b6 com.ibm.ws.app.manager.AppMessageHelper                      I CWWKZ0018I: Starting application api.
[9/6/26, 14:58:42:587 GMT] 000035b6 bm.ws.app.manager.war.internal.WARDeployedAppInfoFactoryImpl I CWWKZ0133I: The api application at the /opt/ibm/wlp/usr/servers/defaultServer/dropins/api.war location is being expanded to the /opt/ibm/wlp/usr/servers/defaultServer/apps/expanded/api.war directory.
[9/6/26, 14:58:42:707 GMT] 000035b6 zosasset.cics.internal.factories.CicsCommareaZosAssetFactory I BAQR1753I: Loaded CICS COMMAREA z/OS Asset VRCB0130
[9/6/26, 14:58:42:710 GMT] 000035b6 zosasset.cics.internal.factories.CicsCommareaZosAssetFactory I BAQR1753I: Loaded CICS COMMAREA z/OS Asset VRCB0100
[9/6/26, 14:58:42:710 GMT] 000035b6 com.ibm.zosconnect.engine.impl.ZosAssetManagerImpl           E BAQR1622E: Failed to read WEB-INF/src/main/zosAssets/import/zosAsset.yaml. The file does not exist.
[9/6/26, 14:58:42:712 GMT] 000035b6 liberty.microprofile.openapi20.internal.ApplicationProcessor I CWWKO1660I: The application api was processed and an OpenAPI document was produced.
[9/6/26, 14:58:42:713 GMT] 000035b6 com.ibm.ws.webcontainer.osgi.webapp.WebGroup                 I SRVE0169I: Loading Web Module: api.
[9/6/26, 14:58:42:713 GMT] 000035b6 com.ibm.ws.webcontainer                                      I SRVE0250I: Web Module api has been bound to default_host.
[9/6/26, 14:58:42:713 GMT] 000035b6 com.ibm.ws.http.internal.VirtualHostImpl                     A CWWKT0016I: Web application available (default_host): http://02db3501d6ac:9080/
[9/6/26, 14:58:42:713 GMT] 00003635 com.ibm.ws.session.WASSessionCore                            I SESN0176I: A new session context will be created for application key default_host/
[9/6/26, 14:58:42:713 GMT] 00003635 com.ibm.ws.util                                              I SESN0172I: The session manager is using the Java default SecureRandom implementation for session ID generation.
[9/6/26, 14:58:42:715 GMT] 00003635 com.ibm.ws.app.manager.AppMessageHelper                      A CWWKZ0001I: Application api started in 0.128 seconds.
[9/6/26, 14:58:42:718 GMT] 00003683 com.ibm.ws.webcontainer.osgi.mbeans.PluginGenerator          I SRVE9103I: A configuration file for a web server plugin was automatically generated for this server at /opt/ibm/wlp/output/defaultServer/logs/state/plugin-cfg.xml.
[9/6/26, 14:58:42:719 GMT] 00003635 apache.cxf.cxf.core.3.2:1.0.111.cl260320260625-2008(id=110)] I Setting the server's publish address to be /
[9/6/26, 14:58:42:722 GMT] 00003635 com.ibm.ws.webcontainer.servlet                              I SRVE0242I: [api] [/] [{{oasTitle}}]: Initialization successful.
[9/6/26, 14:58:50:848 GMT] 00003592 com.ibm.ws.http.internal.VirtualHostImpl                     A CWWKT0017I: Web application removed (default_host): http://02db3501d6ac:9080/
[9/6/26, 14:58:50:850 GMT] 00003592 com.ibm.ws.webcontainer.servlet                              I SRVE0253I: [api] [/] [{{oasTitle}}]: Destroy successful.
[9/6/26, 14:58:50:854 GMT] 00003592 com.ibm.ws.app.manager.AppMessageHelper                      A CWWKZ0009I: The application api has stopped successfully.
[9/6/26, 14:58:50:865 GMT] 00003667 com.ibm.ws.webcontainer.osgi.mbeans.PluginGenerator          I SRVE9103I: A configuration file for a web server plugin was automatically generated for this server at /opt/ibm/wlp/output/defaultServer/logs/state/plugin-cfg.xml.
[9/6/26, 14:58:51:555 GMT] 00003667 com.ibm.ws.app.manager.AppMessageHelper                      I CWWKZ0018I: Starting application api.
[9/6/26, 14:58:51:556 GMT] 00003667 bm.ws.app.manager.war.internal.WARDeployedAppInfoFactoryImpl I CWWKZ0133I: The api application at the /opt/ibm/wlp/usr/servers/defaultServer/dropins/api.war location is being expanded to the /opt/ibm/wlp/usr/servers/defaultServer/apps/expanded/api.war directory.
[9/6/26, 14:58:51:683 GMT] 00003667 zosasset.cics.internal.factories.CicsCommareaZosAssetFactory I BAQR1753I: Loaded CICS COMMAREA z/OS Asset VRCB0130
[9/6/26, 14:58:51:687 GMT] 00003667 zosasset.cics.internal.factories.CicsCommareaZosAssetFactory I BAQR1753I: Loaded CICS COMMAREA z/OS Asset VRCB0100
[9/6/26, 14:58:51:687 GMT] 00003667 com.ibm.zosconnect.engine.impl.ZosAssetManagerImpl           E BAQR1622E: Failed to read WEB-INF/src/main/zosAssets/import/zosAsset.yaml. The file does not exist.
[9/6/26, 14:58:51:697 GMT] 00003667 liberty.microprofile.openapi20.internal.ApplicationProcessor I CWWKO1660I: The application api was processed and an OpenAPI document was produced.
[9/6/26, 14:58:51:698 GMT] 00003667 com.ibm.ws.webcontainer.osgi.webapp.WebGroup                 I SRVE0169I: Loading Web Module: api.
[9/6/26, 14:58:51:698 GMT] 00003667 com.ibm.ws.webcontainer                                      I SRVE0250I: Web Module api has been bound to default_host.
[9/6/26, 14:58:51:698 GMT] 00003667 com.ibm.ws.http.internal.VirtualHostImpl                     A CWWKT0016I: Web application available (default_host): http://02db3501d6ac:9080/
[9/6/26, 14:58:51:698 GMT] 00003592 com.ibm.ws.session.WASSessionCore                            I SESN0176I: A new session context will be created for application key default_host/
[9/6/26, 14:58:51:699 GMT] 00003592 com.ibm.ws.util                                              I SESN0172I: The session manager is using the Java default SecureRandom implementation for session ID generation.
[9/6/26, 14:58:51:702 GMT] 00003592 com.ibm.ws.app.manager.AppMessageHelper                      A CWWKZ0001I: Application api started in 0.146 seconds.
[9/6/26, 14:58:51:705 GMT] 0000367c com.ibm.ws.webcontainer.osgi.mbeans.PluginGenerator          I SRVE9103I: A configuration file for a web server plugin was automatically generated for this server at /opt/ibm/wlp/output/defaultServer/logs/state/plugin-cfg.xml.
[9/6/26, 14:58:51:708 GMT] 00003592 apache.cxf.cxf.core.3.2:1.0.111.cl260320260625-2008(id=110)] I Setting the server's publish address to be /
[9/6/26, 14:58:51:710 GMT] 00003592 com.ibm.ws.webcontainer.servlet                              I SRVE0242I: [api] [/] [{{oasTitle}}]: Initialization successful.
[9/6/26, 15:05:42:449 GMT] 000037a0 com.ibm.ws.http.internal.VirtualHostImpl                     A CWWKT0017I: Web application removed (default_host): http://02db3501d6ac:9080/
[9/6/26, 15:05:42:450 GMT] 000037a0 com.ibm.ws.webcontainer.servlet                              I SRVE0253I: [api] [/] [{{oasTitle}}]: Destroy successful.
[9/6/26, 15:05:42:457 GMT] 000037a0 com.ibm.ws.app.manager.AppMessageHelper                      A CWWKZ0009I: The application api has stopped successfully.
[9/6/26, 15:05:42:460 GMT] 000037a0 com.ibm.ws.app.manager.AppMessageHelper                      I CWWKZ0018I: Starting application api.
[9/6/26, 15:05:42:460 GMT] 000037a0 bm.ws.app.manager.war.internal.WARDeployedAppInfoFactoryImpl I CWWKZ0133I: The api application at the /opt/ibm/wlp/usr/servers/defaultServer/dropins/api.war location is being expanded to the /opt/ibm/wlp/usr/servers/defaultServer/apps/expanded/api.war directory.
[9/6/26, 15:05:42:477 GMT] 0000379c com.ibm.ws.webcontainer.osgi.mbeans.PluginGenerator          I SRVE9103I: A configuration file for a web server plugin was automatically generated for this server at /opt/ibm/wlp/output/defaultServer/logs/state/plugin-cfg.xml.
[9/6/26, 15:05:42:576 GMT] 000037a0 zosasset.cics.internal.factories.CicsCommareaZosAssetFactory I BAQR1753I: Loaded CICS COMMAREA z/OS Asset VRCB0130
[9/6/26, 15:05:42:579 GMT] 000037a0 zosasset.cics.internal.factories.CicsCommareaZosAssetFactory I BAQR1753I: Loaded CICS COMMAREA z/OS Asset VRCB0100
[9/6/26, 15:05:42:579 GMT] 000037a0 com.ibm.zosconnect.engine.impl.ZosAssetManagerImpl           E BAQR1622E: Failed to read WEB-INF/src/main/zosAssets/import/zosAsset.yaml. The file does not exist.
[9/6/26, 15:05:42:588 GMT] 000037a0 liberty.microprofile.openapi20.internal.ApplicationProcessor I CWWKO1660I: The application api was processed and an OpenAPI document was produced.
[9/6/26, 15:05:42:589 GMT] 000037a0 com.ibm.ws.webcontainer.osgi.webapp.WebGroup                 I SRVE0169I: Loading Web Module: api.
[9/6/26, 15:05:42:589 GMT] 000037a0 com.ibm.ws.webcontainer                                      I SRVE0250I: Web Module api has been bound to default_host.
[9/6/26, 15:05:42:589 GMT] 000037a0 com.ibm.ws.http.internal.VirtualHostImpl                     A CWWKT0016I: Web application available (default_host): http://02db3501d6ac:9080/
[9/6/26, 15:05:42:589 GMT] 000037c1 com.ibm.ws.session.WASSessionCore                            I SESN0176I: A new session context will be created for application key default_host/
[9/6/26, 15:05:42:589 GMT] 000037c1 com.ibm.ws.util                                              I SESN0172I: The session manager is using the Java default SecureRandom implementation for session ID generation.
[9/6/26, 15:05:42:593 GMT] 000037c1 com.ibm.ws.app.manager.AppMessageHelper                      A CWWKZ0003I: The application api updated in 0.133 seconds.
[9/6/26, 15:05:42:595 GMT] 000037a0 com.ibm.ws.webcontainer.osgi.mbeans.PluginGenerator          I SRVE9103I: A configuration file for a web server plugin was automatically generated for this server at /opt/ibm/wlp/output/defaultServer/logs/state/plugin-cfg.xml.
[9/6/26, 15:05:42:599 GMT] 000037c1 apache.cxf.cxf.core.3.2:1.0.111.cl260320260625-2008(id=110)] I Setting the server's publish address to be /
[9/6/26, 15:05:42:601 GMT] 000037c1 com.ibm.ws.webcontainer.servlet                              I SRVE0242I: [api] [/] [{{oasTitle}}]: Initialization successful.
[9/6/26, 15:05:50:960 GMT] 000037d8 com.ibm.ws.http.internal.VirtualHostImpl                     A CWWKT0017I: Web application removed (default_host): http://02db3501d6ac:9080/
[9/6/26, 15:05:50:961 GMT] 000037d8 com.ibm.ws.webcontainer.servlet                              I SRVE0253I: [api] [/] [{{oasTitle}}]: Destroy successful.
[9/6/26, 15:05:50:964 GMT] 000037d8 com.ibm.ws.app.manager.AppMessageHelper                      A CWWKZ0009I: The application api has stopped successfully.
[9/6/26, 15:05:50:965 GMT] 000037d8 com.ibm.ws.app.manager.AppMessageHelper                      I CWWKZ0018I: Starting application api.
[9/6/26, 15:05:50:965 GMT] 000037d8 bm.ws.app.manager.war.internal.WARDeployedAppInfoFactoryImpl I CWWKZ0133I: The api application at the /opt/ibm/wlp/usr/servers/defaultServer/dropins/api.war location is being expanded to the /opt/ibm/wlp/usr/servers/defaultServer/apps/expanded/api.war directory.
[9/6/26, 15:05:50:972 GMT] 0000374f com.ibm.ws.webcontainer.osgi.mbeans.PluginGenerator          I SRVE9103I: A configuration file for a web server plugin was automatically generated for this server at /opt/ibm/wlp/output/defaultServer/logs/state/plugin-cfg.xml.
[9/6/26, 15:05:51:053 GMT] 000037d8 zosasset.cics.internal.factories.CicsCommareaZosAssetFactory I BAQR1753I: Loaded CICS COMMAREA z/OS Asset VRCB0130
[9/6/26, 15:05:51:056 GMT] 000037d8 zosasset.cics.internal.factories.CicsCommareaZosAssetFactory I BAQR1753I: Loaded CICS COMMAREA z/OS Asset VRCB0100
[9/6/26, 15:05:51:056 GMT] 000037d8 com.ibm.zosconnect.engine.impl.ZosAssetManagerImpl           E BAQR1622E: Failed to read WEB-INF/src/main/zosAssets/import/zosAsset.yaml. The file does not exist.
[9/6/26, 15:05:51:058 GMT] 000037d8 liberty.microprofile.openapi20.internal.ApplicationProcessor I CWWKO1660I: The application api was processed and an OpenAPI document was produced.
[9/6/26, 15:05:51:059 GMT] 000037d8 com.ibm.ws.webcontainer.osgi.webapp.WebGroup                 I SRVE0169I: Loading Web Module: api.
[9/6/26, 15:05:51:059 GMT] 000037d8 com.ibm.ws.webcontainer                                      I SRVE0250I: Web Module api has been bound to default_host.
[9/6/26, 15:05:51:059 GMT] 000037d8 com.ibm.ws.http.internal.VirtualHostImpl                     A CWWKT0016I: Web application available (default_host): http://02db3501d6ac:9080/
[9/6/26, 15:05:51:059 GMT] 000037e9 com.ibm.ws.session.WASSessionCore                            I SESN0176I: A new session context will be created for application key default_host/
[9/6/26, 15:05:51:059 GMT] 000037e9 com.ibm.ws.util                                              I SESN0172I: The session manager is using the Java default SecureRandom implementation for session ID generation.
[9/6/26, 15:05:51:063 GMT] 000037e9 com.ibm.ws.app.manager.AppMessageHelper                      A CWWKZ0003I: The application api updated in 0.097 seconds.
[9/6/26, 15:05:51:064 GMT] 000037d8 com.ibm.ws.webcontainer.osgi.mbeans.PluginGenerator          I SRVE9103I: A configuration file for a web server plugin was automatically generated for this server at /opt/ibm/wlp/output/defaultServer/logs/state/plugin-cfg.xml.
[9/6/26, 15:05:51:067 GMT] 000037e9 apache.cxf.cxf.core.3.2:1.0.111.cl260320260625-2008(id=110)] I Setting the server's publish address to be /
[9/6/26, 15:05:51:069 GMT] 000037e9 com.ibm.ws.webcontainer.servlet                              I SRVE0242I: [api] [/] [{{oasTitle}}]: Initialization successful.
[9/6/26, 15:05:59:886 GMT] 00003774 com.ibm.ws.http.internal.VirtualHostImpl                     A CWWKT0017I: Web application removed (default_host): http://02db3501d6ac:9080/
[9/6/26, 15:05:59:886 GMT] 00003774 com.ibm.ws.webcontainer.servlet                              I SRVE0253I: [api] [/] [{{oasTitle}}]: Destroy successful.
[9/6/26, 15:05:59:888 GMT] 00003774 com.ibm.ws.app.manager.AppMessageHelper                      A CWWKZ0009I: The application api has stopped successfully.
[9/6/26, 15:05:59:894 GMT] 000037d0 com.ibm.ws.webcontainer.osgi.mbeans.PluginGenerator          I SRVE9103I: A configuration file for a web server plugin was automatically generated for this server at /opt/ibm/wlp/output/defaultServer/logs/state/plugin-cfg.xml.
[9/6/26, 15:06:00:597 GMT] 000037a0 com.ibm.ws.app.manager.AppMessageHelper                      I CWWKZ0018I: Starting application api.
[9/6/26, 15:06:00:598 GMT] 000037a0 bm.ws.app.manager.war.internal.WARDeployedAppInfoFactoryImpl I CWWKZ0133I: The api application at the /opt/ibm/wlp/usr/servers/defaultServer/dropins/api.war location is being expanded to the /opt/ibm/wlp/usr/servers/defaultServer/apps/expanded/api.war directory.
[9/6/26, 15:06:00:704 GMT] 000037a0 zosasset.cics.internal.factories.CicsCommareaZosAssetFactory I BAQR1753I: Loaded CICS COMMAREA z/OS Asset VRCB0130
[9/6/26, 15:06:00:707 GMT] 000037a0 zosasset.cics.internal.factories.CicsCommareaZosAssetFactory I BAQR1753I: Loaded CICS COMMAREA z/OS Asset VRCB0100
[9/6/26, 15:06:00:708 GMT] 000037a0 com.ibm.zosconnect.engine.impl.ZosAssetManagerImpl           E BAQR1622E: Failed to read WEB-INF/src/main/zosAssets/import/zosAsset.yaml. The file does not exist.
[9/6/26, 15:06:00:710 GMT] 000037a0 liberty.microprofile.openapi20.internal.ApplicationProcessor I CWWKO1660I: The application api was processed and an OpenAPI document was produced.
[9/6/26, 15:06:00:711 GMT] 000037a0 com.ibm.ws.webcontainer.osgi.webapp.WebGroup                 I SRVE0169I: Loading Web Module: api.
[9/6/26, 15:06:00:711 GMT] 000037a0 com.ibm.ws.webcontainer                                      I SRVE0250I: Web Module api has been bound to default_host.
[9/6/26, 15:06:00:711 GMT] 000037a0 com.ibm.ws.http.internal.VirtualHostImpl                     A CWWKT0016I: Web application available (default_host): http://02db3501d6ac:9080/
[9/6/26, 15:06:00:711 GMT] 000037d8 com.ibm.ws.session.WASSessionCore                            I SESN0176I: A new session context will be created for application key default_host/
[9/6/26, 15:06:00:711 GMT] 000037d8 com.ibm.ws.util                                              I SESN0172I: The session manager is using the Java default SecureRandom implementation for session ID generation.
[9/6/26, 15:06:00:713 GMT] 000037d8 com.ibm.ws.app.manager.AppMessageHelper                      A CWWKZ0001I: Application api started in 0.115 seconds.
[9/6/26, 15:06:00:716 GMT] 00003803 com.ibm.ws.webcontainer.osgi.mbeans.PluginGenerator          I SRVE9103I: A configuration file for a web server plugin was automatically generated for this server at /opt/ibm/wlp/output/defaultServer/logs/state/plugin-cfg.xml.
[9/6/26, 15:06:00:716 GMT] 000037d8 apache.cxf.cxf.core.3.2:1.0.111.cl260320260625-2008(id=110)] I Setting the server's publish address to be /
[9/6/26, 15:06:00:718 GMT] 000037d8 com.ibm.ws.webcontainer.servlet                              I SRVE0242I: [api] [/] [{{oasTitle}}]: Initialization successful.
[9/6/26, 15:06:08:862 GMT] 00003813 com.ibm.ws.http.internal.VirtualHostImpl                     A CWWKT0017I: Web application removed (default_host): http://02db3501d6ac:9080/
[9/6/26, 15:06:08:862 GMT] 00003813 com.ibm.ws.webcontainer.servlet                              I SRVE0253I: [api] [/] [{{oasTitle}}]: Destroy successful.
[9/6/26, 15:06:08:865 GMT] 00003813 com.ibm.ws.app.manager.AppMessageHelper                      A CWWKZ0009I: The application api has stopped successfully.
[9/6/26, 15:06:08:870 GMT] 000037a0 com.ibm.ws.webcontainer.osgi.mbeans.PluginGenerator          I SRVE9103I: A configuration file for a web server plugin was automatically generated for this server at /opt/ibm/wlp/output/defaultServer/logs/state/plugin-cfg.xml.
[9/6/26, 15:06:09:570 GMT] 000037fb com.ibm.ws.app.manager.AppMessageHelper                      I CWWKZ0018I: Starting application api.
[9/6/26, 15:06:09:570 GMT] 000037fb bm.ws.app.manager.war.internal.WARDeployedAppInfoFactoryImpl I CWWKZ0133I: The api application at the /opt/ibm/wlp/usr/servers/defaultServer/dropins/api.war location is being expanded to the /opt/ibm/wlp/usr/servers/defaultServer/apps/expanded/api.war directory.
[9/6/26, 15:06:09:681 GMT] 000037fb zosasset.cics.internal.factories.CicsCommareaZosAssetFactory I BAQR1753I: Loaded CICS COMMAREA z/OS Asset VRCB0130
[9/6/26, 15:06:09:684 GMT] 000037fb zosasset.cics.internal.factories.CicsCommareaZosAssetFactory I BAQR1753I: Loaded CICS COMMAREA z/OS Asset VRCB0100
[9/6/26, 15:06:09:684 GMT] 000037fb com.ibm.zosconnect.engine.impl.ZosAssetManagerImpl           E BAQR1622E: Failed to read WEB-INF/src/main/zosAssets/import/zosAsset.yaml. The file does not exist.
[9/6/26, 15:06:09:692 GMT] 000037fb liberty.microprofile.openapi20.internal.ApplicationProcessor I CWWKO1660I: The application api was processed and an OpenAPI document was produced.
[9/6/26, 15:06:09:693 GMT] 000037fb com.ibm.ws.webcontainer.osgi.webapp.WebGroup                 I SRVE0169I: Loading Web Module: api.
[9/6/26, 15:06:09:693 GMT] 000037fb com.ibm.ws.webcontainer                                      I SRVE0250I: Web Module api has been bound to default_host.
[9/6/26, 15:06:09:693 GMT] 000037fb com.ibm.ws.http.internal.VirtualHostImpl                     A CWWKT0016I: Web application available (default_host): http://02db3501d6ac:9080/
[9/6/26, 15:06:09:693 GMT] 00003819 com.ibm.ws.session.WASSessionCore                            I SESN0176I: A new session context will be created for application key default_host/
[9/6/26, 15:06:09:693 GMT] 00003819 com.ibm.ws.util                                              I SESN0172I: The session manager is using the Java default SecureRandom implementation for session ID generation.
[9/6/26, 15:06:09:695 GMT] 00003819 com.ibm.ws.app.manager.AppMessageHelper                      A CWWKZ0001I: Application api started in 0.125 seconds.
[9/6/26, 15:06:09:699 GMT] 00003817 com.ibm.ws.webcontainer.osgi.mbeans.PluginGenerator          I SRVE9103I: A configuration file for a web server plugin was automatically generated for this server at /opt/ibm/wlp/output/defaultServer/logs/state/plugin-cfg.xml.
[9/6/26, 15:06:09:700 GMT] 00003819 apache.cxf.cxf.core.3.2:1.0.111.cl260320260625-2008(id=110)] I Setting the server's publish address to be /
[9/6/26, 15:06:09:701 GMT] 00003819 com.ibm.ws.webcontainer.servlet                              I SRVE0242I: [api] [/] [{{oasTitle}}]: Initialization successful.
[9/6/26, 15:06:26:921 GMT] 000037d6 com.ibm.ws.http.internal.VirtualHostImpl                     A CWWKT0017I: Web application removed (default_host): http://02db3501d6ac:9080/
[9/6/26, 15:06:26:921 GMT] 000037d6 com.ibm.ws.webcontainer.servlet                              I SRVE0253I: [api] [/] [{{oasTitle}}]: Destroy successful.
[9/6/26, 15:06:26:923 GMT] 000037d6 com.ibm.ws.app.manager.AppMessageHelper                      A CWWKZ0009I: The application api has stopped successfully.
[9/6/26, 15:06:26:928 GMT] 0000378f com.ibm.ws.webcontainer.osgi.mbeans.PluginGenerator          I SRVE9103I: A configuration file for a web server plugin was automatically generated for this server at /opt/ibm/wlp/output/defaultServer/logs/state/plugin-cfg.xml.
[9/6/26, 15:06:27:634 GMT] 000037c5 com.ibm.ws.app.manager.AppMessageHelper                      I CWWKZ0018I: Starting application api.
[9/6/26, 15:06:27:634 GMT] 000037c5 bm.ws.app.manager.war.internal.WARDeployedAppInfoFactoryImpl I CWWKZ0133I: The api application at the /opt/ibm/wlp/usr/servers/defaultServer/dropins/api.war location is being expanded to the /opt/ibm/wlp/usr/servers/defaultServer/apps/expanded/api.war directory.
[9/6/26, 15:06:27:764 GMT] 000037c5 zosasset.cics.internal.factories.CicsCommareaZosAssetFactory I BAQR1753I: Loaded CICS COMMAREA z/OS Asset VRCB0130
[9/6/26, 15:06:27:766 GMT] 000037c5 zosasset.cics.internal.factories.CicsCommareaZosAssetFactory I BAQR1753I: Loaded CICS COMMAREA z/OS Asset VRCB0100
[9/6/26, 15:06:27:767 GMT] 000037c5 com.ibm.zosconnect.engine.impl.ZosAssetManagerImpl           E BAQR1622E: Failed to read WEB-INF/src/main/zosAssets/import/zosAsset.yaml. The file does not exist.
[9/6/26, 15:06:27:769 GMT] 000037c5 liberty.microprofile.openapi20.internal.ApplicationProcessor I CWWKO1660I: The application api was processed and an OpenAPI document was produced.
[9/6/26, 15:06:27:769 GMT] 000037c5 com.ibm.ws.webcontainer.osgi.webapp.WebGroup                 I SRVE0169I: Loading Web Module: api.
[9/6/26, 15:06:27:769 GMT] 000037c5 com.ibm.ws.webcontainer                                      I SRVE0250I: Web Module api has been bound to default_host.
[9/6/26, 15:06:27:769 GMT] 000037c5 com.ibm.ws.http.internal.VirtualHostImpl                     A CWWKT0016I: Web application available (default_host): http://02db3501d6ac:9080/
[9/6/26, 15:06:27:769 GMT] 00003826 com.ibm.ws.session.WASSessionCore                            I SESN0176I: A new session context will be created for application key default_host/
[9/6/26, 15:06:27:770 GMT] 00003826 com.ibm.ws.util                                              I SESN0172I: The session manager is using the Java default SecureRandom implementation for session ID generation.
[9/6/26, 15:06:27:772 GMT] 00003826 com.ibm.ws.app.manager.AppMessageHelper                      A CWWKZ0001I: Application api started in 0.138 seconds.
[9/6/26, 15:06:27:775 GMT] 000037be com.ibm.ws.webcontainer.osgi.mbeans.PluginGenerator          I SRVE9103I: A configuration file for a web server plugin was automatically generated for this server at /opt/ibm/wlp/output/defaultServer/logs/state/plugin-cfg.xml.
[9/6/26, 15:06:27:775 GMT] 00003826 apache.cxf.cxf.core.3.2:1.0.111.cl260320260625-2008(id=110)] I Setting the server's publish address to be /
[9/6/26, 15:06:27:777 GMT] 00003826 com.ibm.ws.webcontainer.servlet                              I SRVE0242I: [api] [/] [{{oasTitle}}]: Initialization successful.
[9/6/26, 15:09:27:582 GMT] 00003911 com.ibm.ws.http.internal.VirtualHostImpl                     A CWWKT0017I: Web application removed (default_host): http://02db3501d6ac:9080/
[9/6/26, 15:09:27:583 GMT] 00003911 com.ibm.ws.webcontainer.servlet                              I SRVE0253I: [api] [/] [{{oasTitle}}]: Destroy successful.
[9/6/26, 15:09:27:588 GMT] 00003911 com.ibm.ws.app.manager.AppMessageHelper                      A CWWKZ0009I: The application api has stopped successfully.
[9/6/26, 15:09:27:591 GMT] 00003911 com.ibm.ws.app.manager.AppMessageHelper                      I CWWKZ0018I: Starting application api.
[9/6/26, 15:09:27:591 GMT] 00003911 bm.ws.app.manager.war.internal.WARDeployedAppInfoFactoryImpl I CWWKZ0133I: The api application at the /opt/ibm/wlp/usr/servers/defaultServer/dropins/api.war location is being expanded to the /opt/ibm/wlp/usr/servers/defaultServer/apps/expanded/api.war directory.
[9/6/26, 15:09:27:611 GMT] 0000390a com.ibm.ws.webcontainer.osgi.mbeans.PluginGenerator          I SRVE9103I: A configuration file for a web server plugin was automatically generated for this server at /opt/ibm/wlp/output/defaultServer/logs/state/plugin-cfg.xml.
[9/6/26, 15:09:27:703 GMT] 00003911 zosasset.cics.internal.factories.CicsCommareaZosAssetFactory I BAQR1753I: Loaded CICS COMMAREA z/OS Asset VRCB0130
[9/6/26, 15:09:27:706 GMT] 00003911 zosasset.cics.internal.factories.CicsCommareaZosAssetFactory I BAQR1753I: Loaded CICS COMMAREA z/OS Asset VRCB0100
[9/6/26, 15:09:27:706 GMT] 00003911 com.ibm.zosconnect.engine.impl.ZosAssetManagerImpl           E BAQR1622E: Failed to read WEB-INF/src/main/zosAssets/import/zosAsset.yaml. The file does not exist.
[9/6/26, 15:09:27:716 GMT] 00003911 liberty.microprofile.openapi20.internal.ApplicationProcessor I CWWKO1660I: The application api was processed and an OpenAPI document was produced.
[9/6/26, 15:09:27:716 GMT] 00003911 com.ibm.ws.webcontainer.osgi.webapp.WebGroup                 I SRVE0169I: Loading Web Module: api.
[9/6/26, 15:09:27:716 GMT] 00003911 com.ibm.ws.webcontainer                                      I SRVE0250I: Web Module api has been bound to default_host.
[9/6/26, 15:09:27:717 GMT] 00003911 com.ibm.ws.http.internal.VirtualHostImpl                     A CWWKT0016I: Web application available (default_host): http://02db3501d6ac:9080/
[9/6/26, 15:09:27:717 GMT] 000038d9 com.ibm.ws.session.WASSessionCore                            I SESN0176I: A new session context will be created for application key default_host/
[9/6/26, 15:09:27:717 GMT] 000038d9 com.ibm.ws.util                                              I SESN0172I: The session manager is using the Java default SecureRandom implementation for session ID generation.
[9/6/26, 15:09:27:722 GMT] 00003911 com.ibm.ws.webcontainer.osgi.mbeans.PluginGenerator          I SRVE9103I: A configuration file for a web server plugin was automatically generated for this server at /opt/ibm/wlp/output/defaultServer/logs/state/plugin-cfg.xml.
[9/6/26, 15:09:27:723 GMT] 000038d9 com.ibm.ws.app.manager.AppMessageHelper                      A CWWKZ0003I: The application api updated in 0.131 seconds.
[9/6/26, 15:09:27:727 GMT] 000038d9 apache.cxf.cxf.core.3.2:1.0.111.cl260320260625-2008(id=110)] I Setting the server's publish address to be /
[9/6/26, 15:09:27:729 GMT] 000038d9 com.ibm.ws.webcontainer.servlet                              I SRVE0242I: [api] [/] [{{oasTitle}}]: Initialization successful.
[9/6/26, 15:09:36:621 GMT] 00003925 com.ibm.ws.http.internal.VirtualHostImpl                     A CWWKT0017I: Web application removed (default_host): http://02db3501d6ac:9080/
[9/6/26, 15:09:36:622 GMT] 00003925 com.ibm.ws.webcontainer.servlet                              I SRVE0253I: [api] [/] [{{oasTitle}}]: Destroy successful.
[9/6/26, 15:09:36:627 GMT] 00003925 com.ibm.ws.app.manager.AppMessageHelper                      A CWWKZ0009I: The application api has stopped successfully.
[9/6/26, 15:09:36:630 GMT] 00003925 com.ibm.ws.app.manager.AppMessageHelper                      I CWWKZ0018I: Starting application api.
[9/6/26, 15:09:36:630 GMT] 00003925 bm.ws.app.manager.war.internal.WARDeployedAppInfoFactoryImpl I CWWKZ0133I: The api application at the /opt/ibm/wlp/usr/servers/defaultServer/dropins/api.war location is being expanded to the /opt/ibm/wlp/usr/servers/defaultServer/apps/expanded/api.war directory.
[9/6/26, 15:09:36:636 GMT] 000038f0 com.ibm.ws.webcontainer.osgi.mbeans.PluginGenerator          I SRVE9103I: A configuration file for a web server plugin was automatically generated for this server at /opt/ibm/wlp/output/defaultServer/logs/state/plugin-cfg.xml.
[9/6/26, 15:09:36:742 GMT] 00003925 zosasset.cics.internal.factories.CicsCommareaZosAssetFactory I BAQR1753I: Loaded CICS COMMAREA z/OS Asset VRCB0130
[9/6/26, 15:09:36:745 GMT] 00003925 zosasset.cics.internal.factories.CicsCommareaZosAssetFactory I BAQR1753I: Loaded CICS COMMAREA z/OS Asset VRCB0100
[9/6/26, 15:09:36:745 GMT] 00003925 com.ibm.zosconnect.engine.impl.ZosAssetManagerImpl           E BAQR1622E: Failed to read WEB-INF/src/main/zosAssets/import/zosAsset.yaml. The file does not exist.
[9/6/26, 15:09:36:748 GMT] 00003925 liberty.microprofile.openapi20.internal.ApplicationProcessor I CWWKO1660I: The application api was processed and an OpenAPI document was produced.
[9/6/26, 15:09:36:748 GMT] 00003925 com.ibm.ws.webcontainer.osgi.webapp.WebGroup                 I SRVE0169I: Loading Web Module: api.
[9/6/26, 15:09:36:748 GMT] 00003925 com.ibm.ws.webcontainer                                      I SRVE0250I: Web Module api has been bound to default_host.
[9/6/26, 15:09:36:748 GMT] 00003925 com.ibm.ws.http.internal.VirtualHostImpl                     A CWWKT0016I: Web application available (default_host): http://02db3501d6ac:9080/
[9/6/26, 15:09:36:749 GMT] 00003914 com.ibm.ws.session.WASSessionCore                            I SESN0176I: A new session context will be created for application key default_host/
[9/6/26, 15:09:36:749 GMT] 00003914 com.ibm.ws.util                                              I SESN0172I: The session manager is using the Java default SecureRandom implementation for session ID generation.
[9/6/26, 15:09:36:751 GMT] 00003914 com.ibm.ws.app.manager.AppMessageHelper                      A CWWKZ0003I: The application api updated in 0.121 seconds.
[9/6/26, 15:09:36:754 GMT] 00003925 com.ibm.ws.webcontainer.osgi.mbeans.PluginGenerator          I SRVE9103I: A configuration file for a web server plugin was automatically generated for this server at /opt/ibm/wlp/output/defaultServer/logs/state/plugin-cfg.xml.
[9/6/26, 15:09:36:756 GMT] 00003914 apache.cxf.cxf.core.3.2:1.0.111.cl260320260625-2008(id=110)] I Setting the server's publish address to be /
[9/6/26, 15:09:36:758 GMT] 00003914 com.ibm.ws.webcontainer.servlet                              I SRVE0242I: [api] [/] [{{oasTitle}}]: Initialization successful.
[9/6/26, 15:09:45:125 GMT] 000038f5 com.ibm.ws.http.internal.VirtualHostImpl                     A CWWKT0017I: Web application removed (default_host): http://02db3501d6ac:9080/
[9/6/26, 15:09:45:125 GMT] 000038f5 com.ibm.ws.webcontainer.servlet                              I SRVE0253I: [api] [/] [{{oasTitle}}]: Destroy successful.
[9/6/26, 15:09:45:128 GMT] 000038f5 com.ibm.ws.app.manager.AppMessageHelper                      A CWWKZ0009I: The application api has stopped successfully.
[9/6/26, 15:09:45:129 GMT] 000038f5 com.ibm.ws.app.manager.AppMessageHelper                      I CWWKZ0018I: Starting application api.
[9/6/26, 15:09:45:129 GMT] 000038f5 bm.ws.app.manager.war.internal.WARDeployedAppInfoFactoryImpl I CWWKZ0133I: The api application at the /opt/ibm/wlp/usr/servers/defaultServer/dropins/api.war location is being expanded to the /opt/ibm/wlp/usr/servers/defaultServer/apps/expanded/api.war directory.
[9/6/26, 15:09:45:136 GMT] 00003904 com.ibm.ws.webcontainer.osgi.mbeans.PluginGenerator          I SRVE9103I: A configuration file for a web server plugin was automatically generated for this server at /opt/ibm/wlp/output/defaultServer/logs/state/plugin-cfg.xml.
[9/6/26, 15:09:45:225 GMT] 000038f5 zosasset.cics.internal.factories.CicsCommareaZosAssetFactory I BAQR1753I: Loaded CICS COMMAREA z/OS Asset VRCB0130
[9/6/26, 15:09:45:227 GMT] 000038f5 zosasset.cics.internal.factories.CicsCommareaZosAssetFactory I BAQR1753I: Loaded CICS COMMAREA z/OS Asset VRCB0100
[9/6/26, 15:09:45:227 GMT] 000038f5 com.ibm.zosconnect.engine.impl.ZosAssetManagerImpl           E BAQR1622E: Failed to read WEB-INF/src/main/zosAssets/import/zosAsset.yaml. The file does not exist.
[9/6/26, 15:09:45:237 GMT] 000038f5 liberty.microprofile.openapi20.internal.ApplicationProcessor I CWWKO1660I: The application api was processed and an OpenAPI document was produced.
[9/6/26, 15:09:45:237 GMT] 000038f5 com.ibm.ws.webcontainer.osgi.webapp.WebGroup                 I SRVE0169I: Loading Web Module: api.
[9/6/26, 15:09:45:237 GMT] 000038f5 com.ibm.ws.webcontainer                                      I SRVE0250I: Web Module api has been bound to default_host.
[9/6/26, 15:09:45:237 GMT] 000038f5 com.ibm.ws.http.internal.VirtualHostImpl                     A CWWKT0016I: Web application available (default_host): http://02db3501d6ac:9080/
[9/6/26, 15:09:45:237 GMT] 0000392d com.ibm.ws.session.WASSessionCore                            I SESN0176I: A new session context will be created for application key default_host/
[9/6/26, 15:09:45:237 GMT] 0000392d com.ibm.ws.util                                              I SESN0172I: The session manager is using the Java default SecureRandom implementation for session ID generation.
[9/6/26, 15:09:45:240 GMT] 0000392d com.ibm.ws.app.manager.AppMessageHelper                      A CWWKZ0003I: The application api updated in 0.110 seconds.
[9/6/26, 15:09:45:242 GMT] 0000392d apache.cxf.cxf.core.3.2:1.0.111.cl260320260625-2008(id=110)] I Setting the server's publish address to be /
[9/6/26, 15:09:45:244 GMT] 0000392d com.ibm.ws.webcontainer.servlet                              I SRVE0242I: [api] [/] [{{oasTitle}}]: Initialization successful.
[9/6/26, 15:09:45:245 GMT] 000038f5 com.ibm.ws.webcontainer.osgi.mbeans.PluginGenerator          I SRVE9103I: A configuration file for a web server plugin was automatically generated for this server at /opt/ibm/wlp/output/defaultServer/logs/state/plugin-cfg.xml.
[9/6/26, 15:13:21:591 GMT] 00003a2f com.ibm.ws.http.internal.VirtualHostImpl                     A CWWKT0017I: Web application removed (default_host): http://02db3501d6ac:9080/
[9/6/26, 15:13:21:591 GMT] 00003a2f com.ibm.ws.webcontainer.servlet                              I SRVE0253I: [api] [/] [{{oasTitle}}]: Destroy successful.
[9/6/26, 15:13:21:598 GMT] 00003a2f com.ibm.ws.app.manager.AppMessageHelper                      A CWWKZ0009I: The application api has stopped successfully.
[9/6/26, 15:13:21:613 GMT] 000039b6 com.ibm.ws.webcontainer.osgi.mbeans.PluginGenerator          I SRVE9103I: A configuration file for a web server plugin was automatically generated for this server at /opt/ibm/wlp/output/defaultServer/logs/state/plugin-cfg.xml.
[9/6/26, 15:13:22:302 GMT] 00003a3a com.ibm.ws.app.manager.AppMessageHelper                      I CWWKZ0018I: Starting application api.
[9/6/26, 15:13:22:303 GMT] 00003a3a bm.ws.app.manager.war.internal.WARDeployedAppInfoFactoryImpl I CWWKZ0133I: The api application at the /opt/ibm/wlp/usr/servers/defaultServer/dropins/api.war location is being expanded to the /opt/ibm/wlp/usr/servers/defaultServer/apps/expanded/api.war directory.
[9/6/26, 15:13:22:443 GMT] 00003a3a zosasset.cics.internal.factories.CicsCommareaZosAssetFactory I BAQR1753I: Loaded CICS COMMAREA z/OS Asset VRCB0130
[9/6/26, 15:13:22:447 GMT] 00003a3a zosasset.cics.internal.factories.CicsCommareaZosAssetFactory I BAQR1753I: Loaded CICS COMMAREA z/OS Asset VRCB0100
[9/6/26, 15:13:22:447 GMT] 00003a3a com.ibm.zosconnect.engine.impl.ZosAssetManagerImpl           E BAQR1622E: Failed to read WEB-INF/src/main/zosAssets/import/zosAsset.yaml. The file does not exist.
[9/6/26, 15:13:22:450 GMT] 00003a3a liberty.microprofile.openapi20.internal.ApplicationProcessor I CWWKO1660I: The application api was processed and an OpenAPI document was produced.
[9/6/26, 15:13:22:451 GMT] 00003a3a com.ibm.ws.webcontainer.osgi.webapp.WebGroup                 I SRVE0169I: Loading Web Module: api.
[9/6/26, 15:13:22:451 GMT] 00003a3a com.ibm.ws.webcontainer                                      I SRVE0250I: Web Module api has been bound to default_host.
[9/6/26, 15:13:22:451 GMT] 00003a3a com.ibm.ws.http.internal.VirtualHostImpl                     A CWWKT0016I: Web application available (default_host): http://02db3501d6ac:9080/
[9/6/26, 15:13:22:451 GMT] 00003a08 com.ibm.ws.session.WASSessionCore                            I SESN0176I: A new session context will be created for application key default_host/
[9/6/26, 15:13:22:452 GMT] 00003a08 com.ibm.ws.util                                              I SESN0172I: The session manager is using the Java default SecureRandom implementation for session ID generation.
[9/6/26, 15:13:22:455 GMT] 00003a08 com.ibm.ws.app.manager.AppMessageHelper                      A CWWKZ0001I: Application api started in 0.153 seconds.
[9/6/26, 15:13:22:458 GMT] 00003a36 com.ibm.ws.webcontainer.osgi.mbeans.PluginGenerator          I SRVE9103I: A configuration file for a web server plugin was automatically generated for this server at /opt/ibm/wlp/output/defaultServer/logs/state/plugin-cfg.xml.
[9/6/26, 15:13:22:462 GMT] 00003a08 apache.cxf.cxf.core.3.2:1.0.111.cl260320260625-2008(id=110)] I Setting the server's publish address to be /
[9/6/26, 15:13:22:471 GMT] 00003a08 com.ibm.ws.webcontainer.servlet                              I SRVE0242I: [api] [/] [{{oasTitle}}]: Initialization successful.
[9/6/26, 15:13:27:547 GMT] 000039e5 com.ibm.zosconnect.ui.backend.workspace.ZosAssetManager      E BAQW0091E: Unable to find file zosAsset.yaml within the import directory.
[9/6/26, 15:13:39:835 GMT] 00003a18 com.ibm.ws.http.internal.VirtualHostImpl                     A CWWKT0017I: Web application removed (default_host): http://02db3501d6ac:9080/
[9/6/26, 15:13:39:836 GMT] 00003a18 com.ibm.ws.webcontainer.servlet                              I SRVE0253I: [api] [/] [{{oasTitle}}]: Destroy successful.
[9/6/26, 15:13:39:840 GMT] 00003a18 com.ibm.ws.app.manager.AppMessageHelper                      A CWWKZ0009I: The application api has stopped successfully.
[9/6/26, 15:13:39:843 GMT] 00003a18 com.ibm.ws.app.manager.AppMessageHelper                      I CWWKZ0018I: Starting application api.
[9/6/26, 15:13:39:843 GMT] 00003a18 bm.ws.app.manager.war.internal.WARDeployedAppInfoFactoryImpl I CWWKZ0133I: The api application at the /opt/ibm/wlp/usr/servers/defaultServer/dropins/api.war location is being expanded to the /opt/ibm/wlp/usr/servers/defaultServer/apps/expanded/api.war directory.
[9/6/26, 15:13:39:853 GMT] 000039db com.ibm.ws.webcontainer.osgi.mbeans.PluginGenerator          I SRVE9103I: A configuration file for a web server plugin was automatically generated for this server at /opt/ibm/wlp/output/defaultServer/logs/state/plugin-cfg.xml.
[9/6/26, 15:13:39:947 GMT] 00003a18 zosasset.cics.internal.factories.CicsCommareaZosAssetFactory I BAQR1753I: Loaded CICS COMMAREA z/OS Asset VRCB0130
[9/6/26, 15:13:39:950 GMT] 00003a18 zosasset.cics.internal.factories.CicsCommareaZosAssetFactory I BAQR1753I: Loaded CICS COMMAREA z/OS Asset VRCB0100
[9/6/26, 15:13:39:950 GMT] 00003a18 com.ibm.zosconnect.engine.impl.ZosAssetManagerImpl           E BAQR1622E: Failed to read WEB-INF/src/main/zosAssets/import/zosAsset.yaml. The file does not exist.
[9/6/26, 15:13:39:959 GMT] 00003a18 liberty.microprofile.openapi20.internal.ApplicationProcessor I CWWKO1660I: The application api was processed and an OpenAPI document was produced.
[9/6/26, 15:13:39:960 GMT] 00003a18 com.ibm.ws.webcontainer.osgi.webapp.WebGroup                 I SRVE0169I: Loading Web Module: api.
[9/6/26, 15:13:39:960 GMT] 00003a18 com.ibm.ws.webcontainer                                      I SRVE0250I: Web Module api has been bound to default_host.
[9/6/26, 15:13:39:960 GMT] 00003a18 com.ibm.ws.http.internal.VirtualHostImpl                     A CWWKT0016I: Web application available (default_host): http://02db3501d6ac:9080/
[9/6/26, 15:13:39:960 GMT] 00003a36 com.ibm.ws.session.WASSessionCore                            I SESN0176I: A new session context will be created for application key default_host/
[9/6/26, 15:13:39:960 GMT] 00003a36 com.ibm.ws.util                                              I SESN0172I: The session manager is using the Java default SecureRandom implementation for session ID generation.
[9/6/26, 15:13:39:971 GMT] 00003a36 com.ibm.ws.app.manager.AppMessageHelper                      A CWWKZ0003I: The application api updated in 0.127 seconds.
[9/6/26, 15:13:39:975 GMT] 00003a36 apache.cxf.cxf.core.3.2:1.0.111.cl260320260625-2008(id=110)] I Setting the server's publish address to be /
[9/6/26, 15:13:39:976 GMT] 00003a36 com.ibm.ws.webcontainer.servlet                              I SRVE0242I: [api] [/] [{{oasTitle}}]: Initialization successful.
[9/6/26, 15:13:39:977 GMT] 00003a18 com.ibm.ws.webcontainer.osgi.mbeans.PluginGenerator          I SRVE9103I: A configuration file for a web server plugin was automatically generated for this server at /opt/ibm/wlp/output/defaultServer/logs/state/plugin-cfg.xml.
[9/6/26, 15:13:44:256 GMT] 00003a4b com.ibm.zosconnect.ui.backend.workspace.ZosAssetManager      E BAQW0018E: An error occurred attempting to delete z/OS Asset file import: java.io.FileNotFoundException: /workspace/project/src/main/zosAssets/import/zosAsset.yaml (No such file or directory)
[9/6/26, 15:15:09:928 GMT] 00003abb com.ibm.ws.http.internal.VirtualHostImpl                     A CWWKT0017I: Web application removed (default_host): http://02db3501d6ac:9080/
[9/6/26, 15:15:09:929 GMT] 00003abb com.ibm.ws.webcontainer.servlet                              I SRVE0253I: [api] [/] [{{oasTitle}}]: Destroy successful.
[9/6/26, 15:15:09:933 GMT] 00003abb com.ibm.ws.app.manager.AppMessageHelper                      A CWWKZ0009I: The application api has stopped successfully.
[9/6/26, 15:15:09:935 GMT] 00003abb com.ibm.ws.app.manager.AppMessageHelper                      I CWWKZ0018I: Starting application api.
[9/6/26, 15:15:09:935 GMT] 00003abb bm.ws.app.manager.war.internal.WARDeployedAppInfoFactoryImpl I CWWKZ0133I: The api application at the /opt/ibm/wlp/usr/servers/defaultServer/dropins/api.war location is being expanded to the /opt/ibm/wlp/usr/servers/defaultServer/apps/expanded/api.war directory.
[9/6/26, 15:15:09:944 GMT] 00003a7a com.ibm.ws.webcontainer.osgi.mbeans.PluginGenerator          I SRVE9103I: A configuration file for a web server plugin was automatically generated for this server at /opt/ibm/wlp/output/defaultServer/logs/state/plugin-cfg.xml.
[9/6/26, 15:15:10:027 GMT] 00003abb zosasset.cics.internal.factories.CicsCommareaZosAssetFactory I BAQR1753I: Loaded CICS COMMAREA z/OS Asset VRCB0130
[9/6/26, 15:15:10:030 GMT] 00003abb zosasset.cics.internal.factories.CicsCommareaZosAssetFactory I BAQR1753I: Loaded CICS COMMAREA z/OS Asset VRCB0100
[9/6/26, 15:15:10:030 GMT] 00003abb com.ibm.zosconnect.engine.impl.ZosAssetManagerImpl           E BAQR1622E: Failed to read WEB-INF/src/main/zosAssets/import/zosAsset.yaml. The file does not exist.
[9/6/26, 15:15:10:039 GMT] 00003abb liberty.microprofile.openapi20.internal.ApplicationProcessor I CWWKO1660I: The application api was processed and an OpenAPI document was produced.
[9/6/26, 15:15:10:040 GMT] 00003abb com.ibm.ws.webcontainer.osgi.webapp.WebGroup                 I SRVE0169I: Loading Web Module: api.
[9/6/26, 15:15:10:040 GMT] 00003abb com.ibm.ws.webcontainer                                      I SRVE0250I: Web Module api has been bound to default_host.
[9/6/26, 15:15:10:040 GMT] 00003abb com.ibm.ws.http.internal.VirtualHostImpl                     A CWWKT0016I: Web application available (default_host): http://02db3501d6ac:9080/
[9/6/26, 15:15:10:040 GMT] 00003ac0 com.ibm.ws.session.WASSessionCore                            I SESN0176I: A new session context will be created for application key default_host/
[9/6/26, 15:15:10:040 GMT] 00003ac0 com.ibm.ws.util                                              I SESN0172I: The session manager is using the Java default SecureRandom implementation for session ID generation.
[9/6/26, 15:15:10:045 GMT] 00003ac0 com.ibm.ws.app.manager.AppMessageHelper                      A CWWKZ0003I: The application api updated in 0.109 seconds.
[9/6/26, 15:15:10:046 GMT] 00003abb com.ibm.ws.webcontainer.osgi.mbeans.PluginGenerator          I SRVE9103I: A configuration file for a web server plugin was automatically generated for this server at /opt/ibm/wlp/output/defaultServer/logs/state/plugin-cfg.xml.
[9/6/26, 15:15:10:049 GMT] 00003ac0 apache.cxf.cxf.core.3.2:1.0.111.cl260320260625-2008(id=110)] I Setting the server's publish address to be /
[9/6/26, 15:15:10:051 GMT] 00003ac0 com.ibm.ws.webcontainer.servlet                              I SRVE0242I: [api] [/] [{{oasTitle}}]: Initialization successful.
[9/6/26, 15:16:21:716 GMT] 00003b14 com.ibm.ws.http.internal.VirtualHostImpl                     A CWWKT0017I: Web application removed (default_host): http://02db3501d6ac:9080/
[9/6/26, 15:16:21:717 GMT] 00003b14 com.ibm.ws.webcontainer.servlet                              I SRVE0253I: [api] [/] [{{oasTitle}}]: Destroy successful.
[9/6/26, 15:16:21:720 GMT] 00003b14 com.ibm.ws.app.manager.AppMessageHelper                      A CWWKZ0009I: The application api has stopped successfully.
[9/6/26, 15:16:21:730 GMT] 00003ae7 com.ibm.ws.webcontainer.osgi.mbeans.PluginGenerator          I SRVE9103I: A configuration file for a web server plugin was automatically generated for this server at /opt/ibm/wlp/output/defaultServer/logs/state/plugin-cfg.xml.
[9/6/26, 15:16:22:420 GMT] 00003b2d com.ibm.ws.app.manager.AppMessageHelper                      I CWWKZ0018I: Starting application api.
[9/6/26, 15:16:22:420 GMT] 00003b2d bm.ws.app.manager.war.internal.WARDeployedAppInfoFactoryImpl I CWWKZ0133I: The api application at the /opt/ibm/wlp/usr/servers/defaultServer/dropins/api.war location is being expanded to the /opt/ibm/wlp/usr/servers/defaultServer/apps/expanded/api.war directory.
[9/6/26, 15:16:22:548 GMT] 00003b2d zosasset.cics.internal.factories.CicsCommareaZosAssetFactory I BAQR1753I: Loaded CICS COMMAREA z/OS Asset VRCB0130
[9/6/26, 15:16:22:550 GMT] 00003b2d zosasset.cics.internal.factories.CicsCommareaZosAssetFactory I BAQR1753I: Loaded CICS COMMAREA z/OS Asset VRCB0100
[9/6/26, 15:16:22:550 GMT] 00003b2d com.ibm.zosconnect.engine.impl.ZosAssetManagerImpl           E BAQR1622E: Failed to read WEB-INF/src/main/zosAssets/import/zosAsset.yaml. The file does not exist.
[9/6/26, 15:16:22:553 GMT] 00003b2d liberty.microprofile.openapi20.internal.ApplicationProcessor I CWWKO1660I: The application api was processed and an OpenAPI document was produced.
[9/6/26, 15:16:22:554 GMT] 00003b2d com.ibm.ws.webcontainer.osgi.webapp.WebGroup                 I SRVE0169I: Loading Web Module: api.
[9/6/26, 15:16:22:555 GMT] 00003b2d com.ibm.ws.webcontainer                                      I SRVE0250I: Web Module api has been bound to default_host.
[9/6/26, 15:16:22:555 GMT] 00003b2d com.ibm.ws.http.internal.VirtualHostImpl                     A CWWKT0016I: Web application available (default_host): http://02db3501d6ac:9080/
[9/6/26, 15:16:22:555 GMT] 00003b23 com.ibm.ws.session.WASSessionCore                            I SESN0176I: A new session context will be created for application key default_host/
[9/6/26, 15:16:22:555 GMT] 00003b23 com.ibm.ws.util                                              I SESN0172I: The session manager is using the Java default SecureRandom implementation for session ID generation.
[9/6/26, 15:16:22:558 GMT] 00003b23 com.ibm.ws.app.manager.AppMessageHelper                      A CWWKZ0001I: Application api started in 0.137 seconds.
[9/6/26, 15:16:22:560 GMT] 00003afb com.ibm.ws.webcontainer.osgi.mbeans.PluginGenerator          I SRVE9103I: A configuration file for a web server plugin was automatically generated for this server at /opt/ibm/wlp/output/defaultServer/logs/state/plugin-cfg.xml.
[9/6/26, 15:16:22:563 GMT] 00003b23 apache.cxf.cxf.core.3.2:1.0.111.cl260320260625-2008(id=110)] I Setting the server's publish address to be /
[9/6/26, 15:16:22:565 GMT] 00003b23 com.ibm.ws.webcontainer.servlet                              I SRVE0242I: [api] [/] [{{oasTitle}}]: Initialization successful.
[9/6/26, 15:18:37:082 GMT] 00003bb5 com.ibm.ws.http.internal.VirtualHostImpl                     A CWWKT0017I: Web application removed (default_host): http://02db3501d6ac:9080/
[9/6/26, 15:18:37:083 GMT] 00003bb5 com.ibm.ws.webcontainer.servlet                              I SRVE0253I: [api] [/] [{{oasTitle}}]: Destroy successful.
[9/6/26, 15:18:37:088 GMT] 00003bb5 com.ibm.ws.app.manager.AppMessageHelper                      A CWWKZ0009I: The application api has stopped successfully.
[9/6/26, 15:18:37:093 GMT] 00003bb5 com.ibm.ws.app.manager.AppMessageHelper                      I CWWKZ0018I: Starting application api.
[9/6/26, 15:18:37:093 GMT] 00003bb5 bm.ws.app.manager.war.internal.WARDeployedAppInfoFactoryImpl I CWWKZ0133I: The api application at the /opt/ibm/wlp/usr/servers/defaultServer/dropins/api.war location is being expanded to the /opt/ibm/wlp/usr/servers/defaultServer/apps/expanded/api.war directory.
[9/6/26, 15:18:37:103 GMT] 00003bac com.ibm.ws.webcontainer.osgi.mbeans.PluginGenerator          I SRVE9103I: A configuration file for a web server plugin was automatically generated for this server at /opt/ibm/wlp/output/defaultServer/logs/state/plugin-cfg.xml.
[9/6/26, 15:18:37:209 GMT] 00003bb5 zosasset.cics.internal.factories.CicsCommareaZosAssetFactory I BAQR1753I: Loaded CICS COMMAREA z/OS Asset VRCB0130
[9/6/26, 15:18:37:212 GMT] 00003bb5 zosasset.cics.internal.factories.CicsCommareaZosAssetFactory I BAQR1753I: Loaded CICS COMMAREA z/OS Asset VRCB0100
[9/6/26, 15:18:37:212 GMT] 00003bb5 com.ibm.zosconnect.engine.impl.ZosAssetManagerImpl           E BAQR1622E: Failed to read WEB-INF/src/main/zosAssets/import/zosAsset.yaml. The file does not exist.
[9/6/26, 15:18:37:215 GMT] 00003bb5 liberty.microprofile.openapi20.internal.ApplicationProcessor I CWWKO1660I: The application api was processed and an OpenAPI document was produced.
[9/6/26, 15:18:37:215 GMT] 00003bb5 com.ibm.ws.webcontainer.osgi.webapp.WebGroup                 I SRVE0169I: Loading Web Module: api.
[9/6/26, 15:18:37:215 GMT] 00003bb5 com.ibm.ws.webcontainer                                      I SRVE0250I: Web Module api has been bound to default_host.
[9/6/26, 15:18:37:215 GMT] 00003bb5 com.ibm.ws.http.internal.VirtualHostImpl                     A CWWKT0016I: Web application available (default_host): http://02db3501d6ac:9080/
[9/6/26, 15:18:37:216 GMT] 00003ba2 com.ibm.ws.session.WASSessionCore                            I SESN0176I: A new session context will be created for application key default_host/
[9/6/26, 15:18:37:217 GMT] 00003ba2 com.ibm.ws.util                                              I SESN0172I: The session manager is using the Java default SecureRandom implementation for session ID generation.
[9/6/26, 15:18:37:220 GMT] 00003ba2 com.ibm.ws.app.manager.AppMessageHelper                      A CWWKZ0003I: The application api updated in 0.126 seconds.
[9/6/26, 15:18:37:222 GMT] 00003bb5 com.ibm.ws.webcontainer.osgi.mbeans.PluginGenerator          I SRVE9103I: A configuration file for a web server plugin was automatically generated for this server at /opt/ibm/wlp/output/defaultServer/logs/state/plugin-cfg.xml.
[9/6/26, 15:18:37:224 GMT] 00003ba2 apache.cxf.cxf.core.3.2:1.0.111.cl260320260625-2008(id=110)] I Setting the server's publish address to be /
[9/6/26, 15:18:37:226 GMT] 00003ba2 com.ibm.ws.webcontainer.servlet                              I SRVE0242I: [api] [/] [{{oasTitle}}]: Initialization successful.
[9/6/26, 15:18:45:574 GMT] 00003bd6 com.ibm.ws.http.internal.VirtualHostImpl                     A CWWKT0017I: Web application removed (default_host): http://02db3501d6ac:9080/
[9/6/26, 15:18:45:576 GMT] 00003bd6 com.ibm.ws.webcontainer.servlet                              I SRVE0253I: [api] [/] [{{oasTitle}}]: Destroy successful.
[9/6/26, 15:18:45:579 GMT] 00003bd6 com.ibm.ws.app.manager.AppMessageHelper                      A CWWKZ0009I: The application api has stopped successfully.
[9/6/26, 15:18:45:580 GMT] 00003bd6 com.ibm.ws.app.manager.AppMessageHelper                      I CWWKZ0018I: Starting application api.
[9/6/26, 15:18:45:580 GMT] 00003bd6 bm.ws.app.manager.war.internal.WARDeployedAppInfoFactoryImpl I CWWKZ0133I: The api application at the /opt/ibm/wlp/usr/servers/defaultServer/dropins/api.war location is being expanded to the /opt/ibm/wlp/usr/servers/defaultServer/apps/expanded/api.war directory.
[9/6/26, 15:18:45:585 GMT] 00003bbe com.ibm.ws.webcontainer.osgi.mbeans.PluginGenerator          I SRVE9103I: A configuration file for a web server plugin was automatically generated for this server at /opt/ibm/wlp/output/defaultServer/logs/state/plugin-cfg.xml.
[9/6/26, 15:18:45:661 GMT] 00003bd6 zosasset.cics.internal.factories.CicsCommareaZosAssetFactory I BAQR1753I: Loaded CICS COMMAREA z/OS Asset VRCB0130
[9/6/26, 15:18:45:664 GMT] 00003bd6 zosasset.cics.internal.factories.CicsCommareaZosAssetFactory I BAQR1753I: Loaded CICS COMMAREA z/OS Asset VRCB0100
[9/6/26, 15:18:45:664 GMT] 00003bd6 com.ibm.zosconnect.engine.impl.ZosAssetManagerImpl           E BAQR1622E: Failed to read WEB-INF/src/main/zosAssets/import/zosAsset.yaml. The file does not exist.
[9/6/26, 15:18:45:666 GMT] 00003bd6 liberty.microprofile.openapi20.internal.ApplicationProcessor I CWWKO1660I: The application api was processed and an OpenAPI document was produced.
[9/6/26, 15:18:45:666 GMT] 00003bd6 com.ibm.ws.webcontainer.osgi.webapp.WebGroup                 I SRVE0169I: Loading Web Module: api.
[9/6/26, 15:18:45:666 GMT] 00003bd6 com.ibm.ws.webcontainer                                      I SRVE0250I: Web Module api has been bound to default_host.
[9/6/26, 15:18:45:666 GMT] 00003bd6 com.ibm.ws.http.internal.VirtualHostImpl                     A CWWKT0016I: Web application available (default_host): http://02db3501d6ac:9080/
[9/6/26, 15:18:45:666 GMT] 00003bd7 com.ibm.ws.session.WASSessionCore                            I SESN0176I: A new session context will be created for application key default_host/
[9/6/26, 15:18:45:666 GMT] 00003bd7 com.ibm.ws.util                                              I SESN0172I: The session manager is using the Java default SecureRandom implementation for session ID generation.
[9/6/26, 15:18:45:675 GMT] 00003bd7 com.ibm.ws.app.manager.AppMessageHelper                      A CWWKZ0003I: The application api updated in 0.094 seconds.
[9/6/26, 15:18:45:677 GMT] 00003bd6 com.ibm.ws.webcontainer.osgi.mbeans.PluginGenerator          I SRVE9103I: A configuration file for a web server plugin was automatically generated for this server at /opt/ibm/wlp/output/defaultServer/logs/state/plugin-cfg.xml.
[9/6/26, 15:18:45:679 GMT] 00003bd7 apache.cxf.cxf.core.3.2:1.0.111.cl260320260625-2008(id=110)] I Setting the server's publish address to be /
[9/6/26, 15:18:45:681 GMT] 00003bd7 com.ibm.ws.webcontainer.servlet                              I SRVE0242I: [api] [/] [{{oasTitle}}]: Initialization successful.
[9/6/26, 15:18:55:111 GMT] 00003b97 com.ibm.ws.http.internal.VirtualHostImpl                     A CWWKT0017I: Web application removed (default_host): http://02db3501d6ac:9080/
[9/6/26, 15:18:55:112 GMT] 00003b97 com.ibm.ws.webcontainer.servlet                              I SRVE0253I: [api] [/] [{{oasTitle}}]: Destroy successful.
[9/6/26, 15:18:55:116 GMT] 00003b97 com.ibm.ws.app.manager.AppMessageHelper                      A CWWKZ0009I: The application api has stopped successfully.
[9/6/26, 15:18:55:119 GMT] 00003b97 com.ibm.ws.app.manager.AppMessageHelper                      I CWWKZ0018I: Starting application api.
[9/6/26, 15:18:55:120 GMT] 00003b97 bm.ws.app.manager.war.internal.WARDeployedAppInfoFactoryImpl I CWWKZ0133I: The api application at the /opt/ibm/wlp/usr/servers/defaultServer/dropins/api.war location is being expanded to the /opt/ibm/wlp/usr/servers/defaultServer/apps/expanded/api.war directory.
[9/6/26, 15:18:55:136 GMT] 00003baa com.ibm.ws.webcontainer.osgi.mbeans.PluginGenerator          I SRVE9103I: A configuration file for a web server plugin was automatically generated for this server at /opt/ibm/wlp/output/defaultServer/logs/state/plugin-cfg.xml.
[9/6/26, 15:18:55:226 GMT] 00003b97 zosasset.cics.internal.factories.CicsCommareaZosAssetFactory I BAQR1753I: Loaded CICS COMMAREA z/OS Asset VRCB0130
[9/6/26, 15:18:55:230 GMT] 00003b97 zosasset.cics.internal.factories.CicsCommareaZosAssetFactory I BAQR1753I: Loaded CICS COMMAREA z/OS Asset VRCB0100
[9/6/26, 15:18:55:230 GMT] 00003b97 com.ibm.zosconnect.engine.impl.ZosAssetManagerImpl           E BAQR1622E: Failed to read WEB-INF/src/main/zosAssets/import/zosAsset.yaml. The file does not exist.
[9/6/26, 15:18:55:232 GMT] 00003b97 liberty.microprofile.openapi20.internal.ApplicationProcessor I CWWKO1660I: The application api was processed and an OpenAPI document was produced.
[9/6/26, 15:18:55:233 GMT] 00003b97 com.ibm.ws.webcontainer.osgi.webapp.WebGroup                 I SRVE0169I: Loading Web Module: api.
[9/6/26, 15:18:55:233 GMT] 00003b97 com.ibm.ws.webcontainer                                      I SRVE0250I: Web Module api has been bound to default_host.
[9/6/26, 15:18:55:233 GMT] 00003b97 com.ibm.ws.http.internal.VirtualHostImpl                     A CWWKT0016I: Web application available (default_host): http://02db3501d6ac:9080/
[9/6/26, 15:18:55:233 GMT] 00003be9 com.ibm.ws.session.WASSessionCore                            I SESN0176I: A new session context will be created for application key default_host/
[9/6/26, 15:18:55:233 GMT] 00003be9 com.ibm.ws.util                                              I SESN0172I: The session manager is using the Java default SecureRandom implementation for session ID generation.
[9/6/26, 15:18:55:240 GMT] 00003be9 com.ibm.ws.app.manager.AppMessageHelper                      A CWWKZ0003I: The application api updated in 0.120 seconds.
[9/6/26, 15:18:55:240 GMT] 00003b97 com.ibm.ws.webcontainer.osgi.mbeans.PluginGenerator          I SRVE9103I: A configuration file for a web server plugin was automatically generated for this server at /opt/ibm/wlp/output/defaultServer/logs/state/plugin-cfg.xml.
[9/6/26, 15:18:55:245 GMT] 00003be9 apache.cxf.cxf.core.3.2:1.0.111.cl260320260625-2008(id=110)] I Setting the server's publish address to be /
[9/6/26, 15:18:55:246 GMT] 00003be9 com.ibm.ws.webcontainer.servlet                              I SRVE0242I: [api] [/] [{{oasTitle}}]: Initialization successful.
[9/6/26, 15:20:06:530 GMT] 00003c49 com.ibm.ws.http.internal.VirtualHostImpl                     A CWWKT0017I: Web application removed (default_host): http://02db3501d6ac:9080/
[9/6/26, 15:20:06:532 GMT] 00003c49 com.ibm.ws.webcontainer.servlet                              I SRVE0253I: [api] [/] [{{oasTitle}}]: Destroy successful.
[9/6/26, 15:20:06:550 GMT] 00003c49 com.ibm.ws.app.manager.AppMessageHelper                      A CWWKZ0009I: The application api has stopped successfully.
[9/6/26, 15:20:06:575 GMT] 00003c46 com.ibm.ws.webcontainer.osgi.mbeans.PluginGenerator          I SRVE9103I: A configuration file for a web server plugin was automatically generated for this server at /opt/ibm/wlp/output/defaultServer/logs/state/plugin-cfg.xml.
[9/6/26, 15:20:07:235 GMT] 00003c06 com.ibm.ws.app.manager.AppMessageHelper                      I CWWKZ0018I: Starting application api.
[9/6/26, 15:20:07:235 GMT] 00003c06 bm.ws.app.manager.war.internal.WARDeployedAppInfoFactoryImpl I CWWKZ0133I: The api application at the /opt/ibm/wlp/usr/servers/defaultServer/dropins/api.war location is being expanded to the /opt/ibm/wlp/usr/servers/defaultServer/apps/expanded/api.war directory.
[9/6/26, 15:20:07:354 GMT] 00003c06 zosasset.cics.internal.factories.CicsCommareaZosAssetFactory I BAQR1753I: Loaded CICS COMMAREA z/OS Asset VRCB0130
[9/6/26, 15:20:07:356 GMT] 00003c06 zosasset.cics.internal.factories.CicsCommareaZosAssetFactory I BAQR1753I: Loaded CICS COMMAREA z/OS Asset VRCB0100
[9/6/26, 15:20:07:357 GMT] 00003c06 com.ibm.zosconnect.engine.impl.ZosAssetManagerImpl           E BAQR1622E: Failed to read WEB-INF/src/main/zosAssets/import/zosAsset.yaml. The file does not exist.
[9/6/26, 15:20:07:365 GMT] 00003c06 liberty.microprofile.openapi20.internal.ApplicationProcessor I CWWKO1660I: The application api was processed and an OpenAPI document was produced.
[9/6/26, 15:20:07:366 GMT] 00003c06 com.ibm.ws.webcontainer.osgi.webapp.WebGroup                 I SRVE0169I: Loading Web Module: api.
[9/6/26, 15:20:07:366 GMT] 00003c06 com.ibm.ws.webcontainer                                      I SRVE0250I: Web Module api has been bound to default_host.
[9/6/26, 15:20:07:366 GMT] 00003c06 com.ibm.ws.http.internal.VirtualHostImpl                     A CWWKT0016I: Web application available (default_host): http://02db3501d6ac:9080/
[9/6/26, 15:20:07:367 GMT] 00003c49 com.ibm.ws.session.WASSessionCore                            I SESN0176I: A new session context will be created for application key default_host/
[9/6/26, 15:20:07:370 GMT] 00003c49 com.ibm.ws.util                                              I SESN0172I: The session manager is using the Java default SecureRandom implementation for session ID generation.
[9/6/26, 15:20:07:371 GMT] 00003c06 com.ibm.ws.webcontainer.osgi.mbeans.PluginGenerator          I SRVE9103I: A configuration file for a web server plugin was automatically generated for this server at /opt/ibm/wlp/output/defaultServer/logs/state/plugin-cfg.xml.
[9/6/26, 15:20:07:373 GMT] 00003c49 com.ibm.ws.app.manager.AppMessageHelper                      A CWWKZ0001I: Application api started in 0.138 seconds.
[9/6/26, 15:20:07:377 GMT] 00003c49 apache.cxf.cxf.core.3.2:1.0.111.cl260320260625-2008(id=110)] I Setting the server's publish address to be /
[9/6/26, 15:20:07:380 GMT] 00003c49 com.ibm.ws.webcontainer.servlet                              I SRVE0242I: [api] [/] [{{oasTitle}}]: Initialization successful.
[9/6/26, 15:20:15:478 GMT] 00003c5f com.ibm.ws.http.internal.VirtualHostImpl                     A CWWKT0017I: Web application removed (default_host): http://02db3501d6ac:9080/
[9/6/26, 15:20:15:478 GMT] 00003c5f com.ibm.ws.webcontainer.servlet                              I SRVE0253I: [api] [/] [{{oasTitle}}]: Destroy successful.
[9/6/26, 15:20:15:481 GMT] 00003c5f com.ibm.ws.app.manager.AppMessageHelper                      A CWWKZ0009I: The application api has stopped successfully.
[9/6/26, 15:20:15:487 GMT] 00003c3b com.ibm.ws.webcontainer.osgi.mbeans.PluginGenerator          I SRVE9103I: A configuration file for a web server plugin was automatically generated for this server at /opt/ibm/wlp/output/defaultServer/logs/state/plugin-cfg.xml.
[9/6/26, 15:20:16:192 GMT] 00003c17 com.ibm.ws.app.manager.AppMessageHelper                      I CWWKZ0018I: Starting application api.
[9/6/26, 15:20:16:193 GMT] 00003c17 bm.ws.app.manager.war.internal.WARDeployedAppInfoFactoryImpl I CWWKZ0133I: The api application at the /opt/ibm/wlp/usr/servers/defaultServer/dropins/api.war location is being expanded to the /opt/ibm/wlp/usr/servers/defaultServer/apps/expanded/api.war directory.
[9/6/26, 15:20:16:310 GMT] 00003c17 zosasset.cics.internal.factories.CicsCommareaZosAssetFactory I BAQR1753I: Loaded CICS COMMAREA z/OS Asset VRCB0130
[9/6/26, 15:20:16:313 GMT] 00003c17 zosasset.cics.internal.factories.CicsCommareaZosAssetFactory I BAQR1753I: Loaded CICS COMMAREA z/OS Asset VRCB0100
[9/6/26, 15:20:16:313 GMT] 00003c17 com.ibm.zosconnect.engine.impl.ZosAssetManagerImpl           E BAQR1622E: Failed to read WEB-INF/src/main/zosAssets/import/zosAsset.yaml. The file does not exist.
[9/6/26, 15:20:16:315 GMT] 00003c17 liberty.microprofile.openapi20.internal.ApplicationProcessor I CWWKO1660I: The application api was processed and an OpenAPI document was produced.
[9/6/26, 15:20:16:316 GMT] 00003c17 com.ibm.ws.webcontainer.osgi.webapp.WebGroup                 I SRVE0169I: Loading Web Module: api.
[9/6/26, 15:20:16:316 GMT] 00003c17 com.ibm.ws.webcontainer                                      I SRVE0250I: Web Module api has been bound to default_host.
[9/6/26, 15:20:16:316 GMT] 00003c17 com.ibm.ws.http.internal.VirtualHostImpl                     A CWWKT0016I: Web application available (default_host): http://02db3501d6ac:9080/
[9/6/26, 15:20:16:316 GMT] 00003c3b com.ibm.ws.session.WASSessionCore                            I SESN0176I: A new session context will be created for application key default_host/
[9/6/26, 15:20:16:316 GMT] 00003c3b com.ibm.ws.util                                              I SESN0172I: The session manager is using the Java default SecureRandom implementation for session ID generation.
[9/6/26, 15:20:16:318 GMT] 00003c3b com.ibm.ws.app.manager.AppMessageHelper                      A CWWKZ0001I: Application api started in 0.126 seconds.
[9/6/26, 15:20:16:322 GMT] 00003c3b apache.cxf.cxf.core.3.2:1.0.111.cl260320260625-2008(id=110)] I Setting the server's publish address to be /
[9/6/26, 15:20:16:322 GMT] 00003c49 com.ibm.ws.webcontainer.osgi.mbeans.PluginGenerator          I SRVE9103I: A configuration file for a web server plugin was automatically generated for this server at /opt/ibm/wlp/output/defaultServer/logs/state/plugin-cfg.xml.
[9/6/26, 15:20:16:323 GMT] 00003c3b com.ibm.ws.webcontainer.servlet                              I SRVE0242I: [api] [/] [{{oasTitle}}]: Initialization successful.
[9/6/26, 15:20:33:499 GMT] 00003bac com.ibm.ws.http.internal.VirtualHostImpl                     A CWWKT0017I: Web application removed (default_host): http://02db3501d6ac:9080/
[9/6/26, 15:20:33:499 GMT] 00003bac com.ibm.ws.webcontainer.servlet                              I SRVE0253I: [api] [/] [{{oasTitle}}]: Destroy successful.
[9/6/26, 15:20:33:502 GMT] 00003bac com.ibm.ws.app.manager.AppMessageHelper                      A CWWKZ0009I: The application api has stopped successfully.
[9/6/26, 15:20:33:508 GMT] 00003c1a com.ibm.ws.webcontainer.osgi.mbeans.PluginGenerator          I SRVE9103I: A configuration file for a web server plugin was automatically generated for this server at /opt/ibm/wlp/output/defaultServer/logs/state/plugin-cfg.xml.
[9/6/26, 15:20:34:210 GMT] 00003c7a com.ibm.ws.app.manager.AppMessageHelper                      I CWWKZ0018I: Starting application api.
[9/6/26, 15:20:34:210 GMT] 00003c7a bm.ws.app.manager.war.internal.WARDeployedAppInfoFactoryImpl I CWWKZ0133I: The api application at the /opt/ibm/wlp/usr/servers/defaultServer/dropins/api.war location is being expanded to the /opt/ibm/wlp/usr/servers/defaultServer/apps/expanded/api.war directory.
[9/6/26, 15:20:34:336 GMT] 00003c7a zosasset.cics.internal.factories.CicsCommareaZosAssetFactory I BAQR1753I: Loaded CICS COMMAREA z/OS Asset VRCB0130
[9/6/26, 15:20:34:339 GMT] 00003c7a zosasset.cics.internal.factories.CicsCommareaZosAssetFactory I BAQR1753I: Loaded CICS COMMAREA z/OS Asset VRCB0100
[9/6/26, 15:20:34:339 GMT] 00003c7a com.ibm.zosconnect.engine.impl.ZosAssetManagerImpl           E BAQR1622E: Failed to read WEB-INF/src/main/zosAssets/import/zosAsset.yaml. The file does not exist.
[9/6/26, 15:20:34:341 GMT] 00003c7a liberty.microprofile.openapi20.internal.ApplicationProcessor I CWWKO1660I: The application api was processed and an OpenAPI document was produced.
[9/6/26, 15:20:34:341 GMT] 00003c7a com.ibm.ws.webcontainer.osgi.webapp.WebGroup                 I SRVE0169I: Loading Web Module: api.
[9/6/26, 15:20:34:341 GMT] 00003c7a com.ibm.ws.webcontainer                                      I SRVE0250I: Web Module api has been bound to default_host.
[9/6/26, 15:20:34:341 GMT] 00003c7a com.ibm.ws.http.internal.VirtualHostImpl                     A CWWKT0016I: Web application available (default_host): http://02db3501d6ac:9080/
[9/6/26, 15:20:34:342 GMT] 00003c13 com.ibm.ws.session.WASSessionCore                            I SESN0176I: A new session context will be created for application key default_host/
[9/6/26, 15:20:34:342 GMT] 00003c13 com.ibm.ws.util                                              I SESN0172I: The session manager is using the Java default SecureRandom implementation for session ID generation.
[9/6/26, 15:20:34:344 GMT] 00003c13 com.ibm.ws.app.manager.AppMessageHelper                      A CWWKZ0001I: Application api started in 0.134 seconds.
[9/6/26, 15:20:34:347 GMT] 00003c13 apache.cxf.cxf.core.3.2:1.0.111.cl260320260625-2008(id=110)] I Setting the server's publish address to be /
[9/6/26, 15:20:34:348 GMT] 00003c74 com.ibm.ws.webcontainer.osgi.mbeans.PluginGenerator          I SRVE9103I: A configuration file for a web server plugin was automatically generated for this server at /opt/ibm/wlp/output/defaultServer/logs/state/plugin-cfg.xml.
[9/6/26, 15:20:34:349 GMT] 00003c13 com.ibm.ws.webcontainer.servlet                              I SRVE0242I: [api] [/] [{{oasTitle}}]: Initialization successful.
[9/6/26, 15:20:42:480 GMT] 00003c41 com.ibm.ws.http.internal.VirtualHostImpl                     A CWWKT0017I: Web application removed (default_host): http://02db3501d6ac:9080/
[9/6/26, 15:20:42:480 GMT] 00003c41 com.ibm.ws.webcontainer.servlet                              I SRVE0253I: [api] [/] [{{oasTitle}}]: Destroy successful.
[9/6/26, 15:20:42:482 GMT] 00003c41 com.ibm.ws.app.manager.AppMessageHelper                      A CWWKZ0009I: The application api has stopped successfully.
[9/6/26, 15:20:42:489 GMT] 00003c7f com.ibm.ws.webcontainer.osgi.mbeans.PluginGenerator          I SRVE9103I: A configuration file for a web server plugin was automatically generated for this server at /opt/ibm/wlp/output/defaultServer/logs/state/plugin-cfg.xml.
[9/6/26, 15:20:43:192 GMT] 00003b97 com.ibm.ws.app.manager.AppMessageHelper                      I CWWKZ0018I: Starting application api.
[9/6/26, 15:20:43:193 GMT] 00003b97 bm.ws.app.manager.war.internal.WARDeployedAppInfoFactoryImpl I CWWKZ0133I: The api application at the /opt/ibm/wlp/usr/servers/defaultServer/dropins/api.war location is being expanded to the /opt/ibm/wlp/usr/servers/defaultServer/apps/expanded/api.war directory.
[9/6/26, 15:20:43:299 GMT] 00003b97 zosasset.cics.internal.factories.CicsCommareaZosAssetFactory I BAQR1753I: Loaded CICS COMMAREA z/OS Asset VRCB0130
[9/6/26, 15:20:43:302 GMT] 00003b97 zosasset.cics.internal.factories.CicsCommareaZosAssetFactory I BAQR1753I: Loaded CICS COMMAREA z/OS Asset VRCB0100
[9/6/26, 15:20:43:302 GMT] 00003b97 com.ibm.zosconnect.engine.impl.ZosAssetManagerImpl           E BAQR1622E: Failed to read WEB-INF/src/main/zosAssets/import/zosAsset.yaml. The file does not exist.
[9/6/26, 15:20:43:304 GMT] 00003b97 liberty.microprofile.openapi20.internal.ApplicationProcessor I CWWKO1660I: The application api was processed and an OpenAPI document was produced.
[9/6/26, 15:20:43:304 GMT] 00003b97 com.ibm.ws.webcontainer.osgi.webapp.WebGroup                 I SRVE0169I: Loading Web Module: api.
[9/6/26, 15:20:43:304 GMT] 00003b97 com.ibm.ws.webcontainer                                      I SRVE0250I: Web Module api has been bound to default_host.
[9/6/26, 15:20:43:304 GMT] 00003b97 com.ibm.ws.http.internal.VirtualHostImpl                     A CWWKT0016I: Web application available (default_host): http://02db3501d6ac:9080/
[9/6/26, 15:20:43:305 GMT] 00003c72 com.ibm.ws.session.WASSessionCore                            I SESN0176I: A new session context will be created for application key default_host/
[9/6/26, 15:20:43:305 GMT] 00003c72 com.ibm.ws.util                                              I SESN0172I: The session manager is using the Java default SecureRandom implementation for session ID generation.
[9/6/26, 15:20:43:307 GMT] 00003c72 com.ibm.ws.app.manager.AppMessageHelper                      A CWWKZ0001I: Application api started in 0.114 seconds.
[9/6/26, 15:20:43:309 GMT] 00003c8d com.ibm.ws.webcontainer.osgi.mbeans.PluginGenerator          I SRVE9103I: A configuration file for a web server plugin was automatically generated for this server at /opt/ibm/wlp/output/defaultServer/logs/state/plugin-cfg.xml.
[9/6/26, 15:20:43:310 GMT] 00003c72 apache.cxf.cxf.core.3.2:1.0.111.cl260320260625-2008(id=110)] I Setting the server's publish address to be /
[9/6/26, 15:20:43:312 GMT] 00003c72 com.ibm.ws.webcontainer.servlet                              I SRVE0242I: [api] [/] [{{oasTitle}}]: Initialization successful.
[9/6/26, 15:20:51:677 GMT] 00003bac com.ibm.ws.http.internal.VirtualHostImpl                     A CWWKT0017I: Web application removed (default_host): http://02db3501d6ac:9080/
[9/6/26, 15:20:51:678 GMT] 00003bac com.ibm.ws.webcontainer.servlet                              I SRVE0253I: [api] [/] [{{oasTitle}}]: Destroy successful.
[9/6/26, 15:20:51:680 GMT] 00003bac com.ibm.ws.app.manager.AppMessageHelper                      A CWWKZ0009I: The application api has stopped successfully.
[9/6/26, 15:20:51:682 GMT] 00003bac com.ibm.ws.app.manager.AppMessageHelper                      I CWWKZ0018I: Starting application api.
[9/6/26, 15:20:51:682 GMT] 00003bac bm.ws.app.manager.war.internal.WARDeployedAppInfoFactoryImpl I CWWKZ0133I: The api application at the /opt/ibm/wlp/usr/servers/defaultServer/dropins/api.war location is being expanded to the /opt/ibm/wlp/usr/servers/defaultServer/apps/expanded/api.war directory.
[9/6/26, 15:20:51:689 GMT] 00003c60 com.ibm.ws.webcontainer.osgi.mbeans.PluginGenerator          I SRVE9103I: A configuration file for a web server plugin was automatically generated for this server at /opt/ibm/wlp/output/defaultServer/logs/state/plugin-cfg.xml.
[9/6/26, 15:20:51:776 GMT] 00003bac zosasset.cics.internal.factories.CicsCommareaZosAssetFactory I BAQR1753I: Loaded CICS COMMAREA z/OS Asset VRCB0130
[9/6/26, 15:20:51:779 GMT] 00003bac zosasset.cics.internal.factories.CicsCommareaZosAssetFactory I BAQR1753I: Loaded CICS COMMAREA z/OS Asset VRCB0100
[9/6/26, 15:20:51:779 GMT] 00003bac com.ibm.zosconnect.engine.impl.ZosAssetManagerImpl           E BAQR1622E: Failed to read WEB-INF/src/main/zosAssets/import/zosAsset.yaml. The file does not exist.
[9/6/26, 15:20:51:786 GMT] 00003bac liberty.microprofile.openapi20.internal.ApplicationProcessor I CWWKO1660I: The application api was processed and an OpenAPI document was produced.
[9/6/26, 15:20:51:786 GMT] 00003bac com.ibm.ws.webcontainer.osgi.webapp.WebGroup                 I SRVE0169I: Loading Web Module: api.
[9/6/26, 15:20:51:786 GMT] 00003bac com.ibm.ws.webcontainer                                      I SRVE0250I: Web Module api has been bound to default_host.
[9/6/26, 15:20:51:786 GMT] 00003bac com.ibm.ws.http.internal.VirtualHostImpl                     A CWWKT0016I: Web application available (default_host): http://02db3501d6ac:9080/
[9/6/26, 15:20:51:787 GMT] 00003ca3 com.ibm.ws.session.WASSessionCore                            I SESN0176I: A new session context will be created for application key default_host/
[9/6/26, 15:20:51:787 GMT] 00003ca3 com.ibm.ws.util                                              I SESN0172I: The session manager is using the Java default SecureRandom implementation for session ID generation.
[9/6/26, 15:20:51:789 GMT] 00003ca3 com.ibm.ws.app.manager.AppMessageHelper                      A CWWKZ0003I: The application api updated in 0.107 seconds.
[9/6/26, 15:20:51:794 GMT] 00003ca3 apache.cxf.cxf.core.3.2:1.0.111.cl260320260625-2008(id=110)] I Setting the server's publish address to be /
[9/6/26, 15:20:51:794 GMT] 00003bac com.ibm.ws.webcontainer.osgi.mbeans.PluginGenerator          I SRVE9103I: A configuration file for a web server plugin was automatically generated for this server at /opt/ibm/wlp/output/defaultServer/logs/state/plugin-cfg.xml.
[9/6/26, 15:20:51:795 GMT] 00003ca3 com.ibm.ws.webcontainer.servlet                              I SRVE0242I: [api] [/] [{{oasTitle}}]: Initialization successful.
[9/6/26, 15:21:19:022 GMT] 00003cc7 com.ibm.ws.http.internal.VirtualHostImpl                     A CWWKT0017I: Web application removed (default_host): http://02db3501d6ac:9080/
[9/6/26, 15:21:19:022 GMT] 00003cc7 com.ibm.ws.webcontainer.servlet                              I SRVE0253I: [api] [/] [{{oasTitle}}]: Destroy successful.
[9/6/26, 15:21:19:027 GMT] 00003cc7 com.ibm.ws.app.manager.AppMessageHelper                      A CWWKZ0009I: The application api has stopped successfully.
[9/6/26, 15:21:19:030 GMT] 00003cc7 com.ibm.ws.app.manager.AppMessageHelper                      I CWWKZ0018I: Starting application api.
[9/6/26, 15:21:19:030 GMT] 00003cc7 bm.ws.app.manager.war.internal.WARDeployedAppInfoFactoryImpl I CWWKZ0133I: The api application at the /opt/ibm/wlp/usr/servers/defaultServer/dropins/api.war location is being expanded to the /opt/ibm/wlp/usr/servers/defaultServer/apps/expanded/api.war directory.
[9/6/26, 15:21:19:042 GMT] 00003cb7 com.ibm.ws.webcontainer.osgi.mbeans.PluginGenerator          I SRVE9103I: A configuration file for a web server plugin was automatically generated for this server at /opt/ibm/wlp/output/defaultServer/logs/state/plugin-cfg.xml.
[9/6/26, 15:21:19:141 GMT] 00003cc7 zosasset.cics.internal.factories.CicsCommareaZosAssetFactory I BAQR1753I: Loaded CICS COMMAREA z/OS Asset VRCB0130
[9/6/26, 15:21:19:144 GMT] 00003cc7 zosasset.cics.internal.factories.CicsCommareaZosAssetFactory I BAQR1753I: Loaded CICS COMMAREA z/OS Asset VRCB0100
[9/6/26, 15:21:19:144 GMT] 00003cc7 com.ibm.zosconnect.engine.impl.ZosAssetManagerImpl           E BAQR1622E: Failed to read WEB-INF/src/main/zosAssets/import/zosAsset.yaml. The file does not exist.
[9/6/26, 15:21:19:147 GMT] 00003cc7 liberty.microprofile.openapi20.internal.ApplicationProcessor I CWWKO1660I: The application api was processed and an OpenAPI document was produced.
[9/6/26, 15:21:19:148 GMT] 00003cc7 com.ibm.ws.webcontainer.osgi.webapp.WebGroup                 I SRVE0169I: Loading Web Module: api.
[9/6/26, 15:21:19:148 GMT] 00003cc7 com.ibm.ws.webcontainer                                      I SRVE0250I: Web Module api has been bound to default_host.
[9/6/26, 15:21:19:148 GMT] 00003cc7 com.ibm.ws.http.internal.VirtualHostImpl                     A CWWKT0016I: Web application available (default_host): http://02db3501d6ac:9080/
[9/6/26, 15:21:19:148 GMT] 00003cc2 com.ibm.ws.session.WASSessionCore                            I SESN0176I: A new session context will be created for application key default_host/
[9/6/26, 15:21:19:148 GMT] 00003cc2 com.ibm.ws.util                                              I SESN0172I: The session manager is using the Java default SecureRandom implementation for session ID generation.
[9/6/26, 15:21:19:154 GMT] 00003cc7 com.ibm.ws.webcontainer.osgi.mbeans.PluginGenerator          I SRVE9103I: A configuration file for a web server plugin was automatically generated for this server at /opt/ibm/wlp/output/defaultServer/logs/state/plugin-cfg.xml.
[9/6/26, 15:21:19:155 GMT] 00003cc2 com.ibm.ws.app.manager.AppMessageHelper                      A CWWKZ0003I: The application api updated in 0.125 seconds.
[9/6/26, 15:21:19:161 GMT] 00003cc2 apache.cxf.cxf.core.3.2:1.0.111.cl260320260625-2008(id=110)] I Setting the server's publish address to be /
[9/6/26, 15:21:19:164 GMT] 00003cc2 com.ibm.ws.webcontainer.servlet                              I SRVE0242I: [api] [/] [{{oasTitle}}]: Initialization successful.
[9/6/26, 15:21:37:096 GMT] 00003cbb com.ibm.ws.http.internal.VirtualHostImpl                     A CWWKT0017I: Web application removed (default_host): http://02db3501d6ac:9080/
[9/6/26, 15:21:37:097 GMT] 00003cbb com.ibm.ws.webcontainer.servlet                              I SRVE0253I: [api] [/] [{{oasTitle}}]: Destroy successful.
[9/6/26, 15:21:37:104 GMT] 00003cbb com.ibm.ws.app.manager.AppMessageHelper                      A CWWKZ0009I: The application api has stopped successfully.
[9/6/26, 15:21:37:107 GMT] 00003cbb com.ibm.ws.app.manager.AppMessageHelper                      I CWWKZ0018I: Starting application api.
[9/6/26, 15:21:37:107 GMT] 00003cbb bm.ws.app.manager.war.internal.WARDeployedAppInfoFactoryImpl I CWWKZ0133I: The api application at the /opt/ibm/wlp/usr/servers/defaultServer/dropins/api.war location is being expanded to the /opt/ibm/wlp/usr/servers/defaultServer/apps/expanded/api.war directory.
[9/6/26, 15:21:37:115 GMT] 00003ce8 com.ibm.ws.webcontainer.osgi.mbeans.PluginGenerator          I SRVE9103I: A configuration file for a web server plugin was automatically generated for this server at /opt/ibm/wlp/output/defaultServer/logs/state/plugin-cfg.xml.
[9/6/26, 15:21:37:209 GMT] 00003cbb zosasset.cics.internal.factories.CicsCommareaZosAssetFactory I BAQR1753I: Loaded CICS COMMAREA z/OS Asset VRCB0130
[9/6/26, 15:21:37:213 GMT] 00003cbb zosasset.cics.internal.factories.CicsCommareaZosAssetFactory I BAQR1753I: Loaded CICS COMMAREA z/OS Asset VRCB0100
[9/6/26, 15:21:37:213 GMT] 00003cbb com.ibm.zosconnect.engine.impl.ZosAssetManagerImpl           E BAQR1622E: Failed to read WEB-INF/src/main/zosAssets/import/zosAsset.yaml. The file does not exist.
[9/6/26, 15:21:37:217 GMT] 00003cbb liberty.microprofile.openapi20.internal.ApplicationProcessor I CWWKO1660I: The application api was processed and an OpenAPI document was produced.
[9/6/26, 15:21:37:217 GMT] 00003cbb com.ibm.ws.webcontainer.osgi.webapp.WebGroup                 I SRVE0169I: Loading Web Module: api.
[9/6/26, 15:21:37:217 GMT] 00003cbb com.ibm.ws.webcontainer                                      I SRVE0250I: Web Module api has been bound to default_host.
[9/6/26, 15:21:37:217 GMT] 00003cbb com.ibm.ws.http.internal.VirtualHostImpl                     A CWWKT0016I: Web application available (default_host): http://02db3501d6ac:9080/
[9/6/26, 15:21:37:218 GMT] 00003cf1 com.ibm.ws.session.WASSessionCore                            I SESN0176I: A new session context will be created for application key default_host/
[9/6/26, 15:21:37:218 GMT] 00003cf1 com.ibm.ws.util                                              I SESN0172I: The session manager is using the Java default SecureRandom implementation for session ID generation.
[9/6/26, 15:21:37:222 GMT] 00003cf1 com.ibm.ws.app.manager.AppMessageHelper                      A CWWKZ0003I: The application api updated in 0.115 seconds.
[9/6/26, 15:21:37:225 GMT] 00003cbb com.ibm.ws.webcontainer.osgi.mbeans.PluginGenerator          I SRVE9103I: A configuration file for a web server plugin was automatically generated for this server at /opt/ibm/wlp/output/defaultServer/logs/state/plugin-cfg.xml.
[9/6/26, 15:21:37:227 GMT] 00003cf1 apache.cxf.cxf.core.3.2:1.0.111.cl260320260625-2008(id=110)] I Setting the server's publish address to be /
[9/6/26, 15:21:37:229 GMT] 00003cf1 com.ibm.ws.webcontainer.servlet                              I SRVE0242I: [api] [/] [{{oasTitle}}]: Initialization successful.
[9/6/26, 15:24:03:908 GMT] 00003d96 com.ibm.zosconnect.ui.backend.workspace.ZosAssetManager      E BAQW0091E: Unable to find file zosAsset.yaml within the import directory.
[9/6/26, 15:24:19:273 GMT] 00003da9 com.ibm.ws.http.internal.VirtualHostImpl                     A CWWKT0017I: Web application removed (default_host): http://02db3501d6ac:9080/
[9/6/26, 15:24:19:274 GMT] 00003da9 com.ibm.ws.webcontainer.servlet                              I SRVE0253I: [api] [/] [{{oasTitle}}]: Destroy successful.
[9/6/26, 15:24:19:279 GMT] 00003da9 com.ibm.ws.app.manager.AppMessageHelper                      A CWWKZ0009I: The application api has stopped successfully.
[9/6/26, 15:24:19:281 GMT] 00003da9 com.ibm.ws.app.manager.AppMessageHelper                      I CWWKZ0018I: Starting application api.
[9/6/26, 15:24:19:281 GMT] 00003da9 bm.ws.app.manager.war.internal.WARDeployedAppInfoFactoryImpl I CWWKZ0133I: The api application at the /opt/ibm/wlp/usr/servers/defaultServer/dropins/api.war location is being expanded to the /opt/ibm/wlp/usr/servers/defaultServer/apps/expanded/api.war directory.
[9/6/26, 15:24:19:292 GMT] 00003db2 com.ibm.ws.webcontainer.osgi.mbeans.PluginGenerator          I SRVE9103I: A configuration file for a web server plugin was automatically generated for this server at /opt/ibm/wlp/output/defaultServer/logs/state/plugin-cfg.xml.
[9/6/26, 15:24:19:392 GMT] 00003da9 zosasset.cics.internal.factories.CicsCommareaZosAssetFactory I BAQR1753I: Loaded CICS COMMAREA z/OS Asset VRCB0130
[9/6/26, 15:24:19:394 GMT] 00003da9 zosasset.cics.internal.factories.CicsCommareaZosAssetFactory I BAQR1753I: Loaded CICS COMMAREA z/OS Asset VRCB0100
[9/6/26, 15:24:19:394 GMT] 00003da9 com.ibm.zosconnect.engine.impl.ZosAssetManagerImpl           E BAQR1622E: Failed to read WEB-INF/src/main/zosAssets/import/zosAsset.yaml. The file does not exist.
[9/6/26, 15:24:19:397 GMT] 00003da9 liberty.microprofile.openapi20.internal.ApplicationProcessor I CWWKO1660I: The application api was processed and an OpenAPI document was produced.
[9/6/26, 15:24:19:398 GMT] 00003da9 com.ibm.ws.webcontainer.osgi.webapp.WebGroup                 I SRVE0169I: Loading Web Module: api.
[9/6/26, 15:24:19:398 GMT] 00003da9 com.ibm.ws.webcontainer                                      I SRVE0250I: Web Module api has been bound to default_host.
[9/6/26, 15:24:19:398 GMT] 00003da9 com.ibm.ws.http.internal.VirtualHostImpl                     A CWWKT0016I: Web application available (default_host): http://02db3501d6ac:9080/
[9/6/26, 15:24:19:398 GMT] 00003d9c com.ibm.ws.session.WASSessionCore                            I SESN0176I: A new session context will be created for application key default_host/
[9/6/26, 15:24:19:398 GMT] 00003d9c com.ibm.ws.util                                              I SESN0172I: The session manager is using the Java default SecureRandom implementation for session ID generation.
[9/6/26, 15:24:19:402 GMT] 00003d9c com.ibm.ws.app.manager.AppMessageHelper                      A CWWKZ0003I: The application api updated in 0.120 seconds.
[9/6/26, 15:24:19:404 GMT] 00003da9 com.ibm.ws.webcontainer.osgi.mbeans.PluginGenerator          I SRVE9103I: A configuration file for a web server plugin was automatically generated for this server at /opt/ibm/wlp/output/defaultServer/logs/state/plugin-cfg.xml.
[9/6/26, 15:24:19:407 GMT] 00003d9c apache.cxf.cxf.core.3.2:1.0.111.cl260320260625-2008(id=110)] I Setting the server's publish address to be /
[9/6/26, 15:24:19:409 GMT] 00003d9c com.ibm.ws.webcontainer.servlet                              I SRVE0242I: [api] [/] [{{oasTitle}}]: Initialization successful.
[9/6/26, 15:30:43:673 GMT] 00003eec com.ibm.ws.http.internal.VirtualHostImpl                     A CWWKT0017I: Web application removed (default_host): http://02db3501d6ac:9080/
[9/6/26, 15:30:43:675 GMT] 00003eec com.ibm.ws.webcontainer.servlet                              I SRVE0253I: [api] [/] [{{oasTitle}}]: Destroy successful.
[9/6/26, 15:30:43:689 GMT] 00003eec com.ibm.ws.app.manager.AppMessageHelper                      A CWWKZ0009I: The application api has stopped successfully.
[9/6/26, 15:30:43:743 GMT] 00003f2f com.ibm.ws.webcontainer.osgi.mbeans.PluginGenerator          I SRVE9103I: A configuration file for a web server plugin was automatically generated for this server at /opt/ibm/wlp/output/defaultServer/logs/state/plugin-cfg.xml.
[9/6/26, 15:37:34:557 GMT] 0000413e com.ibm.zosconnect.ui.backend.workspace.ZosAssetManager      E BAQW0091E: Unable to find file zosAsset.yaml within the import directory.
[9/6/26, 15:40:05:161 GMT] 0000417f com.ibm.zosconnect.ui.backend.workspace.ZosAssetManager      E BAQW0091E: Unable to find file zosAsset.yaml within the import directory.
[9/6/26, 15:41:52:597 GMT] 00004256 com.ibm.zosconnect.ui.backend.workspace.ZosAssetManager      E BAQW0091E: Unable to find file zosAsset.yaml within the import directory.
[9/6/26, 15:48:07:300 GMT] 00000025 com.ibm.ws.kernel.launch.internal.FrameworkManager           A CWWKE0085I: The server defaultServer is stopping because the JVM is exiting.
[9/6/26, 15:48:07:325 GMT] 00004405 com.ibm.ws.runtime.update.internal.RuntimeUpdateManagerImpl  A CWWKE1100I: Waiting for up to 30 seconds for the server to quiesce.
[9/6/26, 15:48:07:355 GMT] 000043b8 com.ibm.ws.tcpchannel.internal.TCPChannel                    I CWWKO0220I: TCP Channel defaultHttpEndpoint-ssl has stopped listening for requests on host *  (IPv6) port 9443.
[9/6/26, 15:48:07:361 GMT] 000043b8 com.ibm.ws.tcpchannel.internal.TCPChannel                    I CWWKO0220I: TCP Channel defaultHttpEndpoint has stopped listening for requests on host *  (IPv6) port 9080.
[9/6/26, 15:48:07:362 GMT] 000043b8 com.ibm.ws.http.internal.VirtualHostImpl                     A CWWKT0017I: Web application removed (default_host): http://02db3501d6ac:9080/jwt/
[9/6/26, 15:48:07:362 GMT] 000043b8 com.ibm.ws.http.internal.VirtualHostImpl                     A CWWKT0017I: Web application removed (default_host): http://02db3501d6ac:9080/zosConnect/designer/api/
[9/6/26, 15:48:07:362 GMT] 000043b8 com.ibm.ws.http.internal.VirtualHostImpl                     A CWWKT0017I: Web application removed (default_host): http://02db3501d6ac:9080/zosConnect/designer/api/zosAssetProvider/db2-1.0/
[9/6/26, 15:48:07:362 GMT] 000043b8 com.ibm.ws.http.internal.VirtualHostImpl                     A CWWKT0017I: Web application removed (default_host): http://02db3501d6ac:9080/openapi/ui/
[9/6/26, 15:48:07:362 GMT] 000043b8 com.ibm.ws.http.internal.VirtualHostImpl                     A CWWKT0017I: Web application removed (default_host): http://02db3501d6ac:9080/health/
[9/6/26, 15:48:07:362 GMT] 000043b8 com.ibm.ws.http.internal.VirtualHostImpl                     A CWWKT0017I: Web application removed (default_host): http://02db3501d6ac:9080/metrics/
[9/6/26, 15:48:07:362 GMT] 000043b8 com.ibm.ws.http.internal.VirtualHostImpl                     A CWWKT0017I: Web application removed (default_host): http://02db3501d6ac:9080/zosConnect/designer/api/zosAssetProvider/ims-1.0/
[9/6/26, 15:48:07:363 GMT] 000043b8 com.ibm.ws.http.internal.VirtualHostImpl                     A CWWKT0017I: Web application removed (default_host): http://02db3501d6ac:9080/zosConnect/designer/api/zosAssetProvider/cics-1.0/
[9/6/26, 15:48:07:363 GMT] 000043b8 com.ibm.ws.http.internal.VirtualHostImpl                     A CWWKT0017I: Web application removed (default_host): http://02db3501d6ac:9080/zosConnect/designer/
[9/6/26, 15:48:07:363 GMT] 000043b8 com.ibm.ws.http.internal.VirtualHostImpl                     A CWWKT0017I: Web application removed (default_host): http://02db3501d6ac:9080/ibm/api/
[9/6/26, 15:48:07:363 GMT] 000043b8 com.ibm.ws.http.internal.VirtualHostImpl                     A CWWKT0017I: Web application removed (default_host): http://02db3501d6ac:9080/openapi/
[9/6/26, 15:48:08:379 GMT] 00004405 com.ibm.ws.runtime.update.internal.RuntimeUpdateManagerImpl  I CWWKE1101I: Server quiesce complete.
[9/6/26, 15:48:08:483 GMT] 000043fc com.ibm.ws.app.manager.AppMessageHelper                      A CWWKZ0009I: The application zosconnect-ui has stopped successfully.
[9/6/26, 15:48:08:485 GMT] 000043f8 com.ibm.ws.app.manager.AppMessageHelper                      A CWWKZ0009I: The application zosconnect-ui-backend-ims has stopped successfully.
[9/6/26, 15:48:08:485 GMT] 00004400 om.ibm.ws.app.manager.rar.internal.RARApplicationHandlerImpl A J2CA7009I: The resource adapter gmoa has uninstalled successfully.
[9/6/26, 15:48:08:485 GMT] 00004373 com.ibm.ws.app.manager.AppMessageHelper                      A CWWKZ0009I: The application zosconnect-ui-backend-db2 has stopped successfully.
[9/6/26, 15:48:08:485 GMT] 000043ff com.ibm.ws.app.manager.AppMessageHelper                      A CWWKZ0009I: The application zosconnect-ui-backend-cics has stopped successfully.
[9/6/26, 15:48:08:486 GMT] 00004402 com.ibm.ws.app.manager.AppMessageHelper                      A CWWKZ0009I: The application zosconnect-ui-backend has stopped successfully.
[9/6/26, 15:48:08:799 GMT] 00004405 .microprofile.metrics.internal.monitor.MonitorMetricsHandler I CWPMI2004I: All monitoring metrics were unregistered from mpMetrics.
[9/6/26, 15:48:09:133 GMT] 00004405 com.ibm.ws.security.audit.file.AuditFileHandler              I CWWKS5806I: The audit file handler service has stopped.
[9/6/26, 15:48:09:135 GMT] 00004405 com.ibm.ws.security.audit.source.AuditServiceImpl            I CWWKS5852I: The audit service has stopped.
[9/6/26, 15:48:09:169 GMT] 00004405 com.ibm.ws.security.ready.internal.SecurityReadyServiceImpl  I CWWKS0009I: The security service has stopped.
[9/6/26, 15:48:09:176 GMT] 00004405 ibm.ws.security.authentication.internal.jaas.JAASServiceImpl I CWWKS1124I: The collective authentication plugin with class name NullCollectiveAuthenticationPlugin has been deactivated. 
[9/6/26, 15:48:09:411 GMT] 00000002 com.ibm.ws.kernel.launch.internal.FrameworkManager           A CWWKE0036I: The server defaultServer stopped after 3 hours, 59 minutes, 14.06 seconds.
