<?xml version="1.0" ?>

<verbosegc xmlns="http://www.ibm.com/j9/verbosegc" version="6426f03fa_CMPRSS">

<initialized id="1" timestamp="2026-09-06T07:07:21.599">
  <attribute name="gcPolicy" value="-Xgcpolicy:gencon" />
  <attribute name="maxHeapSize" value="0x20000000" />
  <attribute name="initialHeapSize" value="0x10000000" />
  <attribute name="compressedRefs" value="true" />
  <attribute name="compressedRefsDisplacement" value="0x0" />
  <attribute name="compressedRefsShift" value="0x3" />
  <attribute name="pageSize" value="0x1000" />
  <attribute name="pageType" value="not used" />
  <attribute name="requestedPageSize" value="0x1000" />
  <attribute name="requestedPageType" value="not used" />
  <attribute name="gcthreads" value="10" />
  <attribute name="gcthreads Concurrent Mark" value="1" />
  <attribute name="packetListSplit" value="2" />
  <attribute name="cacheListSplit" value="2" />
  <attribute name="splitFreeListSplitAmount" value="2" />
  <attribute name="numaNodes" value="0" />
  <system>
    <attribute name="physicalMemory" value="8319504384" />
    <attribute name="addressablePhysicalMemory" value="8319504384" />
    <attribute name="container memory limit set" value="false" />
    <attribute name="numCPUs" value="10" />
    <attribute name="numCPUs active" value="10" />
    <attribute name="architecture" value="amd64" />
    <attribute name="os" value="Linux" />
    <attribute name="osVersion" value="7.0.12-linuxkit" />
  </system>
  <vmargs>
    <vmarg name="-Xoptionsfile=/opt/java/openjdk/lib/options.default" />
    <vmarg name="-Xlockword:mode=default,noLockword=java/lang/String,noLockword=java/util/MapEntry,noLockword=java/util/HashMap$Entry,noLockword..." />
    <vmarg name="-XX:+EnsureHashed:java/lang/Class,java/lang/Thread" />
    <vmarg name="-Dcom.ibm.oti.vm.bootstrap.library.path=/opt/java/openjdk/lib/default:/opt/java/openjdk/lib" />
    <vmarg name="-Dsun.boot.library.path=/opt/java/openjdk/lib/default:/opt/java/openjdk/lib" />
    <vmarg name="-Djava.library.path=/opt/java/openjdk/lib/default:/opt/java/openjdk/lib:/usr/lib64:/usr/lib" />
    <vmarg name="-Djava.home=/opt/java/openjdk" />
    <vmarg name="-Duser.dir=/gradle/daemon/9.5.0" />
    <vmarg name="-XX:+IgnoreUnrecognizedVMOptions" />
    <vmarg name="-XX:+PortableSharedCache" />
    <vmarg name="-XX:+IdleTuningGcOnIdle" />
    <vmarg name="-Xshareclasses:name=openj9_system_scc,cacheDir=/opt/java/.scc,readonly,nonFatal" />
    <vmarg name="-Xverbosegclog:/liberty/logs/verbosegc.%seq.log,10,1024" />
    <vmarg name="-Djdk.nativePBKDF2=true" />
    <vmarg name="-XX:+IgnoreUnrecognizedVMOptions" />
    <vmarg name="-XX:+IdleTuningGcOnIdle" />
    <vmarg name="-Xshareclasses:name=openj9_system_scc,cacheDir=/opt/java/.scc,readonly,nonFatal" />
    <vmarg name="-Dosgi.checkConfiguration=false" />
    <vmarg name="-Djdk.nativePBKDF2=true" />
    <vmarg name="-XX:+IgnoreUnrecognizedVMOptions" />
    <vmarg name="-XX:+IdleTuningGcOnIdle" />
    <vmarg name="-Xshareclasses:name=openj9_system_scc,cacheDir=/opt/java/.scc,readonly,nonFatal" />
    <vmarg name="-Dosgi.checkConfiguration=false" />
    <vmarg name="--add-opens=java.base/java.lang=ALL-UNNAMED" />
    <vmarg name="--add-opens=java.base/java.lang.invoke=ALL-UNNAMED" />
    <vmarg name="--add-opens=java.base/java.util=ALL-UNNAMED" />
    <vmarg name="--add-opens=java.prefs/java.util.prefs=ALL-UNNAMED" />
    <vmarg name="--add-exports=jdk.compiler/com.sun.tools.javac.api=ALL-UNNAMED" />
    <vmarg name="--add-exports=jdk.compiler/com.sun.tools.javac.util=ALL-UNNAMED" />
    <vmarg name="--add-opens=java.base/java.nio.charset=ALL-UNNAMED" />
    <vmarg name="--add-opens=java.base/java.net=ALL-UNNAMED" />
    <vmarg name="--add-opens=java.base/java.util.concurrent=ALL-UNNAMED" />
    <vmarg name="--add-opens=java.base/java.util.concurrent.atomic=ALL-UNNAMED" />
    <vmarg name="--add-opens=java.xml/javax.xml.namespace=ALL-UNNAMED" />
    <vmarg name="--add-opens=java.base/java.time=ALL-UNNAMED" />
    <vmarg name="--enable-native-access=ALL-UNNAMED" />
    <vmarg name="-XX:MaxMetaspaceSize=384m" />
    <vmarg name="-XX:+HeapDumpOnOutOfMemoryError" />
    <vmarg name="-Xms256m" />
    <vmarg name="-Xmx512m" />
    <vmarg name="-Dfile.encoding=UTF-8" />
    <vmarg name="-Duser.country=US" />
    <vmarg name="-Duser.language=en" />
    <vmarg name="-Duser.variant" />
    <vmarg name="-Djava.class.path=/opt/gradle/lib/gradle-daemon-main-9.5.0.jar" />
    <vmarg name="-javaagent:/opt/gradle/lib/agents/gradle-instrumentation-agent-9.5.0.jar" />
    <vmarg name="-Dsun.java.command=org.gradle.launcher.daemon.bootstrap.GradleDaemon 9.5.0" />
    <vmarg name="-Dsun.java.launcher=SUN_STANDARD" />
  </vmargs>
</initialized>

<exclusive-start id="2" timestamp="2026-09-06T07:07:22.416" intervalms="817.553">
  <response-info timems="0.010" idlems="0.010" threads="0" lastid="0000000000019700" lastname="main" />
</exclusive-start>
<af-start id="3" threadId="000000000001A1C0" totalBytesRequested="32" timestamp="2026-09-06T07:07:22.417" intervalms="818.015" type="nursery" />
<cycle-start id="4" type="scavenge" contextid="0" timestamp="2026-09-06T07:07:22.418" intervalms="818.978" />
<gc-start id="5" type="scavenge" contextid="4" timestamp="2026-09-06T07:07:22.419">
  <mem-info id="6" free="200734944" total="268435456" percent="74">
    <mem type="nursery" free="0" total="67108864" percent="0">
      <mem type="allocate" free="0" total="33554432" percent="0" />
      <mem type="survivor" free="0" total="33554432" percent="0" />
    </mem>
    <mem type="tenure" free="200734944" total="201326592" percent="99">
      <mem type="soa" free="190668000" total="191259648" percent="99" />
      <mem type="loa" free="10066944" total="10066944" percent="100" />
    </mem>
    <remembered-set count="7556" />
  </mem-info>
</gc-start>
<allocation-stats totalBytes="34139848" discardedBytes="6232" >
  <allocated-bytes non-tlh="5237792" tlh="28902056" />
  <largest-consumer threadName="main" threadId="0000000000019700" bytes="34019448" />
</allocation-stats>
<gc-op id="7" type="scavenge" timems="43.933" contextid="4" timestamp="2026-09-06T07:07:22.463">
  <scavenger-info tenureage="1" tenuremask="fffe" tiltratio="50" />
  <memory-copied type="nursery" objects="53801" bytes="10094840" bytesdiscarded="225152" />
  <finalization candidates="713" enqueued="553" />
  <ownableSynchronizers candidates="17" cleared="9" />
  <references type="soft" candidates="446" cleared="0" enqueued="0" dynamicThreshold="32" maxThreshold="32" />
  <references type="weak" candidates="2872" cleared="2493" enqueued="2491" />
  <references type="phantom" candidates="608" cleared="0" enqueued="0" />
  <object-monitors candidates="1" cleared="0"  />
</gc-op>
<gc-end id="8" type="scavenge" contextid="4" durationms="46.066" usertimems="41.369" systemtimems="6.906" stalltimems="23.141" timestamp="2026-09-06T07:07:22.465" activeThreads="10">
  <mem-info id="9" free="223963200" total="268435456" percent="83">
    <mem type="nursery" free="23228256" total="67108864" percent="34">
      <mem type="allocate" free="23228256" total="33554432" percent="69" />
      <mem type="survivor" free="0" total="33554432" percent="0" />
    </mem>
    <mem type="tenure" free="200734944" total="201326592" percent="99">
      <mem type="soa" free="190668000" total="191259648" percent="99" />
      <mem type="loa" free="10066944" total="10066944" percent="100" />
    </mem>
    <pending-finalizers system="553" default="0" reference="2491" classloader="0" />
    <remembered-set count="7556" />
  </mem-info>
</gc-end>
<cycle-end id="10" type="scavenge" contextid="4" timestamp="2026-09-06T07:07:22.465" />
<allocation-satisfied id="11" threadId="0000000000019700" bytesRequested="32" />
<af-end id="12" timestamp="2026-09-06T07:07:22.466" threadId="000000000001A1C0" success="true" from="nursery"/>
<exclusive-end id="13" timestamp="2026-09-06T07:07:22.466" durationms="49.679" />

<exclusive-start id="14" timestamp="2026-09-06T07:07:22.710" intervalms="293.332">
  <response-info timems="0.015" idlems="0.015" threads="0" lastid="0000000000019700" lastname="main" />
</exclusive-start>
<af-start id="15" threadId="000000000001A1C0" totalBytesRequested="7816" timestamp="2026-09-06T07:07:22.710" intervalms="292.984" type="nursery" />
<cycle-start id="16" type="scavenge" contextid="0" timestamp="2026-09-06T07:07:22.710" intervalms="292.109" />
<gc-start id="17" type="scavenge" contextid="16" timestamp="2026-09-06T07:07:22.710">
  <mem-info id="18" free="200422320" total="268435456" percent="74">
    <mem type="nursery" free="0" total="67108864" percent="0">
      <mem type="allocate" free="0" total="33554432" percent="0" />
      <mem type="survivor" free="0" total="33554432" percent="0" />
    </mem>
    <mem type="tenure" free="200422320" total="201326592" percent="99">
      <mem type="soa" free="190355376" total="191259648" percent="99" />
      <mem type="loa" free="10066944" total="10066944" percent="100" />
    </mem>
    <remembered-set count="11856" />
  </mem-info>
</gc-start>
<allocation-stats totalBytes="23524360" discardedBytes="16520" >
  <allocated-bytes non-tlh="2180536" tlh="21343824" />
  <largest-consumer threadName="main" threadId="0000000000019700" bytes="23520144" />
</allocation-stats>
<gc-op id="19" type="scavenge" timems="5.997" contextid="16" timestamp="2026-09-06T07:07:22.716">
  <scavenger-info tenureage="1" tenuremask="7ffe" tiltratio="50" />
  <memory-copied type="nursery" objects="52516" bytes="5368480" bytesdiscarded="360648" />
  <memory-copied type="tenure" objects="45812" bytes="9829056" bytesdiscarded="4480" />
  <finalization candidates="509" enqueued="202" />
  <ownableSynchronizers candidates="9" cleared="0" />
  <references type="soft" candidates="2712" cleared="0" enqueued="0" dynamicThreshold="32" maxThreshold="32" />
  <references type="weak" candidates="1567" cleared="1388" enqueued="1325" />
  <references type="phantom" candidates="886" cleared="0" enqueued="0" />
  <object-monitors candidates="1" cleared="0"  />
</gc-op>
<gc-end id="20" type="scavenge" contextid="16" durationms="6.367" usertimems="20.770" systemtimems="0.340" stalltimems="7.574" timestamp="2026-09-06T07:07:22.716" activeThreads="10">
  <mem-info id="21" free="218105416" total="268435456" percent="81">
    <mem type="nursery" free="27823256" total="67108864" percent="41">
      <mem type="allocate" free="27823256" total="33554432" percent="82" />
      <mem type="survivor" free="0" total="33554432" percent="0" />
    </mem>
    <mem type="tenure" free="190282160" total="201326592" percent="94">
      <mem type="soa" free="180215216" total="191259648" percent="94" />
      <mem type="loa" free="10066944" total="10066944" percent="100" />
    </mem>
    <pending-finalizers system="202" default="0" reference="1325" classloader="0" />
    <remembered-set count="12228" />
  </mem-info>
</gc-end>
<cycle-end id="22" type="scavenge" contextid="16" timestamp="2026-09-06T07:07:22.716" />
<allocation-satisfied id="23" threadId="0000000000019700" bytesRequested="7816" />
<af-end id="24" timestamp="2026-09-06T07:07:22.717" threadId="000000000001A1C0" success="true" from="nursery"/>
<exclusive-end id="25" timestamp="2026-09-06T07:07:22.717" durationms="6.985" />

<exclusive-start id="26" timestamp="2026-09-06T07:07:23.031" intervalms="321.446">
  <response-info timems="0.012" idlems="0.012" threads="0" lastid="0000000000581000" lastname="Daemon worker" />
</exclusive-start>
<af-start id="27" threadId="0000000000581AC0" totalBytesRequested="3584" timestamp="2026-09-06T07:07:23.031" intervalms="321.438" type="nursery" />
<cycle-start id="28" type="scavenge" contextid="0" timestamp="2026-09-06T07:07:23.031" intervalms="321.423" />
<gc-start id="29" type="scavenge" contextid="28" timestamp="2026-09-06T07:07:23.031">
  <mem-info id="30" free="189740912" total="268435456" percent="70">
    <mem type="nursery" free="0" total="67108864" percent="0">
      <mem type="allocate" free="0" total="33554432" percent="0" />
      <mem type="survivor" free="0" total="33554432" percent="0" />
    </mem>
    <mem type="tenure" free="189740912" total="201326592" percent="94">
      <mem type="soa" free="179673968" total="191259648" percent="93" />
      <mem type="loa" free="10066944" total="10066944" percent="100" />
    </mem>
    <remembered-set count="19891" />
  </mem-info>
</gc-start>
<allocation-stats totalBytes="28221088" discardedBytes="143416" >
  <allocated-bytes non-tlh="659656" tlh="27561432" />
  <largest-consumer threadName="main" threadId="0000000000019700" bytes="13246552" />
</allocation-stats>
<gc-op id="31" type="scavenge" timems="2.509" contextid="28" timestamp="2026-09-06T07:07:23.034">
  <scavenger-info tenureage="1" tenuremask="7ffe" tiltratio="50" />
  <memory-copied type="nursery" objects="40087" bytes="1484408" bytesdiscarded="605032" />
  <memory-copied type="tenure" objects="48676" bytes="5231176" bytesdiscarded="4792" />
  <finalization candidates="962" enqueued="667" />
  <ownableSynchronizers candidates="77" cleared="11" />
  <references type="soft" candidates="469" cleared="0" enqueued="0" dynamicThreshold="32" maxThreshold="32" />
  <references type="weak" candidates="3605" cleared="3110" enqueued="3110" />
  <references type="phantom" candidates="8" cleared="0" enqueued="0" />
  <object-monitors candidates="1" cleared="0"  />
</gc-op>
<gc-end id="32" type="scavenge" contextid="28" durationms="2.786" usertimems="15.754" systemtimems="0.184" stalltimems="6.733" timestamp="2026-09-06T07:07:23.034" activeThreads="10">
  <mem-info id="33" free="215935280" total="268435456" percent="80">
    <mem type="nursery" free="31463168" total="67108864" percent="46">
      <mem type="allocate" free="31463168" total="33554432" percent="93" />
      <mem type="survivor" free="0" total="33554432" percent="0" />
    </mem>
    <mem type="tenure" free="184472112" total="201326592" percent="91">
      <mem type="soa" free="174405168" total="191259648" percent="91" />
      <mem type="loa" free="10066944" total="10066944" percent="100" />
    </mem>
    <pending-finalizers system="667" default="0" reference="3110" classloader="0" />
    <remembered-set count="12251" />
  </mem-info>
</gc-end>
<cycle-end id="34" type="scavenge" contextid="28" timestamp="2026-09-06T07:07:23.034" />
<allocation-satisfied id="35" threadId="0000000000581000" bytesRequested="3584" />
<af-end id="36" timestamp="2026-09-06T07:07:23.034" threadId="0000000000581AC0" success="true" from="nursery"/>
<exclusive-end id="37" timestamp="2026-09-06T07:07:23.034" durationms="3.254" />

<exclusive-start id="38" timestamp="2026-09-06T07:07:23.283" intervalms="251.774">
  <response-info timems="0.013" idlems="0.013" threads="0" lastid="0000000000581000" lastname="Daemon worker" />
</exclusive-start>
<af-start id="39" threadId="0000000000581AC0" totalBytesRequested="936" timestamp="2026-09-06T07:07:23.283" intervalms="251.763" type="nursery" />
<cycle-start id="40" type="scavenge" contextid="0" timestamp="2026-09-06T07:07:23.283" intervalms="251.771" />
<gc-start id="41" type="scavenge" contextid="40" timestamp="2026-09-06T07:07:23.283">
  <mem-info id="42" free="183968632" total="268435456" percent="68">
    <mem type="nursery" free="0" total="67108864" percent="0">
      <mem type="allocate" free="0" total="33554432" percent="0" />
      <mem type="survivor" free="0" total="33554432" percent="0" />
    </mem>
    <mem type="tenure" free="183968632" total="201326592" percent="91">
      <mem type="soa" free="173901688" total="191259648" percent="90" />
      <mem type="loa" free="10066944" total="10066944" percent="100" />
    </mem>
    <remembered-set count="18508" />
  </mem-info>
</gc-start>
<allocation-stats totalBytes="31937184" discardedBytes="29464" >
  <allocated-bytes non-tlh="544136" tlh="31393048" />
  <largest-consumer threadName="Daemon worker" threadId="0000000000581000" bytes="31772848" />
</allocation-stats>
<gc-op id="43" type="scavenge" timems="1.979" contextid="40" timestamp="2026-09-06T07:07:23.285">
  <scavenger-info tenureage="2" tenuremask="7ffc" tiltratio="50" />
  <memory-copied type="nursery" objects="75551" bytes="2719288" bytesdiscarded="311984" />
  <finalization candidates="1193" enqueued="840" />
  <ownableSynchronizers candidates="211" cleared="5" />
  <references type="soft" candidates="1251" cleared="0" enqueued="0" dynamicThreshold="32" maxThreshold="32" />
  <references type="weak" candidates="5261" cleared="4264" enqueued="4264" />
  <references type="phantom" candidates="24" cleared="10" enqueued="10" />
  <object-monitors candidates="1" cleared="0"  />
</gc-op>
<gc-end id="44" type="scavenge" contextid="40" durationms="2.169" usertimems="13.849" systemtimems="0.000" stalltimems="5.625" timestamp="2026-09-06T07:07:23.285" activeThreads="10">
  <mem-info id="45" free="214489176" total="268435456" percent="79">
    <mem type="nursery" free="30520544" total="67108864" percent="45">
      <mem type="allocate" free="30520544" total="33554432" percent="90" />
      <mem type="survivor" free="0" total="33554432" percent="0" />
    </mem>
    <mem type="tenure" free="183968632" total="201326592" percent="91">
      <mem type="soa" free="173901688" total="191259648" percent="90" />
      <mem type="loa" free="10066944" total="10066944" percent="100" />
    </mem>
    <pending-finalizers system="840" default="0" reference="4274" classloader="0" />
    <remembered-set count="14001" />
  </mem-info>
</gc-end>
<cycle-end id="46" type="scavenge" contextid="40" timestamp="2026-09-06T07:07:23.285" />
<allocation-satisfied id="47" threadId="0000000000581000" bytesRequested="936" />
<af-end id="48" timestamp="2026-09-06T07:07:23.285" threadId="0000000000581AC0" success="true" from="nursery"/>
<exclusive-end id="49" timestamp="2026-09-06T07:07:23.286" durationms="2.715" />

<exclusive-start id="50" timestamp="2026-09-06T07:07:23.484" intervalms="201.163">
  <response-info timems="0.012" idlems="0.012" threads="0" lastid="0000000000581000" lastname="Daemon worker" />
</exclusive-start>
<af-start id="51" threadId="0000000000581AC0" totalBytesRequested="27536" timestamp="2026-09-06T07:07:23.484" intervalms="201.148" type="nursery" />
<cycle-start id="52" type="scavenge" contextid="0" timestamp="2026-09-06T07:07:23.484" intervalms="201.138" />
<gc-start id="53" type="scavenge" contextid="52" timestamp="2026-09-06T07:07:23.484">
  <mem-info id="54" free="183580656" total="268435456" percent="68">
    <mem type="nursery" free="0" total="67108864" percent="0">
      <mem type="allocate" free="0" total="33554432" percent="0" />
      <mem type="survivor" free="0" total="33554432" percent="0" />
    </mem>
    <mem type="tenure" free="183580656" total="201326592" percent="91">
      <mem type="soa" free="173513712" total="191259648" percent="90" />
      <mem type="loa" free="10066944" total="10066944" percent="100" />
    </mem>
    <remembered-set count="18688" />
  </mem-info>
</gc-start>
<allocation-stats totalBytes="30875112" discardedBytes="33408" >
  <allocated-bytes non-tlh="388912" tlh="30486200" />
  <largest-consumer threadName="Daemon worker" threadId="0000000000581000" bytes="30854576" />
</allocation-stats>
<gc-op id="55" type="scavenge" timems="2.611" contextid="52" timestamp="2026-09-06T07:07:23.487">
  <scavenger-info tenureage="3" tenuremask="7ff8" tiltratio="50" />
  <memory-copied type="nursery" objects="120320" bytes="4207048" bytesdiscarded="283328" />
  <finalization candidates="1226" enqueued="687" />
  <ownableSynchronizers candidates="255" cleared="0" />
  <references type="soft" candidates="2218" cleared="0" enqueued="0" dynamicThreshold="32" maxThreshold="32" />
  <references type="weak" candidates="4834" cleared="3382" enqueued="3379" />
  <references type="phantom" candidates="20" cleared="0" enqueued="0" />
  <object-monitors candidates="1" cleared="0"  />
</gc-op>
<gc-end id="56" type="scavenge" contextid="52" durationms="2.972" usertimems="16.854" systemtimems="3.072" stalltimems="6.350" timestamp="2026-09-06T07:07:23.487" activeThreads="10">
  <mem-info id="57" free="213951816" total="268435456" percent="79">
    <mem type="nursery" free="30371160" total="67108864" percent="45">
      <mem type="allocate" free="30371160" total="34865152" percent="87" />
      <mem type="survivor" free="0" total="32243712" percent="0" />
    </mem>
    <mem type="tenure" free="183580656" total="201326592" percent="91">
      <mem type="soa" free="173513712" total="191259648" percent="90" />
      <mem type="loa" free="10066944" total="10066944" percent="100" />
    </mem>
    <pending-finalizers system="687" default="0" reference="3379" classloader="0" />
    <remembered-set count="12504" />
  </mem-info>
</gc-end>
<cycle-end id="58" type="scavenge" contextid="52" timestamp="2026-09-06T07:07:23.487" />
<allocation-satisfied id="59" threadId="0000000000581000" bytesRequested="27536" />
<af-end id="60" timestamp="2026-09-06T07:07:23.487" threadId="0000000000581AC0" success="true" from="nursery"/>
<exclusive-end id="61" timestamp="2026-09-06T07:07:23.488" durationms="3.525" />

<exclusive-start id="62" timestamp="2026-09-06T07:07:23.669" intervalms="184.644">
  <response-info timems="0.013" idlems="0.013" threads="0" lastid="0000000000581000" lastname="Daemon worker" />
</exclusive-start>
<af-start id="63" threadId="0000000000581AC0" totalBytesRequested="6272" timestamp="2026-09-06T07:07:23.669" intervalms="184.650" type="nursery" />
<cycle-start id="64" type="scavenge" contextid="0" timestamp="2026-09-06T07:07:23.669" intervalms="184.654" />
<gc-start id="65" type="scavenge" contextid="64" timestamp="2026-09-06T07:07:23.669">
  <mem-info id="66" free="183306648" total="268435456" percent="68">
    <mem type="nursery" free="0" total="67108864" percent="0">
      <mem type="allocate" free="0" total="34865152" percent="0" />
      <mem type="survivor" free="0" total="32243712" percent="0" />
    </mem>
    <mem type="tenure" free="183306648" total="201326592" percent="91">
      <mem type="soa" free="173239704" total="191259648" percent="90" />
      <mem type="loa" free="10066944" total="10066944" percent="100" />
    </mem>
    <remembered-set count="15533" />
  </mem-info>
</gc-start>
<allocation-stats totalBytes="30580448" discardedBytes="64720" >
  <allocated-bytes non-tlh="301544" tlh="30278904" />
  <largest-consumer threadName="Daemon worker" threadId="0000000000581000" bytes="30547496" />
</allocation-stats>
<gc-op id="67" type="scavenge" timems="2.981" contextid="64" timestamp="2026-09-06T07:07:23.672">
  <scavenger-info tenureage="3" tenuremask="7ff8" tiltratio="51" />
  <memory-copied type="nursery" objects="111772" bytes="3794416" bytesdiscarded="257600" />
  <memory-copied type="tenure" objects="30440" bytes="1154360" bytesdiscarded="128" />
  <finalization candidates="1228" enqueued="688" />
  <ownableSynchronizers candidates="460" cleared="6" />
  <references type="soft" candidates="2282" cleared="0" enqueued="0" dynamicThreshold="32" maxThreshold="32" />
  <references type="weak" candidates="4257" cleared="2749" enqueued="2749" />
  <references type="phantom" candidates="44" cleared="29" enqueued="29" />
  <object-monitors candidates="1" cleared="0"  />
</gc-op>
<gc-end id="68" type="scavenge" contextid="64" durationms="3.156" usertimems="22.028" systemtimems="1.123" stalltimems="6.572" timestamp="2026-09-06T07:07:23.672" activeThreads="10">
  <mem-info id="69" free="218213096" total="268435456" percent="81">
    <mem type="nursery" free="36314456" total="67108864" percent="54">
      <mem type="allocate" free="36314456" total="40370176" percent="89" />
      <mem type="survivor" free="0" total="26738688" percent="0" />
    </mem>
    <mem type="tenure" free="181898640" total="201326592" percent="90">
      <mem type="soa" free="171831696" total="191259648" percent="89" />
      <mem type="loa" free="10066944" total="10066944" percent="100" />
    </mem>
    <pending-finalizers system="688" default="0" reference="2778" classloader="0" />
    <remembered-set count="9670" />
  </mem-info>
</gc-end>
<cycle-end id="70" type="scavenge" contextid="64" timestamp="2026-09-06T07:07:23.672" />
<allocation-satisfied id="71" threadId="0000000000581000" bytesRequested="6272" />
<af-end id="72" timestamp="2026-09-06T07:07:23.672" threadId="0000000000581AC0" success="true" from="nursery"/>
<exclusive-end id="73" timestamp="2026-09-06T07:07:23.672" durationms="3.674" />

<exclusive-start id="74" timestamp="2026-09-06T07:07:23.889" intervalms="220.310">
  <response-info timems="0.015" idlems="0.015" threads="0" lastid="0000000000581000" lastname="Daemon worker" />
</exclusive-start>
<af-start id="75" threadId="0000000000581AC0" totalBytesRequested="130056" timestamp="2026-09-06T07:07:23.889" intervalms="220.332" type="nursery" />
<cycle-start id="76" type="scavenge" contextid="0" timestamp="2026-09-06T07:07:23.889" intervalms="220.336" />
<gc-start id="77" type="scavenge" contextid="76" timestamp="2026-09-06T07:07:23.889">
  <mem-info id="78" free="181569224" total="268435456" percent="67">
    <mem type="nursery" free="0" total="67108864" percent="0">
      <mem type="allocate" free="0" total="40370176" percent="0" />
      <mem type="survivor" free="0" total="26738688" percent="0" />
    </mem>
    <mem type="tenure" free="181569224" total="201326592" percent="90">
      <mem type="soa" free="171502280" total="191259648" percent="89" />
      <mem type="loa" free="10066944" total="10066944" percent="100" />
    </mem>
    <remembered-set count="13405" />
  </mem-info>
</gc-start>
<allocation-stats totalBytes="36550736" discardedBytes="93136" >
  <allocated-bytes non-tlh="335688" tlh="36215048" />
  <largest-consumer threadName="Daemon worker" threadId="0000000000581000" bytes="36522064" />
</allocation-stats>
<gc-op id="79" type="scavenge" timems="2.953" contextid="76" timestamp="2026-09-06T07:07:23.892">
  <scavenger-info tenureage="3" tenuremask="7ff8" tiltratio="60" />
  <memory-copied type="nursery" objects="119901" bytes="4065120" bytesdiscarded="247776" />
  <memory-copied type="tenure" objects="36958" bytes="1287984" bytesdiscarded="240" />
  <finalization candidates="1203" enqueued="793" />
  <ownableSynchronizers candidates="796" cleared="6" />
  <references type="soft" candidates="3585" cleared="0" enqueued="0" dynamicThreshold="32" maxThreshold="32" />
  <references type="weak" candidates="4503" cleared="2853" enqueued="2853" />
  <references type="phantom" candidates="15" cleared="1" enqueued="1" />
  <object-monitors candidates="1" cleared="0"  />
</gc-op>
<gc-end id="80" type="scavenge" contextid="76" durationms="3.124" usertimems="22.390" systemtimems="1.143" stalltimems="5.822" timestamp="2026-09-06T07:07:23.892" activeThreads="10">
  <mem-info id="81" free="220689432" total="268435456" percent="82">
    <mem type="nursery" free="40379112" total="67108864" percent="60">
      <mem type="allocate" free="40379112" total="44695552" percent="90" />
      <mem type="survivor" free="0" total="22413312" percent="0" />
    </mem>
    <mem type="tenure" free="180310320" total="201326592" percent="89">
      <mem type="soa" free="170243376" total="191259648" percent="89" />
      <mem type="loa" free="10066944" total="10066944" percent="100" />
    </mem>
    <pending-finalizers system="793" default="0" reference="2854" classloader="0" />
    <remembered-set count="9599" />
  </mem-info>
</gc-end>
<cycle-end id="82" type="scavenge" contextid="76" timestamp="2026-09-06T07:07:23.893" />
<allocation-satisfied id="83" threadId="0000000000581000" bytesRequested="130056" />
<af-end id="84" timestamp="2026-09-06T07:07:23.893" threadId="0000000000581AC0" success="true" from="nursery"/>
<exclusive-end id="85" timestamp="2026-09-06T07:07:23.893" durationms="3.719" />

<exclusive-start id="86" timestamp="2026-09-06T07:07:24.173" intervalms="283.938">
  <response-info timems="0.014" idlems="0.014" threads="0" lastid="0000000000581000" lastname="Daemon worker" />
</exclusive-start>
<af-start id="87" threadId="0000000000581AC0" totalBytesRequested="72" timestamp="2026-09-06T07:07:24.173" intervalms="283.949" type="nursery" />
<cycle-start id="88" type="scavenge" contextid="0" timestamp="2026-09-06T07:07:24.173" intervalms="283.957" />
<gc-start id="89" type="scavenge" contextid="88" timestamp="2026-09-06T07:07:24.173">
  <mem-info id="90" free="179877664" total="268435456" percent="67">
    <mem type="nursery" free="0" total="67108864" percent="0">
      <mem type="allocate" free="0" total="44695552" percent="0" />
      <mem type="survivor" free="0" total="22413312" percent="0" />
    </mem>
    <mem type="tenure" free="179877664" total="201326592" percent="89">
      <mem type="soa" free="169810720" total="191259648" percent="88" />
      <mem type="loa" free="10066944" total="10066944" percent="100" />
    </mem>
    <remembered-set count="15781" />
  </mem-info>
</gc-start>
<allocation-stats totalBytes="40803016" discardedBytes="8752" >
  <allocated-bytes non-tlh="2365032" tlh="38437984" />
  <largest-consumer threadName="Daemon worker" threadId="0000000000581000" bytes="40121864" />
</allocation-stats>
<gc-op id="91" type="scavenge" timems="3.995" contextid="88" timestamp="2026-09-06T07:07:24.177">
  <scavenger-info tenureage="3" tenuremask="7fe8" tiltratio="66" />
  <memory-copied type="nursery" objects="169021" bytes="6418536" bytesdiscarded="221864" />
  <memory-copied type="tenure" objects="42483" bytes="1388080" bytesdiscarded="104" />
  <finalization candidates="663" enqueued="458" />
  <ownableSynchronizers candidates="2410" cleared="3" />
  <references type="soft" candidates="5249" cleared="0" enqueued="0" dynamicThreshold="32" maxThreshold="32" />
  <references type="weak" candidates="4782" cleared="1960" enqueued="1960" />
  <references type="phantom" candidates="20" cleared="9" enqueued="9" />
  <object-monitors candidates="1" cleared="0"  />
</gc-op>
<gc-end id="92" type="scavenge" contextid="88" durationms="4.287" usertimems="28.494" systemtimems="1.408" stalltimems="7.459" timestamp="2026-09-06T07:07:24.178" activeThreads="10">
  <mem-info id="93" free="218940504" total="268435456" percent="81">
    <mem type="nursery" free="40540472" total="67108864" percent="60">
      <mem type="allocate" free="40540472" total="47185920" percent="85" />
      <mem type="survivor" free="0" total="19922944" percent="0" />
    </mem>
    <mem type="tenure" free="178400032" total="201326592" percent="88">
      <mem type="soa" free="168333088" total="191259648" percent="88" />
      <mem type="loa" free="10066944" total="10066944" percent="100" />
    </mem>
    <pending-finalizers system="457" default="1" reference="1969" classloader="0" />
    <remembered-set count="12469" />
  </mem-info>
</gc-end>
<cycle-end id="94" type="scavenge" contextid="88" timestamp="2026-09-06T07:07:24.178" />
<allocation-satisfied id="95" threadId="0000000000581000" bytesRequested="72" />
<af-end id="96" timestamp="2026-09-06T07:07:24.178" threadId="0000000000581AC0" success="true" from="nursery"/>
<exclusive-end id="97" timestamp="2026-09-06T07:07:24.178" durationms="4.959" />

<exclusive-start id="98" timestamp="2026-09-06T07:07:24.519" intervalms="346.603">
  <response-info timems="0.013" idlems="0.013" threads="0" lastid="0000000000581000" lastname="Daemon worker" />
</exclusive-start>
<af-start id="99" threadId="0000000000581AC0" totalBytesRequested="6120" timestamp="2026-09-06T07:07:24.520" intervalms="346.605" type="nursery" />
<cycle-start id="100" type="scavenge" contextid="0" timestamp="2026-09-06T07:07:24.520" intervalms="346.612" />
<gc-start id="101" type="scavenge" contextid="100" timestamp="2026-09-06T07:07:24.520">
  <mem-info id="102" free="178011904" total="268435456" percent="66">
    <mem type="nursery" free="0" total="67108864" percent="0">
      <mem type="allocate" free="0" total="47185920" percent="0" />
      <mem type="survivor" free="0" total="19922944" percent="0" />
    </mem>
    <mem type="tenure" free="178011904" total="201326592" percent="88">
      <mem type="soa" free="167944960" total="191259648" percent="87" />
      <mem type="loa" free="10066944" total="10066944" percent="100" />
    </mem>
    <remembered-set count="16791" />
  </mem-info>
</gc-start>
<allocation-stats totalBytes="40880672" discardedBytes="47928" >
  <allocated-bytes non-tlh="634936" tlh="40245736" />
  <largest-consumer threadName="Daemon worker" threadId="0000000000581000" bytes="40815136" />
</allocation-stats>
<gc-op id="103" type="scavenge" timems="3.848" contextid="100" timestamp="2026-09-06T07:07:24.524">
  <scavenger-info tenureage="3" tenuremask="7fe8" tiltratio="70" />
  <memory-copied type="nursery" objects="198196" bytes="7123488" bytesdiscarded="109936" />
  <memory-copied type="tenure" objects="23795" bytes="822304" bytesdiscarded="264" />
  <finalization candidates="404" enqueued="383" />
  <ownableSynchronizers candidates="2374" cleared="12" />
  <references type="soft" candidates="5568" cleared="0" enqueued="0" dynamicThreshold="32" maxThreshold="32" />
  <references type="weak" candidates="5433" cleared="2953" enqueued="2765" />
  <references type="phantom" candidates="8" cleared="0" enqueued="0" />
  <object-monitors candidates="1" cleared="0"  />
</gc-op>
<gc-end id="104" type="scavenge" contextid="100" durationms="4.139" usertimems="30.447" systemtimems="0.006" stalltimems="8.393" timestamp="2026-09-06T07:07:24.524" activeThreads="10">
  <mem-info id="105" free="219252200" total="268435456" percent="81">
    <mem type="nursery" free="42159592" total="67108864" percent="62">
      <mem type="allocate" free="42159592" total="49414144" percent="85" />
      <mem type="survivor" free="0" total="17694720" percent="0" />
    </mem>
    <mem type="tenure" free="177092608" total="201326592" percent="87">
      <mem type="soa" free="167025664" total="191259648" percent="87" />
      <mem type="loa" free="10066944" total="10066944" percent="100" />
    </mem>
    <pending-finalizers system="383" default="0" reference="2765" classloader="0" />
    <remembered-set count="12459" />
  </mem-info>
</gc-end>
<cycle-end id="106" type="scavenge" contextid="100" timestamp="2026-09-06T07:07:24.524" />
<allocation-satisfied id="107" threadId="0000000000581000" bytesRequested="6120" />
<af-end id="108" timestamp="2026-09-06T07:07:24.524" threadId="0000000000581AC0" success="true" from="nursery"/>
<exclusive-end id="109" timestamp="2026-09-06T07:07:24.524" durationms="4.877" />

<exclusive-start id="110" timestamp="2026-09-06T07:07:24.823" intervalms="303.436">
  <response-info timems="0.012" idlems="0.012" threads="0" lastid="0000000000581000" lastname="Daemon worker" />
</exclusive-start>
<af-start id="111" threadId="0000000000581AC0" totalBytesRequested="4552" timestamp="2026-09-06T07:07:24.823" intervalms="303.408" type="nursery" />
<cycle-start id="112" type="scavenge" contextid="0" timestamp="2026-09-06T07:07:24.823" intervalms="303.396" />
<gc-start id="113" type="scavenge" contextid="112" timestamp="2026-09-06T07:07:24.823">
  <mem-info id="114" free="176707376" total="268435456" percent="65">
    <mem type="nursery" free="0" total="67108864" percent="0">
      <mem type="allocate" free="0" total="49414144" percent="0" />
      <mem type="survivor" free="0" total="17694720" percent="0" />
    </mem>
    <mem type="tenure" free="176707376" total="201326592" percent="87">
      <mem type="soa" free="166640432" total="191259648" percent="87" />
      <mem type="loa" free="10066944" total="10066944" percent="100" />
    </mem>
    <remembered-set count="17981" />
  </mem-info>
</gc-start>
<allocation-stats totalBytes="42476176" discardedBytes="68648" >
  <allocated-bytes non-tlh="467880" tlh="42008296" />
  <largest-consumer threadName="Daemon worker" threadId="0000000000581000" bytes="41202280" />
</allocation-stats>
<gc-op id="115" type="scavenge" timems="4.802" contextid="112" timestamp="2026-09-06T07:07:24.828">
  <scavenger-info tenureage="3" tenuremask="7fe8" tiltratio="73" />
  <memory-copied type="nursery" objects="228690" bytes="8307784" bytesdiscarded="206888" />
  <memory-copied type="tenure" objects="41699" bytes="1412072" bytesdiscarded="144" />
  <finalization candidates="950" enqueued="912" />
  <ownableSynchronizers candidates="3029" cleared="21" />
  <references type="soft" candidates="7319" cleared="0" enqueued="0" dynamicThreshold="32" maxThreshold="32" />
  <references type="weak" candidates="8266" cleared="3128" enqueued="3009" />
  <references type="phantom" candidates="35" cleared="26" enqueued="26" />
  <object-monitors candidates="1" cleared="0"  />
</gc-op>
<gc-end id="116" type="scavenge" contextid="112" durationms="5.093" usertimems="37.269" systemtimems="0.358" stalltimems="6.806" timestamp="2026-09-06T07:07:24.828" activeThreads="10">
  <mem-info id="117" free="217728408" total="268435456" percent="81">
    <mem type="nursery" free="42252016" total="67108864" percent="62">
      <mem type="allocate" free="42252016" total="50790400" percent="83" />
      <mem type="survivor" free="0" total="16318464" percent="0" />
    </mem>
    <mem type="tenure" free="175476392" total="201326592" percent="87">
      <mem type="soa" free="165409448" total="191259648" percent="86" />
      <mem type="loa" free="10066944" total="10066944" percent="100" />
    </mem>
    <pending-finalizers system="912" default="0" reference="3035" classloader="0" />
    <remembered-set count="11518" />
  </mem-info>
</gc-end>
<cycle-end id="118" type="scavenge" contextid="112" timestamp="2026-09-06T07:07:24.829" />
<allocation-satisfied id="119" threadId="0000000000581000" bytesRequested="4552" />
<af-end id="120" timestamp="2026-09-06T07:07:24.829" threadId="0000000000581AC0" success="true" from="nursery"/>
<exclusive-end id="121" timestamp="2026-09-06T07:07:24.829" durationms="5.869" />

<exclusive-start id="122" timestamp="2026-09-06T07:07:25.124" intervalms="300.650">
  <response-info timems="0.012" idlems="0.012" threads="0" lastid="0000000000581000" lastname="Daemon worker" />
</exclusive-start>
<af-start id="123" threadId="0000000000581AC0" totalBytesRequested="88" timestamp="2026-09-06T07:07:25.124" intervalms="300.672" type="nursery" />
<cycle-start id="124" type="scavenge" contextid="0" timestamp="2026-09-06T07:07:25.124" intervalms="300.680" />
<gc-start id="125" type="scavenge" contextid="124" timestamp="2026-09-06T07:07:25.124">
  <mem-info id="126" free="175012872" total="268435456" percent="65">
    <mem type="nursery" free="0" total="67108864" percent="0">
      <mem type="allocate" free="0" total="50790400" percent="0" />
      <mem type="survivor" free="0" total="16318464" percent="0" />
    </mem>
    <mem type="tenure" free="175012872" total="201326592" percent="86">
      <mem type="soa" free="164945928" total="191259648" percent="86" />
      <mem type="loa" free="10066944" total="10066944" percent="100" />
    </mem>
    <remembered-set count="17518" />
  </mem-info>
</gc-start>
<allocation-stats totalBytes="42707472" discardedBytes="8064" >
  <allocated-bytes non-tlh="476272" tlh="42231200" />
  <largest-consumer threadName="Daemon worker" threadId="0000000000581000" bytes="42487896" />
</allocation-stats>
<gc-op id="127" type="scavenge" timems="4.463" contextid="124" timestamp="2026-09-06T07:07:25.129">
  <scavenger-info tenureage="3" tenuremask="7fe8" tiltratio="75" />
  <memory-copied type="nursery" objects="218187" bytes="8497928" bytesdiscarded="291448" />
  <memory-copied type="tenure" objects="67505" bytes="2698592" bytesdiscarded="584" />
  <finalization candidates="694" enqueued="616" />
  <ownableSynchronizers candidates="2762" cleared="20" />
  <references type="soft" candidates="6381" cleared="0" enqueued="0" dynamicThreshold="32" maxThreshold="32" />
  <references type="weak" candidates="7108" cleared="2771" enqueued="2770" />
  <references type="phantom" candidates="40" cleared="26" enqueued="26" />
  <object-monitors candidates="2" cleared="0"  />
</gc-op>
<gc-end id="128" type="scavenge" contextid="124" durationms="4.767" usertimems="36.920" systemtimems="0.803" stalltimems="7.312" timestamp="2026-09-06T07:07:25.129" activeThreads="10">
  <mem-info id="129" free="215468584" total="268435456" percent="80">
    <mem type="nursery" free="43224624" total="67108864" percent="64">
      <mem type="allocate" free="43224624" total="52035584" percent="83" />
      <mem type="survivor" free="0" total="15073280" percent="0" />
    </mem>
    <mem type="tenure" free="172243960" total="201326592" percent="85">
      <mem type="soa" free="162177016" total="191259648" percent="84" />
      <mem type="loa" free="10066944" total="10066944" percent="100" />
    </mem>
    <pending-finalizers system="616" default="0" reference="2796" classloader="0" />
    <remembered-set count="13524" />
  </mem-info>
</gc-end>
<cycle-end id="130" type="scavenge" contextid="124" timestamp="2026-09-06T07:07:25.129" />
<allocation-satisfied id="131" threadId="0000000000581000" bytesRequested="88" />
<af-end id="132" timestamp="2026-09-06T07:07:25.129" threadId="0000000000581AC0" success="true" from="nursery"/>
<exclusive-end id="133" timestamp="2026-09-06T07:07:25.129" durationms="5.545" />

<exclusive-start id="134" timestamp="2026-09-06T07:07:29.401" intervalms="4277.132">
  <response-info timems="0.016" idlems="0.016" threads="0" lastid="0000000000581000" lastname="Daemon worker" />
</exclusive-start>
<af-start id="135" threadId="0000000000581AC0" totalBytesRequested="8200" timestamp="2026-09-06T07:07:29.401" intervalms="4277.113" type="nursery" />
<cycle-start id="136" type="scavenge" contextid="0" timestamp="2026-09-06T07:07:29.401" intervalms="4277.114" />
<gc-start id="137" type="scavenge" contextid="136" timestamp="2026-09-06T07:07:29.401">
  <mem-info id="138" free="171641112" total="268435456" percent="63">
    <mem type="nursery" free="0" total="67108864" percent="0">
      <mem type="allocate" free="0" total="52035584" percent="0" />
      <mem type="survivor" free="0" total="15073280" percent="0" />
    </mem>
    <mem type="tenure" free="171641112" total="201326592" percent="85">
      <mem type="soa" free="161574168" total="191259648" percent="84" />
      <mem type="loa" free="10066944" total="10066944" percent="100" />
    </mem>
    <remembered-set count="21471" />
  </mem-info>
</gc-start>
<allocation-stats totalBytes="43795640" discardedBytes="31832" >
  <allocated-bytes non-tlh="623440" tlh="43172200" />
  <largest-consumer threadName="Daemon worker" threadId="0000000000581000" bytes="43521584" />
</allocation-stats>
<gc-op id="139" type="scavenge" timems="5.348" contextid="136" timestamp="2026-09-06T07:07:29.407">
  <scavenger-info tenureage="3" tenuremask="7fe8" tiltratio="77" />
  <memory-copied type="nursery" objects="208385" bytes="7853256" bytesdiscarded="181784" />
  <memory-copied type="tenure" objects="80493" bytes="2720896" bytesdiscarded="1200" />
  <finalization candidates="901" enqueued="757" />
  <ownableSynchronizers candidates="1116" cleared="53" />
  <references type="soft" candidates="6431" cleared="0" enqueued="0" dynamicThreshold="32" maxThreshold="32" />
  <references type="weak" candidates="7461" cleared="2843" enqueued="2843" />
  <references type="phantom" candidates="155" cleared="107" enqueued="107" />
  <object-monitors candidates="4" cleared="0"  />
</gc-op>
<gc-end id="140" type="scavenge" contextid="136" durationms="5.564" usertimems="40.608" systemtimems="1.974" stalltimems="10.136" timestamp="2026-09-06T07:07:29.407" activeThreads="10">
  <mem-info id="141" free="213911320" total="268435456" percent="79">
    <mem type="nursery" free="45041264" total="67108864" percent="67">
      <mem type="allocate" free="45041264" total="53084160" percent="84" />
      <mem type="survivor" free="0" total="14024704" percent="0" />
    </mem>
    <mem type="tenure" free="168870056" total="201326592" percent="83">
      <mem type="soa" free="158803112" total="191259648" percent="83" />
      <mem type="loa" free="10066944" total="10066944" percent="100" />
    </mem>
    <pending-finalizers system="756" default="1" reference="2950" classloader="0" />
    <remembered-set count="17077" />
  </mem-info>
</gc-end>
<cycle-end id="142" type="scavenge" contextid="136" timestamp="2026-09-06T07:07:29.407" />
<allocation-satisfied id="143" threadId="0000000000581000" bytesRequested="8200" />
<af-end id="144" timestamp="2026-09-06T07:07:29.407" threadId="0000000000581AC0" success="true" from="nursery"/>
<exclusive-end id="145" timestamp="2026-09-06T07:07:29.407" durationms="6.565" />

<exclusive-start id="146" timestamp="2026-09-06T07:08:03.837" intervalms="34436.794">
  <response-info timems="0.100" idlems="0.100" threads="0" lastid="0000000000581000" lastname="Daemon worker" />
</exclusive-start>
<af-start id="147" threadId="0000000000581AC0" totalBytesRequested="520" timestamp="2026-09-06T07:08:03.840" intervalms="34440.153" type="nursery" />
<cycle-start id="148" type="scavenge" contextid="0" timestamp="2026-09-06T07:08:03.840" intervalms="34440.472" />
<gc-start id="149" type="scavenge" contextid="148" timestamp="2026-09-06T07:08:03.842">
  <mem-info id="150" free="168790136" total="268435456" percent="62">
    <mem type="nursery" free="0" total="67108864" percent="0">
      <mem type="allocate" free="0" total="53084160" percent="0" />
      <mem type="survivor" free="0" total="14024704" percent="0" />
    </mem>
    <mem type="tenure" free="168790136" total="201326592" percent="83">
      <mem type="soa" free="158723192" total="191259648" percent="82" />
      <mem type="loa" free="10066944" total="10066944" percent="100" />
    </mem>
    <remembered-set count="18510" />
  </mem-info>
</gc-start>
<allocation-stats totalBytes="44997560" discardedBytes="123624" >
  <allocated-bytes non-tlh="621000" tlh="44376560" />
  <largest-consumer threadName="Daemon worker" threadId="0000000000581000" bytes="21185616" />
</allocation-stats>
<gc-op id="151" type="scavenge" timems="8.419" contextid="148" timestamp="2026-09-06T07:08:03.850">
  <scavenger-info tenureage="3" tenuremask="7fe8" tiltratio="79" />
  <memory-copied type="nursery" objects="148616" bytes="6624016" bytesdiscarded="208664" />
  <memory-copied type="tenure" objects="71531" bytes="2561880" bytesdiscarded="552" />
  <finalization candidates="238" enqueued="96" />
  <ownableSynchronizers candidates="1387" cleared="128" />
  <references type="soft" candidates="2648" cleared="0" enqueued="0" dynamicThreshold="32" maxThreshold="32" />
  <references type="weak" candidates="1991" cleared="289" enqueued="289" />
  <references type="phantom" candidates="677" cleared="562" enqueued="562" />
  <object-monitors candidates="6" cleared="0"  />
</gc-op>
<gc-end id="152" type="scavenge" contextid="148" durationms="22.296" usertimems="62.368" systemtimems="3.468" stalltimems="11.929" timestamp="2026-09-06T07:08:03.864" activeThreads="10">
  <mem-info id="153" free="213320272" total="268435456" percent="79">
    <mem type="nursery" free="47292128" total="67108864" percent="70">
      <mem type="allocate" free="47292128" total="54132736" percent="87" />
      <mem type="survivor" free="0" total="12976128" percent="0" />
    </mem>
    <mem type="tenure" free="166028144" total="201326592" percent="82" macro-fragmented="134217728">
      <mem type="soa" free="155961200" total="191259648" percent="81" />
      <mem type="loa" free="10066944" total="10066944" percent="100" />
    </mem>
    <pending-finalizers system="96" default="0" reference="851" classloader="0" />
    <remembered-set count="11605" />
  </mem-info>
</gc-end>
<cycle-end id="154" type="scavenge" contextid="148" timestamp="2026-09-06T07:08:03.865" />
<allocation-satisfied id="155" threadId="0000000000581000" bytesRequested="520" />
<af-end id="156" timestamp="2026-09-06T07:08:03.865" threadId="0000000000581AC0" success="true" from="nursery"/>
<exclusive-end id="157" timestamp="2026-09-06T07:08:03.865" durationms="28.338" />

<exclusive-start id="158" timestamp="2026-09-06T07:08:12.873" intervalms="9036.321">
  <response-info timems="0.031" idlems="0.031" threads="0" lastid="00000000014C2900" lastname="Unconstrained build operations Thread 51" />
</exclusive-start>
<af-start id="159" threadId="00000000014C33C0" totalBytesRequested="88" timestamp="2026-09-06T07:08:12.873" intervalms="9032.939" type="nursery" />
<cycle-start id="160" type="scavenge" contextid="0" timestamp="2026-09-06T07:08:12.873" intervalms="9032.659" />
<gc-start id="161" type="scavenge" contextid="160" timestamp="2026-09-06T07:08:12.873">
  <mem-info id="162" free="166014808" total="268435456" percent="61">
    <mem type="nursery" free="0" total="67108864" percent="0">
      <mem type="allocate" free="0" total="54132736" percent="0" />
      <mem type="survivor" free="0" total="12976128" percent="0" />
    </mem>
    <mem type="tenure" free="166014808" total="201326592" percent="82">
      <mem type="soa" free="155947864" total="191259648" percent="81" />
      <mem type="loa" free="10066944" total="10066944" percent="100" />
    </mem>
    <remembered-set count="11895" />
  </mem-info>
</gc-start>
<allocation-stats totalBytes="47194256" discardedBytes="111208" >
  <allocated-bytes non-tlh="13856" tlh="47180400" />
  <largest-consumer threadName="Daemon worker" threadId="0000000000581000" bytes="13407656" />
</allocation-stats>
<gc-op id="163" type="scavenge" timems="3.758" contextid="160" timestamp="2026-09-06T07:08:12.877">
  <scavenger-info tenureage="3" tenuremask="7fe8" tiltratio="80" />
  <memory-copied type="nursery" objects="136702" bytes="7459712" bytesdiscarded="217288" />
  <memory-copied type="tenure" objects="54821" bytes="2003528" bytesdiscarded="296" />
  <finalization candidates="129" enqueued="5" />
  <ownableSynchronizers candidates="559" cleared="77" />
  <references type="soft" candidates="1023" cleared="0" enqueued="0" dynamicThreshold="32" maxThreshold="32" />
  <references type="weak" candidates="1600" cleared="60" enqueued="60" />
  <references type="phantom" candidates="365" cleared="218" enqueued="218" />
  <object-monitors candidates="6" cleared="0"  />
</gc-op>
<gc-end id="164" type="scavenge" contextid="160" durationms="5.210" usertimems="26.946" systemtimems="1.270" stalltimems="7.511" timestamp="2026-09-06T07:08:12.879" activeThreads="10">
  <mem-info id="165" free="211281216" total="268435456" percent="78">
    <mem type="nursery" free="47102448" total="67108864" percent="70">
      <mem type="allocate" free="47102448" total="54788096" percent="85" />
      <mem type="survivor" free="0" total="12320768" percent="0" />
    </mem>
    <mem type="tenure" free="164178768" total="201326592" percent="81" macro-fragmented="117440512">
      <mem type="soa" free="154111824" total="191259648" percent="80" />
      <mem type="loa" free="10066944" total="10066944" percent="100" />
    </mem>
    <pending-finalizers system="5" default="0" reference="278" classloader="0" />
    <remembered-set count="4910" />
  </mem-info>
</gc-end>
<cycle-end id="166" type="scavenge" contextid="160" timestamp="2026-09-06T07:08:12.879" />
<allocation-satisfied id="167" threadId="00000000014C2900" bytesRequested="88" />
<af-end id="168" timestamp="2026-09-06T07:08:12.879" threadId="00000000014C33C0" success="true" from="nursery"/>
<exclusive-end id="169" timestamp="2026-09-06T07:08:12.879" durationms="6.003" />

<exclusive-start id="170" timestamp="2026-09-06T07:08:28.950" intervalms="16076.630">
  <response-info timems="0.054" idlems="0.054" threads="0" lastid="00000000014B8B00" lastname="Unconstrained build operations Thread 63" />
</exclusive-start>
<af-start id="171" threadId="00000000014B95C0" totalBytesRequested="24" timestamp="2026-09-06T07:08:28.950" intervalms="16076.646" type="nursery" />
<cycle-start id="172" type="scavenge" contextid="0" timestamp="2026-09-06T07:08:28.950" intervalms="16076.690" />
<gc-start id="173" type="scavenge" contextid="172" timestamp="2026-09-06T07:08:28.951">
  <mem-info id="174" free="164172496" total="268435456" percent="61">
    <mem type="nursery" free="0" total="67108864" percent="0">
      <mem type="allocate" free="0" total="54788096" percent="0" />
      <mem type="survivor" free="0" total="12320768" percent="0" />
    </mem>
    <mem type="tenure" free="164172496" total="201326592" percent="81">
      <mem type="soa" free="154105552" total="191259648" percent="80" />
      <mem type="loa" free="10066944" total="10066944" percent="100" />
    </mem>
    <remembered-set count="5083" />
  </mem-info>
</gc-start>
<allocation-stats totalBytes="47021216" discardedBytes="87504" >
  <allocated-bytes non-tlh="6360" tlh="47014856" />
  <largest-consumer threadName="Daemon worker" threadId="0000000000581000" bytes="9100656" />
</allocation-stats>
<gc-op id="175" type="scavenge" timems="3.178" contextid="172" timestamp="2026-09-06T07:08:28.954">
  <scavenger-info tenureage="3" tenuremask="7fe8" tiltratio="81" />
  <memory-copied type="nursery" objects="60283" bytes="4343552" bytesdiscarded="337784" />
  <memory-copied type="tenure" objects="70387" bytes="2786240" bytesdiscarded="1032" />
  <finalization candidates="67" enqueued="1" />
  <ownableSynchronizers candidates="453" cleared="94" />
  <references type="soft" candidates="156" cleared="0" enqueued="0" dynamicThreshold="32" maxThreshold="32" />
  <references type="weak" candidates="1127" cleared="59" enqueued="59" />
  <references type="phantom" candidates="260" cleared="135" enqueued="135" />
  <object-monitors candidates="7" cleared="1"  />
</gc-op>
<gc-end id="176" type="scavenge" contextid="172" durationms="4.898" usertimems="20.704" systemtimems="2.850" stalltimems="10.223" timestamp="2026-09-06T07:08:28.956" activeThreads="10">
  <mem-info id="177" free="212202216" total="268435456" percent="79">
    <mem type="nursery" free="50886424" total="67108864" percent="75">
      <mem type="allocate" free="50886424" total="55574528" percent="91" />
      <mem type="survivor" free="0" total="11534336" percent="0" />
    </mem>
    <mem type="tenure" free="161315792" total="201326592" percent="80" macro-fragmented="134217728">
      <mem type="soa" free="151248848" total="191259648" percent="79" />
      <mem type="loa" free="10066944" total="10066944" percent="100" />
    </mem>
    <pending-finalizers system="1" default="0" reference="194" classloader="0" />
    <remembered-set count="1265" />
  </mem-info>
</gc-end>
<cycle-end id="178" type="scavenge" contextid="172" timestamp="2026-09-06T07:08:28.956" />
<allocation-satisfied id="179" threadId="00000000014B8B00" bytesRequested="24" />
<af-end id="180" timestamp="2026-09-06T07:08:28.956" threadId="00000000014B95C0" success="true" from="nursery"/>
<exclusive-end id="181" timestamp="2026-09-06T07:08:28.956" durationms="5.864" />

<exclusive-start id="182" timestamp="2026-09-06T07:08:44.994" intervalms="16044.191">
  <response-info timems="0.058" idlems="0.058" threads="0" lastid="0000000001658500" lastname="Build operations Thread 5" />
</exclusive-start>
<af-start id="183" threadId="0000000001658FC0" totalBytesRequested="16416" timestamp="2026-09-06T07:08:44.994" intervalms="16044.280" type="nursery" />
<cycle-start id="184" type="scavenge" contextid="0" timestamp="2026-09-06T07:08:44.995" intervalms="16044.402" />
<gc-start id="185" type="scavenge" contextid="184" timestamp="2026-09-06T07:08:44.995">
  <mem-info id="186" free="161292712" total="268435456" percent="60">
    <mem type="nursery" free="0" total="67108864" percent="0">
      <mem type="allocate" free="0" total="55574528" percent="0" />
      <mem type="survivor" free="0" total="11534336" percent="0" />
    </mem>
    <mem type="tenure" free="161292712" total="201326592" percent="80">
      <mem type="soa" free="151225768" total="191259648" percent="79" />
      <mem type="loa" free="10066944" total="10066944" percent="100" />
    </mem>
    <remembered-set count="1745" />
  </mem-info>
</gc-start>
<allocation-stats totalBytes="50364128" discardedBytes="545376" >
  <allocated-bytes non-tlh="223984" tlh="50140144" />
  <largest-consumer threadName="Daemon worker" threadId="0000000000581000" bytes="20226728" />
</allocation-stats>
<gc-op id="187" type="scavenge" timems="4.919" contextid="184" timestamp="2026-09-06T07:08:45.000">
  <scavenger-info tenureage="3" tenuremask="7fc8" tiltratio="82" />
  <memory-copied type="nursery" objects="62718" bytes="3851352" bytesdiscarded="463960" />
  <memory-copied type="tenure" objects="20752" bytes="1688880" bytesdiscarded="2400" />
  <finalization candidates="60" enqueued="60" />
  <ownableSynchronizers candidates="464" cleared="94" />
  <references type="soft" candidates="126" cleared="0" enqueued="0" dynamicThreshold="32" maxThreshold="32" />
  <references type="weak" candidates="1218" cleared="197" enqueued="197" />
  <references type="phantom" candidates="195" cleared="124" enqueued="124" />
  <object-monitors candidates="10" cleared="2"  />
</gc-op>
<gc-end id="188" type="scavenge" contextid="184" durationms="10.331" usertimems="23.189" systemtimems="4.223" stalltimems="18.683" timestamp="2026-09-06T07:08:45.006" activeThreads="10">
  <mem-info id="189" free="212061448" total="268435456" percent="78">
    <mem type="nursery" free="52562952" total="67108864" percent="78">
      <mem type="allocate" free="52562952" total="56885248" percent="92" />
      <mem type="survivor" free="0" total="10223616" percent="0" />
    </mem>
    <mem type="tenure" free="159498496" total="201326592" percent="79" macro-fragmented="117440512">
      <mem type="soa" free="149431552" total="191259648" percent="78" />
      <mem type="loa" free="10066944" total="10066944" percent="100" />
    </mem>
    <pending-finalizers system="60" default="0" reference="321" classloader="0" />
    <remembered-set count="1863" />
  </mem-info>
</gc-end>
<cycle-end id="190" type="scavenge" contextid="184" timestamp="2026-09-06T07:08:45.006" />
<allocation-satisfied id="191" threadId="0000000001658500" bytesRequested="16416" />
<af-end id="192" timestamp="2026-09-06T07:08:45.006" threadId="0000000001658FC0" success="true" from="nursery"/>
<exclusive-end id="193" timestamp="2026-09-06T07:08:45.006" durationms="11.889" />

<exclusive-start id="194" timestamp="2026-09-06T07:09:02.127" intervalms="17133.008">
  <response-info timems="0.155" idlems="0.155" threads="0" lastid="00000000016A7B00" lastname="Build operations Thread 6" />
</exclusive-start>
<af-start id="195" threadId="00000000016A85C0" totalBytesRequested="16416" timestamp="2026-09-06T07:09:02.128" intervalms="17133.211" type="nursery" />
<cycle-start id="196" type="scavenge" contextid="0" timestamp="2026-09-06T07:09:02.128" intervalms="17133.518" />
<gc-start id="197" type="scavenge" contextid="196" timestamp="2026-09-06T07:09:02.130">
  <mem-info id="198" free="159498496" total="268435456" percent="59">
    <mem type="nursery" free="0" total="67108864" percent="0">
      <mem type="allocate" free="0" total="56885248" percent="0" />
      <mem type="survivor" free="0" total="10223616" percent="0" />
    </mem>
    <mem type="tenure" free="159498496" total="201326592" percent="79">
      <mem type="soa" free="149431552" total="191259648" percent="78" />
      <mem type="loa" free="10066944" total="10066944" percent="100" />
    </mem>
    <remembered-set count="2004" />
  </mem-info>
</gc-start>
<allocation-stats totalBytes="50805712" discardedBytes="1757240" >
  <allocated-bytes non-tlh="16416" tlh="50789296" />
  <largest-consumer threadName="Build operations Thread 5" threadId="0000000001658500" bytes="8678656" />
</allocation-stats>
<gc-op id="199" type="scavenge" timems="4.155" contextid="196" timestamp="2026-09-06T07:09:02.134">
  <scavenger-info tenureage="7" tenuremask="7f80" tiltratio="84" />
  <memory-copied type="nursery" objects="62953" bytes="3968456" bytesdiscarded="379680" />
  <ownableSynchronizers candidates="161" cleared="35" />
  <references type="soft" candidates="126" cleared="0" enqueued="0" dynamicThreshold="32" maxThreshold="32" />
  <references type="weak" candidates="1055" cleared="0" enqueued="0" />
  <references type="phantom" candidates="105" cleared="34" enqueued="34" />
  <object-monitors candidates="8" cleared="0"  />
</gc-op>
<gc-end id="200" type="scavenge" contextid="196" durationms="6.675" usertimems="19.807" systemtimems="0.770" stalltimems="12.781" timestamp="2026-09-06T07:09:02.136" activeThreads="10">
  <mem-info id="201" free="213143160" total="268435456" percent="79">
    <mem type="nursery" free="53644664" total="67108864" percent="79">
      <mem type="allocate" free="53644664" total="57999360" percent="92" />
      <mem type="survivor" free="0" total="9109504" percent="0" />
    </mem>
    <mem type="tenure" free="159498496" total="201326592" percent="79" macro-fragmented="117440512">
      <mem type="soa" free="149431552" total="191259648" percent="78" />
      <mem type="loa" free="10066944" total="10066944" percent="100" />
    </mem>
    <pending-finalizers system="0" default="0" reference="34" classloader="0" />
    <remembered-set count="1712" />
  </mem-info>
</gc-end>
<cycle-end id="202" type="scavenge" contextid="196" timestamp="2026-09-06T07:09:02.137" />
<allocation-satisfied id="203" threadId="00000000016A7B00" bytesRequested="16416" />
<af-end id="204" timestamp="2026-09-06T07:09:02.137" threadId="00000000016A85C0" success="true" from="nursery"/>
<exclusive-end id="205" timestamp="2026-09-06T07:09:02.137" durationms="9.546" />

<exclusive-start id="206" timestamp="2026-09-06T07:09:12.799" intervalms="10671.958">
  <response-info timems="0.382" idlems="0.204" threads="6" lastid="000000000148A700" lastname="Build operations Thread 10" />
</exclusive-start>
<af-start id="207" threadId="00000000016A85C0" totalBytesRequested="3400" timestamp="2026-09-06T07:09:12.800" intervalms="10671.694" type="nursery" />
<cycle-start id="208" type="scavenge" contextid="0" timestamp="2026-09-06T07:09:12.800" intervalms="10671.198" />
<gc-start id="209" type="scavenge" contextid="208" timestamp="2026-09-06T07:09:12.800">
  <mem-info id="210" free="159436576" total="268435456" percent="59">
    <mem type="nursery" free="0" total="67108864" percent="0">
      <mem type="allocate" free="0" total="57999360" percent="0" />
      <mem type="survivor" free="0" total="9109504" percent="0" />
    </mem>
    <mem type="tenure" free="159436576" total="201326592" percent="79">
      <mem type="soa" free="149369632" total="191259648" percent="78" />
      <mem type="loa" free="10066944" total="10066944" percent="100" />
    </mem>
    <remembered-set count="2812" />
  </mem-info>
</gc-start>
<allocation-stats totalBytes="52541232" discardedBytes="1165352" >
  <allocated-bytes non-tlh="746192" tlh="51795040" />
  <largest-consumer threadName="Build operations Thread 9" threadId="00000000016E4900" bytes="7386896" />
</allocation-stats>
<gc-op id="211" type="scavenge" timems="2.325" contextid="208" timestamp="2026-09-06T07:09:12.802">
  <scavenger-info tenureage="4" tenuremask="7f10" tiltratio="86" />
  <memory-copied type="nursery" objects="67352" bytes="3827688" bytesdiscarded="148168" />
  <memory-copied type="tenure" objects="19054" bytes="1599584" bytesdiscarded="888" />
  <finalization candidates="255" enqueued="253" />
  <ownableSynchronizers candidates="344" cleared="151" />
  <references type="soft" candidates="99" cleared="0" enqueued="0" dynamicThreshold="32" maxThreshold="32" />
  <references type="weak" candidates="1442" cleared="568" enqueued="568" />
  <references type="phantom" candidates="458" cleared="405" enqueued="405" />
  <object-monitors candidates="47" cleared="32"  />
</gc-op>
<gc-end id="212" type="scavenge" contextid="208" durationms="7.422" usertimems="13.499" systemtimems="3.593" stalltimems="4.837" timestamp="2026-09-06T07:09:12.807" activeThreads="8">
  <mem-info id="213" free="212791240" total="268435456" percent="79">
    <mem type="nursery" free="54934848" total="67108864" percent="81">
      <mem type="allocate" free="54934848" total="58916864" percent="93" />
      <mem type="survivor" free="0" total="8192000" percent="0" />
    </mem>
    <mem type="tenure" free="157856392" total="201326592" percent="78" macro-fragmented="134217728">
      <mem type="soa" free="147789448" total="191259648" percent="77" />
      <mem type="loa" free="10066944" total="10066944" percent="100" />
    </mem>
    <pending-finalizers system="253" default="0" reference="973" classloader="0" />
    <remembered-set count="2636" />
  </mem-info>
</gc-end>
<cycle-end id="214" type="scavenge" contextid="208" timestamp="2026-09-06T07:09:12.808" />
<allocation-satisfied id="215" threadId="00000000016A7B00" bytesRequested="3400" />
<af-end id="216" timestamp="2026-09-06T07:09:12.808" threadId="00000000016A85C0" success="true" from="nursery"/>
<exclusive-end id="217" timestamp="2026-09-06T07:09:12.808" durationms="8.241" />

<exclusive-start id="218" timestamp="2026-09-06T07:09:13.129" intervalms="330.032">
  <response-info timems="0.155" idlems="0.084" threads="3" lastid="0000000000581000" lastname="Daemon worker" />
</exclusive-start>
<af-start id="219" threadId="00000000016AC2C0" totalBytesRequested="496" timestamp="2026-09-06T07:09:13.130" intervalms="330.025" type="nursery" />
<cycle-start id="220" type="scavenge" contextid="0" timestamp="2026-09-06T07:09:13.130" intervalms="330.030" />
<gc-start id="221" type="scavenge" contextid="220" timestamp="2026-09-06T07:09:13.130">
  <mem-info id="222" free="157816696" total="268435456" percent="58">
    <mem type="nursery" free="0" total="67108864" percent="0">
      <mem type="allocate" free="0" total="58916864" percent="0" />
      <mem type="survivor" free="0" total="8192000" percent="0" />
    </mem>
    <mem type="tenure" free="157816696" total="201326592" percent="78">
      <mem type="soa" free="147749752" total="191259648" percent="77" />
      <mem type="loa" free="10066944" total="10066944" percent="100" />
    </mem>
    <remembered-set count="3236" />
  </mem-info>
</gc-start>
<allocation-stats totalBytes="54854304" discardedBytes="120240" >
  <allocated-bytes non-tlh="43096" tlh="54811208" />
  <largest-consumer threadName="Build operations Thread 6" threadId="00000000016A7B00" bytes="12694984" />
</allocation-stats>
<gc-op id="223" type="scavenge" timems="2.295" contextid="220" timestamp="2026-09-06T07:09:13.133">
  <scavenger-info tenureage="4" tenuremask="7e10" tiltratio="87" />
  <memory-copied type="nursery" objects="86443" bytes="3863344" bytesdiscarded="254576" />
  <memory-copied type="tenure" objects="18030" bytes="867280" bytesdiscarded="360" />
  <finalization candidates="218" enqueued="216" />
  <ownableSynchronizers candidates="270" cleared="137" />
  <references type="soft" candidates="70" cleared="0" enqueued="0" dynamicThreshold="32" maxThreshold="32" />
  <references type="weak" candidates="1060" cleared="190" enqueued="190" />
  <references type="phantom" candidates="279" cleared="239" enqueued="239" />
  <object-monitors candidates="48" cleared="31"  />
</gc-op>
<gc-end id="224" type="scavenge" contextid="220" durationms="5.841" usertimems="17.316" systemtimems="0.417" stalltimems="5.750" timestamp="2026-09-06T07:09:13.136" activeThreads="9">
  <mem-info id="225" free="212446248" total="268435456" percent="79">
    <mem type="nursery" free="55516344" total="67108864" percent="82">
      <mem type="allocate" free="55516344" total="59637760" percent="93" />
      <mem type="survivor" free="0" total="7471104" percent="0" />
    </mem>
    <mem type="tenure" free="156929904" total="201326592" percent="77" macro-fragmented="134217728">
      <mem type="soa" free="146862960" total="191259648" percent="76" />
      <mem type="loa" free="10066944" total="10066944" percent="100" />
    </mem>
    <pending-finalizers system="216" default="0" reference="429" classloader="0" />
    <remembered-set count="2816" />
  </mem-info>
</gc-end>
<cycle-end id="226" type="scavenge" contextid="220" timestamp="2026-09-06T07:09:13.136" />
<allocation-satisfied id="227" threadId="00000000016AB800" bytesRequested="496" />
<af-end id="228" timestamp="2026-09-06T07:09:13.136" threadId="00000000016AC2C0" success="true" from="nursery"/>
<exclusive-end id="229" timestamp="2026-09-06T07:09:13.136" durationms="6.835" />

<exclusive-start id="230" timestamp="2026-09-06T07:09:13.191" intervalms="61.047">
  <response-info timems="0.143" idlems="0.091" threads="7" lastid="00000000016E0C00" lastname="Build operations Thread 8" />
</exclusive-start>
<af-start id="231" threadId="00000000016A85C0" totalBytesRequested="1624" timestamp="2026-09-06T07:09:13.191" intervalms="61.031" type="nursery" />
<cycle-start id="232" type="scavenge" contextid="0" timestamp="2026-09-06T07:09:13.191" intervalms="61.031" />
<gc-start id="233" type="scavenge" contextid="232" timestamp="2026-09-06T07:09:13.191">
  <mem-info id="234" free="156929904" total="268435456" percent="58">
    <mem type="nursery" free="0" total="67108864" percent="0">
      <mem type="allocate" free="0" total="59637760" percent="0" />
      <mem type="survivor" free="0" total="7471104" percent="0" />
    </mem>
    <mem type="tenure" free="156929904" total="201326592" percent="77">
      <mem type="soa" free="146862960" total="191259648" percent="76" />
      <mem type="loa" free="10066944" total="10066944" percent="100" />
    </mem>
    <remembered-set count="2883" />
  </mem-info>
</gc-start>
<allocation-stats totalBytes="55262424" discardedBytes="253920" >
  <allocated-bytes non-tlh="1790104" tlh="53472320" />
  <largest-consumer threadName="Build operations Thread 2" threadId="00000000014BBB00" bytes="13032504" />
</allocation-stats>
<gc-op id="235" type="scavenge" timems="2.384" contextid="232" timestamp="2026-09-06T07:09:13.194">
  <scavenger-info tenureage="4" tenuremask="7c10" tiltratio="88" />
  <memory-copied type="nursery" objects="112133" bytes="4827696" bytesdiscarded="203360" />
  <memory-copied type="tenure" objects="21512" bytes="1158672" bytesdiscarded="104" />
  <finalization candidates="2" enqueued="0" />
  <ownableSynchronizers candidates="182" cleared="61" />
  <references type="soft" candidates="47" cleared="0" enqueued="0" dynamicThreshold="32" maxThreshold="32" />
  <references type="weak" candidates="665" cleared="0" enqueued="0" />
  <references type="phantom" candidates="131" cleared="102" enqueued="102" />
  <object-monitors candidates="18" cleared="1"  />
</gc-op>
<gc-end id="236" type="scavenge" contextid="232" durationms="2.681" usertimems="16.291" systemtimems="0.000" stalltimems="5.026" timestamp="2026-09-06T07:09:13.194" activeThreads="9">
  <mem-info id="237" free="210501264" total="268435456" percent="78">
    <mem type="nursery" free="54802544" total="67108864" percent="81">
      <mem type="allocate" free="54802544" total="59834368" percent="91" />
      <mem type="survivor" free="0" total="7274496" percent="0" />
    </mem>
    <mem type="tenure" free="155698720" total="201326592" percent="77" macro-fragmented="0">
      <mem type="soa" free="145631776" total="191259648" percent="76" />
      <mem type="loa" free="10066944" total="10066944" percent="100" />
    </mem>
    <pending-finalizers system="0" default="0" reference="102" classloader="0" />
    <remembered-set count="1880" />
  </mem-info>
</gc-end>
<cycle-end id="238" type="scavenge" contextid="232" timestamp="2026-09-06T07:09:13.194" />
<allocation-satisfied id="239" threadId="00000000016A7B00" bytesRequested="1624" />
<af-end id="240" timestamp="2026-09-06T07:09:13.194" threadId="00000000016A85C0" success="true" from="nursery"/>
<exclusive-end id="241" timestamp="2026-09-06T07:09:13.194" durationms="3.694" />

<exclusive-start id="242" timestamp="2026-09-06T07:09:13.238" intervalms="47.309">
  <response-info timems="0.122" idlems="0.073" threads="4" lastid="0000000001605F00" lastname="Build operations Thread 4" />
</exclusive-start>
<af-start id="243" threadId="00000000014BD2C0" totalBytesRequested="128" timestamp="2026-09-06T07:09:13.238" intervalms="47.314" type="nursery" />
<cycle-start id="244" type="scavenge" contextid="0" timestamp="2026-09-06T07:09:13.238" intervalms="47.318" />
<gc-start id="245" type="scavenge" contextid="244" timestamp="2026-09-06T07:09:13.238">
  <mem-info id="246" free="155698720" total="268435456" percent="58">
    <mem type="nursery" free="0" total="67108864" percent="0">
      <mem type="allocate" free="0" total="59834368" percent="0" />
      <mem type="survivor" free="0" total="7274496" percent="0" />
    </mem>
    <mem type="tenure" free="155698720" total="201326592" percent="77">
      <mem type="soa" free="145631776" total="191259648" percent="76" />
      <mem type="loa" free="10066944" total="10066944" percent="100" />
    </mem>
    <remembered-set count="1946" />
  </mem-info>
</gc-start>
<allocation-stats totalBytes="54664600" discardedBytes="137944" >
  <allocated-bytes non-tlh="1624" tlh="54662976" />
  <largest-consumer threadName="Build operations Thread 2" threadId="00000000014BBB00" bytes="12518544" />
</allocation-stats>
<gc-op id="247" type="scavenge" timems="2.619" contextid="244" timestamp="2026-09-06T07:09:13.241">
  <scavenger-info tenureage="11" tenuremask="7800" tiltratio="89" />
  <memory-copied type="nursery" objects="146641" bytes="5424616" bytesdiscarded="222888" />
  <finalization candidates="2" enqueued="0" />
  <ownableSynchronizers candidates="194" cleared="93" />
  <references type="soft" candidates="47" cleared="0" enqueued="0" dynamicThreshold="32" maxThreshold="32" />
  <references type="weak" candidates="778" cleared="0" enqueued="0" />
  <references type="phantom" candidates="175" cleared="148" enqueued="148" />
  <object-monitors candidates="18" cleared="0"  />
</gc-op>
<gc-end id="248" type="scavenge" contextid="244" durationms="2.938" usertimems="16.918" systemtimems="1.080" stalltimems="7.812" timestamp="2026-09-06T07:09:13.241" activeThreads="10">
  <mem-info id="249" free="210212424" total="268435456" percent="78">
    <mem type="nursery" free="54513704" total="67108864" percent="81">
      <mem type="allocate" free="54513704" total="60162048" percent="90" />
      <mem type="survivor" free="0" total="6946816" percent="0" />
    </mem>
    <mem type="tenure" free="155698720" total="201326592" percent="77" macro-fragmented="117440512">
      <mem type="soa" free="145631776" total="191259648" percent="76" />
      <mem type="loa" free="10066944" total="10066944" percent="100" />
    </mem>
    <pending-finalizers system="0" default="0" reference="148" classloader="0" />
    <remembered-set count="1614" />
  </mem-info>
</gc-end>
<cycle-end id="250" type="scavenge" contextid="244" timestamp="2026-09-06T07:09:13.242" />
<allocation-satisfied id="251" threadId="00000000014BC800" bytesRequested="128" />
<af-end id="252" timestamp="2026-09-06T07:09:13.242" threadId="00000000014BD2C0" success="true" from="nursery"/>
<exclusive-end id="253" timestamp="2026-09-06T07:09:13.242" durationms="3.882" />

<exclusive-start id="254" timestamp="2026-09-06T07:09:13.376" intervalms="137.821">
  <response-info timems="0.037" idlems="0.019" threads="1" lastid="0000000001658500" lastname="Build operations Thread 5" />
</exclusive-start>
<af-start id="255" threadId="00000000006F91C0" totalBytesRequested="4104" timestamp="2026-09-06T07:09:13.376" intervalms="137.832" type="nursery" />
<cycle-start id="256" type="scavenge" contextid="0" timestamp="2026-09-06T07:09:13.376" intervalms="137.831" />
<gc-start id="257" type="scavenge" contextid="256" timestamp="2026-09-06T07:09:13.376">
  <mem-info id="258" free="155687856" total="268435456" percent="57">
    <mem type="nursery" free="0" total="67108864" percent="0">
      <mem type="allocate" free="0" total="60162048" percent="0" />
      <mem type="survivor" free="0" total="6946816" percent="0" />
    </mem>
    <mem type="tenure" free="155687856" total="201326592" percent="77">
      <mem type="soa" free="145620912" total="191259648" percent="76" />
      <mem type="loa" free="10066944" total="10066944" percent="100" />
    </mem>
    <remembered-set count="1941" />
  </mem-info>
</gc-start>
<allocation-stats totalBytes="54438680" discardedBytes="85888" >
  <allocated-bytes non-tlh="10992" tlh="54427688" />
  <largest-consumer threadName="Build operations Thread 7" threadId="00000000016AB800" bytes="8059088" />
</allocation-stats>
<gc-op id="259" type="scavenge" timems="3.118" contextid="256" timestamp="2026-09-06T07:09:13.380">
  <scavenger-info tenureage="12" tenuremask="7000" tiltratio="89" />
  <memory-copied type="nursery" objects="188336" bytes="6484840" bytesdiscarded="114952" />
  <finalization candidates="70" enqueued="64" />
  <ownableSynchronizers candidates="315" cleared="313" />
  <references type="soft" candidates="111" cleared="0" enqueued="0" dynamicThreshold="32" maxThreshold="32" />
  <references type="weak" candidates="1149" cleared="67" enqueued="67" />
  <references type="phantom" candidates="695" cleared="689" enqueued="689" />
  <object-monitors candidates="21" cleared="1"  />
</gc-op>
<gc-end id="260" type="scavenge" contextid="256" durationms="3.373" usertimems="19.764" systemtimems="1.057" stalltimems="10.833" timestamp="2026-09-06T07:09:13.380" activeThreads="10">
  <mem-info id="261" free="207873448" total="268435456" percent="77">
    <mem type="nursery" free="52185592" total="67108864" percent="77">
      <mem type="allocate" free="52185592" total="58785792" percent="88" />
      <mem type="survivor" free="0" total="8323072" percent="0" />
    </mem>
    <mem type="tenure" free="155687856" total="201326592" percent="77" macro-fragmented="100663296">
      <mem type="soa" free="145620912" total="191259648" percent="76" />
      <mem type="loa" free="10066944" total="10066944" percent="100" />
    </mem>
    <pending-finalizers system="64" default="0" reference="756" classloader="0" />
    <remembered-set count="1773" />
  </mem-info>
</gc-end>
<cycle-end id="262" type="scavenge" contextid="256" timestamp="2026-09-06T07:09:13.380" />
<allocation-satisfied id="263" threadId="00000000006F8700" bytesRequested="4104" />
<af-end id="264" timestamp="2026-09-06T07:09:13.380" threadId="00000000006F91C0" success="true" from="nursery"/>
<exclusive-end id="265" timestamp="2026-09-06T07:09:13.380" durationms="4.450" />

<exclusive-start id="266" timestamp="2026-09-06T07:09:13.714" intervalms="338.232">
  <response-info timems="0.192" idlems="0.092" threads="5" lastid="0000000001605F00" lastname="Build operations Thread 4" />
</exclusive-start>
<af-start id="267" threadId="00000000016E53C0" totalBytesRequested="4120" timestamp="2026-09-06T07:09:13.714" intervalms="338.215" type="nursery" />
<cycle-start id="268" type="scavenge" contextid="0" timestamp="2026-09-06T07:09:13.714" intervalms="338.207" />
<gc-start id="269" type="scavenge" contextid="268" timestamp="2026-09-06T07:09:13.714">
  <mem-info id="270" free="155635728" total="268435456" percent="57">
    <mem type="nursery" free="0" total="67108864" percent="0">
      <mem type="allocate" free="0" total="58785792" percent="0" />
      <mem type="survivor" free="0" total="8323072" percent="0" />
    </mem>
    <mem type="tenure" free="155635728" total="201326592" percent="77">
      <mem type="soa" free="145568784" total="191259648" percent="76" />
      <mem type="loa" free="10066944" total="10066944" percent="100" />
    </mem>
    <remembered-set count="2540" />
  </mem-info>
</gc-start>
<allocation-stats totalBytes="52056648" discardedBytes="181072" >
  <allocated-bytes non-tlh="487152" tlh="51569496" />
  <largest-consumer threadName="Build operations Thread 2" threadId="00000000014BBB00" bytes="7704128" />
</allocation-stats>
<gc-op id="271" type="scavenge" timems="3.783" contextid="268" timestamp="2026-09-06T07:09:13.718">
  <scavenger-info tenureage="4" tenuremask="7010" tiltratio="87" />
  <memory-copied type="nursery" objects="191309" bytes="7611912" bytesdiscarded="421136" />
  <memory-copied type="tenure" objects="35531" bytes="1257104" bytesdiscarded="232" />
  <finalization candidates="146" enqueued="140" />
  <ownableSynchronizers candidates="242" cleared="238" />
  <references type="soft" candidates="114" cleared="0" enqueued="0" dynamicThreshold="32" maxThreshold="32" />
  <references type="weak" candidates="1521" cleared="419" enqueued="419" />
  <references type="phantom" candidates="479" cleared="448" enqueued="448" />
  <object-monitors candidates="56" cleared="32"  />
</gc-op>
<gc-end id="272" type="scavenge" contextid="268" durationms="4.016" usertimems="28.374" systemtimems="0.101" stalltimems="7.726" timestamp="2026-09-06T07:09:13.718" activeThreads="10">
  <mem-info id="273" free="203933008" total="268435456" percent="75">
    <mem type="nursery" free="49441104" total="67108864" percent="73">
      <mem type="allocate" free="49441104" total="57475072" percent="86" />
      <mem type="survivor" free="0" total="9633792" percent="0" />
    </mem>
    <mem type="tenure" free="154491904" total="201326592" percent="76" macro-fragmented="100663296">
      <mem type="soa" free="144424960" total="191259648" percent="75" />
      <mem type="loa" free="10066944" total="10066944" percent="100" />
    </mem>
    <pending-finalizers system="140" default="0" reference="867" classloader="0" />
    <remembered-set count="4757" />
  </mem-info>
</gc-end>
<cycle-end id="274" type="scavenge" contextid="268" timestamp="2026-09-06T07:09:13.719" />
<allocation-satisfied id="275" threadId="00000000016E4900" bytesRequested="4120" />
<af-end id="276" timestamp="2026-09-06T07:09:13.719" threadId="00000000016E53C0" success="true" from="nursery"/>
<exclusive-end id="277" timestamp="2026-09-06T07:09:13.719" durationms="4.903" />

<exclusive-start id="278" timestamp="2026-09-06T07:09:13.849" intervalms="135.194">
  <response-info timems="0.365" idlems="0.205" threads="8" lastid="000000000148A700" lastname="Build operations Thread 10" />
</exclusive-start>
<af-start id="279" threadId="0000000000581AC0" totalBytesRequested="1272" timestamp="2026-09-06T07:09:13.849" intervalms="135.206" type="nursery" />
<cycle-start id="280" type="scavenge" contextid="0" timestamp="2026-09-06T07:09:13.849" intervalms="135.217" />
<gc-start id="281" type="scavenge" contextid="280" timestamp="2026-09-06T07:09:13.850">
  <mem-info id="282" free="154491576" total="268435456" percent="57">
    <mem type="nursery" free="0" total="67108864" percent="0">
      <mem type="allocate" free="0" total="57475072" percent="0" />
      <mem type="survivor" free="0" total="9633792" percent="0" />
    </mem>
    <mem type="tenure" free="154491576" total="201326592" percent="76">
      <mem type="soa" free="144424632" total="191259648" percent="75" />
      <mem type="loa" free="10066944" total="10066944" percent="100" />
    </mem>
    <remembered-set count="4875" />
  </mem-info>
</gc-start>
<allocation-stats totalBytes="49257576" discardedBytes="183856" >
  <allocated-bytes non-tlh="403368" tlh="48854208" />
  <largest-consumer threadName="Build operations Thread 6" threadId="00000000016A7B00" bytes="7258192" />
</allocation-stats>
<gc-op id="283" type="scavenge" timems="2.994" contextid="280" timestamp="2026-09-06T07:09:13.853">
  <scavenger-info tenureage="3" tenuremask="7018" tiltratio="85" />
  <memory-copied type="nursery" objects="111041" bytes="4797032" bytesdiscarded="422320" />
  <memory-copied type="tenure" objects="81050" bytes="2772648" bytesdiscarded="560" />
  <finalization candidates="7" enqueued="1" />
  <ownableSynchronizers candidates="256" cleared="254" />
  <references type="soft" candidates="114" cleared="0" enqueued="0" dynamicThreshold="32" maxThreshold="32" />
  <references type="weak" candidates="1172" cleared="0" enqueued="0" />
  <references type="phantom" candidates="565" cleared="509" enqueued="509" />
  <object-monitors candidates="24" cleared="1"  />
</gc-op>
<gc-end id="284" type="scavenge" contextid="280" durationms="3.209" usertimems="23.976" systemtimems="0.275" stalltimems="5.898" timestamp="2026-09-06T07:09:13.853" activeThreads="10">
  <mem-info id="285" free="204002696" total="268435456" percent="75">
    <mem type="nursery" free="52451024" total="67108864" percent="78">
      <mem type="allocate" free="52451024" total="57671680" percent="90" />
      <mem type="survivor" free="0" total="9437184" percent="0" />
    </mem>
    <mem type="tenure" free="151551672" total="201326592" percent="75" macro-fragmented="134217728">
      <mem type="soa" free="141484728" total="191259648" percent="73" />
      <mem type="loa" free="10066944" total="10066944" percent="100" />
    </mem>
    <pending-finalizers system="1" default="0" reference="509" classloader="0" />
    <remembered-set count="4833" />
  </mem-info>
</gc-end>
<cycle-end id="286" type="scavenge" contextid="280" timestamp="2026-09-06T07:09:13.853" />
<allocation-satisfied id="287" threadId="0000000000581000" bytesRequested="1272" />
<af-end id="288" timestamp="2026-09-06T07:09:13.853" threadId="0000000000581AC0" success="true" from="nursery"/>
<exclusive-end id="289" timestamp="2026-09-06T07:09:13.853" durationms="4.199" />

<exclusive-start id="290" timestamp="2026-09-06T07:09:13.908" intervalms="59.277">
  <response-info timems="0.028" idlems="0.015" threads="1" lastid="00000000016E4900" lastname="Build operations Thread 9" />
</exclusive-start>
<af-start id="291" threadId="00000000014BC5C0" totalBytesRequested="824" timestamp="2026-09-06T07:09:13.908" intervalms="59.288" type="nursery" />
<cycle-start id="292" type="scavenge" contextid="0" timestamp="2026-09-06T07:09:13.909" intervalms="59.287" />
<gc-start id="293" type="scavenge" contextid="292" timestamp="2026-09-06T07:09:13.909">
  <mem-info id="294" free="151551616" total="268435456" percent="56">
    <mem type="nursery" free="0" total="67108864" percent="0">
      <mem type="allocate" free="0" total="57671680" percent="0" />
      <mem type="survivor" free="0" total="9437184" percent="0" />
    </mem>
    <mem type="tenure" free="151551616" total="201326592" percent="75">
      <mem type="soa" free="141484672" total="191259648" percent="73" />
      <mem type="loa" free="10066944" total="10066944" percent="100" />
    </mem>
    <remembered-set count="4892" />
  </mem-info>
</gc-start>
<allocation-stats totalBytes="52344160" discardedBytes="106920" >
  <allocated-bytes non-tlh="71336" tlh="52272824" />
  <largest-consumer threadName="Build operations Thread 8" threadId="00000000016E0C00" bytes="11607832" />
</allocation-stats>
<gc-op id="295" type="scavenge" timems="2.257" contextid="292" timestamp="2026-09-06T07:09:13.911">
  <scavenger-info tenureage="3" tenuremask="6008" tiltratio="85" />
  <memory-copied type="nursery" objects="66792" bytes="3040544" bytesdiscarded="740680" />
  <memory-copied type="tenure" objects="45563" bytes="1481856" bytesdiscarded="288" />
  <finalization candidates="6" enqueued="0" />
  <ownableSynchronizers candidates="48" cleared="44" />
  <references type="soft" candidates="50" cleared="0" enqueued="0" dynamicThreshold="32" maxThreshold="32" />
  <references type="weak" candidates="993" cleared="0" enqueued="0" />
  <references type="phantom" candidates="134" cleared="118" enqueued="118" />
  <object-monitors candidates="23" cleared="0"  />
</gc-op>
<gc-end id="296" type="scavenge" contextid="292" durationms="2.486" usertimems="12.279" systemtimems="2.731" stalltimems="6.662" timestamp="2026-09-06T07:09:13.912" activeThreads="10">
  <mem-info id="297" free="205092160" total="268435456" percent="76">
    <mem type="nursery" free="54676320" total="67108864" percent="81">
      <mem type="allocate" free="54676320" total="58458112" percent="93" />
      <mem type="survivor" free="0" total="8650752" percent="0" />
    </mem>
    <mem type="tenure" free="150415840" total="201326592" percent="74" macro-fragmented="134217728">
      <mem type="soa" free="140348896" total="191259648" percent="73" />
      <mem type="loa" free="10066944" total="10066944" percent="100" />
    </mem>
    <pending-finalizers system="0" default="0" reference="118" classloader="0" />
    <remembered-set count="4966" />
  </mem-info>
</gc-end>
<cycle-end id="298" type="scavenge" contextid="292" timestamp="2026-09-06T07:09:13.912" />
<allocation-satisfied id="299" threadId="00000000014BBB00" bytesRequested="824" />
<af-end id="300" timestamp="2026-09-06T07:09:13.912" threadId="00000000014BC5C0" success="true" from="nursery"/>
<exclusive-end id="301" timestamp="2026-09-06T07:09:13.912" durationms="3.473" />

<exclusive-start id="302" timestamp="2026-09-06T07:09:13.954" intervalms="45.803">
  <response-info timems="0.040" idlems="0.038" threads="1" lastid="000000000148A700" lastname="Build operations Thread 10" />
</exclusive-start>
<af-start id="303" threadId="0000000001658FC0" totalBytesRequested="200" timestamp="2026-09-06T07:09:13.954" intervalms="45.819" type="nursery" />
<cycle-start id="304" type="scavenge" contextid="0" timestamp="2026-09-06T07:09:13.954" intervalms="45.876" />
<gc-start id="305" type="scavenge" contextid="304" timestamp="2026-09-06T07:09:13.955">
  <mem-info id="306" free="150415472" total="268435456" percent="56">
    <mem type="nursery" free="0" total="67108864" percent="0">
      <mem type="allocate" free="0" total="58458112" percent="0" />
      <mem type="survivor" free="0" total="8650752" percent="0" />
    </mem>
    <mem type="tenure" free="150415472" total="201326592" percent="74">
      <mem type="soa" free="140348528" total="191259648" percent="73" />
      <mem type="loa" free="10066944" total="10066944" percent="100" />
    </mem>
    <remembered-set count="5072" />
  </mem-info>
</gc-start>
<allocation-stats totalBytes="54636360" discardedBytes="40328" >
  <allocated-bytes non-tlh="65976" tlh="54570384" />
  <largest-consumer threadName="Build operations Thread 8" threadId="00000000016E0C00" bytes="16614016" />
</allocation-stats>
<gc-op id="307" type="scavenge" timems="2.115" contextid="304" timestamp="2026-09-06T07:09:13.957">
  <scavenger-info tenureage="8" tenuremask="4100" tiltratio="87" />
  <memory-copied type="nursery" objects="73277" bytes="3693768" bytesdiscarded="267512" />
  <memory-copied type="tenure" objects="19391" bytes="582208" bytesdiscarded="584" />
  <finalization candidates="2" enqueued="0" />
  <ownableSynchronizers candidates="118" cleared="116" />
  <references type="soft" candidates="3" cleared="0" enqueued="0" dynamicThreshold="32" maxThreshold="32" />
  <references type="weak" candidates="840" cleared="0" enqueued="0" />
  <references type="phantom" candidates="243" cleared="204" enqueued="204" />
  <object-monitors candidates="24" cleared="0"  />
</gc-op>
<heap-resize id="308" type="expand" space="nursery" amount="2621440" count="1" timems="0.310" reason="excessive time being spent scavenging" timestamp="2026-09-06T07:09:13.958" />
<gc-end id="309" type="scavenge" contextid="304" durationms="2.880" usertimems="15.578" systemtimems="0.000" stalltimems="5.688" timestamp="2026-09-06T07:09:13.958" activeThreads="10">
  <mem-info id="310" free="207073376" total="271056896" percent="76">
    <mem type="nursery" free="57510576" total="69730304" percent="82">
      <mem type="allocate" free="57510576" total="61472768" percent="93" />
      <mem type="survivor" free="0" total="8257536" percent="0" />
    </mem>
    <mem type="tenure" free="149562800" total="201326592" percent="74" macro-fragmented="134217728">
      <mem type="soa" free="139495856" total="191259648" percent="72" />
      <mem type="loa" free="10066944" total="10066944" percent="100" />
    </mem>
    <pending-finalizers system="0" default="0" reference="204" classloader="0" />
    <remembered-set count="2037" />
  </mem-info>
</gc-end>
<cycle-end id="311" type="scavenge" contextid="304" timestamp="2026-09-06T07:09:13.958" />
<allocation-satisfied id="312" threadId="0000000001658500" bytesRequested="200" />
<af-end id="313" timestamp="2026-09-06T07:09:13.958" threadId="0000000001658FC0" success="true" from="nursery"/>
<exclusive-end id="314" timestamp="2026-09-06T07:09:13.958" durationms="3.929" />

<exclusive-start id="315" timestamp="2026-09-06T07:09:13.993" intervalms="38.425">
  <response-info timems="0.172" idlems="0.092" threads="3" lastid="0000000001605F00" lastname="Build operations Thread 4" />
</exclusive-start>
<af-start id="316" threadId="000000000148B1C0" totalBytesRequested="280" timestamp="2026-09-06T07:09:13.993" intervalms="38.384" type="nursery" />
<cycle-start id="317" type="scavenge" contextid="0" timestamp="2026-09-06T07:09:13.993" intervalms="38.333" />
<gc-start id="318" type="scavenge" contextid="317" timestamp="2026-09-06T07:09:13.993">
  <mem-info id="319" free="149562688" total="271056896" percent="55">
    <mem type="nursery" free="0" total="69730304" percent="0">
      <mem type="allocate" free="0" total="61472768" percent="0" />
      <mem type="survivor" free="0" total="8257536" percent="0" />
    </mem>
    <mem type="tenure" free="149562688" total="201326592" percent="74">
      <mem type="soa" free="139495744" total="191259648" percent="72" />
      <mem type="loa" free="10066944" total="10066944" percent="100" />
    </mem>
    <remembered-set count="2076" />
  </mem-info>
</gc-start>
<allocation-stats totalBytes="57481376" discardedBytes="29312" >
  <allocated-bytes non-tlh="587072" tlh="56894304" />
  <largest-consumer threadName="Build operations Thread 5" threadId="0000000001658500" bytes="11768776" />
</allocation-stats>
<gc-op id="320" type="scavenge" timems="2.048" contextid="317" timestamp="2026-09-06T07:09:13.995">
  <scavenger-info tenureage="10" tenuremask="4400" tiltratio="88" />
  <memory-copied type="nursery" objects="82582" bytes="4718160" bytesdiscarded="353344" />
  <memory-copied type="tenure" objects="1093" bytes="141112" bytesdiscarded="0" />
  <ownableSynchronizers candidates="17" cleared="17" />
  <references type="soft" candidates="3" cleared="0" enqueued="0" dynamicThreshold="32" maxThreshold="32" />
  <references type="weak" candidates="829" cleared="0" enqueued="0" />
  <references type="phantom" candidates="85" cleared="40" enqueued="40" />
  <object-monitors candidates="24" cleared="0"  />
</gc-op>
<gc-end id="321" type="scavenge" contextid="317" durationms="2.252" usertimems="12.058" systemtimems="1.339" stalltimems="5.250" timestamp="2026-09-06T07:09:13.996" activeThreads="10">
  <mem-info id="322" free="206412824" total="271056896" percent="76">
    <mem type="nursery" free="56990104" total="69730304" percent="81">
      <mem type="allocate" free="56990104" total="62062592" percent="91" />
      <mem type="survivor" free="0" total="7667712" percent="0" />
    </mem>
    <mem type="tenure" free="149422720" total="201326592" percent="74" macro-fragmented="134217728">
      <mem type="soa" free="139355776" total="191259648" percent="72" />
      <mem type="loa" free="10066944" total="10066944" percent="100" />
    </mem>
    <pending-finalizers system="0" default="0" reference="40" classloader="0" />
    <remembered-set count="1464" />
  </mem-info>
</gc-end>
<cycle-end id="323" type="scavenge" contextid="317" timestamp="2026-09-06T07:09:13.996" />
<allocation-satisfied id="324" threadId="000000000148A700" bytesRequested="280" />
<af-end id="325" timestamp="2026-09-06T07:09:13.996" threadId="000000000148B1C0" success="true" from="nursery"/>
<exclusive-end id="326" timestamp="2026-09-06T07:09:13.996" durationms="3.164" />

<exclusive-start id="327" timestamp="2026-09-06T07:09:14.025" intervalms="32.352">
  <response-info timems="0.103" idlems="0.069" threads="2" lastid="0000000001658500" lastname="Build operations Thread 5" />
</exclusive-start>
<af-start id="328" threadId="00000000016E53C0" totalBytesRequested="4984" timestamp="2026-09-06T07:09:14.025" intervalms="32.362" type="nursery" />
<cycle-start id="329" type="scavenge" contextid="0" timestamp="2026-09-06T07:09:14.025" intervalms="32.356" />
<gc-start id="330" type="scavenge" contextid="329" timestamp="2026-09-06T07:09:14.025">
  <mem-info id="331" free="149422592" total="271056896" percent="55">
    <mem type="nursery" free="0" total="69730304" percent="0">
      <mem type="allocate" free="0" total="62062592" percent="0" />
      <mem type="survivor" free="0" total="7667712" percent="0" />
    </mem>
    <mem type="tenure" free="149422592" total="201326592" percent="74">
      <mem type="soa" free="139355648" total="191259648" percent="72" />
      <mem type="loa" free="10066944" total="10066944" percent="100" />
    </mem>
    <remembered-set count="1541" />
  </mem-info>
</gc-start>
<allocation-stats totalBytes="56925648" discardedBytes="64584" >
  <allocated-bytes non-tlh="82696" tlh="56842952" />
  <largest-consumer threadName="Build operations Thread 8" threadId="00000000016E0C00" bytes="10980792" />
</allocation-stats>
<gc-op id="332" type="scavenge" timems="1.721" contextid="329" timestamp="2026-09-06T07:09:14.027">
  <scavenger-info tenureage="5" tenuremask="4020" tiltratio="89" />
  <memory-copied type="nursery" objects="52919" bytes="3115016" bytesdiscarded="516488" />
  <memory-copied type="tenure" objects="28396" bytes="1371160" bytesdiscarded="96" />
  <ownableSynchronizers candidates="51" cleared="49" />
  <references type="weak" candidates="646" cleared="0" enqueued="0" />
  <references type="phantom" candidates="141" cleared="97" enqueued="97" />
  <object-monitors candidates="24" cleared="0"  />
</gc-op>
<heap-resize id="333" type="expand" space="nursery" amount="2883584" count="1" timems="0.027" reason="excessive time being spent scavenging" timestamp="2026-09-06T07:09:14.027" />
<gc-end id="334" type="scavenge" contextid="329" durationms="2.268" usertimems="12.436" systemtimems="0.245" stalltimems="4.766" timestamp="2026-09-06T07:09:14.028" activeThreads="10">
  <mem-info id="335" free="209180312" total="273940480" percent="76">
    <mem type="nursery" free="61444984" total="72613888" percent="84">
      <mem type="allocate" free="61444984" total="65077248" percent="94" />
      <mem type="survivor" free="0" total="7536640" percent="0" />
    </mem>
    <mem type="tenure" free="147735328" total="201326592" percent="73" macro-fragmented="134217728">
      <mem type="soa" free="137668384" total="191259648" percent="71" />
      <mem type="loa" free="10066944" total="10066944" percent="100" />
    </mem>
    <pending-finalizers system="0" default="0" reference="97" classloader="0" />
    <remembered-set count="1792" />
  </mem-info>
</gc-end>
<cycle-end id="336" type="scavenge" contextid="329" timestamp="2026-09-06T07:09:14.028" />
<allocation-satisfied id="337" threadId="00000000016E4900" bytesRequested="4984" />
<af-end id="338" timestamp="2026-09-06T07:09:14.028" threadId="00000000016E53C0" success="true" from="nursery"/>
<exclusive-end id="339" timestamp="2026-09-06T07:09:14.028" durationms="3.007" />

<exclusive-start id="340" timestamp="2026-09-06T07:09:14.061" intervalms="36.504">
  <response-info timems="0.263" idlems="0.114" threads="4" lastid="00000000014BC800" lastname="Build operations Thread 3" />
</exclusive-start>
<af-start id="341" threadId="00000000006F91C0" totalBytesRequested="4104" timestamp="2026-09-06T07:09:14.062" intervalms="36.508" type="nursery" />
<cycle-start id="342" type="scavenge" contextid="0" timestamp="2026-09-06T07:09:14.062" intervalms="36.498" />
<gc-start id="343" type="scavenge" contextid="342" timestamp="2026-09-06T07:09:14.062">
  <mem-info id="344" free="147734960" total="273940480" percent="53">
    <mem type="nursery" free="0" total="72613888" percent="0">
      <mem type="allocate" free="0" total="65077248" percent="0" />
      <mem type="survivor" free="0" total="7536640" percent="0" />
    </mem>
    <mem type="tenure" free="147734960" total="201326592" percent="73">
      <mem type="soa" free="137668016" total="191259648" percent="71" />
      <mem type="loa" free="10066944" total="10066944" percent="100" />
    </mem>
    <remembered-set count="1924" />
  </mem-info>
</gc-start>
<allocation-stats totalBytes="61387160" discardedBytes="58192" >
  <allocated-bytes non-tlh="968232" tlh="60418928" />
  <largest-consumer threadName="Build operations Thread 4" threadId="0000000001605F00" bytes="11837936" />
</allocation-stats>
<gc-op id="345" type="scavenge" timems="1.746" contextid="342" timestamp="2026-09-06T07:09:14.064">
  <scavenger-info tenureage="5" tenuremask="4020" tiltratio="89" />
  <memory-copied type="nursery" objects="52864" bytes="4101424" bytesdiscarded="274112" />
  <memory-copied type="tenure" objects="10333" bytes="316224" bytesdiscarded="56" />
  <ownableSynchronizers candidates="92" cleared="91" />
  <references type="weak" candidates="355" cleared="0" enqueued="0" />
  <references type="phantom" candidates="207" cleared="179" enqueued="179" />
  <object-monitors candidates="25" cleared="0"  />
</gc-op>
<gc-end id="346" type="scavenge" contextid="342" durationms="1.955" usertimems="11.366" systemtimems="0.240" stalltimems="4.652" timestamp="2026-09-06T07:09:14.064" activeThreads="10">
  <mem-info id="347" free="208357240" total="273940480" percent="76">
    <mem type="nursery" free="60963272" total="72613888" percent="83">
      <mem type="allocate" free="60963272" total="65339392" percent="93" />
      <mem type="survivor" free="0" total="7274496" percent="0" />
    </mem>
    <mem type="tenure" free="147393968" total="201326592" percent="73" macro-fragmented="67108864">
      <mem type="soa" free="137327024" total="191259648" percent="71" />
      <mem type="loa" free="10066944" total="10066944" percent="100" />
    </mem>
    <pending-finalizers system="0" default="0" reference="179" classloader="0" />
    <remembered-set count="2076" />
  </mem-info>
</gc-end>
<cycle-end id="348" type="scavenge" contextid="342" timestamp="2026-09-06T07:09:14.064" />
<allocation-satisfied id="349" threadId="00000000006F8700" bytesRequested="4104" />
<af-end id="350" timestamp="2026-09-06T07:09:14.064" threadId="00000000006F91C0" success="true" from="nursery"/>
<exclusive-end id="351" timestamp="2026-09-06T07:09:14.064" durationms="2.970" />

<exclusive-start id="352" timestamp="2026-09-06T07:09:14.128" intervalms="66.680">
  <response-info timems="0.292" idlems="0.131" threads="6" lastid="00000000016E0C00" lastname="Build operations Thread 8" />
</exclusive-start>
<af-start id="353" threadId="00000000014BC5C0" totalBytesRequested="2056" timestamp="2026-09-06T07:09:14.128" intervalms="66.758" type="nursery" />
<cycle-start id="354" type="scavenge" contextid="0" timestamp="2026-09-06T07:09:14.128" intervalms="66.779" />
<gc-start id="355" type="scavenge" contextid="354" timestamp="2026-09-06T07:09:14.129">
  <mem-info id="356" free="147393320" total="273940480" percent="53">
    <mem type="nursery" free="0" total="72613888" percent="0">
      <mem type="allocate" free="0" total="65339392" percent="0" />
      <mem type="survivor" free="0" total="7274496" percent="0" />
    </mem>
    <mem type="tenure" free="147393320" total="201326592" percent="73">
      <mem type="soa" free="137326376" total="191259648" percent="71" />
      <mem type="loa" free="10066944" total="10066944" percent="100" />
    </mem>
    <remembered-set count="2226" />
  </mem-info>
</gc-start>
<allocation-stats totalBytes="60857960" discardedBytes="105960" >
  <allocated-bytes non-tlh="1165176" tlh="59692784" />
  <largest-consumer threadName="Build operations Thread 4" threadId="0000000001605F00" bytes="15307080" />
</allocation-stats>
<gc-op id="357" type="scavenge" timems="1.577" contextid="354" timestamp="2026-09-06T07:09:14.131">
  <scavenger-info tenureage="14" tenuremask="4000" tiltratio="89" />
  <memory-copied type="nursery" objects="52098" bytes="2940320" bytesdiscarded="271944" />
  <finalization candidates="4" enqueued="4" />
  <ownableSynchronizers candidates="57" cleared="57" />
  <references type="weak" candidates="408" cleared="0" enqueued="0" />
  <references type="phantom" candidates="143" cleared="115" enqueued="115" />
  <object-monitors candidates="25" cleared="1"  />
</gc-op>
<gc-end id="358" type="scavenge" contextid="354" durationms="1.788" usertimems="7.513" systemtimems="1.510" stalltimems="6.729" timestamp="2026-09-06T07:09:14.131" activeThreads="10">
  <mem-info id="359" free="209519872" total="273940480" percent="76">
    <mem type="nursery" free="62126552" total="72613888" percent="85">
      <mem type="allocate" free="62126552" total="65339392" percent="95" />
      <mem type="survivor" free="0" total="7274496" percent="0" />
    </mem>
    <mem type="tenure" free="147393320" total="201326592" percent="73" macro-fragmented="100663296">
      <mem type="soa" free="137326376" total="191259648" percent="71" />
      <mem type="loa" free="10066944" total="10066944" percent="100" />
    </mem>
    <pending-finalizers system="4" default="0" reference="115" classloader="0" />
    <remembered-set count="2121" />
  </mem-info>
</gc-end>
<cycle-end id="360" type="scavenge" contextid="354" timestamp="2026-09-06T07:09:14.131" />
<allocation-satisfied id="361" threadId="00000000014BBB00" bytesRequested="2056" />
<af-end id="362" timestamp="2026-09-06T07:09:14.131" threadId="00000000014BC5C0" success="true" from="nursery"/>
<exclusive-end id="363" timestamp="2026-09-06T07:09:14.131" durationms="2.997" />

<exclusive-start id="364" timestamp="2026-09-06T07:09:14.207" intervalms="78.409">
  <response-info timems="0.067" idlems="0.045" threads="1" lastid="00000000016E4900" lastname="Build operations Thread 9" />
</exclusive-start>
<af-start id="365" threadId="00000000014BD2C0" totalBytesRequested="56" timestamp="2026-09-06T07:09:14.207" intervalms="78.387" type="nursery" />
<cycle-start id="366" type="scavenge" contextid="0" timestamp="2026-09-06T07:09:14.207" intervalms="78.406" />
<gc-start id="367" type="scavenge" contextid="366" timestamp="2026-09-06T07:09:14.207">
  <mem-info id="368" free="147392056" total="273940480" percent="53">
    <mem type="nursery" free="0" total="72613888" percent="0">
      <mem type="allocate" free="0" total="65339392" percent="0" />
      <mem type="survivor" free="0" total="7274496" percent="0" />
    </mem>
    <mem type="tenure" free="147392056" total="201326592" percent="73">
      <mem type="soa" free="137325112" total="191259648" percent="71" />
      <mem type="loa" free="10066944" total="10066944" percent="100" />
    </mem>
    <remembered-set count="2197" />
  </mem-info>
</gc-start>
<allocation-stats totalBytes="62088680" discardedBytes="39136" >
  <allocated-bytes non-tlh="776208" tlh="61312472" />
  <largest-consumer threadName="Daemon worker" threadId="0000000000581000" bytes="16608288" />
</allocation-stats>
<gc-op id="369" type="scavenge" timems="1.677" contextid="366" timestamp="2026-09-06T07:09:14.209">
  <scavenger-info tenureage="14" tenuremask="4000" tiltratio="89" />
  <memory-copied type="nursery" objects="69398" bytes="4257624" bytesdiscarded="179240" />
  <ownableSynchronizers candidates="26" cleared="26" />
  <references type="weak" candidates="424" cleared="0" enqueued="0" />
  <references type="phantom" candidates="96" cleared="62" enqueued="62" />
  <object-monitors candidates="24" cleared="0"  />
</gc-op>
<gc-end id="370" type="scavenge" contextid="366" durationms="2.127" usertimems="12.356" systemtimems="0.122" stalltimems="4.077" timestamp="2026-09-06T07:09:14.210" activeThreads="9">
  <mem-info id="371" free="208293960" total="273940480" percent="76">
    <mem type="nursery" free="60901904" total="72613888" percent="83">
      <mem type="allocate" free="60901904" total="65339392" percent="93" />
      <mem type="survivor" free="0" total="7274496" percent="0" />
    </mem>
    <mem type="tenure" free="147392056" total="201326592" percent="73" macro-fragmented="134217728">
      <mem type="soa" free="137325112" total="191259648" percent="71" />
      <mem type="loa" free="10066944" total="10066944" percent="100" />
    </mem>
    <pending-finalizers system="0" default="0" reference="62" classloader="0" />
    <remembered-set count="2129" />
  </mem-info>
</gc-end>
<cycle-end id="372" type="scavenge" contextid="366" timestamp="2026-09-06T07:09:14.210" />
<allocation-satisfied id="373" threadId="00000000014BC800" bytesRequested="56" />
<af-end id="374" timestamp="2026-09-06T07:09:14.210" threadId="00000000014BD2C0" success="true" from="nursery"/>
<exclusive-end id="375" timestamp="2026-09-06T07:09:14.210" durationms="3.271" />

<exclusive-start id="376" timestamp="2026-09-06T07:09:14.275" intervalms="68.409">
  <response-info timems="0.560" idlems="0.242" threads="5" lastid="0000000001605F00" lastname="Build operations Thread 4" />
</exclusive-start>
<af-start id="377" threadId="00000000014BB9C0" totalBytesRequested="48" timestamp="2026-09-06T07:09:14.275" intervalms="68.369" type="nursery" />
<cycle-start id="378" type="scavenge" contextid="0" timestamp="2026-09-06T07:09:14.275" intervalms="68.344" />
<gc-start id="379" type="scavenge" contextid="378" timestamp="2026-09-06T07:09:14.276">
  <mem-info id="380" free="147391712" total="273940480" percent="53">
    <mem type="nursery" free="0" total="72613888" percent="0">
      <mem type="allocate" free="0" total="65339392" percent="0" />
      <mem type="survivor" free="0" total="7274496" percent="0" />
    </mem>
    <mem type="tenure" free="147391712" total="201326592" percent="73">
      <mem type="soa" free="137324768" total="191259648" percent="71" />
      <mem type="loa" free="10066944" total="10066944" percent="100" />
    </mem>
    <remembered-set count="2375" />
  </mem-info>
</gc-start>
<allocation-stats totalBytes="60856480" discardedBytes="45768" >
  <allocated-bytes non-tlh="304200" tlh="60552280" />
  <largest-consumer threadName="Daemon worker" threadId="0000000000581000" bytes="16745056" />
</allocation-stats>
<gc-op id="381" type="scavenge" timems="1.659" contextid="378" timestamp="2026-09-06T07:09:14.277">
  <scavenger-info tenureage="5" tenuremask="4060" tiltratio="89" />
  <memory-copied type="nursery" objects="44812" bytes="2577224" bytesdiscarded="234416" />
  <memory-copied type="tenure" objects="23032" bytes="1327016" bytesdiscarded="200" />
  <ownableSynchronizers candidates="70" cleared="66" />
  <references type="weak" candidates="388" cleared="0" enqueued="0" />
  <references type="phantom" candidates="153" cleared="131" enqueued="131" />
  <object-monitors candidates="24" cleared="0"  />
</gc-op>
<gc-end id="382" type="scavenge" contextid="378" durationms="2.273" usertimems="11.410" systemtimems="0.240" stalltimems="3.366" timestamp="2026-09-06T07:09:14.278" activeThreads="9">
  <mem-info id="383" free="208942312" total="273940480" percent="76">
    <mem type="nursery" free="62527352" total="72613888" percent="86">
      <mem type="allocate" free="62527352" total="65339392" percent="95" />
      <mem type="survivor" free="0" total="7274496" percent="0" />
    </mem>
    <mem type="tenure" free="146414960" total="201326592" percent="72" macro-fragmented="134217728">
      <mem type="soa" free="136348016" total="191259648" percent="71" />
      <mem type="loa" free="10066944" total="10066944" percent="100" />
    </mem>
    <pending-finalizers system="0" default="0" reference="131" classloader="0" />
    <remembered-set count="2679" />
  </mem-info>
</gc-end>
<cycle-end id="384" type="scavenge" contextid="378" timestamp="2026-09-06T07:09:14.278" />
<allocation-satisfied id="385" threadId="00000000014BAF00" bytesRequested="48" />
<af-end id="386" timestamp="2026-09-06T07:09:14.278" threadId="00000000014BB9C0" success="true" from="nursery"/>
<exclusive-end id="387" timestamp="2026-09-06T07:09:14.278" durationms="3.157" />

<exclusive-start id="388" timestamp="2026-09-06T07:09:14.325" intervalms="50.183">
  <response-info timems="0.094" idlems="0.035" threads="2" lastid="00000000016A7B00" lastname="Build operations Thread 6" />
</exclusive-start>
<af-start id="389" threadId="00000000016E16C0" totalBytesRequested="56" timestamp="2026-09-06T07:09:14.325" intervalms="50.184" type="nursery" />
<cycle-start id="390" type="scavenge" contextid="0" timestamp="2026-09-06T07:09:14.325" intervalms="50.189" />
<gc-start id="391" type="scavenge" contextid="390" timestamp="2026-09-06T07:09:14.326">
  <mem-info id="392" free="146414912" total="273940480" percent="53">
    <mem type="nursery" free="0" total="72613888" percent="0">
      <mem type="allocate" free="0" total="65339392" percent="0" />
      <mem type="survivor" free="0" total="7274496" percent="0" />
    </mem>
    <mem type="tenure" free="146414912" total="201326592" percent="72">
      <mem type="soa" free="136347968" total="191259648" percent="71" />
      <mem type="loa" free="10066944" total="10066944" percent="100" />
    </mem>
    <remembered-set count="2884" />
  </mem-info>
</gc-start>
<allocation-stats totalBytes="62445360" discardedBytes="82040" >
  <allocated-bytes non-tlh="201184" tlh="62244176" />
  <largest-consumer threadName="Daemon worker" threadId="0000000000581000" bytes="18674376" />
</allocation-stats>
<gc-op id="393" type="scavenge" timems="1.445" contextid="390" timestamp="2026-09-06T07:09:14.327">
  <scavenger-info tenureage="5" tenuremask="4020" tiltratio="89" />
  <memory-copied type="nursery" objects="39617" bytes="2134704" bytesdiscarded="381552" />
  <memory-copied type="tenure" objects="5660" bytes="226216" bytesdiscarded="736" />
  <ownableSynchronizers candidates="70" cleared="69" />
  <references type="weak" candidates="421" cleared="0" enqueued="0" />
  <references type="phantom" candidates="169" cleared="150" enqueued="150" />
  <object-monitors candidates="24" cleared="0"  />
</gc-op>
<gc-end id="394" type="scavenge" contextid="390" durationms="1.678" usertimems="9.194" systemtimems="0.000" stalltimems="4.984" timestamp="2026-09-06T07:09:14.327" activeThreads="10">
  <mem-info id="395" free="208646176" total="273940480" percent="76">
    <mem type="nursery" free="62822624" total="72613888" percent="86">
      <mem type="allocate" free="62822624" total="65339392" percent="96" />
      <mem type="survivor" free="0" total="7274496" percent="0" />
    </mem>
    <mem type="tenure" free="145823552" total="201326592" percent="72" macro-fragmented="100663296">
      <mem type="soa" free="135756608" total="191259648" percent="70" />
      <mem type="loa" free="10066944" total="10066944" percent="100" />
    </mem>
    <pending-finalizers system="0" default="0" reference="150" classloader="0" />
    <remembered-set count="2587" />
  </mem-info>
</gc-end>
<cycle-end id="396" type="scavenge" contextid="390" timestamp="2026-09-06T07:09:14.327" />
<allocation-satisfied id="397" threadId="00000000016E0C00" bytesRequested="56" />
<af-end id="398" timestamp="2026-09-06T07:09:14.328" threadId="00000000016E16C0" success="true" from="nursery"/>
<exclusive-end id="399" timestamp="2026-09-06T07:09:14.328" durationms="2.480" />

<exclusive-start id="400" timestamp="2026-09-06T07:09:14.353" intervalms="27.480">
  <response-info timems="0.293" idlems="0.106" threads="3" lastid="00000000016A7B00" lastname="Build operations Thread 6" />
</exclusive-start>
<af-start id="401" threadId="0000000000581AC0" totalBytesRequested="8200" timestamp="2026-09-06T07:09:14.353" intervalms="27.452" type="nursery" />
<cycle-start id="402" type="scavenge" contextid="0" timestamp="2026-09-06T07:09:14.353" intervalms="27.428" />
<gc-start id="403" type="scavenge" contextid="402" timestamp="2026-09-06T07:09:14.353">
  <mem-info id="404" free="145823256" total="273940480" percent="53">
    <mem type="nursery" free="0" total="72613888" percent="0">
      <mem type="allocate" free="0" total="65339392" percent="0" />
      <mem type="survivor" free="0" total="7274496" percent="0" />
    </mem>
    <mem type="tenure" free="145823256" total="201326592" percent="72">
      <mem type="soa" free="135756312" total="191259648" percent="70" />
      <mem type="loa" free="10066944" total="10066944" percent="100" />
    </mem>
    <remembered-set count="2739" />
  </mem-info>
</gc-start>
<allocation-stats totalBytes="62695480" discardedBytes="127440" >
  <allocated-bytes non-tlh="240952" tlh="62454528" />
  <largest-consumer threadName="Build operations Thread 3" threadId="00000000014BC800" bytes="14040064" />
</allocation-stats>
<gc-op id="405" type="scavenge" timems="1.459" contextid="402" timestamp="2026-09-06T07:09:14.355">
  <scavenger-info tenureage="14" tenuremask="4000" tiltratio="89" />
  <memory-copied type="nursery" objects="57921" bytes="3417920" bytesdiscarded="465200" />
  <ownableSynchronizers candidates="68" cleared="62" />
  <references type="weak" candidates="477" cleared="0" enqueued="0" />
  <references type="phantom" candidates="162" cleared="139" enqueued="139" />
  <object-monitors candidates="24" cleared="0"  />
</gc-op>
<heap-resize id="406" type="expand" space="nursery" amount="3014656" count="1" timems="0.021" reason="excessive time being spent scavenging" timestamp="2026-09-06T07:09:14.355" />
<gc-end id="407" type="scavenge" contextid="402" durationms="1.693" usertimems="7.768" systemtimems="1.637" stalltimems="4.329" timestamp="2026-09-06T07:09:14.355" activeThreads="10">
  <mem-info id="408" free="209965992" total="276955136" percent="75">
    <mem type="nursery" free="64142736" total="75628544" percent="84">
      <mem type="allocate" free="64142736" total="68026368" percent="94" />
      <mem type="survivor" free="0" total="7602176" percent="0" />
    </mem>
    <mem type="tenure" free="145823256" total="201326592" percent="72" macro-fragmented="83886080">
      <mem type="soa" free="135756312" total="191259648" percent="70" />
      <mem type="loa" free="10066944" total="10066944" percent="100" />
    </mem>
    <pending-finalizers system="0" default="0" reference="139" classloader="0" />
    <remembered-set count="2609" />
  </mem-info>
</gc-end>
<cycle-end id="409" type="scavenge" contextid="402" timestamp="2026-09-06T07:09:14.355" />
<allocation-satisfied id="410" threadId="0000000000581000" bytesRequested="8200" />
<af-end id="411" timestamp="2026-09-06T07:09:14.355" threadId="0000000000581AC0" success="true" from="nursery"/>
<exclusive-end id="412" timestamp="2026-09-06T07:09:14.355" durationms="2.440" />

<exclusive-start id="413" timestamp="2026-09-06T07:09:14.384" intervalms="31.721">
  <response-info timems="0.156" idlems="0.095" threads="6" lastid="0000000001658500" lastname="Build operations Thread 5" />
</exclusive-start>
<af-start id="414" threadId="00000000016E16C0" totalBytesRequested="88" timestamp="2026-09-06T07:09:14.384" intervalms="31.747" type="nursery" />
<cycle-start id="415" type="scavenge" contextid="0" timestamp="2026-09-06T07:09:14.385" intervalms="31.772" />
<gc-start id="416" type="scavenge" contextid="415" timestamp="2026-09-06T07:09:14.385">
  <mem-info id="417" free="145823120" total="276955136" percent="52">
    <mem type="nursery" free="0" total="75628544" percent="0">
      <mem type="allocate" free="0" total="68026368" percent="0" />
      <mem type="survivor" free="0" total="7602176" percent="0" />
    </mem>
    <mem type="tenure" free="145823120" total="201326592" percent="72">
      <mem type="soa" free="135756176" total="191259648" percent="70" />
      <mem type="loa" free="10066944" total="10066944" percent="100" />
    </mem>
    <remembered-set count="2876" />
  </mem-info>
</gc-start>
<allocation-stats totalBytes="64037600" discardedBytes="105272" >
  <allocated-bytes non-tlh="218360" tlh="63819240" />
  <largest-consumer threadName="Build operations Thread 3" threadId="00000000014BC800" bytes="14957912" />
</allocation-stats>
<gc-op id="418" type="scavenge" timems="1.334" contextid="415" timestamp="2026-09-06T07:09:14.386">
  <scavenger-info tenureage="14" tenuremask="4000" tiltratio="89" />
  <memory-copied type="nursery" objects="47372" bytes="2430032" bytesdiscarded="572464" />
  <ownableSynchronizers candidates="83" cleared="78" />
  <references type="weak" candidates="551" cleared="0" enqueued="0" />
  <references type="phantom" candidates="192" cleared="166" enqueued="166" />
  <object-monitors candidates="26" cleared="1"  />
</gc-op>
<gc-end id="419" type="scavenge" contextid="415" durationms="1.539" usertimems="6.950" systemtimems="1.252" stalltimems="3.051" timestamp="2026-09-06T07:09:14.386" activeThreads="9">
  <mem-info id="420" free="210846440" total="276955136" percent="76">
    <mem type="nursery" free="65023320" total="75628544" percent="85">
      <mem type="allocate" free="65023320" total="68026368" percent="95" />
      <mem type="survivor" free="0" total="7602176" percent="0" />
    </mem>
    <mem type="tenure" free="145823120" total="201326592" percent="72" macro-fragmented="67108864">
      <mem type="soa" free="135756176" total="191259648" percent="70" />
      <mem type="loa" free="10066944" total="10066944" percent="100" />
    </mem>
    <pending-finalizers system="0" default="0" reference="166" classloader="0" />
    <remembered-set count="2809" />
  </mem-info>
</gc-end>
<cycle-end id="421" type="scavenge" contextid="415" timestamp="2026-09-06T07:09:14.387" />
<allocation-satisfied id="422" threadId="00000000016E0C00" bytesRequested="88" />
<af-end id="423" timestamp="2026-09-06T07:09:14.387" threadId="00000000016E16C0" success="true" from="nursery"/>
<exclusive-end id="424" timestamp="2026-09-06T07:09:14.387" durationms="2.381" />

<exclusive-start id="425" timestamp="2026-09-06T07:09:14.416" intervalms="32.089">
  <response-info timems="0.031" idlems="0.031" threads="0" lastid="0000000001658500" lastname="Build operations Thread 5" />
</exclusive-start>
<af-start id="426" threadId="0000000001658FC0" totalBytesRequested="16" timestamp="2026-09-06T07:09:14.417" intervalms="32.117" type="nursery" />
<cycle-start id="427" type="scavenge" contextid="0" timestamp="2026-09-06T07:09:14.417" intervalms="32.106" />
<gc-start id="428" type="scavenge" contextid="427" timestamp="2026-09-06T07:09:14.417">
  <mem-info id="429" free="145822336" total="276955136" percent="52">
    <mem type="nursery" free="0" total="75628544" percent="0">
      <mem type="allocate" free="0" total="68026368" percent="0" />
      <mem type="survivor" free="0" total="7602176" percent="0" />
    </mem>
    <mem type="tenure" free="145822336" total="201326592" percent="72">
      <mem type="soa" free="135755392" total="191259648" percent="70" />
      <mem type="loa" free="10066944" total="10066944" percent="100" />
    </mem>
    <remembered-set count="3147" />
  </mem-info>
</gc-start>
<allocation-stats totalBytes="64919984" discardedBytes="104120" >
  <allocated-bytes non-tlh="287368" tlh="64632616" />
  <largest-consumer threadName="Build operations Thread 8" threadId="00000000016E0C00" bytes="14522448" />
</allocation-stats>
<gc-op id="430" type="scavenge" timems="1.461" contextid="427" timestamp="2026-09-06T07:09:14.419">
  <scavenger-info tenureage="14" tenuremask="4000" tiltratio="89" />
  <memory-copied type="nursery" objects="53566" bytes="2739832" bytesdiscarded="458424" />
  <ownableSynchronizers candidates="76" cleared="70" />
  <references type="weak" candidates="603" cleared="0" enqueued="0" />
  <references type="phantom" candidates="169" cleared="135" enqueued="135" />
  <object-monitors candidates="25" cleared="0"  />
</gc-op>
<gc-end id="431" type="scavenge" contextid="427" durationms="1.670" usertimems="10.965" systemtimems="0.993" stalltimems="3.729" timestamp="2026-09-06T07:09:14.419" activeThreads="9">
  <mem-info id="432" free="210649752" total="276955136" percent="76">
    <mem type="nursery" free="64827416" total="75628544" percent="85">
      <mem type="allocate" free="64827416" total="68026368" percent="95" />
      <mem type="survivor" free="0" total="7602176" percent="0" />
    </mem>
    <mem type="tenure" free="145822336" total="201326592" percent="72" macro-fragmented="134217728">
      <mem type="soa" free="135755392" total="191259648" percent="70" />
      <mem type="loa" free="10066944" total="10066944" percent="100" />
    </mem>
    <pending-finalizers system="0" default="0" reference="135" classloader="0" />
    <remembered-set count="2997" />
  </mem-info>
</gc-end>
<cycle-end id="433" type="scavenge" contextid="427" timestamp="2026-09-06T07:09:14.419" />
<allocation-satisfied id="434" threadId="0000000001658500" bytesRequested="16" />
<af-end id="435" timestamp="2026-09-06T07:09:14.419" threadId="0000000001658FC0" success="true" from="nursery"/>
<exclusive-end id="436" timestamp="2026-09-06T07:09:14.419" durationms="2.603" />

<exclusive-start id="437" timestamp="2026-09-06T07:09:14.457" intervalms="40.485">
  <response-info timems="0.452" idlems="0.144" threads="5" lastid="0000000000581000" lastname="Daemon worker" />
</exclusive-start>
<af-start id="438" threadId="00000000014BD2C0" totalBytesRequested="3376" timestamp="2026-09-06T07:09:14.457" intervalms="40.439" type="nursery" />
<cycle-start id="439" type="scavenge" contextid="0" timestamp="2026-09-06T07:09:14.457" intervalms="40.433" />
<gc-start id="440" type="scavenge" contextid="439" timestamp="2026-09-06T07:09:14.457">
  <mem-info id="441" free="145822224" total="276955136" percent="52">
    <mem type="nursery" free="0" total="75628544" percent="0">
      <mem type="allocate" free="0" total="68026368" percent="0" />
      <mem type="survivor" free="0" total="7602176" percent="0" />
    </mem>
    <mem type="tenure" free="145822224" total="201326592" percent="72">
      <mem type="soa" free="135755280" total="191259648" percent="70" />
      <mem type="loa" free="10066944" total="10066944" percent="100" />
    </mem>
    <remembered-set count="3067" />
  </mem-info>
</gc-start>
<allocation-stats totalBytes="64719864" discardedBytes="107664" >
  <allocated-bytes non-tlh="175808" tlh="64544056" />
  <largest-consumer threadName="Build operations Thread 5" threadId="0000000001658500" bytes="13670424" />
</allocation-stats>
<gc-op id="442" type="scavenge" timems="1.517" contextid="439" timestamp="2026-09-06T07:09:14.459">
  <scavenger-info tenureage="14" tenuremask="4000" tiltratio="89" />
  <memory-copied type="nursery" objects="59607" bytes="3142808" bytesdiscarded="327952" />
  <ownableSynchronizers candidates="41" cleared="41" />
  <references type="weak" candidates="637" cleared="0" enqueued="0" />
  <references type="phantom" candidates="104" cleared="79" enqueued="79" />
  <object-monitors candidates="29" cleared="1"  />
</gc-op>
<gc-end id="443" type="scavenge" contextid="439" durationms="1.772" usertimems="8.793" systemtimems="0.176" stalltimems="3.793" timestamp="2026-09-06T07:09:14.459" activeThreads="9">
  <mem-info id="444" free="210377248" total="276955136" percent="75">
    <mem type="nursery" free="64555024" total="75628544" percent="85">
      <mem type="allocate" free="64555024" total="68026368" percent="94" />
      <mem type="survivor" free="0" total="7602176" percent="0" />
    </mem>
    <mem type="tenure" free="145822224" total="201326592" percent="72" macro-fragmented="100663296">
      <mem type="soa" free="135755280" total="191259648" percent="70" />
      <mem type="loa" free="10066944" total="10066944" percent="100" />
    </mem>
    <pending-finalizers system="0" default="0" reference="79" classloader="0" />
    <remembered-set count="2987" />
  </mem-info>
</gc-end>
<cycle-end id="445" type="scavenge" contextid="439" timestamp="2026-09-06T07:09:14.459" />
<allocation-satisfied id="446" threadId="00000000014BC800" bytesRequested="3376" />
<af-end id="447" timestamp="2026-09-06T07:09:14.459" threadId="00000000014BD2C0" success="true" from="nursery"/>
<exclusive-end id="448" timestamp="2026-09-06T07:09:14.459" durationms="2.570" />

<exclusive-start id="449" timestamp="2026-09-06T07:09:14.493" intervalms="36.543">
  <response-info timems="0.044" idlems="0.026" threads="2" lastid="00000000014BC800" lastname="Build operations Thread 3" />
</exclusive-start>
<af-start id="450" threadId="00000000016A85C0" totalBytesRequested="48" timestamp="2026-09-06T07:09:14.494" intervalms="36.549" type="nursery" />
<cycle-start id="451" type="scavenge" contextid="0" timestamp="2026-09-06T07:09:14.494" intervalms="36.550" />
<gc-start id="452" type="scavenge" contextid="451" timestamp="2026-09-06T07:09:14.494">
  <mem-info id="453" free="145821808" total="276955136" percent="52">
    <mem type="nursery" free="0" total="75628544" percent="0">
      <mem type="allocate" free="0" total="68026368" percent="0" />
      <mem type="survivor" free="0" total="7602176" percent="0" />
    </mem>
    <mem type="tenure" free="145821808" total="201326592" percent="72">
      <mem type="soa" free="135754864" total="191259648" percent="70" />
      <mem type="loa" free="10066944" total="10066944" percent="100" />
    </mem>
    <remembered-set count="3267" />
  </mem-info>
</gc-start>
<allocation-stats totalBytes="64494608" discardedBytes="60832" >
  <allocated-bytes non-tlh="3792" tlh="64490816" />
  <largest-consumer threadName="Daemon worker" threadId="0000000000581000" bytes="18984136" />
</allocation-stats>
<gc-op id="454" type="scavenge" timems="1.580" contextid="451" timestamp="2026-09-06T07:09:14.496">
  <scavenger-info tenureage="14" tenuremask="4000" tiltratio="89" />
  <memory-copied type="nursery" objects="59513" bytes="3101256" bytesdiscarded="113680" />
  <finalization candidates="3" enqueued="3" />
  <ownableSynchronizers candidates="88" cleared="86" />
  <references type="weak" candidates="712" cleared="0" enqueued="0" />
  <references type="phantom" candidates="208" cleared="174" enqueued="174" />
  <object-monitors candidates="32" cleared="3"  />
</gc-op>
<heap-resize id="455" type="expand" space="nursery" amount="3145728" count="1" timems="0.021" reason="excessive time being spent scavenging" timestamp="2026-09-06T07:09:14.496" />
<gc-end id="456" type="scavenge" contextid="451" durationms="1.821" usertimems="8.743" systemtimems="0.062" stalltimems="3.728" timestamp="2026-09-06T07:09:14.496" activeThreads="8">
  <mem-info id="457" free="213450672" total="280100864" percent="76">
    <mem type="nursery" free="67628864" total="78774272" percent="85">
      <mem type="allocate" free="67628864" total="70844416" percent="95" />
      <mem type="survivor" free="0" total="7929856" percent="0" />
    </mem>
    <mem type="tenure" free="145821808" total="201326592" percent="72" macro-fragmented="100663296">
      <mem type="soa" free="135754864" total="191259648" percent="70" />
      <mem type="loa" free="10066944" total="10066944" percent="100" />
    </mem>
    <pending-finalizers system="3" default="0" reference="174" classloader="0" />
    <remembered-set count="3194" />
  </mem-info>
</gc-end>
<cycle-end id="458" type="scavenge" contextid="451" timestamp="2026-09-06T07:09:14.496" />
<allocation-satisfied id="459" threadId="00000000016A7B00" bytesRequested="48" />
<af-end id="460" timestamp="2026-09-06T07:09:14.496" threadId="00000000016A85C0" success="true" from="nursery"/>
<exclusive-end id="461" timestamp="2026-09-06T07:09:14.496" durationms="2.798" />

<exclusive-start id="462" timestamp="2026-09-06T07:09:14.537" intervalms="43.124">
  <response-info timems="0.140" idlems="0.069" threads="3" lastid="00000000014BAF00" lastname="Build operations" />
</exclusive-start>
<af-start id="463" threadId="0000000001658FC0" totalBytesRequested="272" timestamp="2026-09-06T07:09:14.537" intervalms="43.755" type="nursery" />
<cycle-start id="464" type="scavenge" contextid="0" timestamp="2026-09-06T07:09:14.537" intervalms="43.793" />
<gc-start id="465" type="scavenge" contextid="464" timestamp="2026-09-06T07:09:14.538">
  <mem-info id="466" free="145818048" total="280100864" percent="52">
    <mem type="nursery" free="0" total="78774272" percent="0">
      <mem type="allocate" free="0" total="70844416" percent="0" />
      <mem type="survivor" free="0" total="7929856" percent="0" />
    </mem>
    <mem type="tenure" free="145818048" total="201326592" percent="72">
      <mem type="soa" free="135751104" total="191259648" percent="70" />
      <mem type="loa" free="10066944" total="10066944" percent="100" />
    </mem>
    <remembered-set count="3461" />
  </mem-info>
</gc-start>
<allocation-stats totalBytes="67504640" discardedBytes="127984" >
  <allocated-bytes non-tlh="143816" tlh="67360824" />
  <largest-consumer threadName="Daemon worker" threadId="0000000000581000" bytes="18521064" />
</allocation-stats>
<gc-op id="467" type="scavenge" timems="1.502" contextid="464" timestamp="2026-09-06T07:09:14.539">
  <scavenger-info tenureage="14" tenuremask="4000" tiltratio="89" />
  <memory-copied type="nursery" objects="50056" bytes="2225488" bytesdiscarded="388008" />
  <memory-copied type="tenure" objects="1298" bytes="49616" bytesdiscarded="16" />
  <finalization candidates="1" enqueued="1" />
  <ownableSynchronizers candidates="118" cleared="117" />
  <references type="weak" candidates="696" cleared="12" enqueued="12" />
  <references type="phantom" candidates="257" cleared="230" enqueued="230" />
  <object-monitors candidates="30" cleared="2"  />
</gc-op>
<gc-end id="468" type="scavenge" contextid="464" durationms="1.703" usertimems="6.069" systemtimems="2.506" stalltimems="3.312" timestamp="2026-09-06T07:09:14.539" activeThreads="8">
  <mem-info id="469" free="213917088" total="280100864" percent="76">
    <mem type="nursery" free="68230368" total="78774272" percent="86">
      <mem type="allocate" free="68230368" total="70844416" percent="96" />
      <mem type="survivor" free="0" total="7929856" percent="0" />
    </mem>
    <mem type="tenure" free="145686720" total="201326592" percent="72" macro-fragmented="134217728">
      <mem type="soa" free="135619776" total="191259648" percent="70" />
      <mem type="loa" free="10066944" total="10066944" percent="100" />
    </mem>
    <pending-finalizers system="1" default="0" reference="242" classloader="0" />
    <remembered-set count="3296" />
  </mem-info>
</gc-end>
<cycle-end id="470" type="scavenge" contextid="464" timestamp="2026-09-06T07:09:14.540" />
<allocation-satisfied id="471" threadId="0000000001658500" bytesRequested="272" />
<af-end id="472" timestamp="2026-09-06T07:09:14.540" threadId="0000000001658FC0" success="true" from="nursery"/>
<exclusive-end id="473" timestamp="2026-09-06T07:09:14.540" durationms="3.135" />

<exclusive-start id="474" timestamp="2026-09-06T07:09:14.579" intervalms="42.149">
  <response-info timems="0.189" idlems="0.103" threads="2" lastid="0000000001605F00" lastname="Build operations Thread 4" />
</exclusive-start>
<af-start id="475" threadId="00000000014BC5C0" totalBytesRequested="15392" timestamp="2026-09-06T07:09:14.579" intervalms="41.507" type="nursery" />
<cycle-start id="476" type="scavenge" contextid="0" timestamp="2026-09-06T07:09:14.579" intervalms="41.464" />
<gc-start id="477" type="scavenge" contextid="476" timestamp="2026-09-06T07:09:14.579">
  <mem-info id="478" free="145686720" total="280100864" percent="52">
    <mem type="nursery" free="0" total="78774272" percent="0">
      <mem type="allocate" free="0" total="70844416" percent="0" />
      <mem type="survivor" free="0" total="7929856" percent="0" />
    </mem>
    <mem type="tenure" free="145686720" total="201326592" percent="72">
      <mem type="soa" free="135619776" total="191259648" percent="70" />
      <mem type="loa" free="10066944" total="10066944" percent="100" />
    </mem>
    <remembered-set count="3592" />
  </mem-info>
</gc-start>
<allocation-stats totalBytes="68155416" discardedBytes="74952" >
  <allocated-bytes non-tlh="33048" tlh="68122368" />
  <largest-consumer threadName="Build operations Thread 6" threadId="00000000016A7B00" bytes="13217048" />
</allocation-stats>
<gc-op id="479" type="scavenge" timems="1.499" contextid="476" timestamp="2026-09-06T07:09:14.581">
  <scavenger-info tenureage="14" tenuremask="4000" tiltratio="89" />
  <memory-copied type="nursery" objects="51403" bytes="1950896" bytesdiscarded="156568" />
  <ownableSynchronizers candidates="158" cleared="158" />
  <references type="weak" candidates="822" cleared="0" enqueued="0" />
  <references type="phantom" candidates="350" cleared="331" enqueued="331" />
  <object-monitors candidates="28" cleared="1"  />
</gc-op>
<gc-end id="480" type="scavenge" contextid="476" durationms="1.723" usertimems="8.892" systemtimems="0.079" stalltimems="2.805" timestamp="2026-09-06T07:09:14.581" activeThreads="8">
  <mem-info id="481" free="214423224" total="280100864" percent="76">
    <mem type="nursery" free="68736504" total="78774272" percent="87">
      <mem type="allocate" free="68736504" total="70844416" percent="97" />
      <mem type="survivor" free="0" total="7929856" percent="0" />
    </mem>
    <mem type="tenure" free="145686720" total="201326592" percent="72" macro-fragmented="134217728">
      <mem type="soa" free="135619776" total="191259648" percent="70" />
      <mem type="loa" free="10066944" total="10066944" percent="100" />
    </mem>
    <pending-finalizers system="0" default="0" reference="331" classloader="0" />
    <remembered-set count="3496" />
  </mem-info>
</gc-end>
<cycle-end id="482" type="scavenge" contextid="476" timestamp="2026-09-06T07:09:14.581" />
<allocation-satisfied id="483" threadId="00000000014BBB00" bytesRequested="15392" />
<af-end id="484" timestamp="2026-09-06T07:09:14.581" threadId="00000000014BC5C0" success="true" from="nursery"/>
<exclusive-end id="485" timestamp="2026-09-06T07:09:14.581" durationms="2.453" />

<exclusive-start id="486" timestamp="2026-09-06T07:09:14.710" intervalms="130.874">
  <response-info timems="0.255" idlems="0.136" threads="1" lastid="00000000014BAF00" lastname="Build operations" />
</exclusive-start>
<af-start id="487" threadId="00000000016E16C0" totalBytesRequested="200" timestamp="2026-09-06T07:09:14.710" intervalms="130.893" type="nursery" />
<cycle-start id="488" type="scavenge" contextid="0" timestamp="2026-09-06T07:09:14.710" intervalms="130.912" />
<gc-start id="489" type="scavenge" contextid="488" timestamp="2026-09-06T07:09:14.710">
  <mem-info id="490" free="145686632" total="280100864" percent="52">
    <mem type="nursery" free="0" total="78774272" percent="0">
      <mem type="allocate" free="0" total="70844416" percent="0" />
      <mem type="survivor" free="0" total="7929856" percent="0" />
    </mem>
    <mem type="tenure" free="145686632" total="201326592" percent="72">
      <mem type="soa" free="135619688" total="191259648" percent="70" />
      <mem type="loa" free="10066944" total="10066944" percent="100" />
    </mem>
    <remembered-set count="3827" />
  </mem-info>
</gc-start>
<allocation-stats totalBytes="68598000" discardedBytes="138592" >
  <allocated-bytes non-tlh="85488" tlh="68512512" />
  <largest-consumer threadName="Build operations Thread 5" threadId="0000000001658500" bytes="17093152" />
</allocation-stats>
<gc-op id="491" type="scavenge" timems="3.223" contextid="488" timestamp="2026-09-06T07:09:14.713">
  <scavenger-info tenureage="14" tenuremask="4000" tiltratio="89" />
  <memory-copied type="nursery" objects="57964" bytes="2118024" bytesdiscarded="103888" />
  <ownableSynchronizers candidates="251" cleared="250" />
  <references type="weak" candidates="1037" cleared="0" enqueued="0" />
  <references type="phantom" candidates="514" cleared="497" enqueued="497" />
  <object-monitors candidates="27" cleared="0"  />
</gc-op>
<gc-end id="492" type="scavenge" contextid="488" durationms="3.634" usertimems="6.887" systemtimems="0.305" stalltimems="14.303" timestamp="2026-09-06T07:09:14.714" activeThreads="8">
  <mem-info id="493" free="214308704" total="280100864" percent="76">
    <mem type="nursery" free="68622072" total="78774272" percent="87">
      <mem type="allocate" free="68622072" total="70844416" percent="96" />
      <mem type="survivor" free="0" total="7929856" percent="0" />
    </mem>
    <mem type="tenure" free="145686632" total="201326592" percent="72" macro-fragmented="83886080">
      <mem type="soa" free="135619688" total="191259648" percent="70" />
      <mem type="loa" free="10066944" total="10066944" percent="100" />
    </mem>
    <pending-finalizers system="0" default="0" reference="497" classloader="0" />
    <remembered-set count="3722" />
  </mem-info>
</gc-end>
<cycle-end id="494" type="scavenge" contextid="488" timestamp="2026-09-06T07:09:14.714" />
<allocation-satisfied id="495" threadId="00000000016E0C00" bytesRequested="200" />
<af-end id="496" timestamp="2026-09-06T07:09:14.714" threadId="00000000016E16C0" success="true" from="nursery"/>
<exclusive-end id="497" timestamp="2026-09-06T07:09:14.714" durationms="4.395" />

<exclusive-start id="498" timestamp="2026-09-06T07:09:14.752" intervalms="42.716">
  <response-info timems="0.061" idlems="0.032" threads="2" lastid="000000000003F900" lastname="IProfiler" />
</exclusive-start>
<af-start id="499" threadId="0000000000581AC0" totalBytesRequested="24" timestamp="2026-09-06T07:09:14.752" intervalms="42.700" type="nursery" />
<cycle-start id="500" type="scavenge" contextid="0" timestamp="2026-09-06T07:09:14.753" intervalms="42.686" />
<gc-start id="501" type="scavenge" contextid="500" timestamp="2026-09-06T07:09:14.753">
  <mem-info id="502" free="145686632" total="280100864" percent="52">
    <mem type="nursery" free="0" total="78774272" percent="0">
      <mem type="allocate" free="0" total="70844416" percent="0" />
      <mem type="survivor" free="0" total="7929856" percent="0" />
    </mem>
    <mem type="tenure" free="145686632" total="201326592" percent="72">
      <mem type="soa" free="135619688" total="191259648" percent="70" />
      <mem type="loa" free="10066944" total="10066944" percent="100" />
    </mem>
    <remembered-set count="3991" />
  </mem-info>
</gc-start>
<allocation-stats totalBytes="68551760" discardedBytes="70312" >
  <allocated-bytes non-tlh="2288" tlh="68549472" />
  <largest-consumer threadName="Build operations Thread 2" threadId="00000000014BBB00" bytes="16057504" />
</allocation-stats>
<gc-op id="503" type="scavenge" timems="1.341" contextid="500" timestamp="2026-09-06T07:09:14.754">
  <scavenger-info tenureage="14" tenuremask="4000" tiltratio="89" />
  <memory-copied type="nursery" objects="61117" bytes="2090208" bytesdiscarded="439232" />
  <ownableSynchronizers candidates="145" cleared="145" />
  <references type="weak" candidates="1300" cleared="0" enqueued="0" />
  <references type="phantom" candidates="287" cleared="280" enqueued="280" />
  <object-monitors candidates="28" cleared="0"  />
</gc-op>
<gc-end id="504" type="scavenge" contextid="500" durationms="1.549" usertimems="9.287" systemtimems="0.000" stalltimems="1.972" timestamp="2026-09-06T07:09:14.754" activeThreads="7">
  <mem-info id="505" free="214001456" total="280100864" percent="76">
    <mem type="nursery" free="68314824" total="78774272" percent="86">
      <mem type="allocate" free="68314824" total="70844416" percent="96" />
      <mem type="survivor" free="0" total="7929856" percent="0" />
    </mem>
    <mem type="tenure" free="145686632" total="201326592" percent="72" macro-fragmented="67108864">
      <mem type="soa" free="135619688" total="191259648" percent="70" />
      <mem type="loa" free="10066944" total="10066944" percent="100" />
    </mem>
    <pending-finalizers system="0" default="0" reference="280" classloader="0" />
    <remembered-set count="3883" />
  </mem-info>
</gc-end>
<cycle-end id="506" type="scavenge" contextid="500" timestamp="2026-09-06T07:09:14.755" />
<allocation-satisfied id="507" threadId="0000000000581000" bytesRequested="24" />
<af-end id="508" timestamp="2026-09-06T07:09:14.755" threadId="0000000000581AC0" success="true" from="nursery"/>
<exclusive-end id="509" timestamp="2026-09-06T07:09:14.755" durationms="2.401" />

<exclusive-start id="510" timestamp="2026-09-06T07:09:14.963" intervalms="210.735">
  <response-info timems="0.019" idlems="0.019" threads="0" lastid="0000000000581000" lastname="Daemon worker" />
</exclusive-start>
<af-start id="511" threadId="0000000000581AC0" totalBytesRequested="8200" timestamp="2026-09-06T07:09:14.963" intervalms="210.757" type="nursery" />
<cycle-start id="512" type="scavenge" contextid="0" timestamp="2026-09-06T07:09:14.963" intervalms="210.776" />
<gc-start id="513" type="scavenge" contextid="512" timestamp="2026-09-06T07:09:14.964">
  <mem-info id="514" free="145675648" total="280100864" percent="52">
    <mem type="nursery" free="0" total="78774272" percent="0">
      <mem type="allocate" free="0" total="70844416" percent="0" />
      <mem type="survivor" free="0" total="7929856" percent="0" />
    </mem>
    <mem type="tenure" free="145675648" total="201326592" percent="72">
      <mem type="soa" free="135608704" total="191259648" percent="70" />
      <mem type="loa" free="10066944" total="10066944" percent="100" />
    </mem>
    <remembered-set count="4180" />
  </mem-info>
</gc-start>
<allocation-stats totalBytes="67857184" discardedBytes="468624" >
  <allocated-bytes non-tlh="441928" tlh="67415256" />
  <largest-consumer threadName="Daemon worker" threadId="0000000000581000" bytes="67339856" />
</allocation-stats>
<gc-op id="515" type="scavenge" timems="1.780" contextid="512" timestamp="2026-09-06T07:09:14.965">
  <scavenger-info tenureage="7" tenuremask="4c80" tiltratio="89" />
  <memory-copied type="nursery" objects="54005" bytes="1658984" bytesdiscarded="450360" />
  <memory-copied type="tenure" objects="21544" bytes="761728" bytesdiscarded="608" />
  <finalization candidates="51" enqueued="51" />
  <ownableSynchronizers candidates="11" cleared="9" />
  <references type="weak" candidates="1168" cleared="64" enqueued="64" />
  <references type="phantom" candidates="5847" cleared="5840" enqueued="5840" />
  <object-monitors candidates="28" cleared="0"  />
</gc-op>
<gc-end id="516" type="scavenge" contextid="512" durationms="2.264" usertimems="9.951" systemtimems="0.195" stalltimems="2.677" timestamp="2026-09-06T07:09:14.966" activeThreads="7">
  <mem-info id="517" free="213619808" total="280100864" percent="76">
    <mem type="nursery" free="68731880" total="78774272" percent="87">
      <mem type="allocate" free="68731880" total="70844416" percent="97" />
      <mem type="survivor" free="0" total="7929856" percent="0" />
    </mem>
    <mem type="tenure" free="144887928" total="201326592" percent="71" macro-fragmented="134217728">
      <mem type="soa" free="134820984" total="191259648" percent="70" />
      <mem type="loa" free="10066944" total="10066944" percent="100" />
    </mem>
    <pending-finalizers system="51" default="0" reference="5904" classloader="0" />
    <remembered-set count="3443" />
  </mem-info>
</gc-end>
<cycle-end id="518" type="scavenge" contextid="512" timestamp="2026-09-06T07:09:14.966" />
<allocation-satisfied id="519" threadId="0000000000581000" bytesRequested="8200" />
<af-end id="520" timestamp="2026-09-06T07:09:14.966" threadId="0000000000581AC0" success="true" from="nursery"/>
<exclusive-end id="521" timestamp="2026-09-06T07:09:14.966" durationms="3.044" />

<exclusive-start id="522" timestamp="2026-09-06T07:09:15.111" intervalms="147.639">
  <response-info timems="0.025" idlems="0.025" threads="0" lastid="0000000000581000" lastname="Daemon worker" />
</exclusive-start>
<af-start id="523" threadId="0000000000581AC0" totalBytesRequested="8200" timestamp="2026-09-06T07:09:15.111" intervalms="147.645" type="nursery" />
<cycle-start id="524" type="scavenge" contextid="0" timestamp="2026-09-06T07:09:15.111" intervalms="147.639" />
<gc-start id="525" type="scavenge" contextid="524" timestamp="2026-09-06T07:09:15.111">
  <mem-info id="526" free="144887928" total="280100864" percent="51">
    <mem type="nursery" free="0" total="78774272" percent="0">
      <mem type="allocate" free="0" total="70844416" percent="0" />
      <mem type="survivor" free="0" total="7929856" percent="0" />
    </mem>
    <mem type="tenure" free="144887928" total="201326592" percent="71">
      <mem type="soa" free="134820984" total="191259648" percent="70" />
      <mem type="loa" free="10066944" total="10066944" percent="100" />
    </mem>
    <remembered-set count="3463" />
  </mem-info>
</gc-start>
<allocation-stats totalBytes="68380088" discardedBytes="351792" >
  <allocated-bytes non-tlh="10496" tlh="68369592" />
  <largest-consumer threadName="Daemon worker" threadId="0000000000581000" bytes="68054536" />
</allocation-stats>
<gc-op id="527" type="scavenge" timems="1.378" contextid="524" timestamp="2026-09-06T07:09:15.113">
  <scavenger-info tenureage="5" tenuremask="4220" tiltratio="89" />
  <memory-copied type="nursery" objects="48417" bytes="1829456" bytesdiscarded="334880" />
  <memory-copied type="tenure" objects="10232" bytes="297760" bytesdiscarded="40" />
  <ownableSynchronizers candidates="2" cleared="0" />
  <references type="weak" candidates="876" cleared="0" enqueued="0" />
  <references type="phantom" candidates="6147" cleared="6140" enqueued="6140" />
  <object-monitors candidates="28" cleared="0"  />
</gc-op>
<gc-end id="528" type="scavenge" contextid="524" durationms="1.602" usertimems="8.716" systemtimems="0.061" stalltimems="2.177" timestamp="2026-09-06T07:09:15.113" activeThreads="8">
  <mem-info id="529" free="213251496" total="280100864" percent="76">
    <mem type="nursery" free="68679984" total="78774272" percent="87">
      <mem type="allocate" free="68679984" total="70844416" percent="96" />
      <mem type="survivor" free="0" total="7929856" percent="0" />
    </mem>
    <mem type="tenure" free="144571512" total="201326592" percent="71" macro-fragmented="134217728">
      <mem type="soa" free="134504568" total="191259648" percent="70" />
      <mem type="loa" free="10066944" total="10066944" percent="100" />
    </mem>
    <pending-finalizers system="0" default="0" reference="6140" classloader="0" />
    <remembered-set count="2903" />
  </mem-info>
</gc-end>
<cycle-end id="530" type="scavenge" contextid="524" timestamp="2026-09-06T07:09:15.113" />
<allocation-satisfied id="531" threadId="0000000000581000" bytesRequested="8200" />
<af-end id="532" timestamp="2026-09-06T07:09:15.113" threadId="0000000000581AC0" success="true" from="nursery"/>
<exclusive-end id="533" timestamp="2026-09-06T07:09:15.113" durationms="2.470" />

<exclusive-start id="534" timestamp="2026-09-06T07:09:15.272" intervalms="161.565">
  <response-info timems="0.034" idlems="0.034" threads="0" lastid="0000000000581000" lastname="Daemon worker" />
</exclusive-start>
<af-start id="535" threadId="0000000000581AC0" totalBytesRequested="8200" timestamp="2026-09-06T07:09:15.272" intervalms="161.536" type="nursery" />
<cycle-start id="536" type="scavenge" contextid="0" timestamp="2026-09-06T07:09:15.272" intervalms="161.532" />
<gc-start id="537" type="scavenge" contextid="536" timestamp="2026-09-06T07:09:15.273">
  <mem-info id="538" free="144571512" total="280100864" percent="51">
    <mem type="nursery" free="0" total="78774272" percent="0">
      <mem type="allocate" free="0" total="70844416" percent="0" />
      <mem type="survivor" free="0" total="7929856" percent="0" />
    </mem>
    <mem type="tenure" free="144571512" total="201326592" percent="71">
      <mem type="soa" free="134504568" total="191259648" percent="70" />
      <mem type="loa" free="10066944" total="10066944" percent="100" />
    </mem>
    <remembered-set count="2918" />
  </mem-info>
</gc-start>
<allocation-stats totalBytes="68487824" discardedBytes="192160" >
  <allocated-bytes non-tlh="22120" tlh="68465704" />
  <largest-consumer threadName="Daemon worker" threadId="0000000000581000" bytes="68181016" />
</allocation-stats>
<gc-op id="539" type="scavenge" timems="1.187" contextid="536" timestamp="2026-09-06T07:09:15.274">
  <scavenger-info tenureage="5" tenuremask="48a0" tiltratio="89" />
  <memory-copied type="nursery" objects="31856" bytes="1041224" bytesdiscarded="269168" />
  <memory-copied type="tenure" objects="12936" bytes="393296" bytesdiscarded="0" />
  <ownableSynchronizers candidates="2" cleared="0" />
  <references type="weak" candidates="590" cleared="0" enqueued="0" />
  <references type="phantom" candidates="6077" cleared="6070" enqueued="6070" />
  <object-monitors candidates="28" cleared="0"  />
</gc-op>
<gc-end id="540" type="scavenge" contextid="536" durationms="1.403" usertimems="6.949" systemtimems="0.000" stalltimems="2.547" timestamp="2026-09-06T07:09:15.274" activeThreads="8">
  <mem-info id="541" free="213974112" total="280100864" percent="76">
    <mem type="nursery" free="69533928" total="78774272" percent="88">
      <mem type="allocate" free="69533928" total="70844416" percent="98" />
      <mem type="survivor" free="0" total="7929856" percent="0" />
    </mem>
    <mem type="tenure" free="144440184" total="201326592" percent="71" macro-fragmented="0">
      <mem type="soa" free="134373240" total="191259648" percent="70" />
      <mem type="loa" free="10066944" total="10066944" percent="100" />
    </mem>
    <pending-finalizers system="0" default="0" reference="6070" classloader="0" />
    <remembered-set count="1824" />
  </mem-info>
</gc-end>
<cycle-end id="542" type="scavenge" contextid="536" timestamp="2026-09-06T07:09:15.274" />
<allocation-satisfied id="543" threadId="0000000000581000" bytesRequested="8200" />
<af-end id="544" timestamp="2026-09-06T07:09:15.275" threadId="0000000000581AC0" success="true" from="nursery"/>
<exclusive-end id="545" timestamp="2026-09-06T07:09:15.275" durationms="2.297" />

<exclusive-start id="546" timestamp="2026-09-06T07:09:15.421" intervalms="148.555">
  <response-info timems="0.024" idlems="0.024" threads="0" lastid="0000000000581000" lastname="Daemon worker" />
</exclusive-start>
<af-start id="547" threadId="0000000000581AC0" totalBytesRequested="8200" timestamp="2026-09-06T07:09:15.421" intervalms="148.555" type="nursery" />
<cycle-start id="548" type="scavenge" contextid="0" timestamp="2026-09-06T07:09:15.421" intervalms="148.560" />
<gc-start id="549" type="scavenge" contextid="548" timestamp="2026-09-06T07:09:15.421">
  <mem-info id="550" free="144440184" total="280100864" percent="51">
    <mem type="nursery" free="0" total="78774272" percent="0">
      <mem type="allocate" free="0" total="70844416" percent="0" />
      <mem type="survivor" free="0" total="7929856" percent="0" />
    </mem>
    <mem type="tenure" free="144440184" total="201326592" percent="71">
      <mem type="soa" free="134373240" total="191259648" percent="70" />
      <mem type="loa" free="10066944" total="10066944" percent="100" />
    </mem>
    <remembered-set count="1847" />
  </mem-info>
</gc-start>
<allocation-stats totalBytes="69327712" discardedBytes="206216" >
  <allocated-bytes non-tlh="23512" tlh="69304200" />
  <largest-consumer threadName="Daemon worker" threadId="0000000000581000" bytes="68962712" />
</allocation-stats>
<gc-op id="551" type="scavenge" timems="1.143" contextid="548" timestamp="2026-09-06T07:09:15.423">
  <scavenger-info tenureage="5" tenuremask="4220" tiltratio="89" />
  <memory-copied type="nursery" objects="22229" bytes="727296" bytesdiscarded="570288" />
  <memory-copied type="tenure" objects="9605" bytes="287928" bytesdiscarded="32" />
  <ownableSynchronizers candidates="2" cleared="0" />
  <references type="weak" candidates="340" cleared="0" enqueued="0" />
  <references type="phantom" candidates="6044" cleared="6037" enqueued="6037" />
  <object-monitors candidates="28" cleared="0"  />
</gc-op>
<gc-end id="552" type="scavenge" contextid="548" durationms="1.376" usertimems="3.680" systemtimems="2.434" stalltimems="2.858" timestamp="2026-09-06T07:09:15.423" activeThreads="8">
  <mem-info id="553" free="213605224" total="280100864" percent="76">
    <mem type="nursery" free="69546736" total="78774272" percent="88">
      <mem type="allocate" free="69546736" total="70844416" percent="98" />
      <mem type="survivor" free="0" total="7929856" percent="0" />
    </mem>
    <mem type="tenure" free="144058488" total="201326592" percent="71" macro-fragmented="67108864">
      <mem type="soa" free="133991544" total="191259648" percent="70" />
      <mem type="loa" free="10066944" total="10066944" percent="100" />
    </mem>
    <pending-finalizers system="0" default="0" reference="6037" classloader="0" />
    <remembered-set count="1263" />
  </mem-info>
</gc-end>
<cycle-end id="554" type="scavenge" contextid="548" timestamp="2026-09-06T07:09:15.423" />
<allocation-satisfied id="555" threadId="0000000000581000" bytesRequested="8200" />
<af-end id="556" timestamp="2026-09-06T07:09:15.423" threadId="0000000000581AC0" success="true" from="nursery"/>
<exclusive-end id="557" timestamp="2026-09-06T07:09:15.423" durationms="2.120" />

<exclusive-start id="558" timestamp="2026-09-06T07:09:15.876" intervalms="455.367">
  <response-info timems="0.023" idlems="0.023" threads="0" lastid="0000000000581000" lastname="Daemon worker" />
</exclusive-start>
<af-start id="559" threadId="0000000000581AC0" totalBytesRequested="16" timestamp="2026-09-06T07:09:15.876" intervalms="455.381" type="nursery" />
<cycle-start id="560" type="scavenge" contextid="0" timestamp="2026-09-06T07:09:15.876" intervalms="455.392" />
<gc-start id="561" type="scavenge" contextid="560" timestamp="2026-09-06T07:09:15.877">
  <mem-info id="562" free="143635552" total="280100864" percent="51">
    <mem type="nursery" free="0" total="78774272" percent="0">
      <mem type="allocate" free="0" total="70844416" percent="0" />
      <mem type="survivor" free="0" total="7929856" percent="0" />
    </mem>
    <mem type="tenure" free="143635552" total="201326592" percent="71">
      <mem type="soa" free="133568608" total="191259648" percent="69" />
      <mem type="loa" free="10066944" total="10066944" percent="100" />
    </mem>
    <remembered-set count="8959" />
  </mem-info>
</gc-start>
<allocation-stats totalBytes="69946112" discardedBytes="23560" >
  <allocated-bytes non-tlh="443440" tlh="69502672" />
  <largest-consumer threadName="Daemon worker" threadId="0000000000581000" bytes="69629000" />
</allocation-stats>
<gc-op id="563" type="scavenge" timems="2.768" contextid="560" timestamp="2026-09-06T07:09:15.880">
  <scavenger-info tenureage="14" tenuremask="4000" tiltratio="89" />
  <memory-copied type="nursery" objects="119255" bytes="7360848" bytesdiscarded="337560" />
  <finalization candidates="794" enqueued="774" />
  <ownableSynchronizers candidates="295" cleared="16" />
  <references type="soft" candidates="5392" cleared="0" enqueued="0" dynamicThreshold="32" maxThreshold="32" />
  <references type="weak" candidates="6198" cleared="2486" enqueued="2484" />
  <references type="phantom" candidates="1729" cleared="1422" enqueued="1422" />
  <object-monitors candidates="28" cleared="0"  />
</gc-op>
<gc-end id="564" type="scavenge" contextid="560" durationms="3.025" usertimems="16.464" systemtimems="0.819" stalltimems="4.612" timestamp="2026-09-06T07:09:15.880" activeThreads="8">
  <mem-info id="565" free="201404168" total="280100864" percent="71">
    <mem type="nursery" free="57768616" total="78774272" percent="73">
      <mem type="allocate" free="57768616" total="65470464" percent="88" />
      <mem type="survivor" free="0" total="13303808" percent="0" />
    </mem>
    <mem type="tenure" free="143635552" total="201326592" percent="71" macro-fragmented="67108864">
      <mem type="soa" free="133568608" total="191259648" percent="69" />
      <mem type="loa" free="10066944" total="10066944" percent="100" />
    </mem>
    <pending-finalizers system="774" default="0" reference="3906" classloader="0" />
    <remembered-set count="8689" />
  </mem-info>
</gc-end>
<cycle-end id="566" type="scavenge" contextid="560" timestamp="2026-09-06T07:09:15.880" />
<allocation-satisfied id="567" threadId="0000000000581000" bytesRequested="16" />
<af-end id="568" timestamp="2026-09-06T07:09:15.880" threadId="0000000000581AC0" success="true" from="nursery"/>
<exclusive-end id="569" timestamp="2026-09-06T07:09:15.880" durationms="3.869" />

<exclusive-start id="570" timestamp="2026-09-06T07:09:16.394" intervalms="517.830">
  <response-info timems="0.021" idlems="0.021" threads="0" lastid="0000000001964400" lastname="Execution worker Thread 7" />
</exclusive-start>
<af-start id="571" threadId="0000000001964EC0" totalBytesRequested="15392" timestamp="2026-09-06T07:09:16.394" intervalms="517.971" type="nursery" />
<cycle-start id="572" type="scavenge" contextid="0" timestamp="2026-09-06T07:09:16.394" intervalms="517.983" />
<gc-start id="573" type="scavenge" contextid="572" timestamp="2026-09-06T07:09:16.395">
  <mem-info id="574" free="143232384" total="280100864" percent="51">
    <mem type="nursery" free="0" total="78774272" percent="0">
      <mem type="allocate" free="0" total="65470464" percent="0" />
      <mem type="survivor" free="0" total="13303808" percent="0" />
    </mem>
    <mem type="tenure" free="143232384" total="201326592" percent="71">
      <mem type="soa" free="133165440" total="191259648" percent="69" />
      <mem type="loa" free="10066944" total="10066944" percent="100" />
    </mem>
    <remembered-set count="14408" />
  </mem-info>
</gc-start>
<allocation-stats totalBytes="57696216" discardedBytes="475568" >
  <allocated-bytes non-tlh="1906488" tlh="55789728" />
  <largest-consumer threadName="Execution worker Thread 7" threadId="0000000001964400" bytes="26809264" />
</allocation-stats>
<gc-op id="575" type="scavenge" timems="4.596" contextid="572" timestamp="2026-09-06T07:09:16.399">
  <scavenger-info tenureage="6" tenuremask="ffc0" tiltratio="83" />
  <memory-copied type="nursery" objects="169312" bytes="9586392" bytesdiscarded="291048" />
  <memory-copied type="tenure" objects="3907" bytes="138320" bytesdiscarded="16" />
  <finalization candidates="977" enqueued="957" />
  <ownableSynchronizers candidates="445" cleared="104" />
  <references type="soft" candidates="7296" cleared="0" enqueued="0" dynamicThreshold="32" maxThreshold="32" />
  <references type="weak" candidates="8744" cleared="3137" enqueued="3137" />
  <references type="phantom" candidates="586" cleared="246" enqueued="246" />
  <object-monitors candidates="30" cleared="0"  />
</gc-op>
<gc-end id="576" type="scavenge" contextid="572" durationms="5.091" usertimems="23.806" systemtimems="1.490" stalltimems="7.767" timestamp="2026-09-06T07:09:16.400" activeThreads="9">
  <mem-info id="577" free="198493976" total="280100864" percent="70">
    <mem type="nursery" free="55454880" total="78774272" percent="70">
      <mem type="allocate" free="55454880" total="65339392" percent="84" />
      <mem type="survivor" free="0" total="13434880" percent="0" />
    </mem>
    <mem type="tenure" free="143039096" total="201326592" percent="71" macro-fragmented="98304">
      <mem type="soa" free="132972152" total="191259648" percent="69" />
      <mem type="loa" free="10066944" total="10066944" percent="100" />
    </mem>
    <pending-finalizers system="956" default="1" reference="3383" classloader="0" />
    <remembered-set count="13746" />
  </mem-info>
</gc-end>
<cycle-end id="578" type="scavenge" contextid="572" timestamp="2026-09-06T07:09:16.400" />
<allocation-satisfied id="579" threadId="0000000001964400" bytesRequested="15392" />
<af-end id="580" timestamp="2026-09-06T07:09:16.400" threadId="0000000001964EC0" success="true" from="nursery"/>
<exclusive-end id="581" timestamp="2026-09-06T07:09:16.400" durationms="6.211" />

<exclusive-start id="582" timestamp="2026-09-06T07:09:16.625" intervalms="230.682">
  <response-info timems="0.022" idlems="0.022" threads="0" lastid="0000000001964400" lastname="Execution worker Thread 7" />
</exclusive-start>
<af-start id="583" threadId="0000000001964EC0" totalBytesRequested="1312" timestamp="2026-09-06T07:09:16.625" intervalms="230.565" type="nursery" />
<cycle-start id="584" type="scavenge" contextid="0" timestamp="2026-09-06T07:09:16.625" intervalms="230.567" />
<gc-start id="585" type="scavenge" contextid="584" timestamp="2026-09-06T07:09:16.625">
  <mem-info id="586" free="142569072" total="280100864" percent="50">
    <mem type="nursery" free="0" total="78774272" percent="0">
      <mem type="allocate" free="0" total="65339392" percent="0" />
      <mem type="survivor" free="0" total="13434880" percent="0" />
    </mem>
    <mem type="tenure" free="142569072" total="201326592" percent="70">
      <mem type="soa" free="132502128" total="191259648" percent="69" />
      <mem type="loa" free="10066944" total="10066944" percent="100" />
    </mem>
    <remembered-set count="20408" />
  </mem-info>
</gc-start>
<allocation-stats totalBytes="55091224" discardedBytes="833680" >
  <allocated-bytes non-tlh="485416" tlh="54605808" />
  <largest-consumer threadName="Execution worker Thread 7" threadId="0000000001964400" bytes="54972440" />
</allocation-stats>
<gc-op id="587" type="scavenge" timems="3.657" contextid="584" timestamp="2026-09-06T07:09:16.629">
  <scavenger-info tenureage="3" tenuremask="ff78" tiltratio="82" />
  <memory-copied type="nursery" objects="170149" bytes="10015016" bytesdiscarded="120976" />
  <memory-copied type="tenure" objects="5471" bytes="217272" bytesdiscarded="24" />
  <finalization candidates="452" enqueued="431" />
  <ownableSynchronizers candidates="359" cleared="0" />
  <references type="soft" candidates="7440" cleared="0" enqueued="0" dynamicThreshold="32" maxThreshold="32" />
  <references type="weak" candidates="9585" cleared="3023" enqueued="3023" />
  <references type="phantom" candidates="372" cleared="0" enqueued="0" />
  <object-monitors candidates="30" cleared="0"  />
</gc-op>
<gc-end id="588" type="scavenge" contextid="584" durationms="3.919" usertimems="26.212" systemtimems="0.615" stalltimems="6.075" timestamp="2026-09-06T07:09:16.629" activeThreads="9">
  <mem-info id="589" free="198666888" total="280100864" percent="70">
    <mem type="nursery" free="56376864" total="78774272" percent="71">
      <mem type="allocate" free="56376864" total="66519040" percent="84" />
      <mem type="survivor" free="0" total="12255232" percent="0" />
    </mem>
    <mem type="tenure" free="142290024" total="201326592" percent="70" macro-fragmented="117440512">
      <mem type="soa" free="132223080" total="191259648" percent="69" />
      <mem type="loa" free="10066944" total="10066944" percent="100" />
    </mem>
    <pending-finalizers system="431" default="0" reference="3023" classloader="0" />
    <remembered-set count="15416" />
  </mem-info>
</gc-end>
<cycle-end id="590" type="scavenge" contextid="584" timestamp="2026-09-06T07:09:16.629" />
<allocation-satisfied id="591" threadId="0000000001964400" bytesRequested="1312" />
<af-end id="592" timestamp="2026-09-06T07:09:16.630" threadId="0000000001964EC0" success="true" from="nursery"/>
<exclusive-end id="593" timestamp="2026-09-06T07:09:16.630" durationms="4.853" />

<exclusive-start id="594" timestamp="2026-09-06T07:09:17.453" intervalms="827.859">
  <response-info timems="0.026" idlems="0.026" threads="0" lastid="0000000001496600" lastname="Unconstrained build operations Thread 26" />
</exclusive-start>
<af-start id="595" threadId="00000000014970C0" totalBytesRequested="88" timestamp="2026-09-06T07:09:17.453" intervalms="827.784" type="nursery" />
<cycle-start id="596" type="scavenge" contextid="0" timestamp="2026-09-06T07:09:17.453" intervalms="827.753" />
<gc-start id="597" type="scavenge" contextid="596" timestamp="2026-09-06T07:09:17.453">
  <mem-info id="598" free="142008472" total="280100864" percent="50">
    <mem type="nursery" free="0" total="78774272" percent="0">
      <mem type="allocate" free="0" total="66519040" percent="0" />
      <mem type="survivor" free="0" total="12255232" percent="0" />
    </mem>
    <mem type="tenure" free="142008472" total="201326592" percent="70">
      <mem type="soa" free="131941528" total="191259648" percent="68" />
      <mem type="loa" free="10066944" total="10066944" percent="100" />
    </mem>
    <remembered-set count="20048" />
  </mem-info>
</gc-start>
<allocation-stats totalBytes="56525616" discardedBytes="132800" >
  <allocated-bytes non-tlh="385344" tlh="56140272" />
  <largest-consumer threadName="Execution worker Thread 7" threadId="0000000001964400" bytes="34945824" />
</allocation-stats>
<gc-op id="599" type="scavenge" timems="4.531" contextid="596" timestamp="2026-09-06T07:09:17.458">
  <scavenger-info tenureage="3" tenuremask="ff08" tiltratio="84" />
  <memory-copied type="nursery" objects="123278" bytes="6223648" bytesdiscarded="297280" />
  <memory-copied type="tenure" objects="98773" bytes="6654016" bytesdiscarded="2776" />
  <finalization candidates="423" enqueued="371" />
  <ownableSynchronizers candidates="730" cleared="126" />
  <references type="soft" candidates="3275" cleared="0" enqueued="0" dynamicThreshold="32" maxThreshold="32" />
  <references type="weak" candidates="6286" cleared="2065" enqueued="2065" />
  <references type="phantom" candidates="1073" cleared="933" enqueued="933" />
  <object-monitors candidates="35" cleared="1"  />
</gc-op>
<gc-end id="600" type="scavenge" contextid="596" durationms="4.770" usertimems="30.566" systemtimems="1.496" stalltimems="8.605" timestamp="2026-09-06T07:09:17.458" activeThreads="10">
  <mem-info id="601" free="195875272" total="280100864" percent="69">
    <mem type="nursery" free="60188480" total="78774272" percent="76">
      <mem type="allocate" free="60188480" total="66715648" percent="90" />
      <mem type="survivor" free="0" total="12058624" percent="0" />
    </mem>
    <mem type="tenure" free="135686792" total="201326592" percent="67" macro-fragmented="100663296">
      <mem type="soa" free="125619848" total="191259648" percent="65" />
      <mem type="loa" free="10066944" total="10066944" percent="100" />
    </mem>
    <pending-finalizers system="371" default="0" reference="2998" classloader="0" />
    <remembered-set count="14351" />
  </mem-info>
</gc-end>
<cycle-end id="602" type="scavenge" contextid="596" timestamp="2026-09-06T07:09:17.458" />
<allocation-satisfied id="603" threadId="0000000001496600" bytesRequested="88" />
<af-end id="604" timestamp="2026-09-06T07:09:17.458" threadId="00000000014970C0" success="true" from="nursery"/>
<exclusive-end id="605" timestamp="2026-09-06T07:09:17.458" durationms="5.598" />

<exclusive-start id="606" timestamp="2026-09-06T07:09:17.954" intervalms="501.096">
  <response-info timems="0.025" idlems="0.025" threads="0" lastid="00000000014C4200" lastname="Unconstrained build operations Thread 53" />
</exclusive-start>
<af-start id="607" threadId="00000000014C4CC0" totalBytesRequested="24" timestamp="2026-09-06T07:09:17.954" intervalms="501.093" type="nursery" />
<cycle-start id="608" type="scavenge" contextid="0" timestamp="2026-09-06T07:09:17.954" intervalms="501.088" />
<gc-start id="609" type="scavenge" contextid="608" timestamp="2026-09-06T07:09:17.954">
  <mem-info id="610" free="135675712" total="280100864" percent="48">
    <mem type="nursery" free="0" total="78774272" percent="0">
      <mem type="allocate" free="0" total="66715648" percent="0" />
      <mem type="survivor" free="0" total="12058624" percent="0" />
    </mem>
    <mem type="tenure" free="135675712" total="201326592" percent="67">
      <mem type="soa" free="125608768" total="191259648" percent="65" />
      <mem type="loa" free="10066944" total="10066944" percent="100" />
    </mem>
    <remembered-set count="14933" />
  </mem-info>
</gc-start>
<allocation-stats totalBytes="60069024" discardedBytes="130536" >
  <allocated-bytes non-tlh="11168" tlh="60057856" />
  <largest-consumer threadName="Unconstrained build operations Thread 43" threadId="000000000149D400" bytes="6935336" />
</allocation-stats>
<gc-op id="611" type="scavenge" timems="5.714" contextid="608" timestamp="2026-09-06T07:09:17.960">
  <scavenger-info tenureage="5" tenuremask="ffe0" tiltratio="84" />
  <memory-copied type="nursery" objects="134863" bytes="6644008" bytesdiscarded="358272" />
  <finalization candidates="37" enqueued="5" />
  <ownableSynchronizers candidates="396" cleared="73" />
  <references type="soft" candidates="3276" cleared="0" enqueued="0" dynamicThreshold="32" maxThreshold="32" />
  <references type="weak" candidates="4353" cleared="49" enqueued="49" />
  <references type="phantom" candidates="245" cleared="104" enqueued="104" />
  <object-monitors candidates="34" cleared="0"  />
</gc-op>
<gc-end id="612" type="scavenge" contextid="608" durationms="5.936" usertimems="18.249" systemtimems="2.465" stalltimems="32.536" timestamp="2026-09-06T07:09:17.960" activeThreads="10">
  <mem-info id="613" free="196167904" total="280100864" percent="70">
    <mem type="nursery" free="60492192" total="78774272" percent="76">
      <mem type="allocate" free="60492192" total="67502080" percent="89" />
      <mem type="survivor" free="0" total="11272192" percent="0" />
    </mem>
    <mem type="tenure" free="135675712" total="201326592" percent="67" macro-fragmented="117440512">
      <mem type="soa" free="125608768" total="191259648" percent="65" />
      <mem type="loa" free="10066944" total="10066944" percent="100" />
    </mem>
    <pending-finalizers system="5" default="0" reference="153" classloader="0" />
    <remembered-set count="9197" />
  </mem-info>
</gc-end>
<cycle-end id="614" type="scavenge" contextid="608" timestamp="2026-09-06T07:09:17.960" />
<allocation-satisfied id="615" threadId="00000000014C4200" bytesRequested="24" />
<af-end id="616" timestamp="2026-09-06T07:09:17.960" threadId="00000000014C4CC0" success="true" from="nursery"/>
<exclusive-end id="617" timestamp="2026-09-06T07:09:17.960" durationms="6.753" />

<exclusive-start id="618" timestamp="2026-09-06T07:09:23.652" intervalms="5698.308">
  <response-info timems="0.037" idlems="0.037" threads="0" lastid="0000000001964400" lastname="Execution worker Thread 7" />
</exclusive-start>
<af-start id="619" threadId="0000000001964EC0" totalBytesRequested="8896" timestamp="2026-09-06T07:09:23.654" intervalms="5700.395" type="nursery" />
<cycle-start id="620" type="scavenge" contextid="0" timestamp="2026-09-06T07:09:23.654" intervalms="5700.444" />
<gc-start id="621" type="scavenge" contextid="620" timestamp="2026-09-06T07:09:23.654">
  <mem-info id="622" free="135666568" total="280100864" percent="48">
    <mem type="nursery" free="0" total="78774272" percent="0">
      <mem type="allocate" free="0" total="67502080" percent="0" />
      <mem type="survivor" free="0" total="11272192" percent="0" />
    </mem>
    <mem type="tenure" free="135666568" total="201326592" percent="67">
      <mem type="soa" free="125599624" total="191259648" percent="65" />
      <mem type="loa" free="10066944" total="10066944" percent="100" />
    </mem>
    <remembered-set count="9881" />
  </mem-info>
</gc-start>
<allocation-stats totalBytes="60079976" discardedBytes="421360" >
  <allocated-bytes non-tlh="29672" tlh="60050304" />
  <largest-consumer threadName="Execution worker Thread 7" threadId="0000000001964400" bytes="13941200" />
</allocation-stats>
<gc-op id="623" type="scavenge" timems="3.144" contextid="620" timestamp="2026-09-06T07:09:23.658">
  <scavenger-info tenureage="3" tenuremask="fff8" tiltratio="85" />
  <memory-copied type="nursery" objects="74259" bytes="3308816" bytesdiscarded="375184" />
  <memory-copied type="tenure" objects="63183" bytes="3104832" bytesdiscarded="592" />
  <finalization candidates="48" enqueued="16" />
  <ownableSynchronizers candidates="414" cleared="101" />
  <references type="soft" candidates="1231" cleared="0" enqueued="0" dynamicThreshold="32" maxThreshold="32" />
  <references type="weak" candidates="1535" cleared="119" enqueued="119" />
  <references type="phantom" candidates="763" cleared="686" enqueued="686" />
  <object-monitors candidates="35" cleared="0"  />
</gc-op>
<gc-end id="624" type="scavenge" contextid="620" durationms="3.388" usertimems="19.386" systemtimems="0.000" stalltimems="5.299" timestamp="2026-09-06T07:09:23.658" activeThreads="9">
  <mem-info id="625" free="196905680" total="280100864" percent="70">
    <mem type="nursery" free="64533536" total="78774272" percent="81">
      <mem type="allocate" free="64533536" total="68222976" percent="94" />
      <mem type="survivor" free="0" total="10551296" percent="0" />
    </mem>
    <mem type="tenure" free="132372144" total="201326592" percent="65" macro-fragmented="83886080">
      <mem type="soa" free="122305200" total="191259648" percent="63" />
      <mem type="loa" free="10066944" total="10066944" percent="100" />
    </mem>
    <pending-finalizers system="16" default="0" reference="805" classloader="0" />
    <remembered-set count="2897" />
  </mem-info>
</gc-end>
<cycle-end id="626" type="scavenge" contextid="620" timestamp="2026-09-06T07:09:23.658" />
<allocation-satisfied id="627" threadId="0000000001964400" bytesRequested="8896" />
<af-end id="628" timestamp="2026-09-06T07:09:23.658" threadId="0000000001964EC0" success="true" from="nursery"/>
<exclusive-end id="629" timestamp="2026-09-06T07:09:23.658" durationms="6.399" />

<exclusive-start id="630" timestamp="2026-09-06T07:09:23.779" intervalms="127.255">
  <response-info timems="0.024" idlems="0.024" threads="0" lastid="0000000001964400" lastname="Execution worker Thread 7" />
</exclusive-start>
<af-start id="631" threadId="0000000001964EC0" totalBytesRequested="8368" timestamp="2026-09-06T07:09:23.779" intervalms="125.204" type="nursery" />
<cycle-start id="632" type="scavenge" contextid="0" timestamp="2026-09-06T07:09:23.779" intervalms="125.183" />
<gc-start id="633" type="scavenge" contextid="632" timestamp="2026-09-06T07:09:23.780">
  <mem-info id="634" free="132372144" total="280100864" percent="47">
    <mem type="nursery" free="0" total="78774272" percent="0">
      <mem type="allocate" free="0" total="68222976" percent="0" />
      <mem type="survivor" free="0" total="10551296" percent="0" />
    </mem>
    <mem type="tenure" free="132372144" total="201326592" percent="65">
      <mem type="soa" free="122305200" total="191259648" percent="63" />
      <mem type="loa" free="10066944" total="10066944" percent="100" />
    </mem>
    <remembered-set count="2910" />
  </mem-info>
</gc-start>
<allocation-stats totalBytes="64491912" discardedBytes="41624" >
  <allocated-bytes non-tlh="8896" tlh="64483016" />
  <largest-consumer threadName="Execution worker Thread 7" threadId="0000000001964400" bytes="64265448" />
</allocation-stats>
<gc-op id="635" type="scavenge" timems="1.826" contextid="632" timestamp="2026-09-06T07:09:23.782">
  <scavenger-info tenureage="6" tenuremask="ffc0" tiltratio="86" />
  <memory-copied type="nursery" objects="75894" bytes="3418584" bytesdiscarded="127312" />
  <finalization candidates="31" enqueued="0" />
  <ownableSynchronizers candidates="236" cleared="0" />
  <references type="soft" candidates="1231" cleared="0" enqueued="0" dynamicThreshold="32" maxThreshold="32" />
  <references type="weak" candidates="1416" cleared="0" enqueued="0" />
  <references type="phantom" candidates="1612" cleared="1534" enqueued="1534" />
  <object-monitors candidates="35" cleared="0"  />
</gc-op>
<gc-end id="636" type="scavenge" contextid="632" durationms="2.033" usertimems="8.922" systemtimems="1.900" stalltimems="7.710" timestamp="2026-09-06T07:09:23.782" activeThreads="10">
  <mem-info id="637" free="198354736" total="280100864" percent="70">
    <mem type="nursery" free="65982592" total="78774272" percent="83">
      <mem type="allocate" free="65982592" total="69533696" percent="94" />
      <mem type="survivor" free="0" total="9240576" percent="0" />
    </mem>
    <mem type="tenure" free="132372144" total="201326592" percent="65" macro-fragmented="83886080">
      <mem type="soa" free="122305200" total="191259648" percent="63" />
      <mem type="loa" free="10066944" total="10066944" percent="100" />
    </mem>
    <pending-finalizers system="0" default="0" reference="1534" classloader="0" />
    <remembered-set count="2672" />
  </mem-info>
</gc-end>
<cycle-end id="638" type="scavenge" contextid="632" timestamp="2026-09-06T07:09:23.782" />
<allocation-satisfied id="639" threadId="0000000001964400" bytesRequested="8368" />
<af-end id="640" timestamp="2026-09-06T07:09:23.782" threadId="0000000001964EC0" success="true" from="nursery"/>
<exclusive-end id="641" timestamp="2026-09-06T07:09:23.782" durationms="2.839" />

<exclusive-start id="642" timestamp="2026-09-06T07:09:23.878" intervalms="98.418">
  <response-info timems="0.024" idlems="0.024" threads="0" lastid="0000000001964400" lastname="Execution worker Thread 7" />
</exclusive-start>
<af-start id="643" threadId="0000000001964EC0" totalBytesRequested="72" timestamp="2026-09-06T07:09:23.878" intervalms="98.425" type="nursery" />
<cycle-start id="644" type="scavenge" contextid="0" timestamp="2026-09-06T07:09:23.878" intervalms="98.411" />
<gc-start id="645" type="scavenge" contextid="644" timestamp="2026-09-06T07:09:23.878">
  <mem-info id="646" free="132372144" total="280100864" percent="47">
    <mem type="nursery" free="0" total="78774272" percent="0">
      <mem type="allocate" free="0" total="69533696" percent="0" />
      <mem type="survivor" free="0" total="9240576" percent="0" />
    </mem>
    <mem type="tenure" free="132372144" total="201326592" percent="65">
      <mem type="soa" free="122305200" total="191259648" percent="63" />
      <mem type="loa" free="10066944" total="10066944" percent="100" />
    </mem>
    <remembered-set count="2681" />
  </mem-info>
</gc-start>
<allocation-stats totalBytes="65971472" discardedBytes="11120" >
  <allocated-bytes non-tlh="677744" tlh="65293728" />
  <largest-consumer threadName="Execution worker Thread 7" threadId="0000000001964400" bytes="65934608" />
</allocation-stats>
<gc-op id="647" type="scavenge" timems="2.929" contextid="644" timestamp="2026-09-06T07:09:23.881">
  <scavenger-info tenureage="3" tenuremask="fff8" tiltratio="88" />
  <memory-copied type="nursery" objects="71617" bytes="3841824" bytesdiscarded="97704" />
  <memory-copied type="tenure" objects="53484" bytes="2460064" bytesdiscarded="1688" />
  <finalization candidates="31" enqueued="0" />
  <ownableSynchronizers candidates="236" cleared="0" />
  <references type="soft" candidates="3" cleared="0" enqueued="0" dynamicThreshold="32" maxThreshold="32" />
  <references type="weak" candidates="153" cleared="0" enqueued="0" />
  <references type="phantom" candidates="1246" cleared="1241" enqueued="1241" />
  <object-monitors candidates="35" cleared="0"  />
</gc-op>
<gc-end id="648" type="scavenge" contextid="644" durationms="3.444" usertimems="14.939" systemtimems="1.202" stalltimems="10.317" timestamp="2026-09-06T07:09:23.882" activeThreads="9">
  <mem-info id="649" free="196484680" total="280100864" percent="70">
    <mem type="nursery" free="66444144" total="78774272" percent="84">
      <mem type="allocate" free="66444144" total="70385664" percent="94" />
      <mem type="survivor" free="0" total="8388608" percent="0" />
    </mem>
    <mem type="tenure" free="130040536" total="201326592" percent="64" macro-fragmented="58720256">
      <mem type="soa" free="119973592" total="191259648" percent="62" />
      <mem type="loa" free="10066944" total="10066944" percent="100" />
    </mem>
    <pending-finalizers system="0" default="0" reference="1241" classloader="0" />
    <remembered-set count="1445" />
  </mem-info>
</gc-end>
<cycle-end id="650" type="scavenge" contextid="644" timestamp="2026-09-06T07:09:23.882" />
<allocation-satisfied id="651" threadId="0000000001964400" bytesRequested="72" />
<af-end id="652" timestamp="2026-09-06T07:09:23.882" threadId="0000000001964EC0" success="true" from="nursery"/>
<exclusive-end id="653" timestamp="2026-09-06T07:09:23.882" durationms="4.328" />

<exclusive-start id="654" timestamp="2026-09-06T07:09:24.114" intervalms="236.528">
  <response-info timems="0.033" idlems="0.033" threads="0" lastid="0000000001964400" lastname="Execution worker Thread 7" />
</exclusive-start>
<af-start id="655" threadId="0000000001964EC0" totalBytesRequested="3552" timestamp="2026-09-06T07:09:24.114" intervalms="236.580" type="nursery" />
<cycle-start id="656" type="scavenge" contextid="0" timestamp="2026-09-06T07:09:24.114" intervalms="236.587" />
<gc-start id="657" type="scavenge" contextid="656" timestamp="2026-09-06T07:09:24.115">
  <mem-info id="658" free="129774232" total="280100864" percent="46">
    <mem type="nursery" free="0" total="78774272" percent="0">
      <mem type="allocate" free="0" total="70385664" percent="0" />
      <mem type="survivor" free="0" total="8388608" percent="0" />
    </mem>
    <mem type="tenure" free="129774232" total="201326592" percent="64">
      <mem type="soa" free="119707288" total="191259648" percent="62" />
      <mem type="loa" free="10066944" total="10066944" percent="100" />
    </mem>
    <remembered-set count="5077" />
  </mem-info>
</gc-start>
<allocation-stats totalBytes="66441704" discardedBytes="268744" >
  <allocated-bytes non-tlh="266376" tlh="66175328" />
  <largest-consumer threadName="Execution worker Thread 7" threadId="0000000001964400" bytes="66106336" />
</allocation-stats>
<gc-op id="659" type="scavenge" timems="1.734" contextid="656" timestamp="2026-09-06T07:09:24.117">
  <scavenger-info tenureage="3" tenuremask="ffc8" tiltratio="89" />
  <memory-copied type="nursery" objects="19596" bytes="1132840" bytesdiscarded="530496" />
  <memory-copied type="tenure" objects="18999" bytes="797288" bytesdiscarded="168" />
  <finalization candidates="364" enqueued="364" />
  <ownableSynchronizers candidates="32" cleared="10" />
  <references type="soft" candidates="78" cleared="0" enqueued="0" dynamicThreshold="32" maxThreshold="32" />
  <references type="weak" candidates="2011" cleared="1355" enqueued="1354" />
  <references type="phantom" candidates="1880" cleared="1877" enqueued="1877" />
  <object-monitors candidates="35" cleared="0"  />
</gc-op>
<gc-end id="660" type="scavenge" contextid="656" durationms="1.999" usertimems="6.364" systemtimems="2.754" stalltimems="6.392" timestamp="2026-09-06T07:09:24.117" activeThreads="9">
  <mem-info id="661" free="198051944" total="280100864" percent="70">
    <mem type="nursery" free="69179720" total="78774272" percent="87">
      <mem type="allocate" free="69179720" total="70844416" percent="97" />
      <mem type="survivor" free="0" total="7929856" percent="0" />
    </mem>
    <mem type="tenure" free="128872224" total="201326592" percent="64" macro-fragmented="58720256">
      <mem type="soa" free="118805280" total="191259648" percent="62" />
      <mem type="loa" free="10066944" total="10066944" percent="100" />
    </mem>
    <pending-finalizers system="364" default="0" reference="3231" classloader="0" />
    <remembered-set count="4436" />
  </mem-info>
</gc-end>
<cycle-end id="662" type="scavenge" contextid="656" timestamp="2026-09-06T07:09:24.117" />
<allocation-satisfied id="663" threadId="0000000001964400" bytesRequested="3552" />
<af-end id="664" timestamp="2026-09-06T07:09:24.117" threadId="0000000001964EC0" success="true" from="nursery"/>
<exclusive-end id="665" timestamp="2026-09-06T07:09:24.117" durationms="2.938" />

<exclusive-start id="666" timestamp="2026-09-06T07:09:24.554" intervalms="440.197">
  <response-info timems="0.356" idlems="0.155" threads="8" lastid="00000000016E4900" lastname="Build operations Thread 9" />
</exclusive-start>
<af-start id="667" threadId="00000000014BD2C0" totalBytesRequested="24" timestamp="2026-09-06T07:09:24.554" intervalms="440.156" type="nursery" />
<cycle-start id="668" type="scavenge" contextid="0" timestamp="2026-09-06T07:09:24.554" intervalms="440.146" />
<gc-start id="669" type="scavenge" contextid="668" timestamp="2026-09-06T07:09:24.555">
  <mem-info id="670" free="128493200" total="280100864" percent="45">
    <mem type="nursery" free="0" total="78774272" percent="0">
      <mem type="allocate" free="0" total="70844416" percent="0" />
      <mem type="survivor" free="0" total="7929856" percent="0" />
    </mem>
    <mem type="tenure" free="128493200" total="201326592" percent="63">
      <mem type="soa" free="118426256" total="191259648" percent="61" />
      <mem type="loa" free="10066944" total="10066944" percent="100" />
    </mem>
    <remembered-set count="10712" />
  </mem-info>
</gc-start>
<allocation-stats totalBytes="69404136" discardedBytes="154608" >
  <allocated-bytes non-tlh="439968" tlh="68964168" />
  <largest-consumer threadName="Execution worker Thread 7" threadId="0000000001964400" bytes="37922312" />
</allocation-stats>
<gc-op id="671" type="scavenge" timems="3.662" contextid="668" timestamp="2026-09-06T07:09:24.559">
  <scavenger-info tenureage="5" tenuremask="ffe0" tiltratio="89" />
  <memory-copied type="nursery" objects="118484" bytes="5921976" bytesdiscarded="233360" />
  <finalization candidates="408" enqueued="398" />
  <ownableSynchronizers candidates="70" cleared="6" />
  <references type="soft" candidates="142" cleared="0" enqueued="0" dynamicThreshold="32" maxThreshold="32" />
  <references type="weak" candidates="2209" cleared="858" enqueued="858" />
  <references type="phantom" candidates="443" cleared="415" enqueued="415" />
  <object-monitors candidates="41" cleared="6"  />
</gc-op>
<gc-end id="672" type="scavenge" contextid="668" durationms="3.973" usertimems="16.298" systemtimems="0.000" stalltimems="7.135" timestamp="2026-09-06T07:09:24.559" activeThreads="8">
  <mem-info id="673" free="189772384" total="280100864" percent="67">
    <mem type="nursery" free="61279184" total="78774272" percent="77">
      <mem type="allocate" free="61279184" total="67436544" percent="90" />
      <mem type="survivor" free="0" total="11337728" percent="0" />
    </mem>
    <mem type="tenure" free="128493200" total="201326592" percent="63" macro-fragmented="117440512">
      <mem type="soa" free="118426256" total="191259648" percent="61" />
      <mem type="loa" free="10066944" total="10066944" percent="100" />
    </mem>
    <pending-finalizers system="349" default="49" reference="1273" classloader="0" />
    <remembered-set count="10210" />
  </mem-info>
</gc-end>
<cycle-end id="674" type="scavenge" contextid="668" timestamp="2026-09-06T07:09:24.559" />
<allocation-satisfied id="675" threadId="00000000014BC800" bytesRequested="24" />
<af-end id="676" timestamp="2026-09-06T07:09:24.559" threadId="00000000014BD2C0" success="true" from="nursery"/>
<exclusive-end id="677" timestamp="2026-09-06T07:09:24.559" durationms="4.950" />

<exclusive-start id="678" timestamp="2026-09-06T07:09:24.669" intervalms="115.046">
  <response-info timems="0.238" idlems="0.131" threads="6" lastid="0000000001605F00" lastname="Build operations Thread 4" />
</exclusive-start>
<af-start id="679" threadId="00000000016A85C0" totalBytesRequested="64" timestamp="2026-09-06T07:09:24.669" intervalms="115.052" type="nursery" />
<cycle-start id="680" type="scavenge" contextid="0" timestamp="2026-09-06T07:09:24.670" intervalms="115.054" />
<gc-start id="681" type="scavenge" contextid="680" timestamp="2026-09-06T07:09:24.670">
  <mem-info id="682" free="128493200" total="280100864" percent="45">
    <mem type="nursery" free="0" total="78774272" percent="0">
      <mem type="allocate" free="0" total="67436544" percent="0" />
      <mem type="survivor" free="0" total="11337728" percent="0" />
    </mem>
    <mem type="tenure" free="128493200" total="201326592" percent="63">
      <mem type="soa" free="118426256" total="191259648" percent="61" />
      <mem type="loa" free="10066944" total="10066944" percent="100" />
    </mem>
    <remembered-set count="10237" />
  </mem-info>
</gc-start>
<allocation-stats totalBytes="61144312" discardedBytes="134872" >
  <allocated-bytes non-tlh="24" tlh="61144288" />
  <largest-consumer threadName="Cache worker for Java compile cache (/gradle/caches/9.5.0/javaCompile)" threadId="00000000015EC100" bytes="10070864" />
</allocation-stats>
<gc-op id="683" type="scavenge" timems="3.770" contextid="680" timestamp="2026-09-06T07:09:24.674">
  <scavenger-info tenureage="3" tenuremask="fff8" tiltratio="85" />
  <memory-copied type="nursery" objects="154363" bytes="6301408" bytesdiscarded="223216" />
  <memory-copied type="tenure" objects="78" bytes="2712" bytesdiscarded="0" />
  <finalization candidates="19" enqueued="9" />
  <ownableSynchronizers candidates="64" cleared="44" />
  <references type="soft" candidates="142" cleared="0" enqueued="0" dynamicThreshold="32" maxThreshold="32" />
  <references type="weak" candidates="2446" cleared="0" enqueued="0" />
  <references type="phantom" candidates="1138" cleared="1117" enqueued="1117" />
  <object-monitors candidates="36" cleared="0"  />
</gc-op>
<gc-end id="684" type="scavenge" contextid="680" durationms="4.076" usertimems="19.311" systemtimems="1.124" stalltimems="10.224" timestamp="2026-09-06T07:09:24.674" activeThreads="10">
  <mem-info id="685" free="192352904" total="280100864" percent="68">
    <mem type="nursery" free="63859704" total="78774272" percent="81">
      <mem type="allocate" free="63859704" total="70385664" percent="90" />
      <mem type="survivor" free="0" total="8388608" percent="0" />
    </mem>
    <mem type="tenure" free="128493200" total="201326592" percent="63" macro-fragmented="117440512">
      <mem type="soa" free="118426256" total="191259648" percent="61" />
      <mem type="loa" free="10066944" total="10066944" percent="100" />
    </mem>
    <pending-finalizers system="0" default="9" reference="1117" classloader="0" />
    <remembered-set count="7980" />
  </mem-info>
</gc-end>
<cycle-end id="686" type="scavenge" contextid="680" timestamp="2026-09-06T07:09:24.674" />
<allocation-satisfied id="687" threadId="00000000016A7B00" bytesRequested="64" />
<af-end id="688" timestamp="2026-09-06T07:09:24.675" threadId="00000000016A85C0" success="true" from="nursery"/>
<exclusive-end id="689" timestamp="2026-09-06T07:09:24.675" durationms="5.262" />

<exclusive-start id="690" timestamp="2026-09-06T07:09:24.721" intervalms="51.722">
  <response-info timems="0.036" idlems="0.036" threads="0" lastid="00000000016AB800" lastname="Build operations Thread 7" />
</exclusive-start>
<af-start id="691" threadId="00000000016AC2C0" totalBytesRequested="8200" timestamp="2026-09-06T07:09:24.721" intervalms="51.715" type="nursery" />
<cycle-start id="692" type="scavenge" contextid="0" timestamp="2026-09-06T07:09:24.721" intervalms="51.726" />
<gc-start id="693" type="scavenge" contextid="692" timestamp="2026-09-06T07:09:24.722">
  <mem-info id="694" free="128493200" total="280100864" percent="45">
    <mem type="nursery" free="0" total="78774272" percent="0">
      <mem type="allocate" free="0" total="70385664" percent="0" />
      <mem type="survivor" free="0" total="8388608" percent="0" />
    </mem>
    <mem type="tenure" free="128493200" total="201326592" percent="63">
      <mem type="soa" free="118426256" total="191259648" percent="61" />
      <mem type="loa" free="10066944" total="10066944" percent="100" />
    </mem>
    <remembered-set count="8010" />
  </mem-info>
</gc-start>
<allocation-stats totalBytes="63736304" discardedBytes="123400" >
  <allocated-bytes non-tlh="64" tlh="63736240" />
  <largest-consumer threadName="Cache worker for Java compile cache (/gradle/caches/9.5.0/javaCompile)" threadId="00000000015EC100" bytes="9940904" />
</allocation-stats>
<gc-op id="695" type="scavenge" timems="3.299" contextid="692" timestamp="2026-09-06T07:09:24.725">
  <scavenger-info tenureage="14" tenuremask="4000" tiltratio="89" />
  <memory-copied type="nursery" objects="177330" bytes="7141968" bytesdiscarded="184632" />
  <finalization candidates="26" enqueued="16" />
  <ownableSynchronizers candidates="20" cleared="0" />
  <references type="soft" candidates="142" cleared="0" enqueued="0" dynamicThreshold="32" maxThreshold="32" />
  <references type="weak" candidates="4131" cleared="0" enqueued="0" />
  <references type="phantom" candidates="1032" cleared="1012" enqueued="1012" />
  <object-monitors candidates="36" cleared="0"  />
</gc-op>
<heap-resize id="696" type="expand" space="nursery" amount="3145728" count="1" timems="0.030" reason="excessive time being spent scavenging" timestamp="2026-09-06T07:09:24.725" />
<gc-end id="697" type="scavenge" contextid="692" durationms="3.642" usertimems="22.585" systemtimems="2.166" stalltimems="7.950" timestamp="2026-09-06T07:09:24.725" activeThreads="10">
  <mem-info id="698" free="193713496" total="283246592" percent="68">
    <mem type="nursery" free="65220296" total="81920000" percent="79">
      <mem type="allocate" free="65220296" total="72548352" percent="89" />
      <mem type="survivor" free="0" total="9371648" percent="0" />
    </mem>
    <mem type="tenure" free="128493200" total="201326592" percent="63" macro-fragmented="29360128">
      <mem type="soa" free="118426256" total="191259648" percent="61" />
      <mem type="loa" free="10066944" total="10066944" percent="100" />
    </mem>
    <pending-finalizers system="0" default="16" reference="1012" classloader="0" />
    <remembered-set count="3853" />
  </mem-info>
</gc-end>
<cycle-end id="699" type="scavenge" contextid="692" timestamp="2026-09-06T07:09:24.726" />
<allocation-satisfied id="700" threadId="00000000016AB800" bytesRequested="8200" />
<af-end id="701" timestamp="2026-09-06T07:09:24.726" threadId="00000000016AC2C0" success="true" from="nursery"/>
<exclusive-end id="702" timestamp="2026-09-06T07:09:24.726" durationms="4.614" />

<exclusive-start id="703" timestamp="2026-09-06T07:09:24.765" intervalms="43.839">
  <response-info timems="0.036" idlems="0.036" threads="0" lastid="00000000016AB800" lastname="Build operations Thread 7" />
</exclusive-start>
<af-start id="704" threadId="00000000016AC2C0" totalBytesRequested="64" timestamp="2026-09-06T07:09:24.765" intervalms="43.821" type="nursery" />
<cycle-start id="705" type="scavenge" contextid="0" timestamp="2026-09-06T07:09:24.765" intervalms="43.809" />
<gc-start id="706" type="scavenge" contextid="705" timestamp="2026-09-06T07:09:24.765">
  <mem-info id="707" free="128493080" total="283246592" percent="45">
    <mem type="nursery" free="0" total="81920000" percent="0">
      <mem type="allocate" free="0" total="72548352" percent="0" />
      <mem type="survivor" free="0" total="9371648" percent="0" />
    </mem>
    <mem type="tenure" free="128493080" total="201326592" percent="63">
      <mem type="soa" free="118426136" total="191259648" percent="61" />
      <mem type="loa" free="10066944" total="10066944" percent="100" />
    </mem>
    <remembered-set count="3895" />
  </mem-info>
</gc-start>
<allocation-stats totalBytes="65057704" discardedBytes="162712" >
  <allocated-bytes non-tlh="1988488" tlh="63069216" />
  <largest-consumer threadName="Build operations Thread 9" threadId="00000000016E4900" bytes="13281824" />
</allocation-stats>
<gc-op id="708" type="scavenge" timems="3.502" contextid="705" timestamp="2026-09-06T07:09:24.769">
  <scavenger-info tenureage="4" tenuremask="4010" tiltratio="88" />
  <memory-copied type="nursery" objects="182436" bytes="7239688" bytesdiscarded="118632" />
  <memory-copied type="tenure" objects="7055" bytes="244992" bytesdiscarded="0" />
  <finalization candidates="15" enqueued="9" />
  <ownableSynchronizers candidates="20" cleared="0" />
  <references type="soft" candidates="64" cleared="0" enqueued="0" dynamicThreshold="32" maxThreshold="32" />
  <references type="weak" candidates="4951" cleared="0" enqueued="0" />
  <references type="phantom" candidates="971" cleared="960" enqueued="960" />
  <object-monitors candidates="36" cleared="0"  />
</gc-op>
<heap-resize id="709" type="expand" space="nursery" amount="3145728" count="1" timems="0.058" reason="excessive time being spent scavenging" timestamp="2026-09-06T07:09:24.769" />
<gc-end id="710" type="scavenge" contextid="705" durationms="3.831" usertimems="24.085" systemtimems="1.089" stalltimems="7.424" timestamp="2026-09-06T07:09:24.769" activeThreads="10">
  <mem-info id="711" free="197089792" total="286392320" percent="68">
    <mem type="nursery" free="68859368" total="85065728" percent="80">
      <mem type="allocate" free="68859368" total="76218368" percent="90" />
      <mem type="survivor" free="0" total="8847360" percent="0" />
    </mem>
    <mem type="tenure" free="128230424" total="201326592" percent="63" macro-fragmented="117440512">
      <mem type="soa" free="118163480" total="191259648" percent="61" />
      <mem type="loa" free="10066944" total="10066944" percent="100" />
    </mem>
    <pending-finalizers system="1" default="8" reference="960" classloader="0" />
    <remembered-set count="2383" />
  </mem-info>
</gc-end>
<cycle-end id="712" type="scavenge" contextid="705" timestamp="2026-09-06T07:09:24.769" />
<allocation-satisfied id="713" threadId="00000000016AB800" bytesRequested="64" />
<af-end id="714" timestamp="2026-09-06T07:09:24.770" threadId="00000000016AC2C0" success="true" from="nursery"/>
<exclusive-end id="715" timestamp="2026-09-06T07:09:24.770" durationms="4.720" />

<exclusive-start id="716" timestamp="2026-09-06T07:09:24.822" intervalms="57.552">
  <response-info timems="0.050" idlems="0.033" threads="2" lastid="00000000016E4900" lastname="Build operations Thread 9" />
</exclusive-start>
<af-start id="717" threadId="00000000016AC2C0" totalBytesRequested="25792" timestamp="2026-09-06T07:09:24.822" intervalms="57.549" type="nursery" />
<cycle-start id="718" type="scavenge" contextid="0" timestamp="2026-09-06T07:09:24.823" intervalms="57.542" />
<gc-start id="719" type="scavenge" contextid="718" timestamp="2026-09-06T07:09:24.823">
  <mem-info id="720" free="128230216" total="286392320" percent="44">
    <mem type="nursery" free="0" total="85065728" percent="0">
      <mem type="allocate" free="0" total="76218368" percent="0" />
      <mem type="survivor" free="0" total="8847360" percent="0" />
    </mem>
    <mem type="tenure" free="128230216" total="201326592" percent="63">
      <mem type="soa" free="118163272" total="191259648" percent="61" />
      <mem type="loa" free="10066944" total="10066944" percent="100" />
    </mem>
    <remembered-set count="2415" />
  </mem-info>
</gc-start>
<allocation-stats totalBytes="68737824" discardedBytes="121752" >
  <allocated-bytes non-tlh="678752" tlh="68059072" />
  <largest-consumer threadName="Build operations Thread 5" threadId="0000000001658500" bytes="13831824" />
</allocation-stats>
<gc-op id="721" type="scavenge" timems="2.971" contextid="718" timestamp="2026-09-06T07:09:24.826">
  <scavenger-info tenureage="14" tenuremask="4000" tiltratio="89" />
  <memory-copied type="nursery" objects="186702" bytes="7234056" bytesdiscarded="242184" />
  <finalization candidates="6" enqueued="3" />
  <ownableSynchronizers candidates="4" cleared="0" />
  <references type="soft" candidates="64" cleared="0" enqueued="0" dynamicThreshold="32" maxThreshold="32" />
  <references type="weak" candidates="5926" cleared="0" enqueued="0" />
  <references type="phantom" candidates="1092" cleared="1081" enqueued="1081" />
  <object-monitors candidates="36" cleared="0"  />
</gc-op>
<gc-end id="722" type="scavenge" contextid="718" durationms="3.179" usertimems="20.026" systemtimems="2.550" stalltimems="6.967" timestamp="2026-09-06T07:09:24.826" activeThreads="10">
  <mem-info id="723" free="197299504" total="286392320" percent="68">
    <mem type="nursery" free="69069288" total="85065728" percent="81">
      <mem type="allocate" free="69069288" total="76546048" percent="90" />
      <mem type="survivor" free="0" total="8519680" percent="0" />
    </mem>
    <mem type="tenure" free="128230216" total="201326592" percent="63" macro-fragmented="83886080">
      <mem type="soa" free="118163272" total="191259648" percent="61" />
      <mem type="loa" free="10066944" total="10066944" percent="100" />
    </mem>
    <pending-finalizers system="0" default="3" reference="1081" classloader="0" />
    <remembered-set count="2378" />
  </mem-info>
</gc-end>
<cycle-end id="724" type="scavenge" contextid="718" timestamp="2026-09-06T07:09:24.826" />
<allocation-satisfied id="725" threadId="00000000016AB800" bytesRequested="25792" />
<af-end id="726" timestamp="2026-09-06T07:09:24.826" threadId="00000000016AC2C0" success="true" from="nursery"/>
<exclusive-end id="727" timestamp="2026-09-06T07:09:24.826" durationms="4.012" />

<exclusive-start id="728" timestamp="2026-09-06T07:09:24.890" intervalms="67.464">
  <response-info timems="0.022" idlems="0.022" threads="0" lastid="00000000016AB800" lastname="Build operations Thread 7" />
</exclusive-start>
<af-start id="729" threadId="00000000016AC2C0" totalBytesRequested="1912" timestamp="2026-09-06T07:09:24.890" intervalms="67.472" type="nursery" />
<cycle-start id="730" type="scavenge" contextid="0" timestamp="2026-09-06T07:09:24.890" intervalms="67.485" />
<gc-start id="731" type="scavenge" contextid="730" timestamp="2026-09-06T07:09:24.890">
  <mem-info id="732" free="128230152" total="286392320" percent="44">
    <mem type="nursery" free="0" total="85065728" percent="0">
      <mem type="allocate" free="0" total="76546048" percent="0" />
      <mem type="survivor" free="0" total="8519680" percent="0" />
    </mem>
    <mem type="tenure" free="128230152" total="201326592" percent="63">
      <mem type="soa" free="118163208" total="191259648" percent="61" />
      <mem type="loa" free="10066944" total="10066944" percent="100" />
    </mem>
    <remembered-set count="2404" />
  </mem-info>
</gc-start>
<allocation-stats totalBytes="69040560" discardedBytes="28792" >
  <allocated-bytes non-tlh="25856" tlh="69014704" />
  <largest-consumer threadName="Build operations Thread 7" threadId="00000000016AB800" bytes="23134848" />
</allocation-stats>
<gc-op id="733" type="scavenge" timems="3.125" contextid="730" timestamp="2026-09-06T07:09:24.894">
  <scavenger-info tenureage="14" tenuremask="4000" tiltratio="89" />
  <memory-copied type="nursery" objects="182757" bytes="6868640" bytesdiscarded="191168" />
  <finalization candidates="3" enqueued="2" />
  <ownableSynchronizers candidates="4" cleared="0" />
  <references type="soft" candidates="64" cleared="0" enqueued="0" dynamicThreshold="32" maxThreshold="32" />
  <references type="weak" candidates="6724" cleared="0" enqueued="0" />
  <references type="phantom" candidates="1017" cleared="1011" enqueued="1011" />
  <object-monitors candidates="36" cleared="0"  />
</gc-op>
<gc-end id="734" type="scavenge" contextid="730" durationms="3.328" usertimems="21.959" systemtimems="0.000" stalltimems="7.210" timestamp="2026-09-06T07:09:24.894" activeThreads="10">
  <mem-info id="735" free="197715944" total="286392320" percent="69">
    <mem type="nursery" free="69485792" total="85065728" percent="81">
      <mem type="allocate" free="69485792" total="76546048" percent="90" />
      <mem type="survivor" free="0" total="8519680" percent="0" />
    </mem>
    <mem type="tenure" free="128230152" total="201326592" percent="63" macro-fragmented="83886080">
      <mem type="soa" free="118163208" total="191259648" percent="61" />
      <mem type="loa" free="10066944" total="10066944" percent="100" />
    </mem>
    <pending-finalizers system="0" default="2" reference="1011" classloader="0" />
    <remembered-set count="2364" />
  </mem-info>
</gc-end>
<cycle-end id="736" type="scavenge" contextid="730" timestamp="2026-09-06T07:09:24.894" />
<allocation-satisfied id="737" threadId="00000000016AB800" bytesRequested="1912" />
<af-end id="738" timestamp="2026-09-06T07:09:24.894" threadId="00000000016AC2C0" success="true" from="nursery"/>
<exclusive-end id="739" timestamp="2026-09-06T07:09:24.894" durationms="4.170" />

<exclusive-start id="740" timestamp="2026-09-06T07:09:25.156" intervalms="266.387">
  <response-info timems="0.035" idlems="0.035" threads="0" lastid="0000000000581000" lastname="Daemon worker" />
</exclusive-start>
<af-start id="741" threadId="0000000000581AC0" totalBytesRequested="16392" timestamp="2026-09-06T07:09:25.156" intervalms="266.394" type="nursery" />
<cycle-start id="742" type="scavenge" contextid="0" timestamp="2026-09-06T07:09:25.156" intervalms="266.386" />
<gc-start id="743" type="scavenge" contextid="742" timestamp="2026-09-06T07:09:25.157">
  <mem-info id="744" free="128186488" total="286392320" percent="44">
    <mem type="nursery" free="0" total="85065728" percent="0">
      <mem type="allocate" free="0" total="76546048" percent="0" />
      <mem type="survivor" free="0" total="8519680" percent="0" />
    </mem>
    <mem type="tenure" free="128186488" total="201326592" percent="63">
      <mem type="soa" free="118119544" total="191259648" percent="61" />
      <mem type="loa" free="10066944" total="10066944" percent="100" />
    </mem>
    <remembered-set count="3519" />
  </mem-info>
</gc-start>
<allocation-stats totalBytes="69453176" discardedBytes="76280" >
  <allocated-bytes non-tlh="337216" tlh="69115960" />
  <largest-consumer threadName="Build operations Thread 7" threadId="00000000016AB800" bytes="50852448" />
</allocation-stats>
<gc-op id="745" type="scavenge" timems="3.529" contextid="742" timestamp="2026-09-06T07:09:25.160">
  <scavenger-info tenureage="14" tenuremask="4000" tiltratio="89" />
  <memory-copied type="nursery" objects="188781" bytes="6847928" bytesdiscarded="156824" />
  <finalization candidates="82" enqueued="82" />
  <ownableSynchronizers candidates="154" cleared="139" />
  <references type="soft" candidates="67" cleared="0" enqueued="0" dynamicThreshold="32" maxThreshold="32" />
  <references type="weak" candidates="7970" cleared="159" enqueued="159" />
  <references type="phantom" candidates="1078" cleared="1069" enqueued="1069" />
  <object-monitors candidates="36" cleared="0"  />
</gc-op>
<gc-end id="746" type="scavenge" contextid="742" durationms="3.981" usertimems="23.751" systemtimems="1.414" stalltimems="8.511" timestamp="2026-09-06T07:09:25.161" activeThreads="10">
  <mem-info id="747" free="197726184" total="286392320" percent="69">
    <mem type="nursery" free="69539696" total="85065728" percent="81">
      <mem type="allocate" free="69539696" total="76546048" percent="90" />
      <mem type="survivor" free="0" total="8519680" percent="0" />
    </mem>
    <mem type="tenure" free="128186488" total="201326592" percent="63" macro-fragmented="83886080">
      <mem type="soa" free="118119544" total="191259648" percent="61" />
      <mem type="loa" free="10066944" total="10066944" percent="100" />
    </mem>
    <pending-finalizers system="81" default="1" reference="1228" classloader="0" />
    <remembered-set count="3336" />
  </mem-info>
</gc-end>
<cycle-end id="748" type="scavenge" contextid="742" timestamp="2026-09-06T07:09:25.161" />
<allocation-satisfied id="749" threadId="0000000000581000" bytesRequested="16392" />
<af-end id="750" timestamp="2026-09-06T07:09:25.161" threadId="0000000000581AC0" success="true" from="nursery"/>
<exclusive-end id="751" timestamp="2026-09-06T07:09:25.161" durationms="4.822" />

<exclusive-start id="752" timestamp="2026-09-06T07:12:33.609" intervalms="188451.747">
  <response-info timems="0.140" idlems="0.140" threads="0" lastid="00000000001A7100" lastname="VM Runtime State Listener" />
</exclusive-start>
<sys-start reason="vm idle" id="753" timestamp="2026-09-06T07:12:33.613" intervalms="312013.341" />
<cycle-start id="754" type="global" contextid="0" timestamp="2026-09-06T07:12:33.614" intervalms="312014.601" />
<gc-start id="755" type="global" contextid="754" timestamp="2026-09-06T07:12:33.615">
  <mem-info id="756" free="189738376" total="286392320" percent="66">
    <mem type="nursery" free="61592960" total="85065728" percent="72">
      <mem type="allocate" free="61592960" total="76546048" percent="80" />
      <mem type="survivor" free="0" total="8519680" percent="0" />
    </mem>
    <mem type="tenure" free="128145416" total="201326592" percent="63">
      <mem type="soa" free="118078472" total="191259648" percent="61" />
      <mem type="loa" free="10066944" total="10066944" percent="100" />
    </mem>
    <remembered-set count="5190" />
  </mem-info>
</gc-start>
<allocation-stats totalBytes="7925216" discardedBytes="62592" >
  <allocated-bytes non-tlh="492128" tlh="7433088" />
  <largest-consumer threadName="Memory manager" threadId="00000000016E2900" bytes="983752" />
</allocation-stats>
<gc-op id="757" type="mark" timems="63.042" contextid="754" timestamp="2026-09-06T07:12:33.680">
  <trace-info objectcount="1233444" scancount="1067250" scanbytes="35235292" />
  <finalization candidates="1237" enqueued="171" />
  <ownableSynchronizers candidates="4643" cleared="218" />
  <references type="soft" candidates="26858" cleared="0" enqueued="0" dynamicThreshold="32" maxThreshold="32" />
  <references type="weak" candidates="27606" cleared="1478" enqueued="1458" />
  <references type="phantom" candidates="2070" cleared="7" enqueued="7" />
  <stringconstants candidates="53881" cleared="1673"  />
  <object-monitors candidates="37" cleared="9"  />
</gc-op>
<gc-op id="758" type="classunload" timems="3.939" contextid="754" timestamp="2026-09-06T07:12:33.684">
  <classunload-info classloadercandidates="25" classloadersunloaded="11" classesunloaded="9" anonymousclassesunloaded="1" quiescems="0.000" setupms="3.279" scanms="0.460" postms="0.199" />
</gc-op>
<gc-op id="759" type="sweep" timems="7.364" contextid="754" timestamp="2026-09-06T07:12:33.691" />
<gc-end id="760" type="global" contextid="754" durationms="91.370" usertimems="206.209" systemtimems="19.292" stalltimems="68.743" timestamp="2026-09-06T07:12:33.707" activeThreads="10">
  <mem-info id="761" free="213306888" total="286392320" percent="74">
    <mem type="nursery" free="70944144" total="85065728" percent="83">
      <mem type="allocate" free="70944144" total="76546048" percent="92" />
      <mem type="survivor" free="0" total="8519680" percent="0" />
    </mem>
    <mem type="tenure" free="142362744" total="201326592" percent="70" micro-fragmented="1589164" macro-fragmented="0">
      <mem type="soa" free="132295800" total="191259648" percent="69" />
      <mem type="loa" free="10066944" total="10066944" percent="100" />
    </mem>
    <pending-finalizers system="170" default="1" reference="1465" classloader="0" />
    <remembered-set count="3750" />
  </mem-info>
</gc-end>
<cycle-end id="762" type="global" contextid="754" timestamp="2026-09-06T07:12:33.707" />
<heap-fixup timems="9.227" reason="class unloading"  timestamp="2026-09-06T07:12:33.707" />
<sys-end id="763" timestamp="2026-09-06T07:12:33.707" />
<exclusive-end id="764" timestamp="2026-09-06T07:12:33.707" durationms="98.560" />

<heap-resize id="765" type="release free pages" space="tenure" amount="139726848" count="1" timems="0.693" reason="idle" timestamp="2026-09-06T07:12:33.708" />
<exclusive-start id="766" timestamp="2026-09-06T07:45:31.445" intervalms="1977873.152">
  <response-info timems="0.025" idlems="0.025" threads="0" lastid="0000000001494000" lastname="Execution worker Thread 7" />
</exclusive-start>
<af-start id="767" threadId="0000000001494AC0" totalBytesRequested="40" timestamp="2026-09-06T07:45:31.445" intervalms="2166325.123" type="nursery" />
<cycle-start id="768" type="scavenge" contextid="0" timestamp="2026-09-06T07:45:31.446" intervalms="2166325.290" />
<gc-start id="769" type="scavenge" contextid="768" timestamp="2026-09-06T07:45:31.446">
  <mem-info id="770" free="142311896" total="286392320" percent="49">
    <mem type="nursery" free="0" total="85065728" percent="0">
      <mem type="allocate" free="0" total="76546048" percent="0" />
      <mem type="survivor" free="0" total="8519680" percent="0" />
    </mem>
    <mem type="tenure" free="142311896" total="201326592" percent="70">
      <mem type="soa" free="132244952" total="191259648" percent="69" />
      <mem type="loa" free="10066944" total="10066944" percent="100" />
    </mem>
    <remembered-set count="6233" />
  </mem-info>
</gc-start>
<allocation-stats totalBytes="70785496" discardedBytes="197256" >
  <allocated-bytes non-tlh="1529048" tlh="69256448" />
  <largest-consumer threadName="Daemon worker Thread 2" threadId="000000000195EB00" bytes="13647552" />
</allocation-stats>
<gc-op id="771" type="scavenge" timems="7.439" contextid="768" timestamp="2026-09-06T07:45:31.454">
  <scavenger-info tenureage="14" tenuremask="4000" tiltratio="89" />
  <memory-copied type="nursery" objects="204235" bytes="8498912" bytesdiscarded="1440" />
  <memory-copied type="tenure" objects="93506" bytes="3204960" bytesdiscarded="12432" />
  <copy-failed type="nursery" objects="93513" bytes="3210040" />
  <finalization candidates="172" enqueued="156" />
  <ownableSynchronizers candidates="10328" cleared="9948" />
  <references type="soft" candidates="58" cleared="0" enqueued="0" dynamicThreshold="22" maxThreshold="32" />
  <references type="weak" candidates="4635" cleared="97" enqueued="29" />
  <references type="phantom" candidates="3271" cleared="3084" enqueued="3084" />
  <object-monitors candidates="29" cleared="0"  />
</gc-op>
<gc-end id="772" type="scavenge" contextid="768" durationms="16.146" usertimems="56.178" systemtimems="8.278" stalltimems="6.473" timestamp="2026-09-06T07:45:31.462" activeThreads="10">
  <mem-info id="773" free="196534760" total="286392320" percent="68">
    <mem type="nursery" free="57606144" total="85065728" percent="67">
      <mem type="allocate" free="57606144" total="66125824" percent="87" />
      <mem type="survivor" free="0" total="18939904" percent="0" />
    </mem>
    <mem type="tenure" free="138928616" total="201326592" percent="69" macro-fragmented="67108864">
      <mem type="soa" free="128861672" total="191259648" percent="67" />
      <mem type="loa" free="10066944" total="10066944" percent="100" />
    </mem>
    <pending-finalizers system="155" default="1" reference="3113" classloader="0" />
    <remembered-set count="39065" />
  </mem-info>
</gc-end>
<cycle-end id="774" type="scavenge" contextid="768" timestamp="2026-09-06T07:45:31.463" />
<allocation-satisfied id="775" threadId="0000000001494000" bytesRequested="40" />
<af-end id="776" timestamp="2026-09-06T07:45:31.463" threadId="0000000001494AC0" success="true" from="nursery"/>
<exclusive-end id="777" timestamp="2026-09-06T07:45:31.463" durationms="17.630" />

<exclusive-start id="778" timestamp="2026-09-06T07:45:39.925" intervalms="8480.193">
  <response-info timems="0.024" idlems="0.024" threads="0" lastid="000000000148EC00" lastname="Execution worker" />
</exclusive-start>
<af-start id="779" threadId="000000000148F6C0" totalBytesRequested="112" timestamp="2026-09-06T07:45:39.925" intervalms="8479.963" type="nursery" />
<cycle-start id="780" type="scavenge" contextid="0" timestamp="2026-09-06T07:45:39.925" intervalms="8479.775" />
<gc-start id="781" type="scavenge" contextid="780" timestamp="2026-09-06T07:45:39.926">
  <mem-info id="782" free="138925152" total="286392320" percent="48">
    <mem type="nursery" free="0" total="85065728" percent="0">
      <mem type="allocate" free="0" total="66125824" percent="0" />
      <mem type="survivor" free="0" total="18939904" percent="0" />
    </mem>
    <mem type="tenure" free="138925152" total="201326592" percent="69">
      <mem type="soa" free="128858208" total="191259648" percent="67" />
      <mem type="loa" free="10066944" total="10066944" percent="100" />
    </mem>
    <remembered-set count="39459" />
  </mem-info>
</gc-start>
<allocation-stats totalBytes="57494864" discardedBytes="114744" >
  <allocated-bytes non-tlh="1100248" tlh="56394616" />
  <largest-consumer threadName="Daemon worker Thread 2" threadId="000000000195EB00" bytes="14077600" />
</allocation-stats>
<gc-op id="783" type="scavenge" timems="4.992" contextid="780" timestamp="2026-09-06T07:45:39.931">
  <scavenger-info tenureage="5" tenuremask="4020" tiltratio="77" />
  <memory-copied type="nursery" objects="274303" bytes="9815560" bytesdiscarded="163920" />
  <memory-copied type="tenure" objects="8270" bytes="277368" bytesdiscarded="640" />
  <finalization candidates="54" enqueued="47" />
  <ownableSynchronizers candidates="1492" cleared="865" />
  <references type="soft" candidates="53" cleared="0" enqueued="0" dynamicThreshold="22" maxThreshold="32" />
  <references type="weak" candidates="3496" cleared="48" enqueued="38" />
  <references type="phantom" candidates="3167" cleared="3125" enqueued="3125" />
  <object-monitors candidates="31" cleared="1"  />
</gc-op>
<gc-end id="784" type="scavenge" contextid="780" durationms="5.529" usertimems="35.645" systemtimems="2.611" stalltimems="9.976" timestamp="2026-09-06T07:45:39.931" activeThreads="10">
  <mem-info id="785" free="195770048" total="286392320" percent="68">
    <mem type="nursery" free="57230312" total="85065728" percent="67">
      <mem type="allocate" free="57230312" total="67239936" percent="85" />
      <mem type="survivor" free="0" total="17825792" percent="0" />
    </mem>
    <mem type="tenure" free="138539736" total="201326592" percent="68" macro-fragmented="67108864">
      <mem type="soa" free="128472792" total="191259648" percent="67" />
      <mem type="loa" free="10066944" total="10066944" percent="100" />
    </mem>
    <pending-finalizers system="9" default="38" reference="3163" classloader="0" />
    <remembered-set count="38808" />
  </mem-info>
</gc-end>
<cycle-end id="786" type="scavenge" contextid="780" timestamp="2026-09-06T07:45:39.931" />
<allocation-satisfied id="787" threadId="000000000148EC00" bytesRequested="112" />
<af-end id="788" timestamp="2026-09-06T07:45:39.932" threadId="000000000148F6C0" success="true" from="nursery"/>
<exclusive-end id="789" timestamp="2026-09-06T07:45:39.932" durationms="6.358" />

