<?xml version="1.0" ?>

<verbosegc xmlns="http://www.ibm.com/j9/verbosegc" version="6426f03fa_CMPRSS">

<initialized id="1" timestamp="2026-09-06T07:07:12.826">
  <attribute name="gcPolicy" value="-Xgcpolicy:gencon" />
  <attribute name="maxHeapSize" value="0x7bf80000" />
  <attribute name="initialHeapSize" value="0x800000" />
  <attribute name="compressedRefs" value="true" />
  <attribute name="compressedRefsDisplacement" value="0x0" />
  <attribute name="compressedRefsShift" value="0x3" />
  <attribute name="pageSize" value="0x1000" />
  <attribute name="pageType" value="not used" />
  <attribute name="requestedPageSize" value="0x1000" />
  <attribute name="requestedPageType" value="not used" />
  <attribute name="gcthreads" value="10" />
  <attribute name="gcthreads Concurrent Mark" value="1" />
  <attribute name="packetListSplit" value="2" />
  <attribute name="cacheListSplit" value="2" />
  <attribute name="splitFreeListSplitAmount" value="2" />
  <attribute name="numaNodes" value="0" />
  <system>
    <attribute name="physicalMemory" value="8319504384" />
    <attribute name="addressablePhysicalMemory" value="8319504384" />
    <attribute name="container memory limit set" value="false" />
    <attribute name="numCPUs" value="10" />
    <attribute name="numCPUs active" value="10" />
    <attribute name="architecture" value="amd64" />
    <attribute name="os" value="Linux" />
    <attribute name="osVersion" value="7.0.12-linuxkit" />
  </system>
  <vmargs>
    <vmarg name="-Xoptionsfile=/opt/java/openjdk/lib/options.default" />
    <vmarg name="-Xlockword:mode=default,noLockword=java/lang/String,noLockword=java/util/MapEntry,noLockword=java/util/HashMap$Entry,noLockword..." />
    <vmarg name="-XX:+EnsureHashed:java/lang/Class,java/lang/Thread" />
    <vmarg name="-Dcom.ibm.oti.vm.bootstrap.library.path=/opt/java/openjdk/lib/default:/opt/java/openjdk/lib" />
    <vmarg name="-Dsun.boot.library.path=/opt/java/openjdk/lib/default:/opt/java/openjdk/lib" />
    <vmarg name="-Djava.library.path=/opt/java/openjdk/lib/default:/opt/java/openjdk/lib:/usr/lib64:/usr/lib" />
    <vmarg name="-Djava.home=/opt/java/openjdk" />
    <vmarg name="-Duser.dir=/opt/ibm/wlp/output/defaultServer" />
    <vmarg name="-XX:+IgnoreUnrecognizedVMOptions" />
    <vmarg name="-XX:+PortableSharedCache" />
    <vmarg name="-XX:+IdleTuningGcOnIdle" />
    <vmarg name="-Xshareclasses:name=openj9_system_scc,cacheDir=/opt/java/.scc,readonly,nonFatal" />
    <vmarg name="-Xverbosegclog:/liberty/logs/verbosegc.%seq.log,10,1024" />
    <vmarg name="-Djdk.nativePBKDF2=true" />
    <vmarg name="-XX:+IgnoreUnrecognizedVMOptions" />
    <vmarg name="-XX:+IdleTuningGcOnIdle" />
    <vmarg name="-Xshareclasses:name=openj9_system_scc,cacheDir=/opt/java/.scc,readonly,nonFatal" />
    <vmarg name="-Dosgi.checkConfiguration=false" />
    <vmarg name="-Djdk.nativePBKDF2=true" />
    <vmarg name="-XX:+IgnoreUnrecognizedVMOptions" />
    <vmarg name="-XX:+IdleTuningGcOnIdle" />
    <vmarg name="-Xshareclasses:name=openj9_system_scc,cacheDir=/opt/java/.scc,readonly,nonFatal" />
    <vmarg name="-Dosgi.checkConfiguration=false" />
    <vmarg name="-javaagent:/opt/ibm/wlp/bin/tools/ws-javaagent.jar" />
    <vmarg name="-Djava.awt.headless=true" />
    <vmarg name="-Djdk.attach.allowAttachSelf=true" />
    <vmarg name="--module-path=/opt/ibm/zosconnect/lib/icu4j-71.1.jar:/opt/ibm/zosconnect/lib/icu4j-charset-71.1.jar" />
    <vmarg name="--add-modules=ALL-MODULE-PATH" />
    <vmarg name="--add-exports=java.naming/com.sun.jndi.ldap=ALL-UNNAMED" />
    <vmarg name="--add-exports=java.naming/com.sun.jndi.url.ldap=ALL-UNNAMED" />
    <vmarg name="--add-exports=jdk.naming.dns/com.sun.jndi.dns=ALL-UNNAMED" />
    <vmarg name="--add-exports=jdk.naming.dns/com.sun.jndi.url.dns=ALL-UNNAMED" />
    <vmarg name="--add-exports=java.security.jgss/sun.security.krb5.internal=ALL-UNNAMED" />
    <vmarg name="--add-exports=jdk.attach/sun.tools.attach=ALL-UNNAMED" />
    <vmarg name="--add-opens=java.base/java.util=ALL-UNNAMED" />
    <vmarg name="--add-opens=java.base/java.lang=ALL-UNNAMED" />
    <vmarg name="--add-opens=java.base/java.util.concurrent=ALL-UNNAMED" />
    <vmarg name="--add-opens=java.base/java.io=ALL-UNNAMED" />
    <vmarg name="--add-opens=java.base/java.nio=ALL-UNNAMED" />
    <vmarg name="--add-opens=java.base/sun.nio.ch=ALL-UNNAMED" />
    <vmarg name="--add-opens=java.naming/javax.naming.spi=ALL-UNNAMED" />
    <vmarg name="--add-opens=java.naming/com.sun.naming.internal=ALL-UNNAMED" />
    <vmarg name="--add-opens=jdk.naming.rmi/com.sun.jndi.url.rmi=ALL-UNNAMED" />
    <vmarg name="--add-opens=java.naming/javax.naming=ALL-UNNAMED" />
    <vmarg name="--add-opens=java.rmi/java.rmi=ALL-UNNAMED" />
    <vmarg name="--add-opens=java.sql/java.sql=ALL-UNNAMED" />
    <vmarg name="--add-opens=java.management/javax.management=ALL-UNNAMED" />
    <vmarg name="--add-opens=java.base/java.lang.reflect=ALL-UNNAMED" />
    <vmarg name="--add-opens=java.desktop/java.awt.image=ALL-UNNAMED" />
    <vmarg name="--add-opens=java.base/java.security=ALL-UNNAMED" />
    <vmarg name="--add-opens=java.base/java.net=ALL-UNNAMED" />
    <vmarg name="--add-opens=java.base/java.text=ALL-UNNAMED" />
    <vmarg name="--add-opens=java.base/sun.net.www.protocol.https=ALL-UNNAMED" />
    <vmarg name="--add-exports=jdk.management.agent/jdk.internal.agent=ALL-UNNAMED" />
    <vmarg name="--add-exports=java.base/jdk.internal.vm=ALL-UNNAMED" />
    <vmarg name="-Djava.class.path=/opt/ibm/wlp/bin/tools/ws-server.jar" />
    <vmarg name="-Dsun.java.command=/opt/ibm/wlp/bin/tools/ws-server.jar defaultServer --clean" />
    <vmarg name="-Dsun.java.launcher=SUN_STANDARD" />
  </vmargs>
</initialized>

<exclusive-start id="2" timestamp="2026-09-06T07:07:13.024" intervalms="196.862">
  <response-info timems="0.007" idlems="0.007" threads="0" lastid="0000000000019700" lastname="(unnamed thread)" />
</exclusive-start>
<af-start id="3" threadId="000000000001A1C0" totalBytesRequested="4104" timestamp="2026-09-06T07:07:13.026" intervalms="200.102" type="nursery" />
<cycle-start id="4" type="scavenge" contextid="0" timestamp="2026-09-06T07:07:13.028" intervalms="201.326" />
<gc-start id="5" type="scavenge" contextid="4" timestamp="2026-09-06T07:07:13.028">
  <mem-info id="6" free="6052432" total="8388608" percent="72">
    <mem type="nursery" free="0" total="2097152" percent="0">
      <mem type="allocate" free="0" total="1048576" percent="0" />
      <mem type="survivor" free="0" total="1048576" percent="0" />
    </mem>
    <mem type="tenure" free="6052432" total="6291456" percent="96">
      <mem type="soa" free="5737040" total="5976064" percent="96" />
      <mem type="loa" free="315392" total="315392" percent="100" />
    </mem>
    <remembered-set count="3320" />
  </mem-info>
</gc-start>
<allocation-stats totalBytes="1255824" discardedBytes="31776" >
  <allocated-bytes non-tlh="255416" tlh="1000408" />
  <largest-consumer threadName="(unnamed thread)" threadId="0000000000019700" bytes="1255824" />
</allocation-stats>
<gc-op id="7" type="scavenge" timems="4.274" contextid="4" timestamp="2026-09-06T07:07:13.033">
  <scavenger-info tenureage="2" tenuremask="fffc" tiltratio="50" />
  <memory-copied type="nursery" objects="6114" bytes="271744" bytesdiscarded="6656" />
  <finalization candidates="177" enqueued="119" />
  <ownableSynchronizers candidates="1" cleared="1" />
  <references type="soft" candidates="17" cleared="0" enqueued="0" dynamicThreshold="32" maxThreshold="32" />
  <references type="weak" candidates="80" cleared="8" enqueued="8" />
  <references type="phantom" candidates="4" cleared="0" enqueued="0" />
  <object-monitors candidates="1" cleared="0"  />
</gc-op>
<gc-end id="8" type="scavenge" contextid="4" durationms="5.844" usertimems="5.830" systemtimems="0.000" stalltimems="0.060" timestamp="2026-09-06T07:07:13.034" activeThreads="1">
  <mem-info id="9" free="6821960" total="8388608" percent="81">
    <mem type="nursery" free="769528" total="2097152" percent="36">
      <mem type="allocate" free="769528" total="1048576" percent="73" />
      <mem type="survivor" free="0" total="1048576" percent="0" />
    </mem>
    <mem type="tenure" free="6052432" total="6291456" percent="96">
      <mem type="soa" free="5737040" total="5976064" percent="96" />
      <mem type="loa" free="315392" total="315392" percent="100" />
    </mem>
    <pending-finalizers system="119" default="0" reference="8" classloader="0" />
    <remembered-set count="3320" />
  </mem-info>
</gc-end>
<cycle-end id="10" type="scavenge" contextid="4" timestamp="2026-09-06T07:07:13.035" />
<allocation-satisfied id="11" threadId="0000000000019700" bytesRequested="4104" />
<af-end id="12" timestamp="2026-09-06T07:07:13.035" threadId="000000000001A1C0" success="true" from="nursery"/>
<exclusive-end id="13" timestamp="2026-09-06T07:07:13.035" durationms="12.210" />

<exclusive-start id="14" timestamp="2026-09-06T07:07:13.056" intervalms="33.674">
  <response-info timems="0.012" idlems="0.012" threads="0" lastid="0000000000019700" lastname="(unnamed thread)" />
</exclusive-start>
<af-start id="15" threadId="000000000001A1C0" totalBytesRequested="482192" timestamp="2026-09-06T07:07:13.056" intervalms="30.503" type="nursery" />
<cycle-start id="16" type="scavenge" contextid="0" timestamp="2026-09-06T07:07:13.057" intervalms="29.335" />
<gc-start id="17" type="scavenge" contextid="16" timestamp="2026-09-06T07:07:13.057">
  <mem-info id="18" free="6125048" total="8388608" percent="73">
    <mem type="nursery" free="85488" total="2097152" percent="4">
      <mem type="allocate" free="85488" total="1048576" percent="8" />
      <mem type="survivor" free="0" total="1048576" percent="0" />
    </mem>
    <mem type="tenure" free="6039560" total="6291456" percent="95">
      <mem type="soa" free="5724168" total="5976064" percent="95" />
      <mem type="loa" free="315392" total="315392" percent="100" />
    </mem>
    <pending-finalizers system="119" default="0" reference="8" classloader="0" />
    <remembered-set count="3457" />
  </mem-info>
</gc-start>
<allocation-stats totalBytes="695360" discardedBytes="1552" >
  <allocated-bytes non-tlh="16976" tlh="678384" />
  <largest-consumer threadName="(unnamed thread)" threadId="0000000000019700" bytes="695360" />
</allocation-stats>
<gc-op id="19" type="scavenge" timems="1.892" contextid="16" timestamp="2026-09-06T07:07:13.059">
  <scavenger-info tenureage="6" tenuremask="7fc0" tiltratio="50" />
  <memory-copied type="nursery" objects="6754" bytes="294392" bytesdiscarded="116408" />
  <finalization candidates="177" enqueued="87" />
  <references type="soft" candidates="25" cleared="0" enqueued="0" dynamicThreshold="32" maxThreshold="32" />
  <references type="weak" candidates="113" cleared="11" enqueued="11" />
  <references type="phantom" candidates="6" cleared="0" enqueued="0" />
  <object-monitors candidates="1" cleared="0"  />
</gc-op>
<gc-end id="20" type="scavenge" contextid="16" durationms="2.500" usertimems="3.253" systemtimems="0.054" stalltimems="0.000" timestamp="2026-09-06T07:07:13.060" activeThreads="1">
  <mem-info id="21" free="6676728" total="8388608" percent="79">
    <mem type="nursery" free="637168" total="2097152" percent="30">
      <mem type="allocate" free="637168" total="1048576" percent="60" />
      <mem type="survivor" free="0" total="1048576" percent="0" />
    </mem>
    <mem type="tenure" free="6039560" total="6291456" percent="95">
      <mem type="soa" free="5724168" total="5976064" percent="95" />
      <mem type="loa" free="315392" total="315392" percent="100" />
    </mem>
    <pending-finalizers system="206" default="0" reference="19" classloader="0" />
    <remembered-set count="3457" />
  </mem-info>
</gc-end>
<cycle-end id="22" type="scavenge" contextid="16" timestamp="2026-09-06T07:07:13.060" />
<allocation-satisfied id="23" threadId="0000000000019700" bytesRequested="482192" />
<af-end id="24" timestamp="2026-09-06T07:07:13.060" threadId="000000000001A1C0" success="true" from="nursery"/>
<exclusive-end id="25" timestamp="2026-09-06T07:07:13.060" durationms="3.775" />

<exclusive-start id="26" timestamp="2026-09-06T07:07:13.127" intervalms="70.603">
  <response-info timems="0.007" idlems="0.007" threads="0" lastid="0000000000019700" lastname="(unnamed thread)" />
</exclusive-start>
<af-start id="27" threadId="000000000001A1C0" totalBytesRequested="16392" timestamp="2026-09-06T07:07:13.127" intervalms="70.649" type="nursery" />
<cycle-start id="28" type="scavenge" contextid="0" timestamp="2026-09-06T07:07:13.127" intervalms="70.664" />
<gc-start id="29" type="scavenge" contextid="28" timestamp="2026-09-06T07:07:13.127">
  <mem-info id="30" free="6031536" total="8388608" percent="71">
    <mem type="nursery" free="0" total="2097152" percent="0">
      <mem type="allocate" free="0" total="1048576" percent="0" />
      <mem type="survivor" free="0" total="1048576" percent="0" />
    </mem>
    <mem type="tenure" free="6031536" total="6291456" percent="95">
      <mem type="soa" free="5716144" total="5976064" percent="95" />
      <mem type="loa" free="315392" total="315392" percent="100" />
    </mem>
    <pending-finalizers system="206" default="0" reference="19" classloader="0" />
    <remembered-set count="3564" />
  </mem-info>
</gc-start>
<allocation-stats totalBytes="630688" discardedBytes="14504" >
  <allocated-bytes non-tlh="553944" tlh="76744" />
  <largest-consumer threadName="(unnamed thread)" threadId="0000000000019700" bytes="630688" />
</allocation-stats>
<gc-op id="31" type="scavenge" timems="4.132" contextid="28" timestamp="2026-09-06T07:07:13.132">
  <scavenger-info tenureage="2" tenuremask="7fc4" tiltratio="50" />
  <memory-copied type="nursery" objects="1007" bytes="597048" bytesdiscarded="16392" />
  <memory-copied type="tenure" objects="6088" bytes="270872" bytesdiscarded="16" />
  <finalization candidates="99" enqueued="6" />
  <ownableSynchronizers candidates="1" cleared="1" />
  <references type="soft" candidates="10" cleared="0" enqueued="0" dynamicThreshold="32" maxThreshold="32" />
  <references type="weak" candidates="40" cleared="0" enqueued="0" />
  <references type="phantom" candidates="9" cleared="0" enqueued="0" />
  <object-monitors candidates="1" cleared="0"  />
</gc-op>
<heap-resize id="32" type="expand" space="nursery" amount="131072" count="1" timems="0.350" reason="excessive time being spent scavenging" timestamp="2026-09-06T07:07:13.132" />
<gc-end id="33" type="scavenge" contextid="28" durationms="4.897" usertimems="4.683" systemtimems="1.283" stalltimems="0.000" timestamp="2026-09-06T07:07:13.132" activeThreads="1">
  <mem-info id="34" free="6236688" total="8519680" percent="73">
    <mem type="nursery" free="500592" total="2228224" percent="22">
      <mem type="allocate" free="500592" total="1114112" percent="44" />
      <mem type="survivor" free="0" total="1114112" percent="0" />
    </mem>
    <mem type="tenure" free="5736096" total="6291456" percent="91">
      <mem type="soa" free="5420704" total="5976064" percent="90" />
      <mem type="loa" free="315392" total="315392" percent="100" />
    </mem>
    <pending-finalizers system="212" default="0" reference="19" classloader="0" />
    <remembered-set count="306" />
  </mem-info>
</gc-end>
<cycle-end id="35" type="scavenge" contextid="28" timestamp="2026-09-06T07:07:13.132" />
<allocation-satisfied id="36" threadId="0000000000019700" bytesRequested="16392" />
<af-end id="37" timestamp="2026-09-06T07:07:13.132" threadId="000000000001A1C0" success="true" from="nursery"/>
<exclusive-end id="38" timestamp="2026-09-06T07:07:13.132" durationms="5.304" />

<exclusive-start id="39" timestamp="2026-09-06T07:07:13.150" intervalms="23.403">
  <response-info timems="0.017" idlems="0.017" threads="0" lastid="0000000000019700" lastname="(unnamed thread)" />
</exclusive-start>
<af-start id="40" threadId="000000000001A1C0" totalBytesRequested="16392" timestamp="2026-09-06T07:07:13.151" intervalms="23.378" type="nursery" />
<cycle-start id="41" type="scavenge" contextid="0" timestamp="2026-09-06T07:07:13.151" intervalms="23.362" />
<gc-start id="42" type="scavenge" contextid="41" timestamp="2026-09-06T07:07:13.151">
  <mem-info id="43" free="5727032" total="8519680" percent="67">
    <mem type="nursery" free="0" total="2228224" percent="0">
      <mem type="allocate" free="0" total="1114112" percent="0" />
      <mem type="survivor" free="0" total="1114112" percent="0" />
    </mem>
    <mem type="tenure" free="5727032" total="6291456" percent="91">
      <mem type="soa" free="5411640" total="5976064" percent="90" />
      <mem type="loa" free="315392" total="315392" percent="100" />
    </mem>
    <pending-finalizers system="212" default="0" reference="19" classloader="0" />
    <remembered-set count="428" />
  </mem-info>
</gc-start>
<allocation-stats totalBytes="484448" discardedBytes="25208" >
  <allocated-bytes non-tlh="25456" tlh="458992" />
  <largest-consumer threadName="(unnamed thread)" threadId="0000000000019700" bytes="484448" />
</allocation-stats>
<gc-op id="44" type="scavenge" timems="0.530" contextid="41" timestamp="2026-09-06T07:07:13.152">
  <scavenger-info tenureage="5" tenuremask="7fe0" tiltratio="50" />
  <memory-copied type="nursery" objects="1585" bytes="619288" bytesdiscarded="125472" />
  <finalization candidates="131" enqueued="61" />
  <references type="soft" candidates="22" cleared="0" enqueued="0" dynamicThreshold="32" maxThreshold="32" />
  <references type="weak" candidates="89" cleared="5" enqueued="5" />
  <references type="phantom" candidates="9" cleared="0" enqueued="0" />
  <object-monitors candidates="1" cleared="0"  />
</gc-op>
<gc-end id="45" type="scavenge" contextid="41" durationms="0.674" usertimems="0.594" systemtimems="0.000" stalltimems="0.000" timestamp="2026-09-06T07:07:13.152" activeThreads="1">
  <mem-info id="46" free="6096296" total="8519680" percent="71">
    <mem type="nursery" free="369264" total="2228224" percent="16">
      <mem type="allocate" free="369264" total="1114112" percent="33" />
      <mem type="survivor" free="0" total="1114112" percent="0" />
    </mem>
    <mem type="tenure" free="5727032" total="6291456" percent="91">
      <mem type="soa" free="5411640" total="5976064" percent="90" />
      <mem type="loa" free="315392" total="315392" percent="100" />
    </mem>
    <pending-finalizers system="273" default="0" reference="24" classloader="0" />
    <remembered-set count="326" />
  </mem-info>
</gc-end>
<cycle-end id="47" type="scavenge" contextid="41" timestamp="2026-09-06T07:07:13.152" />
<allocation-satisfied id="48" threadId="0000000000019700" bytesRequested="16392" />
<af-end id="49" timestamp="2026-09-06T07:07:13.152" threadId="000000000001A1C0" success="true" from="nursery"/>
<exclusive-end id="50" timestamp="2026-09-06T07:07:13.152" durationms="1.544" />

<exclusive-start id="51" timestamp="2026-09-06T07:07:13.169" intervalms="18.276">
  <response-info timems="0.039" idlems="0.031" threads="1" lastid="0000000000021100" lastname="JIT Compilation Thread-001" />
</exclusive-start>
<af-start id="52" threadId="000000000001A1C0" totalBytesRequested="64" timestamp="2026-09-06T07:07:13.169" intervalms="18.278" type="nursery" />
<cycle-start id="53" type="scavenge" contextid="0" timestamp="2026-09-06T07:07:13.169" intervalms="18.281" />
<gc-start id="54" type="scavenge" contextid="53" timestamp="2026-09-06T07:07:13.169">
  <mem-info id="55" free="5724368" total="8519680" percent="67">
    <mem type="nursery" free="0" total="2228224" percent="0">
      <mem type="allocate" free="0" total="1114112" percent="0" />
      <mem type="survivor" free="0" total="1114112" percent="0" />
    </mem>
    <mem type="tenure" free="5724368" total="6291456" percent="90">
      <mem type="soa" free="5408976" total="5976064" percent="90" />
      <mem type="loa" free="315392" total="315392" percent="100" />
    </mem>
    <pending-finalizers system="273" default="0" reference="24" classloader="0" />
    <remembered-set count="362" />
  </mem-info>
</gc-start>
<allocation-stats totalBytes="370720" discardedBytes="1208" >
  <allocated-bytes non-tlh="19056" tlh="351664" />
  <largest-consumer threadName="(unnamed thread)" threadId="0000000000019700" bytes="370720" />
</allocation-stats>
<gc-op id="56" type="scavenge" timems="0.480" contextid="53" timestamp="2026-09-06T07:07:13.169">
  <scavenger-info tenureage="2" tenuremask="fff4" tiltratio="50" />
  <memory-copied type="nursery" objects="2131" bytes="79568" bytesdiscarded="51640" />
  <memory-copied type="tenure" objects="312" bytes="568448" bytesdiscarded="0" />
  <finalization candidates="127" enqueued="40" />
  <references type="soft" candidates="22" cleared="0" enqueued="0" dynamicThreshold="32" maxThreshold="32" />
  <references type="weak" candidates="101" cleared="8" enqueued="8" />
  <references type="phantom" candidates="2" cleared="0" enqueued="0" />
  <object-monitors candidates="1" cleared="0"  />
</gc-op>
<gc-end id="57" type="scavenge" contextid="53" durationms="0.631" usertimems="0.883" systemtimems="0.142" stalltimems="0.000" timestamp="2026-09-06T07:07:13.170" activeThreads="1">
  <mem-info id="58" free="6161232" total="8519680" percent="72">
    <mem type="nursery" free="982784" total="2228224" percent="44">
      <mem type="allocate" free="982784" total="1114112" percent="88" />
      <mem type="survivor" free="0" total="1114112" percent="0" />
    </mem>
    <mem type="tenure" free="5178448" total="6291456" percent="82">
      <mem type="soa" free="4863056" total="5976064" percent="81" />
      <mem type="loa" free="315392" total="315392" percent="100" />
    </mem>
    <pending-finalizers system="313" default="0" reference="32" classloader="0" />
    <remembered-set count="263" />
  </mem-info>
</gc-end>
<cycle-end id="59" type="scavenge" contextid="53" timestamp="2026-09-06T07:07:13.170" />
<allocation-satisfied id="60" threadId="0000000000019700" bytesRequested="64" />
<af-end id="61" timestamp="2026-09-06T07:07:13.170" threadId="000000000001A1C0" success="true" from="nursery"/>
<exclusive-end id="62" timestamp="2026-09-06T07:07:13.170" durationms="0.985" />

<exclusive-start id="63" timestamp="2026-09-06T07:07:13.211" intervalms="41.997">
  <response-info timems="0.011" idlems="0.011" threads="0" lastid="0000000000019700" lastname="(unnamed thread)" />
</exclusive-start>
<af-start id="64" threadId="000000000001A1C0" totalBytesRequested="16392" timestamp="2026-09-06T07:07:13.211" intervalms="42.025" type="nursery" />
<cycle-start id="65" type="scavenge" contextid="0" timestamp="2026-09-06T07:07:13.211" intervalms="42.032" />
<gc-start id="66" type="scavenge" contextid="65" timestamp="2026-09-06T07:07:13.211">
  <mem-info id="67" free="5178448" total="8519680" percent="60">
    <mem type="nursery" free="0" total="2228224" percent="0">
      <mem type="allocate" free="0" total="1114112" percent="0" />
      <mem type="survivor" free="0" total="1114112" percent="0" />
    </mem>
    <mem type="tenure" free="5178448" total="6291456" percent="82">
      <mem type="soa" free="4863056" total="5976064" percent="81" />
      <mem type="loa" free="315392" total="315392" percent="100" />
    </mem>
    <pending-finalizers system="313" default="0" reference="32" classloader="0" />
    <remembered-set count="263" />
  </mem-info>
</gc-start>
<allocation-stats totalBytes="976344" discardedBytes="6440" >
  <allocated-bytes non-tlh="64" tlh="976280" />
  <largest-consumer threadName="(unnamed thread)" threadId="0000000000019700" bytes="976344" />
</allocation-stats>
<gc-op id="68" type="scavenge" timems="0.714" contextid="65" timestamp="2026-09-06T07:07:13.212">
  <scavenger-info tenureage="4" tenuremask="fff0" tiltratio="50" />
  <memory-copied type="nursery" objects="5463" bytes="205848" bytesdiscarded="56768" />
  <memory-copied type="tenure" objects="654" bytes="23000" bytesdiscarded="312" />
  <finalization candidates="84" enqueued="0" />
  <references type="soft" candidates="14" cleared="0" enqueued="0" dynamicThreshold="32" maxThreshold="32" />
  <references type="weak" candidates="63" cleared="0" enqueued="0" />
  <object-monitors candidates="1" cleared="0"  />
</gc-op>
<gc-end id="69" type="scavenge" contextid="65" durationms="0.912" usertimems="1.829" systemtimems="0.000" stalltimems="0.000" timestamp="2026-09-06T07:07:13.212" activeThreads="1">
  <mem-info id="70" free="5964112" total="8519680" percent="70">
    <mem type="nursery" free="916992" total="2228224" percent="41">
      <mem type="allocate" free="916992" total="1179648" percent="77" />
      <mem type="survivor" free="0" total="1048576" percent="0" />
    </mem>
    <mem type="tenure" free="5047120" total="6291456" percent="80">
      <mem type="soa" free="4731728" total="5976064" percent="79" />
      <mem type="loa" free="315392" total="315392" percent="100" />
    </mem>
    <pending-finalizers system="313" default="0" reference="32" classloader="0" />
    <remembered-set count="113" />
  </mem-info>
</gc-end>
<cycle-end id="71" type="scavenge" contextid="65" timestamp="2026-09-06T07:07:13.212" />
<allocation-satisfied id="72" threadId="0000000000019700" bytesRequested="16392" />
<af-end id="73" timestamp="2026-09-06T07:07:13.212" threadId="000000000001A1C0" success="true" from="nursery"/>
<exclusive-end id="74" timestamp="2026-09-06T07:07:13.212" durationms="1.269" />

<exclusive-start id="75" timestamp="2026-09-06T07:07:13.265" intervalms="54.577">
  <response-info timems="0.009" idlems="0.009" threads="0" lastid="0000000000019700" lastname="(unnamed thread)" />
</exclusive-start>
<af-start id="76" threadId="000000000001A1C0" totalBytesRequested="32" timestamp="2026-09-06T07:07:13.265" intervalms="54.558" type="nursery" />
<cycle-start id="77" type="scavenge" contextid="0" timestamp="2026-09-06T07:07:13.265" intervalms="54.554" />
<gc-start id="78" type="scavenge" contextid="77" timestamp="2026-09-06T07:07:13.266">
  <mem-info id="79" free="5044328" total="8519680" percent="59">
    <mem type="nursery" free="0" total="2228224" percent="0">
      <mem type="allocate" free="0" total="1179648" percent="0" />
      <mem type="survivor" free="0" total="1048576" percent="0" />
    </mem>
    <mem type="tenure" free="5044328" total="6291456" percent="80">
      <mem type="soa" free="4728936" total="5976064" percent="79" />
      <mem type="loa" free="315392" total="315392" percent="100" />
    </mem>
    <pending-finalizers system="313" default="0" reference="32" classloader="0" />
    <remembered-set count="152" />
  </mem-info>
</gc-start>
<allocation-stats totalBytes="919472" discardedBytes="312" >
  <allocated-bytes non-tlh="19184" tlh="900288" />
  <largest-consumer threadName="(unnamed thread)" threadId="0000000000019700" bytes="919472" />
</allocation-stats>
<gc-op id="80" type="scavenge" timems="0.372" contextid="77" timestamp="2026-09-06T07:07:13.266">
  <scavenger-info tenureage="3" tenuremask="fff8" tiltratio="52" />
  <memory-copied type="nursery" objects="883" bytes="67200" bytesdiscarded="64064" />
  <memory-copied type="tenure" objects="589" bytes="22832" bytesdiscarded="0" />
  <finalization candidates="88" enqueued="27" />
  <references type="soft" candidates="4" cleared="0" enqueued="0" dynamicThreshold="32" maxThreshold="32" />
  <references type="weak" candidates="30" cleared="5" enqueued="5" />
  <references type="phantom" candidates="3" cleared="0" enqueued="0" />
  <object-monitors candidates="1" cleared="0"  />
</gc-op>
<gc-end id="81" type="scavenge" contextid="77" durationms="0.549" usertimems="0.431" systemtimems="0.052" stalltimems="0.000" timestamp="2026-09-06T07:07:13.266" activeThreads="1">
  <mem-info id="82" free="6223720" total="8519680" percent="73">
    <mem type="nursery" free="1179392" total="2228224" percent="52">
      <mem type="allocate" free="1179392" total="1310720" percent="89" />
      <mem type="survivor" free="0" total="917504" percent="0" />
    </mem>
    <mem type="tenure" free="5044328" total="6291456" percent="80">
      <mem type="soa" free="4728936" total="5976064" percent="79" />
      <mem type="loa" free="315392" total="315392" percent="100" />
    </mem>
    <pending-finalizers system="340" default="0" reference="37" classloader="0" />
    <remembered-set count="88" />
  </mem-info>
</gc-end>
<cycle-end id="83" type="scavenge" contextid="77" timestamp="2026-09-06T07:07:13.266" />
<allocation-satisfied id="84" threadId="0000000000019700" bytesRequested="32" />
<af-end id="85" timestamp="2026-09-06T07:07:13.266" threadId="000000000001A1C0" success="true" from="nursery"/>
<exclusive-end id="86" timestamp="2026-09-06T07:07:13.266" durationms="0.899" />

<exclusive-start id="87" timestamp="2026-09-06T07:07:13.283" intervalms="17.705">
  <response-info timems="0.010" idlems="0.010" threads="0" lastid="0000000000019700" lastname="(unnamed thread)" />
</exclusive-start>
<af-start id="88" threadId="000000000001A1C0" totalBytesRequested="24" timestamp="2026-09-06T07:07:13.283" intervalms="17.686" type="nursery" />
<cycle-start id="89" type="scavenge" contextid="0" timestamp="2026-09-06T07:07:13.283" intervalms="17.683" />
<gc-start id="90" type="scavenge" contextid="89" timestamp="2026-09-06T07:07:13.283">
  <mem-info id="91" free="5034720" total="8519680" percent="59">
    <mem type="nursery" free="0" total="2228224" percent="0">
      <mem type="allocate" free="0" total="1310720" percent="0" />
      <mem type="survivor" free="0" total="917504" percent="0" />
    </mem>
    <mem type="tenure" free="5034720" total="6291456" percent="80">
      <mem type="soa" free="4719328" total="5976064" percent="78" />
      <mem type="loa" free="315392" total="315392" percent="100" />
    </mem>
    <pending-finalizers system="340" default="0" reference="37" classloader="0" />
    <remembered-set count="345" />
  </mem-info>
</gc-start>
<allocation-stats totalBytes="1187840" discardedBytes="1160" >
  <allocated-bytes non-tlh="9640" tlh="1178200" />
  <largest-consumer threadName="(unnamed thread)" threadId="0000000000019700" bytes="1187840" />
</allocation-stats>
<gc-op id="92" type="scavenge" timems="0.257" contextid="89" timestamp="2026-09-06T07:07:13.284">
  <scavenger-info tenureage="5" tenuremask="ffe0" tiltratio="58" />
  <memory-copied type="nursery" objects="2595" bytes="83032" bytesdiscarded="48160" />
  <finalization candidates="161" enqueued="93" />
  <references type="soft" candidates="12" cleared="0" enqueued="0" dynamicThreshold="32" maxThreshold="32" />
  <references type="weak" candidates="67" cleared="13" enqueued="13" />
  <object-monitors candidates="1" cleared="0"  />
</gc-op>
<gc-end id="93" type="scavenge" contextid="89" durationms="0.369" usertimems="1.311" systemtimems="0.000" stalltimems="0.000" timestamp="2026-09-06T07:07:13.284" activeThreads="1">
  <mem-info id="94" free="6410720" total="8519680" percent="75">
    <mem type="nursery" free="1376000" total="2228224" percent="61">
      <mem type="allocate" free="1376000" total="1507328" percent="91" />
      <mem type="survivor" free="0" total="720896" percent="0" />
    </mem>
    <mem type="tenure" free="5034720" total="6291456" percent="80">
      <mem type="soa" free="4719328" total="5976064" percent="78" />
      <mem type="loa" free="315392" total="315392" percent="100" />
    </mem>
    <pending-finalizers system="433" default="0" reference="50" classloader="0" />
    <remembered-set count="338" />
  </mem-info>
</gc-end>
<cycle-end id="95" type="scavenge" contextid="89" timestamp="2026-09-06T07:07:13.284" />
<allocation-satisfied id="96" threadId="0000000000019700" bytesRequested="24" />
<af-end id="97" timestamp="2026-09-06T07:07:13.284" threadId="000000000001A1C0" success="true" from="nursery"/>
<exclusive-end id="98" timestamp="2026-09-06T07:07:13.284" durationms="0.712" />

<exclusive-start id="99" timestamp="2026-09-06T07:07:13.338" intervalms="55.306">
  <response-info timems="0.011" idlems="0.011" threads="0" lastid="000000000024A900" lastname="Attach API initializer" />
</exclusive-start>
<af-start id="100" threadId="000000000024B3C0" totalBytesRequested="4104" timestamp="2026-09-06T07:07:13.338" intervalms="55.326" type="nursery" />
<cycle-start id="101" type="scavenge" contextid="0" timestamp="2026-09-06T07:07:13.338" intervalms="55.342" />
<gc-start id="102" type="scavenge" contextid="101" timestamp="2026-09-06T07:07:13.339">
  <mem-info id="103" free="4995472" total="8519680" percent="58">
    <mem type="nursery" free="0" total="2228224" percent="0">
      <mem type="allocate" free="0" total="1507328" percent="0" />
      <mem type="survivor" free="0" total="720896" percent="0" />
    </mem>
    <mem type="tenure" free="4995472" total="6291456" percent="79">
      <mem type="soa" free="4680080" total="5976064" percent="78" />
      <mem type="loa" free="315392" total="315392" percent="100" />
    </mem>
    <remembered-set count="978" />
  </mem-info>
</gc-start>
<allocation-stats totalBytes="1398896" discardedBytes="16352" >
  <allocated-bytes non-tlh="39272" tlh="1359624" />
  <largest-consumer threadName="main" threadId="0000000000019700" bytes="1336720" />
</allocation-stats>
<gc-op id="104" type="scavenge" timems="0.558" contextid="101" timestamp="2026-09-06T07:07:13.339">
  <scavenger-info tenureage="3" tenuremask="fff8" tiltratio="67" />
  <memory-copied type="nursery" objects="7259" bytes="292208" bytesdiscarded="53224" />
  <memory-copied type="tenure" objects="179" bytes="6168" bytesdiscarded="0" />
  <finalization candidates="185" enqueued="77" />
  <ownableSynchronizers candidates="4" cleared="3" />
  <references type="soft" candidates="34" cleared="0" enqueued="0" dynamicThreshold="32" maxThreshold="32" />
  <references type="weak" candidates="131" cleared="60" enqueued="60" />
  <references type="phantom" candidates="11" cleared="0" enqueued="0" />
  <object-monitors candidates="1" cleared="0"  />
</gc-op>
<gc-end id="105" type="scavenge" contextid="101" durationms="0.702" usertimems="0.946" systemtimems="0.107" stalltimems="0.191" timestamp="2026-09-06T07:07:13.339" activeThreads="2">
  <mem-info id="106" free="6070408" total="8519680" percent="71">
    <mem type="nursery" free="1095672" total="2228224" percent="49">
      <mem type="allocate" free="1095672" total="1441792" percent="75" />
      <mem type="survivor" free="0" total="786432" percent="0" />
    </mem>
    <mem type="tenure" free="4974736" total="6291456" percent="79">
      <mem type="soa" free="4659344" total="5976064" percent="77" />
      <mem type="loa" free="315392" total="315392" percent="100" />
    </mem>
    <pending-finalizers system="77" default="0" reference="60" classloader="0" />
    <remembered-set count="928" />
  </mem-info>
</gc-end>
<cycle-end id="107" type="scavenge" contextid="101" timestamp="2026-09-06T07:07:13.339" />
<allocation-satisfied id="108" threadId="000000000024A900" bytesRequested="4104" />
<af-end id="109" timestamp="2026-09-06T07:07:13.339" threadId="000000000024B3C0" success="true" from="nursery"/>
<exclusive-end id="110" timestamp="2026-09-06T07:07:13.339" durationms="1.045" />

<exclusive-start id="111" timestamp="2026-09-06T07:07:13.357" intervalms="18.876">
  <response-info timems="0.016" idlems="0.016" threads="0" lastid="0000000000019700" lastname="main" />
</exclusive-start>
<af-start id="112" threadId="000000000001A1C0" totalBytesRequested="15368" timestamp="2026-09-06T07:07:13.357" intervalms="18.849" type="nursery" />
<cycle-start id="113" type="scavenge" contextid="0" timestamp="2026-09-06T07:07:13.357" intervalms="18.849" />
<gc-start id="114" type="scavenge" contextid="113" timestamp="2026-09-06T07:07:13.357">
  <mem-info id="115" free="4929536" total="8519680" percent="57">
    <mem type="nursery" free="0" total="2228224" percent="0">
      <mem type="allocate" free="0" total="1441792" percent="0" />
      <mem type="survivor" free="0" total="786432" percent="0" />
    </mem>
    <mem type="tenure" free="4929536" total="6291456" percent="78">
      <mem type="soa" free="4614144" total="5976064" percent="77" />
      <mem type="loa" free="315392" total="315392" percent="100" />
    </mem>
    <remembered-set count="1754" />
  </mem-info>
</gc-start>
<allocation-stats totalBytes="1102432" discardedBytes="38440" >
  <allocated-bytes non-tlh="49304" tlh="1053128" />
  <largest-consumer threadName="main" threadId="0000000000019700" bytes="1051216" />
</allocation-stats>
<gc-op id="116" type="scavenge" timems="0.580" contextid="113" timestamp="2026-09-06T07:07:13.358">
  <scavenger-info tenureage="4" tenuremask="ffd0" tiltratio="64" />
  <memory-copied type="nursery" objects="8656" bytes="357264" bytesdiscarded="41880" />
  <finalization candidates="147" enqueued="35" />
  <ownableSynchronizers candidates="2" cleared="0" />
  <references type="soft" candidates="53" cleared="0" enqueued="0" dynamicThreshold="32" maxThreshold="32" />
  <references type="weak" candidates="201" cleared="120" enqueued="120" />
  <references type="phantom" candidates="10" cleared="0" enqueued="0" />
  <object-monitors candidates="1" cleared="0"  />
</gc-op>
<gc-end id="117" type="scavenge" contextid="113" durationms="0.810" usertimems="2.033" systemtimems="0.000" stalltimems="0.276" timestamp="2026-09-06T07:07:13.358" activeThreads="2">
  <mem-info id="118" free="6168056" total="8519680" percent="72">
    <mem type="nursery" free="1238520" total="2228224" percent="55">
      <mem type="allocate" free="1238520" total="1638400" percent="75" />
      <mem type="survivor" free="0" total="589824" percent="0" />
    </mem>
    <mem type="tenure" free="4929536" total="6291456" percent="78">
      <mem type="soa" free="4614144" total="5976064" percent="77" />
      <mem type="loa" free="315392" total="315392" percent="100" />
    </mem>
    <pending-finalizers system="35" default="0" reference="120" classloader="0" />
    <remembered-set count="1670" />
  </mem-info>
</gc-end>
<cycle-end id="119" type="scavenge" contextid="113" timestamp="2026-09-06T07:07:13.358" />
<allocation-satisfied id="120" threadId="0000000000019700" bytesRequested="15368" />
<af-end id="121" timestamp="2026-09-06T07:07:13.358" threadId="000000000001A1C0" success="true" from="nursery"/>
<exclusive-end id="122" timestamp="2026-09-06T07:07:13.358" durationms="1.129" />

<exclusive-start id="123" timestamp="2026-09-06T07:07:13.427" intervalms="69.625">
  <response-info timems="0.010" idlems="0.010" threads="0" lastid="0000000000019700" lastname="main" />
</exclusive-start>
<af-start id="124" threadId="000000000001A1C0" totalBytesRequested="4944" timestamp="2026-09-06T07:07:13.427" intervalms="69.644" type="nursery" />
<cycle-start id="125" type="scavenge" contextid="0" timestamp="2026-09-06T07:07:13.427" intervalms="69.643" />
<gc-start id="126" type="scavenge" contextid="125" timestamp="2026-09-06T07:07:13.427">
  <mem-info id="127" free="4865168" total="8519680" percent="57">
    <mem type="nursery" free="0" total="2228224" percent="0">
      <mem type="allocate" free="0" total="1638400" percent="0" />
      <mem type="survivor" free="0" total="589824" percent="0" />
    </mem>
    <mem type="tenure" free="4865168" total="6291456" percent="77">
      <mem type="soa" free="4549776" total="5976064" percent="76" />
      <mem type="loa" free="315392" total="315392" percent="100" />
    </mem>
    <remembered-set count="2726" />
  </mem-info>
</gc-start>
<allocation-stats totalBytes="1294600" discardedBytes="8288" >
  <allocated-bytes non-tlh="79736" tlh="1214864" />
  <largest-consumer threadName="main" threadId="0000000000019700" bytes="1294600" />
</allocation-stats>
<gc-op id="128" type="scavenge" timems="0.736" contextid="125" timestamp="2026-09-06T07:07:13.428">
  <scavenger-info tenureage="3" tenuremask="fff8" tiltratio="73" />
  <memory-copied type="nursery" objects="11099" bytes="533648" bytesdiscarded="55432" />
  <memory-copied type="tenure" objects="2575" bytes="77776" bytesdiscarded="56" />
  <copy-failed type="nursery" objects="432" bytes="12976" />
  <finalization candidates="207" enqueued="57" />
  <ownableSynchronizers candidates="5" cleared="2" />
  <references type="soft" candidates="99" cleared="0" enqueued="0" dynamicThreshold="32" maxThreshold="32" />
  <references type="weak" candidates="121" cleared="42" enqueued="42" />
  <references type="phantom" candidates="12" cleared="0" enqueued="0" />
  <object-monitors candidates="1" cleared="0"  />
</gc-op>
<gc-end id="129" type="scavenge" contextid="125" durationms="0.867" usertimems="3.234" systemtimems="0.030" stalltimems="0.167" timestamp="2026-09-06T07:07:13.428" activeThreads="2">
  <mem-info id="130" free="5548688" total="8519680" percent="65">
    <mem type="nursery" free="786432" total="2228224" percent="35">
      <mem type="allocate" free="786432" total="1376256" percent="57" />
      <mem type="survivor" free="0" total="851968" percent="0" />
    </mem>
    <mem type="tenure" free="4762256" total="6291456" percent="75">
      <mem type="soa" free="4446864" total="5976064" percent="74" />
      <mem type="loa" free="315392" total="315392" percent="100" />
    </mem>
    <pending-finalizers system="57" default="0" reference="42" classloader="0" />
    <remembered-set count="2298" />
  </mem-info>
</gc-end>
<cycle-end id="131" type="scavenge" contextid="125" timestamp="2026-09-06T07:07:13.428" />
<allocation-satisfied id="132" threadId="0000000000019700" bytesRequested="4944" />
<af-end id="133" timestamp="2026-09-06T07:07:13.428" threadId="000000000001A1C0" success="true" from="nursery"/>
<exclusive-end id="134" timestamp="2026-09-06T07:07:13.428" durationms="1.230" />

<exclusive-start id="135" timestamp="2026-09-06T07:07:13.447" intervalms="19.779">
  <response-info timems="0.023" idlems="0.023" threads="0" lastid="0000000000019700" lastname="main" />
</exclusive-start>
<af-start id="136" threadId="000000000001A1C0" totalBytesRequested="482192" timestamp="2026-09-06T07:07:13.447" intervalms="19.778" type="nursery" />
<cycle-start id="137" type="scavenge" contextid="0" timestamp="2026-09-06T07:07:13.447" intervalms="19.776" />
<gc-start id="138" type="scavenge" contextid="137" timestamp="2026-09-06T07:07:13.447">
  <mem-info id="139" free="4618816" total="8519680" percent="54">
    <mem type="nursery" free="0" total="2228224" percent="0">
      <mem type="allocate" free="0" total="1376256" percent="0" />
      <mem type="survivor" free="0" total="851968" percent="0" />
    </mem>
    <mem type="tenure" free="4618816" total="6291456" percent="73">
      <mem type="soa" free="4303424" total="5976064" percent="72" />
      <mem type="loa" free="315392" total="315392" percent="100" />
    </mem>
    <remembered-set count="4620" />
  </mem-info>
</gc-start>
<allocation-stats totalBytes="922696" discardedBytes="7176" >
  <allocated-bytes non-tlh="148384" tlh="774312" />
  <largest-consumer threadName="main" threadId="0000000000019700" bytes="922696" />
</allocation-stats>
<gc-op id="140" type="scavenge" timems="0.768" contextid="137" timestamp="2026-09-06T07:07:13.448">
  <scavenger-info tenureage="3" tenuremask="ffc8" tiltratio="61" />
  <memory-copied type="nursery" objects="13026" bytes="634344" bytesdiscarded="179056" />
  <memory-copied type="tenure" objects="4776" bytes="214472" bytesdiscarded="64" />
  <finalization candidates="178" enqueued="47" />
  <ownableSynchronizers candidates="5" cleared="0" />
  <references type="soft" candidates="102" cleared="0" enqueued="0" dynamicThreshold="32" maxThreshold="32" />
  <references type="weak" candidates="93" cleared="11" enqueued="11" />
  <references type="phantom" candidates="8" cleared="0" enqueued="0" />
  <object-monitors candidates="1" cleared="0"  />
</gc-op>
<gc-end id="141" type="scavenge" contextid="137" durationms="0.875" usertimems="1.785" systemtimems="0.207" stalltimems="0.434" timestamp="2026-09-06T07:07:13.448" activeThreads="3">
  <mem-info id="142" free="4897184" total="8519680" percent="57">
    <mem type="nursery" free="562280" total="2228224" percent="25">
      <mem type="allocate" free="562280" total="1376256" percent="40" />
      <mem type="survivor" free="0" total="851968" percent="0" />
    </mem>
    <mem type="tenure" free="4334904" total="6291456" percent="68">
      <mem type="soa" free="4019512" total="5976064" percent="67" />
      <mem type="loa" free="315392" total="315392" percent="100" />
    </mem>
    <pending-finalizers system="47" default="0" reference="11" classloader="0" />
    <remembered-set count="3619" />
  </mem-info>
</gc-end>
<cycle-end id="143" type="scavenge" contextid="137" timestamp="2026-09-06T07:07:13.448" />
<allocation-satisfied id="144" threadId="0000000000019700" bytesRequested="482192" />
<af-end id="145" timestamp="2026-09-06T07:07:13.448" threadId="000000000001A1C0" success="true" from="nursery"/>
<exclusive-end id="146" timestamp="2026-09-06T07:07:13.448" durationms="1.210" />

<exclusive-start id="147" timestamp="2026-09-06T07:07:13.448" intervalms="1.312">
  <response-info timems="0.015" idlems="0.015" threads="0" lastid="0000000000019700" lastname="main" />
</exclusive-start>
<af-start id="148" threadId="000000000001A1C0" totalBytesRequested="63728" timestamp="2026-09-06T07:07:13.448" intervalms="1.262" type="nursery" />
<cycle-start id="149" type="scavenge" contextid="0" timestamp="2026-09-06T07:07:13.448" intervalms="1.226" />
<gc-start id="150" type="scavenge" contextid="149" timestamp="2026-09-06T07:07:13.448">
  <mem-info id="151" free="4414992" total="8519680" percent="51">
    <mem type="nursery" free="80088" total="2228224" percent="3">
      <mem type="allocate" free="80088" total="1376256" percent="5" />
      <mem type="survivor" free="0" total="851968" percent="0" />
    </mem>
    <mem type="tenure" free="4334904" total="6291456" percent="68">
      <mem type="soa" free="4019512" total="5976064" percent="67" />
      <mem type="loa" free="315392" total="315392" percent="100" />
    </mem>
    <pending-finalizers system="47" default="0" reference="3" classloader="0" />
    <remembered-set count="3620" />
  </mem-info>
</gc-start>
<allocation-stats totalBytes="482192" discardedBytes="0" >
  <allocated-bytes non-tlh="482192" tlh="0" />
  <largest-consumer threadName="main" threadId="0000000000019700" bytes="482192" />
</allocation-stats>
<gc-op id="152" type="scavenge" timems="0.627" contextid="149" timestamp="2026-09-06T07:07:13.449">
  <scavenger-info tenureage="3" tenuremask="7fe8" tiltratio="61" />
  <memory-copied type="nursery" objects="5058" bytes="851736" bytesdiscarded="80" />
  <memory-copied type="tenure" objects="7959" bytes="264520" bytesdiscarded="176" />
  <copy-failed type="nursery" objects="6724" bytes="221208" />
  <finalization candidates="91" enqueued="0" />
  <ownableSynchronizers candidates="4" cleared="0" />
  <references type="soft" candidates="57" cleared="0" enqueued="0" dynamicThreshold="32" maxThreshold="32" />
  <references type="weak" candidates="70" cleared="0" enqueued="0" />
  <references type="phantom" candidates="8" cleared="0" enqueued="0" />
  <object-monitors candidates="1" cleared="0"  />
</gc-op>
<heap-resize id="153" type="expand" space="nursery" amount="524288" count="1" timems="0.016" reason="excessive time being spent scavenging" timestamp="2026-09-06T07:07:13.449" />
<gc-end id="154" type="scavenge" contextid="149" durationms="0.743" usertimems="1.573" systemtimems="0.067" stalltimems="0.920" timestamp="2026-09-06T07:07:13.449" activeThreads="4">
  <mem-info id="155" free="4472624" total="9043968" percent="49">
    <mem type="nursery" free="524288" total="2752512" percent="19">
      <mem type="allocate" free="524288" total="1376256" percent="38" />
      <mem type="survivor" free="0" total="1376256" percent="0" />
    </mem>
    <mem type="tenure" free="3948336" total="6291456" percent="62">
      <mem type="soa" free="3632944" total="5976064" percent="60" />
      <mem type="loa" free="315392" total="315392" percent="100" />
    </mem>
    <pending-finalizers system="47" default="0" reference="3" classloader="0" />
    <remembered-set count="3966" />
  </mem-info>
</gc-end>
<cycle-end id="156" type="scavenge" contextid="149" timestamp="2026-09-06T07:07:13.449" />
<allocation-satisfied id="157" threadId="0000000000019700" bytesRequested="63728" />
<af-end id="158" timestamp="2026-09-06T07:07:13.449" threadId="000000000001A1C0" success="true" from="nursery"/>
<exclusive-end id="159" timestamp="2026-09-06T07:07:13.449" durationms="0.964" />

<exclusive-start id="160" timestamp="2026-09-06T07:07:13.458" intervalms="10.229">
  <response-info timems="0.012" idlems="0.012" threads="0" lastid="0000000000019700" lastname="main" />
</exclusive-start>
<af-start id="161" threadId="000000000001A1C0" totalBytesRequested="64" timestamp="2026-09-06T07:07:13.458" intervalms="10.262" type="nursery" />
<cycle-start id="162" type="scavenge" contextid="0" timestamp="2026-09-06T07:07:13.458" intervalms="10.288" />
<gc-start id="163" type="scavenge" contextid="162" timestamp="2026-09-06T07:07:13.458">
  <mem-info id="164" free="3943104" total="9043968" percent="43">
    <mem type="nursery" free="0" total="2752512" percent="0">
      <mem type="allocate" free="0" total="1376256" percent="0" />
      <mem type="survivor" free="0" total="1376256" percent="0" />
    </mem>
    <mem type="tenure" free="3943104" total="6291456" percent="62">
      <mem type="soa" free="3627712" total="5976064" percent="60" />
      <mem type="loa" free="315392" total="315392" percent="100" />
    </mem>
    <remembered-set count="4050" />
  </mem-info>
</gc-start>
<allocation-stats totalBytes="528712" discardedBytes="808" >
  <allocated-bytes non-tlh="68960" tlh="459752" />
  <largest-consumer threadName="main" threadId="0000000000019700" bytes="528712" />
</allocation-stats>
<gc-op id="165" type="scavenge" timems="0.440" contextid="162" timestamp="2026-09-06T07:07:13.459">
  <scavenger-info tenureage="2" tenuremask="7ffc" tiltratio="50" />
  <memory-copied type="nursery" objects="1981" bytes="641616" bytesdiscarded="114728" />
  <memory-copied type="tenure" objects="4890" bytes="346016" bytesdiscarded="1144" />
  <finalization candidates="59" enqueued="14" />
  <ownableSynchronizers candidates="3" cleared="0" />
  <references type="soft" candidates="5" cleared="0" enqueued="0" dynamicThreshold="32" maxThreshold="32" />
  <references type="weak" candidates="21" cleared="17" enqueued="17" />
  <references type="phantom" candidates="1" cleared="0" enqueued="0" />
  <object-monitors candidates="1" cleared="0"  />
</gc-op>
<gc-end id="166" type="scavenge" contextid="162" durationms="0.550" usertimems="1.216" systemtimems="0.000" stalltimems="0.575" timestamp="2026-09-06T07:07:13.459" activeThreads="4">
  <mem-info id="167" free="4109120" total="9043968" percent="45">
    <mem type="nursery" free="619904" total="2752512" percent="22">
      <mem type="allocate" free="619904" total="1376256" percent="45" />
      <mem type="survivor" free="0" total="1376256" percent="0" />
    </mem>
    <mem type="tenure" free="3489216" total="6291456" percent="55">
      <mem type="soa" free="3173824" total="5976064" percent="53" />
      <mem type="loa" free="315392" total="315392" percent="100" />
    </mem>
    <pending-finalizers system="14" default="0" reference="17" classloader="0" />
    <remembered-set count="181" />
  </mem-info>
</gc-end>
<cycle-end id="168" type="scavenge" contextid="162" timestamp="2026-09-06T07:07:13.459" />
<allocation-satisfied id="169" threadId="0000000000019700" bytesRequested="64" />
<af-end id="170" timestamp="2026-09-06T07:07:13.459" threadId="000000000001A1C0" success="true" from="nursery"/>
<exclusive-end id="171" timestamp="2026-09-06T07:07:13.459" durationms="0.849" />

<exclusive-start id="172" timestamp="2026-09-06T07:07:13.461" intervalms="2.423">
  <response-info timems="0.018" idlems="0.014" threads="1" lastid="0000000000028B00" lastname="JIT Compilation Thread-003" />
</exclusive-start>
<af-start id="173" threadId="000000000001A1C0" totalBytesRequested="24" timestamp="2026-09-06T07:07:13.461" intervalms="2.402" type="nursery" />
<cycle-start id="174" type="scavenge" contextid="0" timestamp="2026-09-06T07:07:13.461" intervalms="2.386" />
<gc-start id="175" type="scavenge" contextid="174" timestamp="2026-09-06T07:07:13.461">
  <mem-info id="176" free="3488976" total="9043968" percent="38">
    <mem type="nursery" free="0" total="2752512" percent="0">
      <mem type="allocate" free="0" total="1376256" percent="0" />
      <mem type="survivor" free="0" total="1376256" percent="0" />
    </mem>
    <mem type="tenure" free="3488976" total="6291456" percent="55">
      <mem type="soa" free="3173584" total="5976064" percent="53" />
      <mem type="loa" free="315392" total="315392" percent="100" />
    </mem>
    <remembered-set count="186" />
  </mem-info>
</gc-start>
<allocation-stats totalBytes="619928" discardedBytes="216" >
  <allocated-bytes non-tlh="304" tlh="619624" />
  <largest-consumer threadName="main" threadId="0000000000019700" bytes="619928" />
</allocation-stats>
<gc-op id="177" type="scavenge" timems="0.372" contextid="174" timestamp="2026-09-06T07:07:13.461">
  <scavenger-info tenureage="2" tenuremask="7ffc" tiltratio="50" />
  <memory-copied type="nursery" objects="7191" bytes="353152" bytesdiscarded="28272" />
  <memory-copied type="tenure" objects="1" bytes="482192" bytesdiscarded="0" />
  <finalization candidates="6" enqueued="0" />
  <references type="soft" candidates="5" cleared="0" enqueued="0" dynamicThreshold="32" maxThreshold="32" />
  <references type="weak" candidates="6" cleared="2" enqueued="2" />
  <references type="phantom" candidates="1" cleared="0" enqueued="0" />
  <object-monitors candidates="1" cleared="0"  />
</gc-op>
<heap-resize id="178" type="expand" space="nursery" amount="393216" count="1" timems="0.015" reason="excessive time being spent scavenging" timestamp="2026-09-06T07:07:13.461" />
<gc-end id="179" type="scavenge" contextid="174" durationms="0.544" usertimems="0.919" systemtimems="0.000" stalltimems="0.633" timestamp="2026-09-06T07:07:13.461" activeThreads="4">
  <mem-info id="180" free="4198216" total="9437184" percent="44">
    <mem type="nursery" free="1191432" total="3145728" percent="37">
      <mem type="allocate" free="1191432" total="1572864" percent="75" />
      <mem type="survivor" free="0" total="1572864" percent="0" />
    </mem>
    <mem type="tenure" free="3006784" total="6291456" percent="47">
      <mem type="soa" free="2691392" total="5976064" percent="45" />
      <mem type="loa" free="315392" total="315392" percent="100" />
    </mem>
    <pending-finalizers system="0" default="0" reference="2" classloader="0" />
    <remembered-set count="178" />
  </mem-info>
</gc-end>
<cycle-end id="181" type="scavenge" contextid="174" timestamp="2026-09-06T07:07:13.461" />
<allocation-satisfied id="182" threadId="0000000000019700" bytesRequested="24" />
<af-end id="183" timestamp="2026-09-06T07:07:13.461" threadId="000000000001A1C0" success="true" from="nursery"/>
<exclusive-end id="184" timestamp="2026-09-06T07:07:13.461" durationms="0.770" />

<exclusive-start id="185" timestamp="2026-09-06T07:07:13.477" intervalms="16.238">
  <response-info timems="0.009" idlems="0.009" threads="0" lastid="0000000000019700" lastname="main" />
</exclusive-start>
<af-start id="186" threadId="000000000001A1C0" totalBytesRequested="1808" timestamp="2026-09-06T07:07:13.477" intervalms="16.249" type="nursery" />
<cycle-start id="187" type="scavenge" contextid="0" timestamp="2026-09-06T07:07:13.477" intervalms="16.260" />
<gc-start id="188" type="scavenge" contextid="187" timestamp="2026-09-06T07:07:13.477">
  <mem-info id="189" free="2943800" total="9437184" percent="31">
    <mem type="nursery" free="0" total="3145728" percent="0">
      <mem type="allocate" free="0" total="1572864" percent="0" />
      <mem type="survivor" free="0" total="1572864" percent="0" />
    </mem>
    <mem type="tenure" free="2943800" total="6291456" percent="46">
      <mem type="soa" free="2628408" total="5976064" percent="43" />
      <mem type="loa" free="315392" total="315392" percent="100" />
    </mem>
    <remembered-set count="941" />
  </mem-info>
</gc-start>
<allocation-stats totalBytes="1198088" discardedBytes="56328" >
  <allocated-bytes non-tlh="190384" tlh="1007704" />
  <largest-consumer threadName="main" threadId="0000000000019700" bytes="1198088" />
</allocation-stats>
<gc-op id="190" type="scavenge" timems="0.336" contextid="187" timestamp="2026-09-06T07:07:13.477">
  <scavenger-info tenureage="3" tenuremask="7ff8" tiltratio="50" />
  <memory-copied type="nursery" objects="1281" bytes="115912" bytesdiscarded="63720" />
  <finalization candidates="27" enqueued="16" />
  <references type="soft" candidates="11" cleared="0" enqueued="0" dynamicThreshold="32" maxThreshold="32" />
  <references type="weak" candidates="63" cleared="47" enqueued="47" />
  <references type="phantom" candidates="1" cleared="0" enqueued="0" />
  <object-monitors candidates="1" cleared="0"  />
</gc-op>
<gc-end id="191" type="scavenge" contextid="187" durationms="0.451" usertimems="0.537" systemtimems="0.061" stalltimems="0.739" timestamp="2026-09-06T07:07:13.477" activeThreads="4">
  <mem-info id="192" free="4599112" total="9437184" percent="48">
    <mem type="nursery" free="1655312" total="3145728" percent="52">
      <mem type="allocate" free="1655312" total="1835008" percent="90" />
      <mem type="survivor" free="0" total="1310720" percent="0" />
    </mem>
    <mem type="tenure" free="2943800" total="6291456" percent="46">
      <mem type="soa" free="2628408" total="5976064" percent="43" />
      <mem type="loa" free="315392" total="315392" percent="100" />
    </mem>
    <pending-finalizers system="16" default="0" reference="47" classloader="0" />
    <remembered-set count="874" />
  </mem-info>
</gc-end>
<cycle-end id="193" type="scavenge" contextid="187" timestamp="2026-09-06T07:07:13.477" />
<allocation-satisfied id="194" threadId="0000000000019700" bytesRequested="1808" />
<af-end id="195" timestamp="2026-09-06T07:07:13.477" threadId="000000000001A1C0" success="true" from="nursery"/>
<exclusive-end id="196" timestamp="2026-09-06T07:07:13.478" durationms="0.724" />

<exclusive-start id="197" timestamp="2026-09-06T07:07:13.518" intervalms="41.495">
  <response-info timems="0.014" idlems="0.014" threads="0" lastid="0000000000019700" lastname="main" />
</exclusive-start>
<af-start id="198" threadId="000000000001A1C0" totalBytesRequested="16392" timestamp="2026-09-06T07:07:13.518" intervalms="41.536" type="nursery" />
<cycle-start id="199" type="scavenge" contextid="0" timestamp="2026-09-06T07:07:13.518" intervalms="41.547" />
<gc-start id="200" type="scavenge" contextid="199" timestamp="2026-09-06T07:07:13.519">
  <mem-info id="201" free="2872064" total="9437184" percent="30">
    <mem type="nursery" free="0" total="3145728" percent="0">
      <mem type="allocate" free="0" total="1835008" percent="0" />
      <mem type="survivor" free="0" total="1310720" percent="0" />
    </mem>
    <mem type="tenure" free="2872064" total="6291456" percent="45">
      <mem type="soa" free="2556672" total="5976064" percent="42" />
      <mem type="loa" free="315392" total="315392" percent="100" />
    </mem>
    <remembered-set count="1871" />
  </mem-info>
</gc-start>
<allocation-stats totalBytes="1714080" discardedBytes="12968" >
  <allocated-bytes non-tlh="167488" tlh="1546592" />
  <largest-consumer threadName="main" threadId="0000000000019700" bytes="1714080" />
</allocation-stats>
<gc-op id="202" type="scavenge" timems="0.422" contextid="199" timestamp="2026-09-06T07:07:13.519">
  <scavenger-info tenureage="3" tenuremask="7ff8" tiltratio="58" />
  <memory-copied type="nursery" objects="5574" bytes="341520" bytesdiscarded="45360" />
  <memory-copied type="tenure" objects="167" bytes="79816" bytesdiscarded="0" />
  <finalization candidates="172" enqueued="111" />
  <ownableSynchronizers candidates="5" cleared="1" />
  <references type="soft" candidates="379" cleared="0" enqueued="0" dynamicThreshold="32" maxThreshold="32" />
  <references type="weak" candidates="283" cleared="199" enqueued="199" />
  <references type="phantom" candidates="12" cleared="0" enqueued="0" />
  <object-monitors candidates="4" cleared="0"  />
</gc-op>
<gc-end id="203" type="scavenge" contextid="199" durationms="0.564" usertimems="2.789" systemtimems="0.186" stalltimems="0.330" timestamp="2026-09-06T07:07:13.519" activeThreads="3">
  <mem-info id="204" free="4387112" total="9437184" percent="46">
    <mem type="nursery" free="1578776" total="3145728" percent="50">
      <mem type="allocate" free="1578776" total="1966080" percent="80" />
      <mem type="survivor" free="0" total="1179648" percent="0" />
    </mem>
    <mem type="tenure" free="2808336" total="6291456" percent="44">
      <mem type="soa" free="2492944" total="5976064" percent="41" />
      <mem type="loa" free="315392" total="315392" percent="100" />
    </mem>
    <pending-finalizers system="111" default="0" reference="199" classloader="0" />
    <remembered-set count="1829" />
  </mem-info>
</gc-end>
<cycle-end id="205" type="scavenge" contextid="199" timestamp="2026-09-06T07:07:13.519" />
<allocation-satisfied id="206" threadId="0000000000019700" bytesRequested="16392" />
<af-end id="207" timestamp="2026-09-06T07:07:13.519" threadId="000000000001A1C0" success="true" from="nursery"/>
<exclusive-end id="208" timestamp="2026-09-06T07:07:13.519" durationms="0.935" />

<exclusive-start id="209" timestamp="2026-09-06T07:07:13.559" intervalms="40.767">
  <response-info timems="0.010" idlems="0.010" threads="0" lastid="0000000000019700" lastname="main" />
</exclusive-start>
<af-start id="210" threadId="000000000001A1C0" totalBytesRequested="4104" timestamp="2026-09-06T07:07:13.559" intervalms="40.760" type="nursery" />
<cycle-start id="211" type="scavenge" contextid="0" timestamp="2026-09-06T07:07:13.559" intervalms="40.760" />
<gc-start id="212" type="scavenge" contextid="211" timestamp="2026-09-06T07:07:13.559">
  <mem-info id="213" free="2627112" total="9437184" percent="27">
    <mem type="nursery" free="0" total="3145728" percent="0">
      <mem type="allocate" free="0" total="1966080" percent="0" />
      <mem type="survivor" free="0" total="1179648" percent="0" />
    </mem>
    <mem type="tenure" free="2627112" total="6291456" percent="41">
      <mem type="soa" free="2311720" total="5976064" percent="38" />
      <mem type="loa" free="315392" total="315392" percent="100" />
    </mem>
    <remembered-set count="4264" />
  </mem-info>
</gc-start>
<allocation-stats totalBytes="1718152" discardedBytes="41848" >
  <allocated-bytes non-tlh="197616" tlh="1520536" />
  <largest-consumer threadName="main" threadId="0000000000019700" bytes="1714056" />
</allocation-stats>
<gc-op id="214" type="scavenge" timems="0.700" contextid="211" timestamp="2026-09-06T07:07:13.560">
  <scavenger-info tenureage="4" tenuremask="7ff0" tiltratio="62" />
  <memory-copied type="nursery" objects="12449" bytes="649600" bytesdiscarded="77576" />
  <finalization candidates="249" enqueued="142" />
  <ownableSynchronizers candidates="12" cleared="2" />
  <references type="soft" candidates="422" cleared="0" enqueued="0" dynamicThreshold="32" maxThreshold="32" />
  <references type="weak" candidates="365" cleared="187" enqueued="187" />
  <references type="phantom" candidates="15" cleared="1" enqueued="1" />
  <object-monitors candidates="5" cleared="0"  />
</gc-op>
<gc-end id="215" type="scavenge" contextid="211" durationms="0.822" usertimems="2.752" systemtimems="0.000" stalltimems="0.372" timestamp="2026-09-06T07:07:13.560" activeThreads="3">
  <mem-info id="216" free="3930848" total="9437184" percent="41">
    <mem type="nursery" free="1303736" total="3145728" percent="41">
      <mem type="allocate" free="1303736" total="2031616" percent="64" />
      <mem type="survivor" free="0" total="1114112" percent="0" />
    </mem>
    <mem type="tenure" free="2627112" total="6291456" percent="41">
      <mem type="soa" free="2311720" total="5976064" percent="38" />
      <mem type="loa" free="315392" total="315392" percent="100" />
    </mem>
    <pending-finalizers system="142" default="0" reference="188" classloader="0" />
    <remembered-set count="3529" />
  </mem-info>
</gc-end>
<cycle-end id="217" type="scavenge" contextid="211" timestamp="2026-09-06T07:07:13.560" />
<allocation-satisfied id="218" threadId="0000000000019700" bytesRequested="4104" />
<af-end id="219" timestamp="2026-09-06T07:07:13.560" threadId="000000000001A1C0" success="true" from="nursery"/>
<exclusive-end id="220" timestamp="2026-09-06T07:07:13.560" durationms="1.163" />

<exclusive-start id="221" timestamp="2026-09-06T07:07:13.586" intervalms="27.445">
  <response-info timems="0.012" idlems="0.012" threads="0" lastid="0000000000019700" lastname="main" />
</exclusive-start>
<af-start id="222" threadId="000000000001A1C0" totalBytesRequested="16392" timestamp="2026-09-06T07:07:13.587" intervalms="27.425" type="nursery" />
<cycle-start id="223" type="scavenge" contextid="0" timestamp="2026-09-06T07:07:13.587" intervalms="27.440" />
<gc-start id="224" type="scavenge" contextid="223" timestamp="2026-09-06T07:07:13.587">
  <mem-info id="225" free="2594992" total="9437184" percent="27">
    <mem type="nursery" free="0" total="3145728" percent="0">
      <mem type="allocate" free="0" total="2031616" percent="0" />
      <mem type="survivor" free="0" total="1114112" percent="0" />
    </mem>
    <mem type="tenure" free="2594992" total="6291456" percent="41">
      <mem type="soa" free="2279600" total="5976064" percent="38" />
      <mem type="loa" free="315392" total="315392" percent="100" />
    </mem>
    <remembered-set count="4174" />
  </mem-info>
</gc-start>
<allocation-stats totalBytes="1317680" discardedBytes="18176" >
  <allocated-bytes non-tlh="36224" tlh="1281456" />
  <largest-consumer threadName="main" threadId="0000000000019700" bytes="1313584" />
</allocation-stats>
<gc-op id="226" type="scavenge" timems="0.789" contextid="223" timestamp="2026-09-06T07:07:13.588">
  <scavenger-info tenureage="3" tenuremask="7ff8" tiltratio="64" />
  <memory-copied type="nursery" objects="20763" bytes="944408" bytesdiscarded="169040" />
  <memory-copied type="tenure" objects="933" bytes="35984" bytesdiscarded="16" />
  <copy-failed type="nursery" objects="2" bytes="6472" />
  <finalization candidates="144" enqueued="29" />
  <ownableSynchronizers candidates="10" cleared="0" />
  <references type="soft" candidates="2674" cleared="0" enqueued="0" dynamicThreshold="32" maxThreshold="32" />
  <references type="weak" candidates="223" cleared="50" enqueued="49" />
  <references type="phantom" candidates="16" cleared="0" enqueued="0" />
  <object-monitors candidates="5" cleared="0"  />
</gc-op>
<gc-end id="227" type="scavenge" contextid="223" durationms="0.932" usertimems="1.712" systemtimems="1.058" stalltimems="0.782" timestamp="2026-09-06T07:07:13.588" activeThreads="4">
  <mem-info id="228" free="3114928" total="9437184" percent="33">
    <mem type="nursery" free="589824" total="3145728" percent="18">
      <mem type="allocate" free="589824" total="1703936" percent="34" />
      <mem type="survivor" free="0" total="1441792" percent="0" />
    </mem>
    <mem type="tenure" free="2525104" total="6291456" percent="40">
      <mem type="soa" free="2209712" total="5976064" percent="36" />
      <mem type="loa" free="315392" total="315392" percent="100" />
    </mem>
    <pending-finalizers system="29" default="0" reference="49" classloader="0" />
    <remembered-set count="3402" />
  </mem-info>
</gc-end>
<cycle-end id="229" type="scavenge" contextid="223" timestamp="2026-09-06T07:07:13.588" />
<allocation-satisfied id="230" threadId="0000000000019700" bytesRequested="16392" />
<af-end id="231" timestamp="2026-09-06T07:07:13.588" threadId="000000000001A1C0" success="true" from="nursery"/>
<exclusive-end id="232" timestamp="2026-09-06T07:07:13.588" durationms="1.290" />

<exclusive-start id="233" timestamp="2026-09-06T07:07:13.603" intervalms="16.667">
  <response-info timems="0.013" idlems="0.013" threads="0" lastid="0000000000019700" lastname="main" />
</exclusive-start>
<af-start id="234" threadId="000000000001A1C0" totalBytesRequested="16" timestamp="2026-09-06T07:07:13.603" intervalms="16.698" type="nursery" />
<cycle-start id="235" type="scavenge" contextid="0" timestamp="2026-09-06T07:07:13.603" intervalms="16.683" />
<gc-start id="236" type="scavenge" contextid="235" timestamp="2026-09-06T07:07:13.603">
  <mem-info id="237" free="2503416" total="9437184" percent="26">
    <mem type="nursery" free="0" total="3145728" percent="0">
      <mem type="allocate" free="0" total="1703936" percent="0" />
      <mem type="survivor" free="0" total="1441792" percent="0" />
    </mem>
    <mem type="tenure" free="2503416" total="6291456" percent="39">
      <mem type="soa" free="2188024" total="5976064" percent="36" />
      <mem type="loa" free="315392" total="315392" percent="100" />
    </mem>
    <remembered-set count="3692" />
  </mem-info>
</gc-start>
<allocation-stats totalBytes="610712" discardedBytes="800" >
  <allocated-bytes non-tlh="38080" tlh="572632" />
  <largest-consumer threadName="main" threadId="0000000000019700" bytes="610712" />
</allocation-stats>
<gc-op id="238" type="scavenge" timems="1.016" contextid="235" timestamp="2026-09-06T07:07:13.604">
  <scavenger-info tenureage="2" tenuremask="7ffc" tiltratio="54" />
  <memory-copied type="nursery" objects="10720" bytes="375800" bytesdiscarded="138080" />
  <memory-copied type="tenure" objects="10674" bytes="583160" bytesdiscarded="24" />
  <finalization candidates="195" enqueued="52" />
  <ownableSynchronizers candidates="10" cleared="0" />
  <references type="soft" candidates="2288" cleared="0" enqueued="0" dynamicThreshold="32" maxThreshold="32" />
  <references type="weak" candidates="80" cleared="44" enqueued="44" />
  <references type="phantom" candidates="1" cleared="0" enqueued="0" />
  <object-monitors candidates="5" cleared="0"  />
</gc-op>
<gc-end id="239" type="scavenge" contextid="235" durationms="1.154" usertimems="6.078" systemtimems="0.013" stalltimems="0.946" timestamp="2026-09-06T07:07:13.605" activeThreads="4">
  <mem-info id="240" free="3027128" total="9437184" percent="32">
    <mem type="nursery" free="1255416" total="3145728" percent="39">
      <mem type="allocate" free="1255416" total="1769472" percent="70" />
      <mem type="survivor" free="0" total="1376256" percent="0" />
    </mem>
    <mem type="tenure" free="1771712" total="6291456" percent="28">
      <mem type="soa" free="1456320" total="5976064" percent="24" />
      <mem type="loa" free="315392" total="315392" percent="100" />
    </mem>
    <pending-finalizers system="52" default="0" reference="44" classloader="0" />
    <remembered-set count="1053" />
  </mem-info>
</gc-end>
<cycle-end id="241" type="scavenge" contextid="235" timestamp="2026-09-06T07:07:13.605" />
<allocation-satisfied id="242" threadId="0000000000019700" bytesRequested="16" />
<af-end id="243" timestamp="2026-09-06T07:07:13.605" threadId="000000000001A1C0" success="true" from="nursery"/>
<exclusive-end id="244" timestamp="2026-09-06T07:07:13.605" durationms="1.544" />

<exclusive-start id="245" timestamp="2026-09-06T07:07:13.632" intervalms="29.208">
  <response-info timems="0.014" idlems="0.014" threads="0" lastid="0000000000019700" lastname="main" />
</exclusive-start>
<af-start id="246" threadId="000000000001A1C0" totalBytesRequested="16" timestamp="2026-09-06T07:07:13.632" intervalms="29.202" type="nursery" />
<cycle-start id="247" type="scavenge" contextid="0" timestamp="2026-09-06T07:07:13.633" intervalms="29.208" />
<gc-start id="248" type="scavenge" contextid="247" timestamp="2026-09-06T07:07:13.633">
  <mem-info id="249" free="1702864" total="9437184" percent="18">
    <mem type="nursery" free="0" total="3145728" percent="0">
      <mem type="allocate" free="0" total="1769472" percent="0" />
      <mem type="survivor" free="0" total="1376256" percent="0" />
    </mem>
    <mem type="tenure" free="1702864" total="6291456" percent="27">
      <mem type="soa" free="1387472" total="5976064" percent="23" />
      <mem type="loa" free="315392" total="315392" percent="100" />
    </mem>
    <remembered-set count="1972" />
  </mem-info>
</gc-start>
<allocation-stats totalBytes="1323368" discardedBytes="896" >
  <allocated-bytes non-tlh="68864" tlh="1254504" />
  <largest-consumer threadName="main" threadId="0000000000019700" bytes="1323368" />
</allocation-stats>
<gc-op id="250" type="scavenge" timems="0.618" contextid="247" timestamp="2026-09-06T07:07:13.633">
  <scavenger-info tenureage="2" tenuremask="7ffc" tiltratio="56" />
  <memory-copied type="nursery" objects="4709" bytes="153968" bytesdiscarded="138384" />
  <memory-copied type="tenure" objects="9429" bytes="310536" bytesdiscarded="8" />
  <finalization candidates="211" enqueued="112" />
  <ownableSynchronizers candidates="10" cleared="0" />
  <references type="soft" candidates="65" cleared="0" enqueued="0" dynamicThreshold="32" maxThreshold="32" />
  <references type="weak" candidates="337" cleared="252" enqueued="252" />
  <object-monitors candidates="5" cleared="0"  />
</gc-op>
<gc-end id="251" type="scavenge" contextid="247" durationms="0.745" usertimems="1.644" systemtimems="0.145" stalltimems="0.617" timestamp="2026-09-06T07:07:13.633" activeThreads="4">
  <mem-info id="252" free="3261136" total="9437184" percent="34">
    <mem type="nursery" free="1673472" total="3145728" percent="53">
      <mem type="allocate" free="1673472" total="1966080" percent="85" />
      <mem type="survivor" free="0" total="1179648" percent="0" />
    </mem>
    <mem type="tenure" free="1587664" total="6291456" percent="25">
      <mem type="soa" free="1272272" total="5976064" percent="21" />
      <mem type="loa" free="315392" total="315392" percent="100" />
    </mem>
    <pending-finalizers system="112" default="0" reference="252" classloader="0" />
    <remembered-set count="1291" />
  </mem-info>
</gc-end>
<cycle-end id="253" type="scavenge" contextid="247" timestamp="2026-09-06T07:07:13.633" />
<allocation-satisfied id="254" threadId="0000000000019700" bytesRequested="16" />
<af-end id="255" timestamp="2026-09-06T07:07:13.633" threadId="000000000001A1C0" success="true" from="nursery"/>
<exclusive-end id="256" timestamp="2026-09-06T07:07:13.633" durationms="1.126" />

<exclusive-start id="257" timestamp="2026-09-06T07:07:13.671" intervalms="38.958">
  <response-info timems="0.033" idlems="0.033" threads="0" lastid="0000000000019700" lastname="main" />
</exclusive-start>
<af-start id="258" threadId="000000000001A1C0" totalBytesRequested="32" timestamp="2026-09-06T07:07:13.671" intervalms="38.971" type="nursery" />
<cycle-start id="259" type="scavenge" contextid="0" timestamp="2026-09-06T07:07:13.672" intervalms="38.967" />
<gc-start id="260" type="scavenge" contextid="259" timestamp="2026-09-06T07:07:13.672">
  <mem-info id="261" free="1551152" total="9437184" percent="16">
    <mem type="nursery" free="0" total="3145728" percent="0">
      <mem type="allocate" free="0" total="1966080" percent="0" />
      <mem type="survivor" free="0" total="1179648" percent="0" />
    </mem>
    <mem type="tenure" free="1551152" total="6291456" percent="24">
      <mem type="soa" free="1235760" total="5976064" percent="20" />
      <mem type="loa" free="315392" total="315392" percent="100" />
    </mem>
    <remembered-set count="1753" />
  </mem-info>
</gc-start>
<allocation-stats totalBytes="1709688" discardedBytes="296" >
  <allocated-bytes non-tlh="36528" tlh="1673160" />
  <largest-consumer threadName="main" threadId="0000000000019700" bytes="1705592" />
</allocation-stats>
<gc-op id="262" type="scavenge" timems="0.734" contextid="259" timestamp="2026-09-06T07:07:13.672">
  <scavenger-info tenureage="3" tenuremask="7ff8" tiltratio="62" />
  <memory-copied type="nursery" objects="14234" bytes="452032" bytesdiscarded="44336" />
  <finalization candidates="170" enqueued="53" />
  <ownableSynchronizers candidates="14" cleared="2" />
  <references type="soft" candidates="74" cleared="0" enqueued="0" dynamicThreshold="32" maxThreshold="32" />
  <references type="weak" candidates="250" cleared="137" enqueued="137" />
  <references type="phantom" candidates="2" cleared="0" enqueued="0" />
  <object-monitors candidates="5" cleared="0"  />
</gc-op>
<gc-end id="263" type="scavenge" contextid="259" durationms="0.879" usertimems="2.618" systemtimems="0.215" stalltimems="1.085" timestamp="2026-09-06T07:07:13.672" activeThreads="4">
  <mem-info id="264" free="3086112" total="9437184" percent="32">
    <mem type="nursery" free="1534960" total="3145728" percent="48">
      <mem type="allocate" free="1534960" total="2031616" percent="75" />
      <mem type="survivor" free="0" total="1114112" percent="0" />
    </mem>
    <mem type="tenure" free="1551152" total="6291456" percent="24">
      <mem type="soa" free="1235760" total="5976064" percent="20" />
      <mem type="loa" free="315392" total="315392" percent="100" />
    </mem>
    <pending-finalizers system="53" default="0" reference="137" classloader="0" />
    <remembered-set count="1555" />
  </mem-info>
</gc-end>
<cycle-end id="265" type="scavenge" contextid="259" timestamp="2026-09-06T07:07:13.673" />
<allocation-satisfied id="266" threadId="0000000000019700" bytesRequested="32" />
<af-end id="267" timestamp="2026-09-06T07:07:13.673" threadId="000000000001A1C0" success="true" from="nursery"/>
<exclusive-end id="268" timestamp="2026-09-06T07:07:13.673" durationms="1.341" />

<exclusive-start id="269" timestamp="2026-09-06T07:07:13.712" intervalms="40.948">
  <response-info timems="0.012" idlems="0.012" threads="0" lastid="0000000000019700" lastname="main" />
</exclusive-start>
<af-start id="270" threadId="000000000001A1C0" totalBytesRequested="6528" timestamp="2026-09-06T07:07:13.712" intervalms="40.934" type="nursery" />
<cycle-start id="271" type="scavenge" contextid="0" timestamp="2026-09-06T07:07:13.712" intervalms="40.932" />
<gc-start id="272" type="scavenge" contextid="271" timestamp="2026-09-06T07:07:13.713">
  <mem-info id="273" free="1493840" total="9437184" percent="15">
    <mem type="nursery" free="0" total="3145728" percent="0">
      <mem type="allocate" free="0" total="2031616" percent="0" />
      <mem type="survivor" free="0" total="1114112" percent="0" />
    </mem>
    <mem type="tenure" free="1493840" total="6291456" percent="23">
      <mem type="soa" free="1178448" total="5976064" percent="19" />
      <mem type="loa" free="315392" total="315392" percent="100" />
    </mem>
    <remembered-set count="2284" />
  </mem-info>
</gc-start>
<allocation-stats totalBytes="1582624" discardedBytes="9648" >
  <allocated-bytes non-tlh="57344" tlh="1525280" />
  <largest-consumer threadName="main" threadId="0000000000019700" bytes="1578040" />
</allocation-stats>
<gc-op id="274" type="scavenge" timems="0.629" contextid="271" timestamp="2026-09-06T07:07:13.713">
  <scavenger-info tenureage="3" tenuremask="7ff8" tiltratio="64" />
  <memory-copied type="nursery" objects="16269" bytes="500824" bytesdiscarded="40656" />
  <memory-copied type="tenure" objects="721" bytes="23832" bytesdiscarded="768" />
  <finalization candidates="241" enqueued="104" />
  <ownableSynchronizers candidates="21" cleared="1" />
  <references type="soft" candidates="75" cleared="0" enqueued="0" dynamicThreshold="32" maxThreshold="32" />
  <references type="weak" candidates="377" cleared="210" enqueued="210" />
  <references type="phantom" candidates="3" cleared="0" enqueued="0" />
  <object-monitors candidates="5" cleared="0"  />
</gc-op>
<gc-end id="275" type="scavenge" contextid="271" durationms="0.756" usertimems="1.781" systemtimems="0.138" stalltimems="0.601" timestamp="2026-09-06T07:07:13.713" activeThreads="4">
  <mem-info id="276" free="3003432" total="9437184" percent="31">
    <mem type="nursery" free="1554904" total="3145728" percent="49">
      <mem type="allocate" free="1554904" total="2097152" percent="74" />
      <mem type="survivor" free="0" total="1048576" percent="0" />
    </mem>
    <mem type="tenure" free="1448528" total="6291456" percent="23">
      <mem type="soa" free="1133136" total="5976064" percent="18" />
      <mem type="loa" free="315392" total="315392" percent="100" />
    </mem>
    <pending-finalizers system="104" default="0" reference="210" classloader="0" />
    <remembered-set count="1524" />
  </mem-info>
</gc-end>
<cycle-end id="277" type="scavenge" contextid="271" timestamp="2026-09-06T07:07:13.713" />
<allocation-satisfied id="278" threadId="0000000000019700" bytesRequested="6528" />
<af-end id="279" timestamp="2026-09-06T07:07:13.713" threadId="000000000001A1C0" success="true" from="nursery"/>
<exclusive-end id="280" timestamp="2026-09-06T07:07:13.713" durationms="1.108" />

<exclusive-start id="281" timestamp="2026-09-06T07:07:13.728" intervalms="15.298">
  <response-info timems="0.021" idlems="0.021" threads="0" lastid="0000000000019700" lastname="main" />
</exclusive-start>
<af-start id="282" threadId="000000000001A1C0" totalBytesRequested="23280" timestamp="2026-09-06T07:07:13.728" intervalms="15.262" type="nursery" />
<cycle-start id="283" type="scavenge" contextid="0" timestamp="2026-09-06T07:07:13.728" intervalms="15.241" />
<gc-start id="284" type="scavenge" contextid="283" timestamp="2026-09-06T07:07:13.728">
  <mem-info id="285" free="1420272" total="9437184" percent="15">
    <mem type="nursery" free="0" total="3145728" percent="0">
      <mem type="allocate" free="0" total="2097152" percent="0" />
      <mem type="survivor" free="0" total="1048576" percent="0" />
    </mem>
    <mem type="tenure" free="1420272" total="6291456" percent="22">
      <mem type="soa" free="1104880" total="5976064" percent="18" />
      <mem type="loa" free="315392" total="315392" percent="100" />
    </mem>
    <remembered-set count="1908" />
  </mem-info>
</gc-start>
<allocation-stats totalBytes="1576384" discardedBytes="6776" >
  <allocated-bytes non-tlh="427544" tlh="1148840" />
  <largest-consumer threadName="main" threadId="0000000000019700" bytes="1464960" />
</allocation-stats>
<gc-op id="286" type="scavenge" timems="0.711" contextid="283" timestamp="2026-09-06T07:07:13.729">
  <scavenger-info tenureage="3" tenuremask="7ff8" tiltratio="66" />
  <memory-copied type="nursery" objects="17056" bytes="561912" bytesdiscarded="96880" />
  <memory-copied type="tenure" objects="3186" bytes="100992" bytesdiscarded="16" />
  <finalization candidates="107" enqueued="3" />
  <ownableSynchronizers candidates="23" cleared="2" />
  <references type="soft" candidates="80" cleared="0" enqueued="0" dynamicThreshold="32" maxThreshold="32" />
  <references type="weak" candidates="217" cleared="78" enqueued="78" />
  <references type="phantom" candidates="5" cleared="0" enqueued="0" />
  <object-monitors candidates="5" cleared="0"  />
</gc-op>
<heap-resize id="287" type="expand" space="nursery" amount="131072" count="1" timems="0.021" reason="excessive time being spent scavenging" timestamp="2026-09-06T07:07:13.729" />
<gc-end id="288" type="scavenge" contextid="283" durationms="0.915" usertimems="2.145" systemtimems="0.012" stalltimems="0.760" timestamp="2026-09-06T07:07:13.729" activeThreads="4">
  <mem-info id="289" free="2795248" total="9568256" percent="29">
    <mem type="nursery" free="1568512" total="3276800" percent="47">
      <mem type="allocate" free="1568512" total="2228224" percent="70" />
      <mem type="survivor" free="0" total="1048576" percent="0" />
    </mem>
    <mem type="tenure" free="1226736" total="6291456" percent="19">
      <mem type="soa" free="911344" total="5976064" percent="15" />
      <mem type="loa" free="315392" total="315392" percent="100" />
    </mem>
    <pending-finalizers system="3" default="0" reference="78" classloader="0" />
    <remembered-set count="1349" />
  </mem-info>
</gc-end>
<cycle-end id="290" type="scavenge" contextid="283" timestamp="2026-09-06T07:07:13.729" />
<allocation-satisfied id="291" threadId="0000000000019700" bytesRequested="23280" />
<af-end id="292" timestamp="2026-09-06T07:07:13.729" threadId="000000000001A1C0" success="true" from="nursery"/>
<exclusive-end id="293" timestamp="2026-09-06T07:07:13.729" durationms="1.186" />

<exclusive-start id="294" timestamp="2026-09-06T07:07:13.734" intervalms="6.904">
  <response-info timems="0.013" idlems="0.013" threads="0" lastid="0000000000019700" lastname="main" />
</exclusive-start>
<af-start id="295" threadId="000000000001A1C0" totalBytesRequested="8200" timestamp="2026-09-06T07:07:13.735" intervalms="6.890" type="nursery" />
<cycle-start id="296" type="scavenge" contextid="0" timestamp="2026-09-06T07:07:13.735" intervalms="6.904" />
<gc-start id="297" type="scavenge" contextid="296" timestamp="2026-09-06T07:07:13.735">
  <mem-info id="298" free="1226464" total="9568256" percent="12">
    <mem type="nursery" free="0" total="3276800" percent="0">
      <mem type="allocate" free="0" total="2228224" percent="0" />
      <mem type="survivor" free="0" total="1048576" percent="0" />
    </mem>
    <mem type="tenure" free="1226464" total="6291456" percent="19">
      <mem type="soa" free="911072" total="5976064" percent="15" />
      <mem type="loa" free="315392" total="315392" percent="100" />
    </mem>
    <remembered-set count="1362" />
  </mem-info>
</gc-start>
<allocation-stats totalBytes="1471392" discardedBytes="97392" >
  <allocated-bytes non-tlh="76816" tlh="1394576" />
  <largest-consumer threadName="main" threadId="0000000000019700" bytes="1471392" />
</allocation-stats>
<gc-op id="299" type="scavenge" timems="0.768" contextid="296" timestamp="2026-09-06T07:07:13.735">
  <scavenger-info tenureage="3" tenuremask="7ff8" tiltratio="68" />
  <memory-copied type="nursery" objects="7942" bytes="308976" bytesdiscarded="97336" />
  <memory-copied type="tenure" objects="9417" bytes="272272" bytesdiscarded="48" />
  <finalization candidates="46" enqueued="0" />
  <ownableSynchronizers candidates="12" cleared="0" />
  <references type="soft" candidates="71" cleared="0" enqueued="0" dynamicThreshold="32" maxThreshold="32" />
  <references type="weak" candidates="105" cleared="0" enqueued="0" />
  <references type="phantom" candidates="4" cleared="0" enqueued="0" />
  <object-monitors candidates="5" cleared="0"  />
</gc-op>
<heap-resize id="300" type="expand" space="nursery" amount="262144" count="1" timems="0.014" reason="excessive time being spent scavenging" timestamp="2026-09-06T07:07:13.736" />
<gc-end id="301" type="scavenge" contextid="296" durationms="0.902" usertimems="1.708" systemtimems="0.133" stalltimems="1.235" timestamp="2026-09-06T07:07:13.736" activeThreads="4">
  <mem-info id="302" free="3166216" total="9830400" percent="32">
    <mem type="nursery" free="2083472" total="3538944" percent="58">
      <mem type="allocate" free="2083472" total="2490368" percent="83" />
      <mem type="survivor" free="0" total="1048576" percent="0" />
    </mem>
    <mem type="tenure" free="1082744" total="6291456" percent="17">
      <mem type="soa" free="767352" total="5976064" percent="12" />
      <mem type="loa" free="315392" total="315392" percent="100" />
    </mem>
    <remembered-set count="724" />
  </mem-info>
</gc-end>
<cycle-end id="303" type="scavenge" contextid="296" timestamp="2026-09-06T07:07:13.736" />
<allocation-satisfied id="304" threadId="0000000000019700" bytesRequested="8200" />
<af-end id="305" timestamp="2026-09-06T07:07:13.736" threadId="000000000001A1C0" success="true" from="nursery"/>
<exclusive-end id="306" timestamp="2026-09-06T07:07:13.736" durationms="1.196" />

<concurrent-kickoff id="307" timestamp="2026-09-06T07:07:13.741">
  <kickoff reason="threshold reached" targetBytes="1867303" thresholdFreeBytes="258393"  remainingFree="230296" tenureFreeBytes="1082520" nurseryFreeBytes="230296" />
</concurrent-kickoff>
<exclusive-start id="308" timestamp="2026-09-06T07:07:13.742" intervalms="7.449">
  <response-info timems="0.009" idlems="0.009" threads="0" lastid="0000000000019700" lastname="main" />
</exclusive-start>
<cycle-start id="309" type="global" contextid="0" timestamp="2026-09-06T07:07:13.742" intervalms="916.068" />
<concurrent-start id="310" type="global mark" contextid="309" timestamp="2026-09-06T07:07:13.742">
</concurrent-start>
<exclusive-end id="311" timestamp="2026-09-06T07:07:13.742" durationms="0.267" />

<concurrent-end id="312" type="global mark" contextid="309" timestamp="2026-09-06T07:07:13.748">
<gc-op id="313" type="trace" timems="6.073" contextid="309" timestamp="2026-09-06T07:07:13.748">
  <trace bytesTraced="2203432" workStackOverflowCount="0" />
  <card-cleaning reason="card cleaning threshold reached" bytesTraced="4224" cardsCleaned="3" />
</gc-op>
</concurrent-end>

<exclusive-start id="314" timestamp="2026-09-06T07:07:13.748" intervalms="6.327">
  <response-info timems="0.009" idlems="0.009" threads="0" lastid="0000000000019700" lastname="main" />
</exclusive-start>
<concurrent-global-final id="315" timestamp="2026-09-06T07:07:13.748" contextid="309" intervalms="922.437" >
  <concurrent-trace-info reason="card cleaning threshold reached" tracedByMutators="487564" tracedByHelpers="1720092" cardsCleaned="3" workStackOverflowCount="0" />
</concurrent-global-final>
<gc-start id="316" type="global" contextid="309" timestamp="2026-09-06T07:07:13.749">
  <mem-info id="317" free="1148848" total="9830400" percent="11">
    <mem type="nursery" free="66456" total="3538944" percent="1">
      <mem type="allocate" free="66456" total="2490368" percent="2" />
      <mem type="survivor" free="0" total="1048576" percent="0" />
    </mem>
    <mem type="tenure" free="1082392" total="6291456" percent="17">
      <mem type="soa" free="767000" total="5976064" percent="12" />
      <mem type="loa" free="315392" total="315392" percent="100" />
    </mem>
    <remembered-set count="737" />
  </mem-info>
</gc-start>
<allocation-stats totalBytes="1961344" discardedBytes="56024" >
  <allocated-bytes non-tlh="383072" tlh="1578272" />
  <largest-consumer threadName="main" threadId="0000000000019700" bytes="1961344" />
</allocation-stats>
<gc-op id="318" type="rs-scan" timems="2.000" contextid="309" timestamp="2026-09-06T07:07:13.751">
  <scan objectsFound="3212" bytesTraced="146476" workStackOverflowCount="0" />
</gc-op>
<gc-op id="319" type="card-cleaning" timems="1.899" contextid="309" timestamp="2026-09-06T07:07:13.753">
  <card-cleaning cardsCleaned="3" bytesTraced="17928" workStackOverflowCount="0" />
</gc-op>
<gc-op id="320" type="mark" timems="6.607" contextid="309" timestamp="2026-09-06T07:07:13.760">
  <trace-info objectcount="5127" scancount="3707" scanbytes="105144" />
  <finalization candidates="584" enqueued="0" />
  <ownableSynchronizers candidates="36" cleared="0" />
  <references type="soft" candidates="3006" cleared="0" enqueued="0" dynamicThreshold="32" maxThreshold="32" />
  <references type="weak" candidates="751" cleared="1" enqueued="1" />
  <references type="phantom" candidates="47" cleared="0" enqueued="0" />
  <stringconstants candidates="10776" cleared="64"  />
  <object-monitors candidates="5" cleared="0"  />
</gc-op>
<gc-op id="321" type="classunload" timems="0.243" contextid="309" timestamp="2026-09-06T07:07:13.760">
  <classunload-info classloadercandidates="5" classloadersunloaded="0" classesunloaded="0" anonymousclassesunloaded="0" quiescems="0.000" setupms="0.131" scanms="0.080" postms="0.031" />
</gc-op>
<gc-op id="322" type="sweep" timems="2.826" contextid="309" timestamp="2026-09-06T07:07:13.763" />
<gc-end id="323" type="global" contextid="309" durationms="15.115" usertimems="14.429" systemtimems="1.953" stalltimems="6.369" timestamp="2026-09-06T07:07:13.764" activeThreads="4">
  <mem-info id="324" free="4248840" total="9830400" percent="43">
    <mem type="nursery" free="2144016" total="3538944" percent="60">
      <mem type="allocate" free="2144016" total="2490368" percent="86" />
      <mem type="survivor" free="0" total="1048576" percent="0" />
    </mem>
    <mem type="tenure" free="2104824" total="6291456" percent="33" micro-fragmented="104484" macro-fragmented="0">
      <mem type="soa" free="1789432" total="5976064" percent="29" />
      <mem type="loa" free="315392" total="315392" percent="100" />
    </mem>
    <pending-finalizers system="0" default="0" reference="1" classloader="0" />
    <remembered-set count="623" />
  </mem-info>
</gc-end>
<cycle-end id="325" type="global" contextid="309" timestamp="2026-09-06T07:07:13.764" />
<exclusive-end id="326" timestamp="2026-09-06T07:07:13.764" durationms="15.733" />

<exclusive-start id="327" timestamp="2026-09-06T07:07:13.765" intervalms="16.563">
  <response-info timems="0.009" idlems="0.009" threads="0" lastid="0000000000019700" lastname="main" />
</exclusive-start>
<af-start id="328" threadId="000000000001A1C0" totalBytesRequested="260864" timestamp="2026-09-06T07:07:13.765" intervalms="30.320" type="nursery" />
<cycle-start id="329" type="scavenge" contextid="0" timestamp="2026-09-06T07:07:13.765" intervalms="30.304" />
<gc-start id="330" type="scavenge" contextid="329" timestamp="2026-09-06T07:07:13.765">
  <mem-info id="331" free="3979344" total="9830400" percent="40">
    <mem type="nursery" free="1874760" total="3538944" percent="52">
      <mem type="allocate" free="1874760" total="2490368" percent="75" />
      <mem type="survivor" free="0" total="1048576" percent="0" />
    </mem>
    <mem type="tenure" free="2104584" total="6291456" percent="33">
      <mem type="soa" free="1789192" total="5976064" percent="29" />
      <mem type="loa" free="315392" total="315392" percent="100" />
    </mem>
    <remembered-set count="628" />
  </mem-info>
</gc-start>
<allocation-stats totalBytes="251472" discardedBytes="17584" >
  <allocated-bytes non-tlh="165896" tlh="85576" />
  <largest-consumer threadName="main" threadId="0000000000019700" bytes="251472" />
</allocation-stats>
<gc-op id="332" type="scavenge" timems="0.428" contextid="329" timestamp="2026-09-06T07:07:13.765">
  <scavenger-info tenureage="3" tenuremask="7ff8" tiltratio="70" />
  <memory-copied type="nursery" objects="5450" bytes="218400" bytesdiscarded="78696" />
  <memory-copied type="tenure" objects="2758" bytes="91392" bytesdiscarded="280" />
  <finalization candidates="20" enqueued="0" />
  <ownableSynchronizers candidates="72" cleared="62" />
  <references type="soft" candidates="40" cleared="0" enqueued="0" dynamicThreshold="10" maxThreshold="32" />
  <references type="weak" candidates="23" cleared="0" enqueued="0" />
  <references type="phantom" candidates="3" cleared="0" enqueued="0" />
  <object-monitors candidates="5" cleared="0"  />
</gc-op>
<gc-end id="333" type="scavenge" contextid="329" durationms="0.529" usertimems="1.154" systemtimems="0.067" stalltimems="0.514" timestamp="2026-09-06T07:07:13.765" activeThreads="4">
  <mem-info id="334" free="4411224" total="9830400" percent="44">
    <mem type="nursery" free="2455296" total="3538944" percent="69">
      <mem type="allocate" free="2455296" total="2752512" percent="89" />
      <mem type="survivor" free="0" total="786432" percent="0" />
    </mem>
    <mem type="tenure" free="1955928" total="6291456" percent="31">
      <mem type="soa" free="1640536" total="5976064" percent="27" />
      <mem type="loa" free="315392" total="315392" percent="100" />
    </mem>
    <remembered-set count="207" />
  </mem-info>
</gc-end>
<cycle-end id="335" type="scavenge" contextid="329" timestamp="2026-09-06T07:07:13.765" />
<allocation-satisfied id="336" threadId="0000000000019700" bytesRequested="260864" />
<af-end id="337" timestamp="2026-09-06T07:07:13.766" threadId="000000000001A1C0" success="true" from="nursery"/>
<exclusive-end id="338" timestamp="2026-09-06T07:07:13.766" durationms="0.759" />

<exclusive-start id="339" timestamp="2026-09-06T07:07:13.775" intervalms="10.402">
  <response-info timems="0.010" idlems="0.010" threads="0" lastid="0000000000019700" lastname="main" />
</exclusive-start>
<af-start id="340" threadId="000000000001A1C0" totalBytesRequested="394848" timestamp="2026-09-06T07:07:13.775" intervalms="10.412" type="nursery" />
<cycle-start id="341" type="scavenge" contextid="0" timestamp="2026-09-06T07:07:13.775" intervalms="10.403" />
<gc-start id="342" type="scavenge" contextid="341" timestamp="2026-09-06T07:07:13.775">
  <mem-info id="343" free="1987952" total="9830400" percent="20">
    <mem type="nursery" free="32696" total="3538944" percent="0">
      <mem type="allocate" free="32696" total="2752512" percent="1" />
      <mem type="survivor" free="0" total="786432" percent="0" />
    </mem>
    <mem type="tenure" free="1955256" total="6291456" percent="31">
      <mem type="soa" free="1639864" total="5976064" percent="27" />
      <mem type="loa" free="315392" total="315392" percent="100" />
    </mem>
    <remembered-set count="227" />
  </mem-info>
</gc-start>
<allocation-stats totalBytes="2369440" discardedBytes="53832" >
  <allocated-bytes non-tlh="811016" tlh="1558424" />
  <largest-consumer threadName="main" threadId="0000000000019700" bytes="2369440" />
</allocation-stats>
<gc-op id="344" type="scavenge" timems="0.390" contextid="341" timestamp="2026-09-06T07:07:13.776">
  <scavenger-info tenureage="3" tenuremask="7ff8" tiltratio="77" />
  <memory-copied type="nursery" objects="1007" bytes="35360" bytesdiscarded="92880" />
  <memory-copied type="tenure" objects="4718" bytes="193216" bytesdiscarded="64" />
  <finalization candidates="3" enqueued="3" />
  <ownableSynchronizers candidates="1" cleared="0" />
  <references type="weak" candidates="2" cleared="1" enqueued="1" />
  <references type="phantom" candidates="2" cleared="0" enqueued="0" />
  <object-monitors candidates="5" cleared="0"  />
</gc-op>
<gc-end id="345" type="scavenge" contextid="341" durationms="0.494" usertimems="2.001" systemtimems="0.000" stalltimems="0.628" timestamp="2026-09-06T07:07:13.776" activeThreads="4">
  <mem-info id="346" free="4430008" total="9830400" percent="45">
    <mem type="nursery" free="2689792" total="3538944" percent="76">
      <mem type="allocate" free="2689792" total="2818048" percent="95" />
      <mem type="survivor" free="0" total="720896" percent="0" />
    </mem>
    <mem type="tenure" free="1740216" total="6291456" percent="27">
      <mem type="soa" free="1424824" total="5976064" percent="23" />
      <mem type="loa" free="315392" total="315392" percent="100" />
    </mem>
    <pending-finalizers system="3" default="0" reference="1" classloader="0" />
    <remembered-set count="137" />
  </mem-info>
</gc-end>
<cycle-end id="347" type="scavenge" contextid="341" timestamp="2026-09-06T07:07:13.776" />
<allocation-satisfied id="348" threadId="0000000000019700" bytesRequested="394848" />
<af-end id="349" timestamp="2026-09-06T07:07:13.776" threadId="000000000001A1C0" success="true" from="nursery"/>
<exclusive-end id="350" timestamp="2026-09-06T07:07:13.776" durationms="0.737" />

<exclusive-start id="351" timestamp="2026-09-06T07:07:13.784" intervalms="8.499">
  <response-info timems="0.011" idlems="0.011" threads="0" lastid="0000000000019700" lastname="main" />
</exclusive-start>
<af-start id="352" threadId="000000000001A1C0" totalBytesRequested="10880" timestamp="2026-09-06T07:07:13.784" intervalms="8.515" type="nursery" />
<cycle-start id="353" type="scavenge" contextid="0" timestamp="2026-09-06T07:07:13.784" intervalms="8.527" />
<gc-start id="354" type="scavenge" contextid="353" timestamp="2026-09-06T07:07:13.784">
  <mem-info id="355" free="1739608" total="9830400" percent="17">
    <mem type="nursery" free="0" total="3538944" percent="0">
      <mem type="allocate" free="0" total="2818048" percent="0" />
      <mem type="survivor" free="0" total="720896" percent="0" />
    </mem>
    <mem type="tenure" free="1739608" total="6291456" percent="27">
      <mem type="soa" free="1424216" total="5976064" percent="23" />
      <mem type="loa" free="315392" total="315392" percent="100" />
    </mem>
    <remembered-set count="159" />
  </mem-info>
</gc-start>
<allocation-stats totalBytes="2586056" discardedBytes="104344" >
  <allocated-bytes non-tlh="1163456" tlh="1422600" />
  <largest-consumer threadName="main" threadId="0000000000019700" bytes="2586056" />
</allocation-stats>
<gc-op id="356" type="scavenge" timems="0.237" contextid="353" timestamp="2026-09-06T07:07:13.784">
  <scavenger-info tenureage="5" tenuremask="7fe0" tiltratio="79" />
  <memory-copied type="nursery" objects="1349" bytes="189968" bytesdiscarded="72680" />
  <references type="weak" candidates="1" cleared="0" enqueued="0" />
  <references type="phantom" candidates="3" cleared="0" enqueued="0" />
  <object-monitors candidates="5" cleared="0"  />
</gc-op>
<gc-end id="357" type="scavenge" contextid="353" durationms="0.341" usertimems="0.754" systemtimems="0.058" stalltimems="0.471" timestamp="2026-09-06T07:07:13.784" activeThreads="4">
  <mem-info id="358" free="4360528" total="9830400" percent="44">
    <mem type="nursery" free="2620920" total="3538944" percent="74">
      <mem type="allocate" free="2620920" total="2883584" percent="90" />
      <mem type="survivor" free="0" total="655360" percent="0" />
    </mem>
    <mem type="tenure" free="1739608" total="6291456" percent="27">
      <mem type="soa" free="1424216" total="5976064" percent="23" />
      <mem type="loa" free="315392" total="315392" percent="100" />
    </mem>
    <remembered-set count="147" />
  </mem-info>
</gc-end>
<cycle-end id="359" type="scavenge" contextid="353" timestamp="2026-09-06T07:07:13.784" />
<allocation-satisfied id="360" threadId="0000000000019700" bytesRequested="10880" />
<af-end id="361" timestamp="2026-09-06T07:07:13.784" threadId="000000000001A1C0" success="true" from="nursery"/>
<exclusive-end id="362" timestamp="2026-09-06T07:07:13.784" durationms="0.586" />

<exclusive-start id="363" timestamp="2026-09-06T07:07:13.792" intervalms="8.683">
  <response-info timems="0.008" idlems="0.008" threads="0" lastid="0000000000019700" lastname="main" />
</exclusive-start>
<af-start id="364" threadId="000000000001A1C0" totalBytesRequested="17400" timestamp="2026-09-06T07:07:13.792" intervalms="8.681" type="nursery" />
<cycle-start id="365" type="scavenge" contextid="0" timestamp="2026-09-06T07:07:13.792" intervalms="8.673" />
<gc-start id="366" type="scavenge" contextid="365" timestamp="2026-09-06T07:07:13.793">
  <mem-info id="367" free="1739264" total="9830400" percent="17">
    <mem type="nursery" free="0" total="3538944" percent="0">
      <mem type="allocate" free="0" total="2883584" percent="0" />
      <mem type="survivor" free="0" total="655360" percent="0" />
    </mem>
    <mem type="tenure" free="1739264" total="6291456" percent="27">
      <mem type="soa" free="1423872" total="5976064" percent="23" />
      <mem type="loa" free="315392" total="315392" percent="100" />
    </mem>
    <remembered-set count="161" />
  </mem-info>
</gc-start>
<allocation-stats totalBytes="2553704" discardedBytes="67560" >
  <allocated-bytes non-tlh="164872" tlh="2388832" />
  <largest-consumer threadName="main" threadId="0000000000019700" bytes="2553704" />
</allocation-stats>
<gc-op id="368" type="scavenge" timems="0.264" contextid="365" timestamp="2026-09-06T07:07:13.793">
  <scavenger-info tenureage="6" tenuremask="7fc0" tiltratio="81" />
  <memory-copied type="nursery" objects="1911" bytes="66672" bytesdiscarded="110720" />
  <references type="weak" candidates="1" cleared="0" enqueued="0" />
  <references type="phantom" candidates="2" cleared="0" enqueued="0" />
  <object-monitors candidates="5" cleared="0"  />
</gc-op>
<gc-end id="369" type="scavenge" contextid="365" durationms="0.387" usertimems="0.384" systemtimems="0.030" stalltimems="0.374" timestamp="2026-09-06T07:07:13.793" activeThreads="3">
  <mem-info id="370" free="4510976" total="9830400" percent="45">
    <mem type="nursery" free="2771712" total="3538944" percent="78">
      <mem type="allocate" free="2771712" total="2949120" percent="93" />
      <mem type="survivor" free="0" total="589824" percent="0" />
    </mem>
    <mem type="tenure" free="1739264" total="6291456" percent="27">
      <mem type="soa" free="1423872" total="5976064" percent="23" />
      <mem type="loa" free="315392" total="315392" percent="100" />
    </mem>
    <remembered-set count="139" />
  </mem-info>
</gc-end>
<cycle-end id="371" type="scavenge" contextid="365" timestamp="2026-09-06T07:07:13.793" />
<allocation-satisfied id="372" threadId="0000000000019700" bytesRequested="17400" />
<af-end id="373" timestamp="2026-09-06T07:07:13.793" threadId="000000000001A1C0" success="true" from="nursery"/>
<exclusive-end id="374" timestamp="2026-09-06T07:07:13.793" durationms="0.626" />

<exclusive-start id="375" timestamp="2026-09-06T07:07:13.802" intervalms="9.823">
  <response-info timems="0.009" idlems="0.009" threads="0" lastid="0000000000019700" lastname="main" />
</exclusive-start>
<af-start id="376" threadId="000000000001A1C0" totalBytesRequested="27784" timestamp="2026-09-06T07:07:13.802" intervalms="9.812" type="nursery" />
<cycle-start id="377" type="scavenge" contextid="0" timestamp="2026-09-06T07:07:13.802" intervalms="9.811" />
<gc-start id="378" type="scavenge" contextid="377" timestamp="2026-09-06T07:07:13.802">
  <mem-info id="379" free="1738840" total="9830400" percent="17">
    <mem type="nursery" free="0" total="3538944" percent="0">
      <mem type="allocate" free="0" total="2949120" percent="0" />
      <mem type="survivor" free="0" total="589824" percent="0" />
    </mem>
    <mem type="tenure" free="1738840" total="6291456" percent="27">
      <mem type="soa" free="1423448" total="5976064" percent="23" />
      <mem type="loa" free="315392" total="315392" percent="100" />
    </mem>
    <remembered-set count="156" />
  </mem-info>
</gc-start>
<allocation-stats totalBytes="2663968" discardedBytes="108168" >
  <allocated-bytes non-tlh="404352" tlh="2259616" />
  <largest-consumer threadName="main" threadId="0000000000019700" bytes="2663968" />
</allocation-stats>
<gc-op id="380" type="scavenge" timems="0.277" contextid="377" timestamp="2026-09-06T07:07:13.803">
  <scavenger-info tenureage="7" tenuremask="7f80" tiltratio="83" />
  <memory-copied type="nursery" objects="2473" bytes="183848" bytesdiscarded="96792" />
  <references type="weak" candidates="2" cleared="0" enqueued="0" />
  <references type="phantom" candidates="4" cleared="0" enqueued="0" />
  <object-monitors candidates="5" cleared="0"  />
</gc-op>
<gc-end id="381" type="scavenge" contextid="377" durationms="0.378" usertimems="0.437" systemtimems="0.000" stalltimems="0.392" timestamp="2026-09-06T07:07:13.803" activeThreads="3">
  <mem-info id="382" free="4472832" total="9830400" percent="45">
    <mem type="nursery" free="2733992" total="3538944" percent="77">
      <mem type="allocate" free="2733992" total="3014656" percent="90" />
      <mem type="survivor" free="0" total="524288" percent="0" />
    </mem>
    <mem type="tenure" free="1738840" total="6291456" percent="27">
      <mem type="soa" free="1423448" total="5976064" percent="23" />
      <mem type="loa" free="315392" total="315392" percent="100" />
    </mem>
    <remembered-set count="136" />
  </mem-info>
</gc-end>
<cycle-end id="383" type="scavenge" contextid="377" timestamp="2026-09-06T07:07:13.803" />
<allocation-satisfied id="384" threadId="0000000000019700" bytesRequested="27784" />
<af-end id="385" timestamp="2026-09-06T07:07:13.803" threadId="000000000001A1C0" success="true" from="nursery"/>
<exclusive-end id="386" timestamp="2026-09-06T07:07:13.803" durationms="0.616" />

<exclusive-start id="387" timestamp="2026-09-06T07:07:13.811" intervalms="8.992">
  <response-info timems="0.012" idlems="0.012" threads="0" lastid="0000000000019700" lastname="main" />
</exclusive-start>
<af-start id="388" threadId="000000000001A1C0" totalBytesRequested="8200" timestamp="2026-09-06T07:07:13.811" intervalms="9.019" type="nursery" />
<cycle-start id="389" type="scavenge" contextid="0" timestamp="2026-09-06T07:07:13.811" intervalms="9.032" />
<gc-start id="390" type="scavenge" contextid="389" timestamp="2026-09-06T07:07:13.811">
  <mem-info id="391" free="1738488" total="9830400" percent="17">
    <mem type="nursery" free="0" total="3538944" percent="0">
      <mem type="allocate" free="0" total="3014656" percent="0" />
      <mem type="survivor" free="0" total="524288" percent="0" />
    </mem>
    <mem type="tenure" free="1738488" total="6291456" percent="27">
      <mem type="soa" free="1423096" total="5976064" percent="23" />
      <mem type="loa" free="315392" total="315392" percent="100" />
    </mem>
    <remembered-set count="150" />
  </mem-info>
</gc-start>
<allocation-stats totalBytes="2678824" discardedBytes="55520" >
  <allocated-bytes non-tlh="267336" tlh="2411488" />
  <largest-consumer threadName="main" threadId="0000000000019700" bytes="2678824" />
</allocation-stats>
<gc-op id="392" type="scavenge" timems="0.295" contextid="389" timestamp="2026-09-06T07:07:13.812">
  <scavenger-info tenureage="8" tenuremask="7f00" tiltratio="85" />
  <memory-copied type="nursery" objects="3037" bytes="164640" bytesdiscarded="78880" />
  <references type="weak" candidates="1" cleared="0" enqueued="0" />
  <references type="phantom" candidates="3" cleared="0" enqueued="0" />
  <object-monitors candidates="5" cleared="0"  />
</gc-op>
<gc-end id="393" type="scavenge" contextid="389" durationms="0.392" usertimems="1.474" systemtimems="0.000" stalltimems="0.459" timestamp="2026-09-06T07:07:13.812" activeThreads="3">
  <mem-info id="394" free="4575144" total="9830400" percent="46">
    <mem type="nursery" free="2836656" total="3538944" percent="80">
      <mem type="allocate" free="2836656" total="3080192" percent="92" />
      <mem type="survivor" free="0" total="458752" percent="0" />
    </mem>
    <mem type="tenure" free="1738488" total="6291456" percent="27">
      <mem type="soa" free="1423096" total="5976064" percent="23" />
      <mem type="loa" free="315392" total="315392" percent="100" />
    </mem>
    <remembered-set count="137" />
  </mem-info>
</gc-end>
<cycle-end id="395" type="scavenge" contextid="389" timestamp="2026-09-06T07:07:13.812" />
<allocation-satisfied id="396" threadId="0000000000019700" bytesRequested="8200" />
<af-end id="397" timestamp="2026-09-06T07:07:13.812" threadId="000000000001A1C0" success="true" from="nursery"/>
<exclusive-end id="398" timestamp="2026-09-06T07:07:13.812" durationms="0.684" />

<exclusive-start id="399" timestamp="2026-09-06T07:07:13.820" intervalms="8.911">
  <response-info timems="0.010" idlems="0.010" threads="0" lastid="0000000000019700" lastname="main" />
</exclusive-start>
<af-start id="400" threadId="000000000001A1C0" totalBytesRequested="248296" timestamp="2026-09-06T07:07:13.820" intervalms="8.901" type="nursery" />
<cycle-start id="401" type="scavenge" contextid="0" timestamp="2026-09-06T07:07:13.820" intervalms="8.909" />
<gc-start id="402" type="scavenge" contextid="401" timestamp="2026-09-06T07:07:13.820">
  <mem-info id="403" free="1738488" total="9830400" percent="17">
    <mem type="nursery" free="0" total="3538944" percent="0">
      <mem type="allocate" free="0" total="3080192" percent="0" />
      <mem type="survivor" free="0" total="458752" percent="0" />
    </mem>
    <mem type="tenure" free="1738488" total="6291456" percent="27">
      <mem type="soa" free="1423096" total="5976064" percent="23" />
      <mem type="loa" free="315392" total="315392" percent="100" />
    </mem>
    <remembered-set count="145" />
  </mem-info>
</gc-start>
<allocation-stats totalBytes="2810576" discardedBytes="26080" >
  <allocated-bytes non-tlh="1101848" tlh="1708728" />
  <largest-consumer threadName="main" threadId="0000000000019700" bytes="2810576" />
</allocation-stats>
<gc-op id="404" type="scavenge" timems="0.324" contextid="401" timestamp="2026-09-06T07:07:13.821">
  <scavenger-info tenureage="9" tenuremask="7e00" tiltratio="87" />
  <memory-copied type="nursery" objects="3409" bytes="118184" bytesdiscarded="71496" />
  <references type="weak" candidates="1" cleared="0" enqueued="0" />
  <references type="phantom" candidates="2" cleared="0" enqueued="0" />
  <object-monitors candidates="5" cleared="0"  />
</gc-op>
<gc-end id="405" type="scavenge" contextid="401" durationms="0.428" usertimems="0.000" systemtimems="0.516" stalltimems="0.467" timestamp="2026-09-06T07:07:13.821" activeThreads="3">
  <mem-info id="406" free="4694520" total="9830400" percent="47">
    <mem type="nursery" free="2956032" total="3538944" percent="83">
      <mem type="allocate" free="2956032" total="3145728" percent="93" />
      <mem type="survivor" free="0" total="393216" percent="0" />
    </mem>
    <mem type="tenure" free="1738488" total="6291456" percent="27">
      <mem type="soa" free="1423096" total="5976064" percent="23" />
      <mem type="loa" free="315392" total="315392" percent="100" />
    </mem>
    <remembered-set count="128" />
  </mem-info>
</gc-end>
<cycle-end id="407" type="scavenge" contextid="401" timestamp="2026-09-06T07:07:13.821" />
<allocation-satisfied id="408" threadId="0000000000019700" bytesRequested="248296" />
<af-end id="409" timestamp="2026-09-06T07:07:13.821" threadId="000000000001A1C0" success="true" from="nursery"/>
<exclusive-end id="410" timestamp="2026-09-06T07:07:13.821" durationms="0.715" />

<exclusive-start id="411" timestamp="2026-09-06T07:07:13.836" intervalms="16.298">
  <response-info timems="0.013" idlems="0.013" threads="0" lastid="0000000000019700" lastname="main" />
</exclusive-start>
<af-start id="412" threadId="000000000001A1C0" totalBytesRequested="3712" timestamp="2026-09-06T07:07:13.837" intervalms="16.313" type="nursery" />
<cycle-start id="413" type="scavenge" contextid="0" timestamp="2026-09-06T07:07:13.837" intervalms="16.306" />
<gc-start id="414" type="scavenge" contextid="413" timestamp="2026-09-06T07:07:13.837">
  <mem-info id="415" free="1738488" total="9830400" percent="17">
    <mem type="nursery" free="0" total="3538944" percent="0">
      <mem type="allocate" free="0" total="3145728" percent="0" />
      <mem type="survivor" free="0" total="393216" percent="0" />
    </mem>
    <mem type="tenure" free="1738488" total="6291456" percent="27">
      <mem type="soa" free="1423096" total="5976064" percent="23" />
      <mem type="loa" free="315392" total="315392" percent="100" />
    </mem>
    <remembered-set count="138" />
  </mem-info>
</gc-start>
<allocation-stats totalBytes="2926360" discardedBytes="29672" >
  <allocated-bytes non-tlh="803896" tlh="2122464" />
  <largest-consumer threadName="main" threadId="0000000000019700" bytes="2926360" />
</allocation-stats>
<gc-op id="416" type="scavenge" timems="0.333" contextid="413" timestamp="2026-09-06T07:07:13.837">
  <scavenger-info tenureage="3" tenuremask="7df8" tiltratio="88" />
  <memory-copied type="nursery" objects="1486" bytes="87800" bytesdiscarded="109832" />
  <memory-copied type="tenure" objects="2427" bytes="82816" bytesdiscarded="104" />
  <references type="phantom" candidates="3" cleared="0" enqueued="0" />
  <object-monitors candidates="5" cleared="0"  />
</gc-op>
<gc-end id="417" type="scavenge" contextid="413" durationms="0.456" usertimems="0.559" systemtimems="0.042" stalltimems="0.436" timestamp="2026-09-06T07:07:13.837" activeThreads="3">
  <mem-info id="418" free="4458976" total="9830400" percent="45">
    <mem type="nursery" free="2948088" total="3538944" percent="83">
      <mem type="allocate" free="2948088" total="3145728" percent="93" />
      <mem type="survivor" free="0" total="393216" percent="0" />
    </mem>
    <mem type="tenure" free="1510888" total="6291456" percent="24">
      <mem type="soa" free="1195496" total="5976064" percent="20" />
      <mem type="loa" free="315392" total="315392" percent="100" />
    </mem>
    <remembered-set count="196" />
  </mem-info>
</gc-end>
<cycle-end id="419" type="scavenge" contextid="413" timestamp="2026-09-06T07:07:13.837" />
<allocation-satisfied id="420" threadId="0000000000019700" bytesRequested="3712" />
<af-end id="421" timestamp="2026-09-06T07:07:13.837" threadId="000000000001A1C0" success="true" from="nursery"/>
<exclusive-end id="422" timestamp="2026-09-06T07:07:13.837" durationms="0.776" />

<exclusive-start id="423" timestamp="2026-09-06T07:07:13.845" intervalms="8.392">
  <response-info timems="0.008" idlems="0.008" threads="0" lastid="0000000000019700" lastname="main" />
</exclusive-start>
<af-start id="424" threadId="000000000001A1C0" totalBytesRequested="89624" timestamp="2026-09-06T07:07:13.845" intervalms="8.377" type="nursery" />
<cycle-start id="425" type="scavenge" contextid="0" timestamp="2026-09-06T07:07:13.845" intervalms="8.372" />
<gc-start id="426" type="scavenge" contextid="425" timestamp="2026-09-06T07:07:13.845">
  <mem-info id="427" free="1510792" total="9830400" percent="15">
    <mem type="nursery" free="0" total="3538944" percent="0">
      <mem type="allocate" free="0" total="3145728" percent="0" />
      <mem type="survivor" free="0" total="393216" percent="0" />
    </mem>
    <mem type="tenure" free="1510792" total="6291456" percent="24">
      <mem type="soa" free="1195400" total="5976064" percent="20" />
      <mem type="loa" free="315392" total="315392" percent="100" />
    </mem>
    <remembered-set count="231" />
  </mem-info>
</gc-start>
<allocation-stats totalBytes="2900552" discardedBytes="47632" >
  <allocated-bytes non-tlh="333408" tlh="2567144" />
  <largest-consumer threadName="main" threadId="0000000000019700" bytes="2900552" />
</allocation-stats>
<gc-op id="428" type="scavenge" timems="0.241" contextid="425" timestamp="2026-09-06T07:07:13.845">
  <scavenger-info tenureage="3" tenuremask="7808" tiltratio="88" />
  <memory-copied type="nursery" objects="1668" bytes="63872" bytesdiscarded="80504" />
  <memory-copied type="tenure" objects="549" bytes="18488" bytesdiscarded="0" />
  <references type="phantom" candidates="2" cleared="0" enqueued="0" />
  <object-monitors candidates="5" cleared="0"  />
</gc-op>
<gc-end id="429" type="scavenge" contextid="425" durationms="0.334" usertimems="0.428" systemtimems="0.032" stalltimems="0.251" timestamp="2026-09-06T07:07:13.845" activeThreads="3">
  <mem-info id="430" free="4512136" total="9830400" percent="45">
    <mem type="nursery" free="3001344" total="3538944" percent="84">
      <mem type="allocate" free="3001344" total="3145728" percent="95" />
      <mem type="survivor" free="0" total="393216" percent="0" />
    </mem>
    <mem type="tenure" free="1510792" total="6291456" percent="24">
      <mem type="soa" free="1195400" total="5976064" percent="20" />
      <mem type="loa" free="315392" total="315392" percent="100" />
    </mem>
    <remembered-set count="204" />
  </mem-info>
</gc-end>
<cycle-end id="431" type="scavenge" contextid="425" timestamp="2026-09-06T07:07:13.845" />
<allocation-satisfied id="432" threadId="0000000000019700" bytesRequested="89624" />
<af-end id="433" timestamp="2026-09-06T07:07:13.845" threadId="000000000001A1C0" success="true" from="nursery"/>
<exclusive-end id="434" timestamp="2026-09-06T07:07:13.845" durationms="0.593" />

<exclusive-start id="435" timestamp="2026-09-06T07:07:13.852" intervalms="6.962">
  <response-info timems="0.008" idlems="0.008" threads="0" lastid="0000000000019700" lastname="main" />
</exclusive-start>
<af-start id="436" threadId="000000000001A1C0" totalBytesRequested="16392" timestamp="2026-09-06T07:07:13.852" intervalms="6.935" type="nursery" />
<cycle-start id="437" type="scavenge" contextid="0" timestamp="2026-09-06T07:07:13.852" intervalms="6.923" />
<gc-start id="438" type="scavenge" contextid="437" timestamp="2026-09-06T07:07:13.852">
  <mem-info id="439" free="1510728" total="9830400" percent="15">
    <mem type="nursery" free="0" total="3538944" percent="0">
      <mem type="allocate" free="0" total="3145728" percent="0" />
      <mem type="survivor" free="0" total="393216" percent="0" />
    </mem>
    <mem type="tenure" free="1510728" total="6291456" percent="24">
      <mem type="soa" free="1195336" total="5976064" percent="20" />
      <mem type="loa" free="315392" total="315392" percent="100" />
    </mem>
    <remembered-set count="239" />
  </mem-info>
</gc-start>
<allocation-stats totalBytes="2947000" discardedBytes="54408" >
  <allocated-bytes non-tlh="439768" tlh="2507232" />
  <largest-consumer threadName="main" threadId="0000000000019700" bytes="2947000" />
</allocation-stats>
<gc-op id="440" type="scavenge" timems="0.214" contextid="437" timestamp="2026-09-06T07:07:13.852">
  <scavenger-info tenureage="3" tenuremask="7008" tiltratio="88" />
  <memory-copied type="nursery" objects="1913" bytes="365920" bytesdiscarded="27288" />
  <memory-copied type="tenure" objects="400" bytes="38408" bytesdiscarded="0" />
  <copy-failed type="nursery" objects="1" bytes="24816" />
  <references type="phantom" candidates="3" cleared="0" enqueued="0" />
  <object-monitors candidates="5" cleared="0"  />
</gc-op>
<gc-end id="441" type="scavenge" contextid="437" durationms="0.315" usertimems="0.428" systemtimems="0.033" stalltimems="0.220" timestamp="2026-09-06T07:07:13.852" activeThreads="3">
  <mem-info id="442" free="3804488" total="9830400" percent="38">
    <mem type="nursery" free="2293760" total="3538944" percent="64">
      <mem type="allocate" free="2293760" total="2686976" percent="85" />
      <mem type="survivor" free="0" total="851968" percent="0" />
    </mem>
    <mem type="tenure" free="1510728" total="6291456" percent="24">
      <mem type="soa" free="1195336" total="5976064" percent="20" />
      <mem type="loa" free="315392" total="315392" percent="100" />
    </mem>
    <remembered-set count="214" />
  </mem-info>
</gc-end>
<cycle-end id="443" type="scavenge" contextid="437" timestamp="2026-09-06T07:07:13.852" />
<allocation-satisfied id="444" threadId="0000000000019700" bytesRequested="16392" />
<af-end id="445" timestamp="2026-09-06T07:07:13.852" threadId="000000000001A1C0" success="true" from="nursery"/>
<exclusive-end id="446" timestamp="2026-09-06T07:07:13.852" durationms="0.530" />

<exclusive-start id="447" timestamp="2026-09-06T07:07:13.857" intervalms="4.826">
  <response-info timems="0.006" idlems="0.006" threads="0" lastid="0000000000019700" lastname="main" />
</exclusive-start>
<af-start id="448" threadId="000000000001A1C0" totalBytesRequested="8200" timestamp="2026-09-06T07:07:13.857" intervalms="4.826" type="nursery" />
<cycle-start id="449" type="scavenge" contextid="0" timestamp="2026-09-06T07:07:13.857" intervalms="4.826" />
<gc-start id="450" type="scavenge" contextid="449" timestamp="2026-09-06T07:07:13.857">
  <mem-info id="451" free="1510728" total="9830400" percent="15">
    <mem type="nursery" free="0" total="3538944" percent="0">
      <mem type="allocate" free="0" total="2686976" percent="0" />
      <mem type="survivor" free="0" total="851968" percent="0" />
    </mem>
    <mem type="tenure" free="1510728" total="6291456" percent="24">
      <mem type="soa" free="1195336" total="5976064" percent="20" />
      <mem type="loa" free="315392" total="315392" percent="100" />
    </mem>
    <remembered-set count="245" />
  </mem-info>
</gc-start>
<allocation-stats totalBytes="2288360" discardedBytes="5400" >
  <allocated-bytes non-tlh="579232" tlh="1709128" />
  <largest-consumer threadName="main" threadId="0000000000019700" bytes="2288360" />
</allocation-stats>
<gc-op id="452" type="scavenge" timems="0.205" contextid="449" timestamp="2026-09-06T07:07:13.857">
  <scavenger-info tenureage="3" tenuremask="7008" tiltratio="75" />
  <memory-copied type="nursery" objects="1794" bytes="74160" bytesdiscarded="45640" />
  <memory-copied type="tenure" objects="495" bytes="20608" bytesdiscarded="8" />
  <references type="phantom" candidates="3" cleared="0" enqueued="0" />
  <object-monitors candidates="5" cleared="0"  />
</gc-op>
<heap-resize id="453" type="expand" space="nursery" amount="262144" count="1" timems="0.016" reason="excessive time being spent scavenging" timestamp="2026-09-06T07:07:13.857" />
<gc-end id="454" type="scavenge" contextid="449" durationms="0.338" usertimems="0.423" systemtimems="0.000" stalltimems="0.223" timestamp="2026-09-06T07:07:13.857" activeThreads="3">
  <mem-info id="455" free="4314856" total="10092544" percent="42">
    <mem type="nursery" free="2829312" total="3801088" percent="74">
      <mem type="allocate" free="2829312" total="2949120" percent="95" />
      <mem type="survivor" free="0" total="851968" percent="0" />
    </mem>
    <mem type="tenure" free="1485544" total="6291456" percent="23">
      <mem type="soa" free="1170152" total="5976064" percent="19" />
      <mem type="loa" free="315392" total="315392" percent="100" />
    </mem>
    <remembered-set count="224" />
  </mem-info>
</gc-end>
<cycle-end id="456" type="scavenge" contextid="449" timestamp="2026-09-06T07:07:13.857" />
<allocation-satisfied id="457" threadId="0000000000019700" bytesRequested="8200" />
<af-end id="458" timestamp="2026-09-06T07:07:13.857" threadId="000000000001A1C0" success="true" from="nursery"/>
<exclusive-end id="459" timestamp="2026-09-06T07:07:13.857" durationms="0.530" />

<exclusive-start id="460" timestamp="2026-09-06T07:07:13.862" intervalms="5.596">
  <response-info timems="0.007" idlems="0.007" threads="0" lastid="0000000000019700" lastname="main" />
</exclusive-start>
<af-start id="461" threadId="000000000001A1C0" totalBytesRequested="7640" timestamp="2026-09-06T07:07:13.862" intervalms="5.597" type="nursery" />
<cycle-start id="462" type="scavenge" contextid="0" timestamp="2026-09-06T07:07:13.862" intervalms="5.598" />
<gc-start id="463" type="scavenge" contextid="462" timestamp="2026-09-06T07:07:13.862">
  <mem-info id="464" free="1485448" total="10092544" percent="14">
    <mem type="nursery" free="0" total="3801088" percent="0">
      <mem type="allocate" free="0" total="2949120" percent="0" />
      <mem type="survivor" free="0" total="851968" percent="0" />
    </mem>
    <mem type="tenure" free="1485448" total="6291456" percent="23">
      <mem type="soa" free="1170056" total="5976064" percent="19" />
      <mem type="loa" free="315392" total="315392" percent="100" />
    </mem>
    <remembered-set count="267" />
  </mem-info>
</gc-start>
<allocation-stats totalBytes="2768096" discardedBytes="61312" >
  <allocated-bytes non-tlh="8296" tlh="2759800" />
  <largest-consumer threadName="main" threadId="0000000000019700" bytes="2768096" />
</allocation-stats>
<gc-op id="465" type="scavenge" timems="0.247" contextid="462" timestamp="2026-09-06T07:07:13.863">
  <scavenger-info tenureage="3" tenuremask="ffe8" tiltratio="77" />
  <memory-copied type="nursery" objects="1705" bytes="194176" bytesdiscarded="107016" />
  <memory-copied type="tenure" objects="749" bytes="28632" bytesdiscarded="80" />
  <references type="weak" candidates="1" cleared="0" enqueued="0" />
  <references type="phantom" candidates="4" cleared="0" enqueued="0" />
  <object-monitors candidates="5" cleared="0"  />
</gc-op>
<gc-end id="466" type="scavenge" contextid="462" durationms="0.340" usertimems="0.000" systemtimems="0.558" stalltimems="0.241" timestamp="2026-09-06T07:07:13.863" activeThreads="3">
  <mem-info id="467" free="4235048" total="10092544" percent="41">
    <mem type="nursery" free="2778984" total="3801088" percent="73">
      <mem type="allocate" free="2778984" total="3080192" percent="90" />
      <mem type="survivor" free="0" total="720896" percent="0" />
    </mem>
    <mem type="tenure" free="1456064" total="6291456" percent="23">
      <mem type="soa" free="1140672" total="5976064" percent="19" />
      <mem type="loa" free="315392" total="315392" percent="100" />
    </mem>
    <remembered-set count="239" />
  </mem-info>
</gc-end>
<cycle-end id="468" type="scavenge" contextid="462" timestamp="2026-09-06T07:07:13.863" />
<allocation-satisfied id="469" threadId="0000000000019700" bytesRequested="7640" />
<af-end id="470" timestamp="2026-09-06T07:07:13.863" threadId="000000000001A1C0" success="true" from="nursery"/>
<exclusive-end id="471" timestamp="2026-09-06T07:07:13.863" durationms="0.538" />

<exclusive-start id="472" timestamp="2026-09-06T07:07:13.867" intervalms="4.895">
  <response-info timems="0.009" idlems="0.009" threads="0" lastid="0000000000019700" lastname="main" />
</exclusive-start>
<af-start id="473" threadId="000000000001A1C0" totalBytesRequested="6488" timestamp="2026-09-06T07:07:13.867" intervalms="4.910" type="nursery" />
<cycle-start id="474" type="scavenge" contextid="0" timestamp="2026-09-06T07:07:13.867" intervalms="4.920" />
<gc-start id="475" type="scavenge" contextid="474" timestamp="2026-09-06T07:07:13.867">
  <mem-info id="476" free="1456008" total="10092544" percent="14">
    <mem type="nursery" free="0" total="3801088" percent="0">
      <mem type="allocate" free="0" total="3080192" percent="0" />
      <mem type="survivor" free="0" total="720896" percent="0" />
    </mem>
    <mem type="tenure" free="1456008" total="6291456" percent="23">
      <mem type="soa" free="1140616" total="5976064" percent="19" />
      <mem type="loa" free="315392" total="315392" percent="100" />
    </mem>
    <remembered-set count="283" />
  </mem-info>
</gc-start>
<allocation-stats totalBytes="2624336" discardedBytes="154704" >
  <allocated-bytes non-tlh="472328" tlh="2152008" />
  <largest-consumer threadName="main" threadId="0000000000019700" bytes="2624336" />
</allocation-stats>
<gc-op id="477" type="scavenge" timems="0.217" contextid="474" timestamp="2026-09-06T07:07:13.868">
  <scavenger-info tenureage="3" tenuremask="4008" tiltratio="81" />
  <memory-copied type="nursery" objects="1607" bytes="54248" bytesdiscarded="114704" />
  <memory-copied type="tenure" objects="556" bytes="18624" bytesdiscarded="8" />
  <references type="phantom" candidates="2" cleared="0" enqueued="0" />
  <object-monitors candidates="5" cleared="0"  />
</gc-op>
<heap-resize id="478" type="expand" space="nursery" amount="262144" count="1" timems="0.010" reason="excessive time being spent scavenging" timestamp="2026-09-06T07:07:13.868" />
<gc-end id="479" type="scavenge" contextid="474" durationms="0.361" usertimems="0.395" systemtimems="0.029" stalltimems="0.242" timestamp="2026-09-06T07:07:13.868" activeThreads="3">
  <mem-info id="480" free="4686528" total="10354688" percent="45">
    <mem type="nursery" free="3238912" total="4063232" percent="79">
      <mem type="allocate" free="3238912" total="3407872" percent="95" />
      <mem type="survivor" free="0" total="655360" percent="0" />
    </mem>
    <mem type="tenure" free="1447616" total="6291456" percent="23">
      <mem type="soa" free="1132224" total="5976064" percent="18" />
      <mem type="loa" free="315392" total="315392" percent="100" />
    </mem>
    <remembered-set count="250" />
  </mem-info>
</gc-end>
<cycle-end id="481" type="scavenge" contextid="474" timestamp="2026-09-06T07:07:13.868" />
<allocation-satisfied id="482" threadId="0000000000019700" bytesRequested="6488" />
<af-end id="483" timestamp="2026-09-06T07:07:13.868" threadId="000000000001A1C0" success="true" from="nursery"/>
<exclusive-end id="484" timestamp="2026-09-06T07:07:13.868" durationms="0.611" />

<exclusive-start id="485" timestamp="2026-09-06T07:07:13.874" intervalms="6.555">
  <response-info timems="0.018" idlems="0.018" threads="0" lastid="0000000000019700" lastname="main" />
</exclusive-start>
<af-start id="486" threadId="000000000001A1C0" totalBytesRequested="3056" timestamp="2026-09-06T07:07:13.874" intervalms="6.538" type="nursery" />
<cycle-start id="487" type="scavenge" contextid="0" timestamp="2026-09-06T07:07:13.874" intervalms="6.530" />
<gc-start id="488" type="scavenge" contextid="487" timestamp="2026-09-06T07:07:13.874">
  <mem-info id="489" free="1447472" total="10354688" percent="13">
    <mem type="nursery" free="0" total="4063232" percent="0">
      <mem type="allocate" free="0" total="3407872" percent="0" />
      <mem type="survivor" free="0" total="655360" percent="0" />
    </mem>
    <mem type="tenure" free="1447472" total="6291456" percent="23">
      <mem type="soa" free="1132080" total="5976064" percent="18" />
      <mem type="loa" free="315392" total="315392" percent="100" />
    </mem>
    <remembered-set count="317" />
  </mem-info>
</gc-start>
<allocation-stats totalBytes="3177088" discardedBytes="61968" >
  <allocated-bytes non-tlh="191064" tlh="2986024" />
  <largest-consumer threadName="main" threadId="0000000000019700" bytes="3177088" />
</allocation-stats>
<gc-op id="490" type="scavenge" timems="0.225" contextid="487" timestamp="2026-09-06T07:07:13.874">
  <scavenger-info tenureage="3" tenuremask="ffe8" tiltratio="83" />
  <memory-copied type="nursery" objects="1963" bytes="73552" bytesdiscarded="116128" />
  <memory-copied type="tenure" objects="436" bytes="14568" bytesdiscarded="672" />
  <references type="weak" candidates="1" cleared="0" enqueued="0" />
  <references type="phantom" candidates="4" cleared="0" enqueued="0" />
  <object-monitors candidates="5" cleared="0"  />
</gc-op>
<gc-end id="491" type="scavenge" contextid="487" durationms="0.322" usertimems="0.386" systemtimems="0.029" stalltimems="0.306" timestamp="2026-09-06T07:07:13.874" activeThreads="3">
  <mem-info id="492" free="4782464" total="10354688" percent="46">
    <mem type="nursery" free="3349248" total="4063232" percent="82">
      <mem type="allocate" free="3349248" total="3538944" percent="94" />
      <mem type="survivor" free="0" total="524288" percent="0" />
    </mem>
    <mem type="tenure" free="1433216" total="6291456" percent="22">
      <mem type="soa" free="1117824" total="5976064" percent="18" />
      <mem type="loa" free="315392" total="315392" percent="100" />
    </mem>
    <remembered-set count="280" />
  </mem-info>
</gc-end>
<cycle-end id="493" type="scavenge" contextid="487" timestamp="2026-09-06T07:07:13.874" />
<allocation-satisfied id="494" threadId="0000000000019700" bytesRequested="3056" />
<af-end id="495" timestamp="2026-09-06T07:07:13.874" threadId="000000000001A1C0" success="true" from="nursery"/>
<exclusive-end id="496" timestamp="2026-09-06T07:07:13.874" durationms="0.534" />

<exclusive-start id="497" timestamp="2026-09-06T07:07:13.880" intervalms="6.377">
  <response-info timems="0.009" idlems="0.009" threads="0" lastid="0000000000019700" lastname="main" />
</exclusive-start>
<af-start id="498" threadId="000000000001A1C0" totalBytesRequested="8200" timestamp="2026-09-06T07:07:13.880" intervalms="6.385" type="nursery" />
<cycle-start id="499" type="scavenge" contextid="0" timestamp="2026-09-06T07:07:13.880" intervalms="6.383" />
<gc-start id="500" type="scavenge" contextid="499" timestamp="2026-09-06T07:07:13.880">
  <mem-info id="501" free="1433216" total="10354688" percent="13">
    <mem type="nursery" free="0" total="4063232" percent="0">
      <mem type="allocate" free="0" total="3538944" percent="0" />
      <mem type="survivor" free="0" total="524288" percent="0" />
    </mem>
    <mem type="tenure" free="1433216" total="6291456" percent="22">
      <mem type="soa" free="1117824" total="5976064" percent="18" />
      <mem type="loa" free="315392" total="315392" percent="100" />
    </mem>
    <remembered-set count="326" />
  </mem-info>
</gc-start>
<allocation-stats totalBytes="3298080" discardedBytes="51168" >
  <allocated-bytes non-tlh="759344" tlh="2538736" />
  <largest-consumer threadName="main" threadId="0000000000019700" bytes="3298080" />
</allocation-stats>
<gc-op id="502" type="scavenge" timems="0.223" contextid="499" timestamp="2026-09-06T07:07:13.880">
  <scavenger-info tenureage="3" tenuremask="ffe8" tiltratio="87" />
  <memory-copied type="nursery" objects="2002" bytes="88784" bytesdiscarded="91592" />
  <memory-copied type="tenure" objects="668" bytes="22576" bytesdiscarded="0" />
  <references type="phantom" candidates="3" cleared="0" enqueued="0" />
  <object-monitors candidates="5" cleared="0"  />
</gc-op>
<gc-end id="503" type="scavenge" contextid="499" durationms="0.318" usertimems="1.144" systemtimems="0.000" stalltimems="0.224" timestamp="2026-09-06T07:07:13.880" activeThreads="3">
  <mem-info id="504" free="4824288" total="10354688" percent="46">
    <mem type="nursery" free="3424096" total="4063232" percent="84">
      <mem type="allocate" free="3424096" total="3604480" percent="94" />
      <mem type="survivor" free="0" total="458752" percent="0" />
    </mem>
    <mem type="tenure" free="1400192" total="6291456" percent="22">
      <mem type="soa" free="1084800" total="5976064" percent="18" />
      <mem type="loa" free="315392" total="315392" percent="100" />
    </mem>
    <remembered-set count="251" />
  </mem-info>
</gc-end>
<cycle-end id="505" type="scavenge" contextid="499" timestamp="2026-09-06T07:07:13.881" />
<allocation-satisfied id="506" threadId="0000000000019700" bytesRequested="8200" />
<af-end id="507" timestamp="2026-09-06T07:07:13.881" threadId="000000000001A1C0" success="true" from="nursery"/>
<exclusive-end id="508" timestamp="2026-09-06T07:07:13.881" durationms="0.560" />

<exclusive-start id="509" timestamp="2026-09-06T07:07:13.886" intervalms="5.635">
  <response-info timems="0.006" idlems="0.006" threads="0" lastid="0000000000019700" lastname="main" />
</exclusive-start>
<af-start id="510" threadId="000000000001A1C0" totalBytesRequested="1032" timestamp="2026-09-06T07:07:13.886" intervalms="5.636" type="nursery" />
<cycle-start id="511" type="scavenge" contextid="0" timestamp="2026-09-06T07:07:13.886" intervalms="5.640" />
<gc-start id="512" type="scavenge" contextid="511" timestamp="2026-09-06T07:07:13.886">
  <mem-info id="513" free="1400192" total="10354688" percent="13">
    <mem type="nursery" free="0" total="4063232" percent="0">
      <mem type="allocate" free="0" total="3604480" percent="0" />
      <mem type="survivor" free="0" total="458752" percent="0" />
    </mem>
    <mem type="tenure" free="1400192" total="6291456" percent="22">
      <mem type="soa" free="1084800" total="5976064" percent="18" />
      <mem type="loa" free="315392" total="315392" percent="100" />
    </mem>
    <remembered-set count="274" />
  </mem-info>
</gc-start>
<allocation-stats totalBytes="3416016" discardedBytes="8080" >
  <allocated-bytes non-tlh="1165312" tlh="2250704" />
  <largest-consumer threadName="main" threadId="0000000000019700" bytes="3416016" />
</allocation-stats>
<gc-op id="514" type="scavenge" timems="0.217" contextid="511" timestamp="2026-09-06T07:07:13.886">
  <scavenger-info tenureage="3" tenuremask="ffe8" tiltratio="88" />
  <memory-copied type="nursery" objects="2090" bytes="102504" bytesdiscarded="54160" />
  <memory-copied type="tenure" objects="473" bytes="15968" bytesdiscarded="0" />
  <references type="phantom" candidates="3" cleared="0" enqueued="0" />
  <object-monitors candidates="5" cleared="0"  />
</gc-op>
<heap-resize id="515" type="expand" space="nursery" amount="262144" count="1" timems="0.013" reason="excessive time being spent scavenging" timestamp="2026-09-06T07:07:13.886" />
<gc-end id="516" type="scavenge" contextid="511" durationms="0.350" usertimems="0.496" systemtimems="0.038" stalltimems="0.210" timestamp="2026-09-06T07:07:13.886" activeThreads="3">
  <mem-info id="517" free="5044608" total="10616832" percent="47">
    <mem type="nursery" free="3644416" total="4325376" percent="84">
      <mem type="allocate" free="3644416" total="3801088" percent="95" />
      <mem type="survivor" free="0" total="524288" percent="0" />
    </mem>
    <mem type="tenure" free="1400192" total="6291456" percent="22">
      <mem type="soa" free="1084800" total="5976064" percent="18" />
      <mem type="loa" free="315392" total="315392" percent="100" />
    </mem>
    <remembered-set count="231" />
  </mem-info>
</gc-end>
<cycle-end id="518" type="scavenge" contextid="511" timestamp="2026-09-06T07:07:13.886" />
<allocation-satisfied id="519" threadId="0000000000019700" bytesRequested="1032" />
<af-end id="520" timestamp="2026-09-06T07:07:13.886" threadId="000000000001A1C0" success="true" from="nursery"/>
<exclusive-end id="521" timestamp="2026-09-06T07:07:13.886" durationms="0.559" />

<exclusive-start id="522" timestamp="2026-09-06T07:07:13.894" intervalms="8.741">
  <response-info timems="0.008" idlems="0.008" threads="0" lastid="0000000000019700" lastname="main" />
</exclusive-start>
<af-start id="523" threadId="000000000001A1C0" totalBytesRequested="157472" timestamp="2026-09-06T07:07:13.894" intervalms="8.733" type="nursery" />
<cycle-start id="524" type="scavenge" contextid="0" timestamp="2026-09-06T07:07:13.894" intervalms="8.729" />
<gc-start id="525" type="scavenge" contextid="524" timestamp="2026-09-06T07:07:13.895">
  <mem-info id="526" free="1512224" total="10616832" percent="14">
    <mem type="nursery" free="112080" total="4325376" percent="2">
      <mem type="allocate" free="112080" total="3801088" percent="2" />
      <mem type="survivor" free="0" total="524288" percent="0" />
    </mem>
    <mem type="tenure" free="1400144" total="6291456" percent="22">
      <mem type="soa" free="1084752" total="5976064" percent="18" />
      <mem type="loa" free="315392" total="315392" percent="100" />
    </mem>
    <remembered-set count="273" />
  </mem-info>
</gc-start>
<allocation-stats totalBytes="3436808" discardedBytes="95576" >
  <allocated-bytes non-tlh="719464" tlh="2717344" />
  <largest-consumer threadName="main" threadId="0000000000019700" bytes="3436808" />
</allocation-stats>
<gc-op id="527" type="scavenge" timems="0.207" contextid="524" timestamp="2026-09-06T07:07:13.895">
  <scavenger-info tenureage="3" tenuremask="ffe8" tiltratio="87" />
  <memory-copied type="nursery" objects="1867" bytes="77944" bytesdiscarded="115584" />
  <memory-copied type="tenure" objects="774" bytes="26048" bytesdiscarded="8" />
  <references type="phantom" candidates="2" cleared="0" enqueued="0" />
  <object-monitors candidates="5" cleared="0"  />
</gc-op>
<gc-end id="528" type="scavenge" contextid="524" durationms="0.299" usertimems="0.416" systemtimems="0.031" stalltimems="0.194" timestamp="2026-09-06T07:07:13.895" activeThreads="3">
  <mem-info id="529" free="5034128" total="10616832" percent="47">
    <mem type="nursery" free="3673088" total="4325376" percent="84">
      <mem type="allocate" free="3673088" total="3866624" percent="94" />
      <mem type="survivor" free="0" total="458752" percent="0" />
    </mem>
    <mem type="tenure" free="1361040" total="6291456" percent="21">
      <mem type="soa" free="1045648" total="5976064" percent="17" />
      <mem type="loa" free="315392" total="315392" percent="100" />
    </mem>
    <remembered-set count="215" />
  </mem-info>
</gc-end>
<cycle-end id="530" type="scavenge" contextid="524" timestamp="2026-09-06T07:07:13.895" />
<allocation-satisfied id="531" threadId="0000000000019700" bytesRequested="157472" />
<af-end id="532" timestamp="2026-09-06T07:07:13.895" threadId="000000000001A1C0" success="true" from="nursery"/>
<exclusive-end id="533" timestamp="2026-09-06T07:07:13.895" durationms="0.500" />

<exclusive-start id="534" timestamp="2026-09-06T07:07:13.903" intervalms="8.692">
  <response-info timems="0.008" idlems="0.008" threads="0" lastid="0000000000019700" lastname="main" />
</exclusive-start>
<af-start id="535" threadId="000000000001A1C0" totalBytesRequested="2056" timestamp="2026-09-06T07:07:13.903" intervalms="8.706" type="nursery" />
<cycle-start id="536" type="scavenge" contextid="0" timestamp="2026-09-06T07:07:13.903" intervalms="8.711" />
<gc-start id="537" type="scavenge" contextid="536" timestamp="2026-09-06T07:07:13.903">
  <mem-info id="538" free="1361040" total="10616832" percent="12">
    <mem type="nursery" free="0" total="4325376" percent="0">
      <mem type="allocate" free="0" total="3866624" percent="0" />
      <mem type="survivor" free="0" total="458752" percent="0" />
    </mem>
    <mem type="tenure" free="1361040" total="6291456" percent="21">
      <mem type="soa" free="1045648" total="5976064" percent="17" />
      <mem type="loa" free="315392" total="315392" percent="100" />
    </mem>
    <remembered-set count="252" />
  </mem-info>
</gc-start>
<allocation-stats totalBytes="3633504" discardedBytes="39584" >
  <allocated-bytes non-tlh="1080024" tlh="2553480" />
  <largest-consumer threadName="main" threadId="0000000000019700" bytes="3633504" />
</allocation-stats>
<gc-op id="539" type="scavenge" timems="0.254" contextid="536" timestamp="2026-09-06T07:07:13.904">
  <scavenger-info tenureage="3" tenuremask="ffe8" tiltratio="89" />
  <memory-copied type="nursery" objects="1836" bytes="385000" bytesdiscarded="73744" />
  <memory-copied type="tenure" objects="702" bytes="38688" bytesdiscarded="56" />
  <references type="phantom" candidates="3" cleared="0" enqueued="0" />
  <object-monitors candidates="5" cleared="0"  />
</gc-op>
<gc-end id="540" type="scavenge" contextid="536" durationms="0.361" usertimems="0.474" systemtimems="0.036" stalltimems="0.276" timestamp="2026-09-06T07:07:13.904" activeThreads="3">
  <mem-info id="541" free="4484992" total="10616832" percent="42">
    <mem type="nursery" free="3145728" total="4325376" percent="72">
      <mem type="allocate" free="3145728" total="3604480" percent="87" />
      <mem type="survivor" free="0" total="720896" percent="0" />
    </mem>
    <mem type="tenure" free="1339264" total="6291456" percent="21">
      <mem type="soa" free="1023872" total="5976064" percent="17" />
      <mem type="loa" free="315392" total="315392" percent="100" />
    </mem>
    <remembered-set count="223" />
  </mem-info>
</gc-end>
<cycle-end id="542" type="scavenge" contextid="536" timestamp="2026-09-06T07:07:13.904" />
<allocation-satisfied id="543" threadId="0000000000019700" bytesRequested="2056" />
<af-end id="544" timestamp="2026-09-06T07:07:13.904" threadId="000000000001A1C0" success="true" from="nursery"/>
<exclusive-end id="545" timestamp="2026-09-06T07:07:13.904" durationms="0.580" />

<exclusive-start id="546" timestamp="2026-09-06T07:07:13.921" intervalms="18.252">
  <response-info timems="0.017" idlems="0.017" threads="0" lastid="0000000000019700" lastname="main" />
</exclusive-start>
<af-start id="547" threadId="000000000001A1C0" totalBytesRequested="29344" timestamp="2026-09-06T07:07:13.921" intervalms="18.273" type="nursery" />
<cycle-start id="548" type="scavenge" contextid="0" timestamp="2026-09-06T07:07:13.921" intervalms="18.280" />
<gc-start id="549" type="scavenge" contextid="548" timestamp="2026-09-06T07:07:13.922">
  <mem-info id="550" free="1339264" total="10616832" percent="12">
    <mem type="nursery" free="0" total="4325376" percent="0">
      <mem type="allocate" free="0" total="3604480" percent="0" />
      <mem type="survivor" free="0" total="720896" percent="0" />
    </mem>
    <mem type="tenure" free="1339264" total="6291456" percent="21">
      <mem type="soa" free="1023872" total="5976064" percent="17" />
      <mem type="loa" free="315392" total="315392" percent="100" />
    </mem>
    <remembered-set count="269" />
  </mem-info>
</gc-start>
<allocation-stats totalBytes="3074984" discardedBytes="70744" >
  <allocated-bytes non-tlh="333672" tlh="2741312" />
  <largest-consumer threadName="main" threadId="0000000000019700" bytes="3074984" />
</allocation-stats>
<gc-op id="551" type="scavenge" timems="0.233" contextid="548" timestamp="2026-09-06T07:07:13.922">
  <scavenger-info tenureage="2" tenuremask="ffec" tiltratio="83" />
  <memory-copied type="nursery" objects="1329" bytes="44864" bytesdiscarded="103352" />
  <memory-copied type="tenure" objects="1140" bytes="38232" bytesdiscarded="64" />
  <references type="phantom" candidates="2" cleared="0" enqueued="0" />
  <object-monitors candidates="5" cleared="0"  />
</gc-op>
<gc-end id="552" type="scavenge" contextid="548" durationms="0.361" usertimems="0.496" systemtimems="0.037" stalltimems="0.158" timestamp="2026-09-06T07:07:13.922" activeThreads="3">
  <mem-info id="553" free="4774736" total="10616832" percent="44">
    <mem type="nursery" free="3521792" total="4325376" percent="81">
      <mem type="allocate" free="3521792" total="3670016" percent="95" />
      <mem type="survivor" free="0" total="655360" percent="0" />
    </mem>
    <mem type="tenure" free="1252944" total="6291456" percent="19">
      <mem type="soa" free="937552" total="5976064" percent="15" />
      <mem type="loa" free="315392" total="315392" percent="100" />
    </mem>
    <remembered-set count="195" />
  </mem-info>
</gc-end>
<cycle-end id="554" type="scavenge" contextid="548" timestamp="2026-09-06T07:07:13.922" />
<allocation-satisfied id="555" threadId="0000000000019700" bytesRequested="29344" />
<af-end id="556" timestamp="2026-09-06T07:07:13.922" threadId="000000000001A1C0" success="true" from="nursery"/>
<exclusive-end id="557" timestamp="2026-09-06T07:07:13.922" durationms="0.614" />

<exclusive-start id="558" timestamp="2026-09-06T07:07:13.928" intervalms="6.412">
  <response-info timems="0.006" idlems="0.006" threads="0" lastid="0000000000019700" lastname="main" />
</exclusive-start>
<af-start id="559" threadId="000000000001A1C0" totalBytesRequested="207504" timestamp="2026-09-06T07:07:13.928" intervalms="6.385" type="nursery" />
<cycle-start id="560" type="scavenge" contextid="0" timestamp="2026-09-06T07:07:13.928" intervalms="6.379" />
<gc-start id="561" type="scavenge" contextid="560" timestamp="2026-09-06T07:07:13.928">
  <mem-info id="562" free="1252944" total="10616832" percent="11">
    <mem type="nursery" free="0" total="4325376" percent="0">
      <mem type="allocate" free="0" total="3670016" percent="0" />
      <mem type="survivor" free="0" total="655360" percent="0" />
    </mem>
    <mem type="tenure" free="1252944" total="6291456" percent="19">
      <mem type="soa" free="937552" total="5976064" percent="15" />
      <mem type="loa" free="315392" total="315392" percent="100" />
    </mem>
    <remembered-set count="251" />
  </mem-info>
</gc-start>
<allocation-stats totalBytes="3399448" discardedBytes="122344" >
  <allocated-bytes non-tlh="256376" tlh="3143072" />
  <largest-consumer threadName="main" threadId="0000000000019700" bytes="3399448" />
</allocation-stats>
<gc-op id="563" type="scavenge" timems="0.199" contextid="560" timestamp="2026-09-06T07:07:13.928">
  <scavenger-info tenureage="2" tenuremask="ffec" tiltratio="84" />
  <memory-copied type="nursery" objects="1417" bytes="47640" bytesdiscarded="100576" />
  <memory-copied type="tenure" objects="584" bytes="19624" bytesdiscarded="8" />
  <references type="phantom" candidates="2" cleared="0" enqueued="0" />
  <object-monitors candidates="5" cleared="0"  />
</gc-op>
<gc-end id="564" type="scavenge" contextid="560" durationms="0.287" usertimems="0.371" systemtimems="0.028" stalltimems="0.184" timestamp="2026-09-06T07:07:13.928" activeThreads="3">
  <mem-info id="565" free="4799048" total="10616832" percent="45">
    <mem type="nursery" free="3587328" total="4325376" percent="82">
      <mem type="allocate" free="3587328" total="3735552" percent="96" />
      <mem type="survivor" free="0" total="589824" percent="0" />
    </mem>
    <mem type="tenure" free="1211720" total="6291456" percent="19">
      <mem type="soa" free="896328" total="5976064" percent="14" />
      <mem type="loa" free="315392" total="315392" percent="100" />
    </mem>
    <remembered-set count="213" />
  </mem-info>
</gc-end>
<cycle-end id="566" type="scavenge" contextid="560" timestamp="2026-09-06T07:07:13.928" />
<allocation-satisfied id="567" threadId="0000000000019700" bytesRequested="207504" />
<af-end id="568" timestamp="2026-09-06T07:07:13.928" threadId="000000000001A1C0" success="true" from="nursery"/>
<exclusive-end id="569" timestamp="2026-09-06T07:07:13.928" durationms="0.499" />

<exclusive-start id="570" timestamp="2026-09-06T07:07:13.933" intervalms="5.117">
  <response-info timems="0.005" idlems="0.005" threads="0" lastid="0000000000019700" lastname="main" />
</exclusive-start>
<af-start id="571" threadId="000000000001A1C0" totalBytesRequested="2848" timestamp="2026-09-06T07:07:13.933" intervalms="5.100" type="nursery" />
<cycle-start id="572" type="scavenge" contextid="0" timestamp="2026-09-06T07:07:13.933" intervalms="5.092" />
<gc-start id="573" type="scavenge" contextid="572" timestamp="2026-09-06T07:07:13.933">
  <mem-info id="574" free="1211664" total="10616832" percent="11">
    <mem type="nursery" free="0" total="4325376" percent="0">
      <mem type="allocate" free="0" total="3735552" percent="0" />
      <mem type="survivor" free="0" total="589824" percent="0" />
    </mem>
    <mem type="tenure" free="1211664" total="6291456" percent="19">
      <mem type="soa" free="896272" total="5976064" percent="14" />
      <mem type="loa" free="315392" total="315392" percent="100" />
    </mem>
    <remembered-set count="280" />
  </mem-info>
</gc-start>
<allocation-stats totalBytes="3547928" discardedBytes="39456" >
  <allocated-bytes non-tlh="585920" tlh="2962008" />
  <largest-consumer threadName="main" threadId="0000000000019700" bytes="3547928" />
</allocation-stats>
<gc-op id="575" type="scavenge" timems="0.209" contextid="572" timestamp="2026-09-06T07:07:13.933">
  <scavenger-info tenureage="2" tenuremask="fff4" tiltratio="86" />
  <memory-copied type="nursery" objects="1441" bytes="52432" bytesdiscarded="95776" />
  <memory-copied type="tenure" objects="720" bytes="24224" bytesdiscarded="16" />
  <references type="weak" candidates="1" cleared="0" enqueued="0" />
  <references type="phantom" candidates="4" cleared="0" enqueued="0" />
  <object-monitors candidates="5" cleared="0"  />
</gc-op>
<gc-end id="576" type="scavenge" contextid="572" durationms="0.289" usertimems="0.370" systemtimems="0.029" stalltimems="0.227" timestamp="2026-09-06T07:07:13.933" activeThreads="3">
  <mem-info id="577" free="4924864" total="10616832" percent="46">
    <mem type="nursery" free="3718400" total="4325376" percent="85">
      <mem type="allocate" free="3718400" total="3866624" percent="96" />
      <mem type="survivor" free="0" total="458752" percent="0" />
    </mem>
    <mem type="tenure" free="1206464" total="6291456" percent="19">
      <mem type="soa" free="891072" total="5976064" percent="14" />
      <mem type="loa" free="315392" total="315392" percent="100" />
    </mem>
    <remembered-set count="227" />
  </mem-info>
</gc-end>
<cycle-end id="578" type="scavenge" contextid="572" timestamp="2026-09-06T07:07:13.933" />
<allocation-satisfied id="579" threadId="0000000000019700" bytesRequested="2848" />
<af-end id="580" timestamp="2026-09-06T07:07:13.933" threadId="000000000001A1C0" success="true" from="nursery"/>
<exclusive-end id="581" timestamp="2026-09-06T07:07:13.933" durationms="0.469" />

<exclusive-start id="582" timestamp="2026-09-06T07:07:13.965" intervalms="32.319">
  <response-info timems="0.009" idlems="0.009" threads="0" lastid="0000000000019700" lastname="main" />
</exclusive-start>
<af-start id="583" threadId="000000000001A1C0" totalBytesRequested="30424" timestamp="2026-09-06T07:07:13.965" intervalms="32.368" type="nursery" />
<cycle-start id="584" type="scavenge" contextid="0" timestamp="2026-09-06T07:07:13.965" intervalms="32.391" />
<gc-start id="585" type="scavenge" contextid="584" timestamp="2026-09-06T07:07:13.965">
  <mem-info id="586" free="1184624" total="10616832" percent="11">
    <mem type="nursery" free="0" total="4325376" percent="0">
      <mem type="allocate" free="0" total="3866624" percent="0" />
      <mem type="survivor" free="0" total="458752" percent="0" />
    </mem>
    <mem type="tenure" free="1184624" total="6291456" percent="18">
      <mem type="soa" free="869232" total="5976064" percent="14" />
      <mem type="loa" free="315392" total="315392" percent="100" />
    </mem>
    <remembered-set count="652" />
  </mem-info>
</gc-start>
<allocation-stats totalBytes="3709480" discardedBytes="29336" >
  <allocated-bytes non-tlh="524248" tlh="3185232" />
  <largest-consumer threadName="main" threadId="0000000000019700" bytes="3705384" />
</allocation-stats>
<gc-op id="587" type="scavenge" timems="0.461" contextid="584" timestamp="2026-09-06T07:07:13.966">
  <scavenger-info tenureage="2" tenuremask="fff4" tiltratio="89" />
  <memory-copied type="nursery" objects="6344" bytes="377152" bytesdiscarded="80832" />
  <memory-copied type="tenure" objects="672" bytes="22400" bytesdiscarded="0" />
  <finalization candidates="75" enqueued="73" />
  <ownableSynchronizers candidates="53" cleared="28" />
  <references type="soft" candidates="9" cleared="0" enqueued="0" dynamicThreshold="10" maxThreshold="32" />
  <references type="weak" candidates="121" cleared="69" enqueued="69" />
  <references type="phantom" candidates="31" cleared="0" enqueued="0" />
  <object-monitors candidates="6" cleared="0"  />
</gc-op>
<gc-end id="588" type="scavenge" contextid="584" durationms="0.561" usertimems="0.967" systemtimems="0.000" stalltimems="0.487" timestamp="2026-09-06T07:07:13.966" activeThreads="3">
  <mem-info id="589" free="4264816" total="10616832" percent="40">
    <mem type="nursery" free="3080192" total="4325376" percent="71">
      <mem type="allocate" free="3080192" total="3538944" percent="87" />
      <mem type="survivor" free="0" total="786432" percent="0" />
    </mem>
    <mem type="tenure" free="1184624" total="6291456" percent="18">
      <mem type="soa" free="869232" total="5976064" percent="14" />
      <mem type="loa" free="315392" total="315392" percent="100" />
    </mem>
    <pending-finalizers system="73" default="0" reference="69" classloader="0" />
    <remembered-set count="588" />
  </mem-info>
</gc-end>
<cycle-end id="590" type="scavenge" contextid="584" timestamp="2026-09-06T07:07:13.966" />
<allocation-satisfied id="591" threadId="0000000000019700" bytesRequested="30424" />
<af-end id="592" timestamp="2026-09-06T07:07:13.966" threadId="000000000001A1C0" success="true" from="nursery"/>
<exclusive-end id="593" timestamp="2026-09-06T07:07:13.966" durationms="0.826" />

<exclusive-start id="594" timestamp="2026-09-06T07:07:13.988" intervalms="23.184">
  <response-info timems="0.024" idlems="0.018" threads="1" lastid="0000000000024E00" lastname="JIT Compilation Thread-002" />
</exclusive-start>
<af-start id="595" threadId="000000000001A1C0" totalBytesRequested="16" timestamp="2026-09-06T07:07:13.988" intervalms="23.168" type="nursery" />
<cycle-start id="596" type="scavenge" contextid="0" timestamp="2026-09-06T07:07:13.989" intervalms="23.162" />
<gc-start id="597" type="scavenge" contextid="596" timestamp="2026-09-06T07:07:13.989">
  <mem-info id="598" free="1182072" total="10616832" percent="11">
    <mem type="nursery" free="0" total="4325376" percent="0">
      <mem type="allocate" free="0" total="3538944" percent="0" />
      <mem type="survivor" free="0" total="786432" percent="0" />
    </mem>
    <mem type="tenure" free="1182072" total="6291456" percent="18">
      <mem type="soa" free="866680" total="5976064" percent="14" />
      <mem type="loa" free="315392" total="315392" percent="100" />
    </mem>
    <remembered-set count="721" />
  </mem-info>
</gc-start>
<allocation-stats totalBytes="3080808" discardedBytes="1936" >
  <allocated-bytes non-tlh="32976" tlh="3047832" />
  <largest-consumer threadName="main" threadId="0000000000019700" bytes="3076712" />
</allocation-stats>
<gc-op id="599" type="scavenge" timems="0.873" contextid="596" timestamp="2026-09-06T07:07:13.989">
  <scavenger-info tenureage="2" tenuremask="fff4" tiltratio="81" />
  <memory-copied type="nursery" objects="14107" bytes="773496" bytesdiscarded="9528" />
  <memory-copied type="tenure" objects="1701" bytes="194384" bytesdiscarded="232" />
  <copy-failed type="nursery" objects="973" bytes="170168" />
  <finalization candidates="2" enqueued="0" />
  <ownableSynchronizers candidates="94" cleared="42" />
  <references type="soft" candidates="6" cleared="0" enqueued="0" dynamicThreshold="10" maxThreshold="32" />
  <references type="weak" candidates="24" cleared="0" enqueued="0" />
  <references type="phantom" candidates="71" cleared="0" enqueued="0" />
  <object-monitors candidates="6" cleared="0"  />
</gc-op>
<gc-end id="600" type="scavenge" contextid="596" durationms="1.057" usertimems="1.981" systemtimems="0.074" stalltimems="0.635" timestamp="2026-09-06T07:07:13.990" activeThreads="3">
  <mem-info id="601" free="2780016" total="10616832" percent="26">
    <mem type="nursery" free="1769472" total="4325376" percent="40">
      <mem type="allocate" free="1769472" total="2555904" percent="69" />
      <mem type="survivor" free="0" total="1769472" percent="0" />
    </mem>
    <mem type="tenure" free="1010544" total="6291456" percent="16">
      <mem type="soa" free="695152" total="5976064" percent="11" />
      <mem type="loa" free="315392" total="315392" percent="100" />
    </mem>
    <remembered-set count="957" />
  </mem-info>
</gc-end>
<cycle-end id="602" type="scavenge" contextid="596" timestamp="2026-09-06T07:07:13.990" />
<allocation-satisfied id="603" threadId="0000000000019700" bytesRequested="16" />
<af-end id="604" timestamp="2026-09-06T07:07:13.990" threadId="000000000001A1C0" success="true" from="nursery"/>
<exclusive-end id="605" timestamp="2026-09-06T07:07:13.990" durationms="1.310" />

<exclusive-start id="606" timestamp="2026-09-06T07:07:14.018" intervalms="29.790">
  <response-info timems="0.010" idlems="0.010" threads="0" lastid="0000000000019700" lastname="main" />
</exclusive-start>
<af-start id="607" threadId="000000000001A1C0" totalBytesRequested="40" timestamp="2026-09-06T07:07:14.018" intervalms="29.834" type="nursery" />
<cycle-start id="608" type="scavenge" contextid="0" timestamp="2026-09-06T07:07:14.018" intervalms="29.861" />
<gc-start id="609" type="scavenge" contextid="608" timestamp="2026-09-06T07:07:14.018">
  <mem-info id="610" free="1008464" total="10616832" percent="9">
    <mem type="nursery" free="0" total="4325376" percent="0">
      <mem type="allocate" free="0" total="2555904" percent="0" />
      <mem type="survivor" free="0" total="1769472" percent="0" />
    </mem>
    <mem type="tenure" free="1008464" total="6291456" percent="16">
      <mem type="soa" free="693072" total="5976064" percent="11" />
      <mem type="loa" free="315392" total="315392" percent="100" />
    </mem>
    <remembered-set count="995" />
  </mem-info>
</gc-start>
<allocation-stats totalBytes="1771288" discardedBytes="264" >
  <allocated-bytes non-tlh="2096" tlh="1769192" />
  <largest-consumer threadName="main" threadId="0000000000019700" bytes="1771288" />
</allocation-stats>
<gc-op id="611" type="scavenge" timems="0.726" contextid="608" timestamp="2026-09-06T07:07:14.019">
  <scavenger-info tenureage="2" tenuremask="fff4" tiltratio="59" />
  <memory-copied type="nursery" objects="12523" bytes="672904" bytesdiscarded="90944" />
  <memory-copied type="tenure" objects="4620" bytes="242096" bytesdiscarded="312" />
  <finalization candidates="10" enqueued="10" />
  <ownableSynchronizers candidates="29" cleared="0" />
  <references type="weak" candidates="8" cleared="5" enqueued="5" />
  <references type="phantom" candidates="40" cleared="0" enqueued="0" />
  <object-monitors candidates="6" cleared="0"  />
</gc-op>
<gc-end id="612" type="scavenge" contextid="608" durationms="0.852" usertimems="2.217" systemtimems="0.000" stalltimems="0.689" timestamp="2026-09-06T07:07:14.019" activeThreads="4">
  <mem-info id="613" free="2458808" total="10616832" percent="23">
    <mem type="nursery" free="1922664" total="4325376" percent="44">
      <mem type="allocate" free="1922664" total="2686976" percent="71" />
      <mem type="survivor" free="0" total="1638400" percent="0" />
    </mem>
    <mem type="tenure" free="536144" total="6291456" percent="8">
      <mem type="soa" free="220752" total="5976064" percent="3" />
      <mem type="loa" free="315392" total="315392" percent="100" />
    </mem>
    <pending-finalizers system="10" default="0" reference="5" classloader="0" />
    <remembered-set count="501" />
  </mem-info>
</gc-end>
<cycle-end id="614" type="scavenge" contextid="608" timestamp="2026-09-06T07:07:14.019" />
<allocation-satisfied id="615" threadId="0000000000019700" bytesRequested="40" />
<af-end id="616" timestamp="2026-09-06T07:07:14.019" threadId="000000000001A1C0" success="true" from="nursery"/>
<exclusive-end id="617" timestamp="2026-09-06T07:07:14.019" durationms="1.212" />

<concurrent-kickoff id="618" timestamp="2026-09-06T07:07:14.032">
  <kickoff reason="threshold reached" targetBytes="1925226" thresholdFreeBytes="266931"  remainingFree="99904" tenureFreeBytes="536024" nurseryFreeBytes="99904" />
</concurrent-kickoff>
<exclusive-start id="619" timestamp="2026-09-06T07:07:14.032" intervalms="13.794">
  <response-info timems="0.008" idlems="0.008" threads="0" lastid="0000000000019700" lastname="main" />
</exclusive-start>
<cycle-start id="620" type="global" contextid="0" timestamp="2026-09-06T07:07:14.032" intervalms="290.059" />
<concurrent-start id="621" type="global mark" contextid="620" timestamp="2026-09-06T07:07:14.032">
</concurrent-start>
<exclusive-end id="622" timestamp="2026-09-06T07:07:14.032" durationms="0.087" />

<exclusive-start id="623" timestamp="2026-09-06T07:07:14.033" intervalms="0.927">
  <response-info timems="0.004" idlems="0.004" threads="0" lastid="0000000000019700" lastname="main" />
</exclusive-start>
<af-start id="624" threadId="000000000001A1C0" totalBytesRequested="16" timestamp="2026-09-06T07:07:14.033" intervalms="14.646" type="nursery" />
<cycle-start id="625" type="scavenge" contextid="0" timestamp="2026-09-06T07:07:14.033" intervalms="14.612" />
<gc-start id="626" type="scavenge" contextid="625" timestamp="2026-09-06T07:07:14.033">
  <mem-info id="627" free="536024" total="10616832" percent="5">
    <mem type="nursery" free="0" total="4325376" percent="0">
      <mem type="allocate" free="0" total="2686976" percent="0" />
      <mem type="survivor" free="0" total="1638400" percent="0" />
    </mem>
    <mem type="tenure" free="536024" total="6291456" percent="8">
      <mem type="soa" free="220632" total="5976064" percent="3" />
      <mem type="loa" free="315392" total="315392" percent="100" />
    </mem>
    <remembered-set count="516" />
  </mem-info>
</gc-start>
<allocation-stats totalBytes="1921536" discardedBytes="1248" >
  <allocated-bytes non-tlh="160" tlh="1921376" />
  <largest-consumer threadName="main" threadId="0000000000019700" bytes="1921536" />
</allocation-stats>
<gc-op id="628" type="scavenge" timems="0.914" contextid="625" timestamp="2026-09-06T07:07:14.034">
  <scavenger-info tenureage="2" tenuremask="fff4" tiltratio="62" />
  <memory-copied type="nursery" objects="4922" bytes="298816" bytesdiscarded="187104" />
  <memory-copied type="tenure" objects="7481" bytes="368344" bytesdiscarded="96" />
  <finalization candidates="1" enqueued="1" />
  <ownableSynchronizers candidates="15" cleared="0" />
  <references type="weak" candidates="3" cleared="0" enqueued="0" />
  <object-monitors candidates="6" cleared="0"  />
  <heap-resize type="expand" space="tenure" amount="196608" count="3" timems="0.349" reason="continue current collection" />
</gc-op>
<heap-resize id="629" type="expand" space="nursery" amount="262144" count="1" timems="0.009" reason="excessive time being spent scavenging" timestamp="2026-09-06T07:07:14.034" />
<gc-end id="630" type="scavenge" contextid="625" durationms="1.117" usertimems="2.927" systemtimems="0.000" stalltimems="1.048" timestamp="2026-09-06T07:07:14.034" activeThreads="4">
  <mem-info id="631" free="2881280" total="11075584" percent="26">
    <mem type="nursery" free="2528736" total="4587520" percent="55">
      <mem type="allocate" free="2528736" total="3014656" percent="83" />
      <mem type="survivor" free="0" total="1572864" percent="0" />
    </mem>
    <mem type="tenure" free="352544" total="6488064" percent="5">
      <mem type="soa" free="27936" total="6163456" percent="0" />
      <mem type="loa" free="324608" total="324608" percent="100" />
    </mem>
    <pending-finalizers system="1" default="0" reference="0" classloader="0" />
    <remembered-set count="256" />
  </mem-info>
</gc-end>
<cycle-end id="632" type="scavenge" contextid="625" timestamp="2026-09-06T07:07:14.034" />
<allocation-satisfied id="633" threadId="0000000000019700" bytesRequested="16" />
<af-end id="634" timestamp="2026-09-06T07:07:14.034" threadId="000000000001A1C0" success="true" from="nursery"/>
<exclusive-end id="635" timestamp="2026-09-06T07:07:14.034" durationms="1.360" />

<exclusive-start id="636" timestamp="2026-09-06T07:07:14.061" intervalms="28.097">
  <response-info timems="0.111" idlems="0.069" threads="2" lastid="0000000000526300" lastname="Equinox start level thread - Equinox Container: 8e9ada42-b0c3-4" />
</exclusive-start>
<af-start id="637" threadId="000000000051F3C0" totalBytesRequested="120" timestamp="2026-09-06T07:07:14.061" intervalms="28.162" type="tenure" />
<concurrent-end id="638" type="global mark" contextid="620" timestamp="2026-09-06T07:07:14.061">
<gc-op id="639" type="trace" timems="28.848" contextid="620" timestamp="2026-09-06T07:07:14.061">
  <trace bytesTraced="2868756" workStackOverflowCount="0" />
  <card-cleaning bytesTraced="0" cardsCleaned="0" />
</gc-op>
</concurrent-end>

<gc-start id="640" type="global" contextid="620" timestamp="2026-09-06T07:07:14.061">
  <mem-info id="641" free="981472" total="11075584" percent="8">
    <mem type="nursery" free="656864" total="4587520" percent="14">
      <mem type="allocate" free="656864" total="3014656" percent="21" />
      <mem type="survivor" free="0" total="1572864" percent="0" />
    </mem>
    <mem type="tenure" free="324608" total="6488064" percent="5">
      <mem type="soa" free="0" total="6163456" percent="0" />
      <mem type="loa" free="324608" total="324608" percent="100" />
    </mem>
    <remembered-set count="719" />
  </mem-info>
</gc-start>
<allocation-stats totalBytes="1834672" discardedBytes="64448" >
  <allocated-bytes non-tlh="109224" tlh="1725448" />
  <largest-consumer threadName="main" threadId="0000000000019700" bytes="887808" />
</allocation-stats>
<concurrent-halted id="642" timestamp="2026-09-06T07:07:14.061">
  <halted state="Complete" status="trace only" />
  <traced bytesTarget="1980344" bytesTotal="2868756" bytesByMutator="152" bytesByHelper="2868604" percent="144" />
  <cards cleaned="0" thresholdBytes="105154" />
</concurrent-halted>
<gc-op id="643" type="rs-scan" timems="0.168" contextid="620" timestamp="2026-09-06T07:07:14.062">
  <scan objectsFound="243" bytesTraced="13188" workStackOverflowCount="0" />
</gc-op>
<gc-op id="644" type="card-cleaning" timems="1.036" contextid="620" timestamp="2026-09-06T07:07:14.063">
  <card-cleaning cardsCleaned="251" bytesTraced="424952" workStackOverflowCount="0" />
</gc-op>
<gc-op id="645" type="mark" timems="1.480" contextid="620" timestamp="2026-09-06T07:07:14.064">
  <trace-info objectcount="1037" scancount="815" scanbytes="36832" />
  <finalization candidates="625" enqueued="39" />
  <ownableSynchronizers candidates="97" cleared="0" />
  <references type="soft" candidates="3023" cleared="0" enqueued="0" dynamicThreshold="10" maxThreshold="32" />
  <references type="weak" candidates="1018" cleared="148" enqueued="148" />
  <references type="phantom" candidates="115" cleared="0" enqueued="0" />
  <stringconstants candidates="11056" cleared="58"  />
  <object-monitors candidates="14" cleared="4"  />
</gc-op>
<gc-op id="646" type="classunload" timems="0.006" contextid="620" timestamp="2026-09-06T07:07:14.064">
  <classunload-info classloadercandidates="10" classloadersunloaded="0" classesunloaded="0" anonymousclassesunloaded="0" quiescems="0.000" setupms="0.005" scanms="0.000" postms="0.000" />
</gc-op>
<gc-op id="647" type="sweep" timems="0.342" contextid="620" timestamp="2026-09-06T07:07:14.065" />
<heap-resize id="648" type="expand" space="tenure" amount="1703936" count="1" timems="0.036" reason="insufficient free space following gc" timestamp="2026-09-06T07:07:14.065" />
<gc-end id="649" type="global" contextid="620" durationms="3.513" usertimems="4.512" systemtimems="1.186" stalltimems="4.579" timestamp="2026-09-06T07:07:14.065" activeThreads="5">
  <mem-info id="650" free="5036176" total="12779520" percent="39">
    <mem type="nursery" free="2559032" total="4587520" percent="55">
      <mem type="allocate" free="2559032" total="3014656" percent="84" />
      <mem type="survivor" free="0" total="1572864" percent="0" />
    </mem>
    <mem type="tenure" free="2477144" total="8192000" percent="30" micro-fragmented="121946" macro-fragmented="0">
      <mem type="soa" free="2067544" total="7782400" percent="26" />
      <mem type="loa" free="409600" total="409600" percent="100" />
    </mem>
    <pending-finalizers system="39" default="0" reference="148" classloader="0" />
    <remembered-set count="658" />
  </mem-info>
</gc-end>
<cycle-end id="651" type="global" contextid="620" timestamp="2026-09-06T07:07:14.065" />
<allocation-satisfied id="652" threadId="000000000051E900" bytesRequested="120" />
<af-end id="653" timestamp="2026-09-06T07:07:14.065" threadId="000000000051F3C0" success="true" from="tenure-soa"/>
<exclusive-end id="654" timestamp="2026-09-06T07:07:14.065" durationms="3.941" />

<exclusive-start id="655" timestamp="2026-09-06T07:07:14.123" intervalms="61.911">
  <response-info timems="0.029" idlems="0.020" threads="1" lastid="000000000051E900" lastname="Equinox start level thread - Equinox Container: 8e9ada42-b0c3-4" />
</exclusive-start>
<af-start id="656" threadId="0000000000526DC0" totalBytesRequested="24" timestamp="2026-09-06T07:07:14.123" intervalms="61.933" type="nursery" />
<cycle-start id="657" type="scavenge" contextid="0" timestamp="2026-09-06T07:07:14.123" intervalms="90.144" />
<gc-start id="658" type="scavenge" contextid="657" timestamp="2026-09-06T07:07:14.123">
  <mem-info id="659" free="2258368" total="12779520" percent="17">
    <mem type="nursery" free="0" total="4587520" percent="0">
      <mem type="allocate" free="0" total="3014656" percent="0" />
      <mem type="survivor" free="0" total="1572864" percent="0" />
    </mem>
    <mem type="tenure" free="2258368" total="8192000" percent="27">
      <mem type="soa" free="1848768" total="7782400" percent="23" />
      <mem type="loa" free="409600" total="409600" percent="100" />
    </mem>
    <remembered-set count="3799" />
  </mem-info>
</gc-start>
<allocation-stats totalBytes="2755848" discardedBytes="11000" >
  <allocated-bytes non-tlh="500904" tlh="2254944" />
  <largest-consumer threadName="Equinox start level thread - Equinox Container: 8e9ada42-b0c3-41aa-bc78-f04f94c8c87a" threadId="0000000000526300" bytes="1351192" />
</allocation-stats>
<gc-op id="660" type="scavenge" timems="0.730" contextid="657" timestamp="2026-09-06T07:07:14.124">
  <scavenger-info tenureage="2" tenuremask="fff4" tiltratio="65" />
  <memory-copied type="nursery" objects="14300" bytes="571200" bytesdiscarded="57192" />
  <memory-copied type="tenure" objects="1358" bytes="38888" bytesdiscarded="8" />
  <finalization candidates="135" enqueued="81" />
  <ownableSynchronizers candidates="211" cleared="178" />
  <references type="soft" candidates="93" cleared="0" enqueued="0" dynamicThreshold="9" maxThreshold="32" />
  <references type="weak" candidates="584" cleared="390" enqueued="390" />
  <references type="phantom" candidates="4" cleared="0" enqueued="0" />
  <object-monitors candidates="11" cleared="0"  />
</gc-op>
<gc-end id="661" type="scavenge" contextid="657" durationms="0.901" usertimems="2.330" systemtimems="0.000" stalltimems="0.672" timestamp="2026-09-06T07:07:14.124" activeThreads="4">
  <mem-info id="662" free="4755680" total="12779520" percent="37">
    <mem type="nursery" free="2581240" total="4587520" percent="56">
      <mem type="allocate" free="2581240" total="3211264" percent="80" />
      <mem type="survivor" free="0" total="1376256" percent="0" />
    </mem>
    <mem type="tenure" free="2174440" total="8192000" percent="26">
      <mem type="soa" free="1764840" total="7782400" percent="22" />
      <mem type="loa" free="409600" total="409600" percent="100" />
    </mem>
    <pending-finalizers system="81" default="0" reference="390" classloader="0" />
    <remembered-set count="3662" />
  </mem-info>
</gc-end>
<cycle-end id="663" type="scavenge" contextid="657" timestamp="2026-09-06T07:07:14.124" />
<allocation-satisfied id="664" threadId="0000000000526300" bytesRequested="24" />
<af-end id="665" timestamp="2026-09-06T07:07:14.124" threadId="0000000000526DC0" success="true" from="nursery"/>
<exclusive-end id="666" timestamp="2026-09-06T07:07:14.124" durationms="1.348" />

<exclusive-start id="667" timestamp="2026-09-06T07:07:14.169" intervalms="46.280">
  <response-info timems="0.016" idlems="0.016" threads="0" lastid="000000000051E900" lastname="Equinox start level thread - Equinox Container: 8e9ada42-b0c3-4" />
</exclusive-start>
<af-start id="668" threadId="000000000051F3C0" totalBytesRequested="24" timestamp="2026-09-06T07:07:14.169" intervalms="46.258" type="nursery" />
<cycle-start id="669" type="scavenge" contextid="0" timestamp="2026-09-06T07:07:14.169" intervalms="46.243" />
<gc-start id="670" type="scavenge" contextid="669" timestamp="2026-09-06T07:07:14.169">
  <mem-info id="671" free="2058056" total="12779520" percent="16">
    <mem type="nursery" free="0" total="4587520" percent="0">
      <mem type="allocate" free="0" total="3211264" percent="0" />
      <mem type="survivor" free="0" total="1376256" percent="0" />
    </mem>
    <mem type="tenure" free="2058056" total="8192000" percent="25">
      <mem type="soa" free="1648456" total="7782400" percent="21" />
      <mem type="loa" free="409600" total="409600" percent="100" />
    </mem>
    <remembered-set count="5095" />
  </mem-info>
</gc-start>
<allocation-stats totalBytes="2695400" discardedBytes="832" >
  <allocated-bytes non-tlh="115016" tlh="2580384" />
  <largest-consumer threadName="Equinox start level thread - Equinox Container: 8e9ada42-b0c3-41aa-bc78-f04f94c8c87a" threadId="000000000051E900" bytes="1401488" />
</allocation-stats>
<gc-op id="672" type="scavenge" timems="0.899" contextid="669" timestamp="2026-09-06T07:07:14.170">
  <scavenger-info tenureage="4" tenuremask="fff0" tiltratio="70" />
  <memory-copied type="nursery" objects="20790" bytes="853048" bytesdiscarded="78960" />
  <finalization candidates="111" enqueued="55" />
  <ownableSynchronizers candidates="156" cleared="47" />
  <references type="soft" candidates="227" cleared="0" enqueued="0" dynamicThreshold="9" maxThreshold="32" />
  <references type="weak" candidates="701" cleared="384" enqueued="381" />
  <references type="phantom" candidates="6" cleared="0" enqueued="0" />
  <object-monitors candidates="11" cleared="0"  />
</gc-op>
<gc-end id="673" type="scavenge" contextid="669" durationms="1.081" usertimems="1.862" systemtimems="0.990" stalltimems="0.493" timestamp="2026-09-06T07:07:14.171" activeThreads="4">
  <mem-info id="674" free="4400952" total="12779520" percent="34">
    <mem type="nursery" free="2342896" total="4587520" percent="51">
      <mem type="allocate" free="2342896" total="3276800" percent="71" />
      <mem type="survivor" free="0" total="1310720" percent="0" />
    </mem>
    <mem type="tenure" free="2058056" total="8192000" percent="25">
      <mem type="soa" free="1648456" total="7782400" percent="21" />
      <mem type="loa" free="409600" total="409600" percent="100" />
    </mem>
    <pending-finalizers system="55" default="0" reference="381" classloader="0" />
    <remembered-set count="5035" />
  </mem-info>
</gc-end>
<cycle-end id="675" type="scavenge" contextid="669" timestamp="2026-09-06T07:07:14.171" />
<allocation-satisfied id="676" threadId="000000000051E900" bytesRequested="24" />
<af-end id="677" timestamp="2026-09-06T07:07:14.171" threadId="000000000051F3C0" success="true" from="nursery"/>
<exclusive-end id="678" timestamp="2026-09-06T07:07:14.171" durationms="1.498" />

<exclusive-start id="679" timestamp="2026-09-06T07:07:14.211" intervalms="42.057">
  <response-info timems="0.015" idlems="0.015" threads="0" lastid="000000000051E900" lastname="Equinox start level thread - Equinox Container: 8e9ada42-b0c3-4" />
</exclusive-start>
<af-start id="680" threadId="000000000051F3C0" totalBytesRequested="24" timestamp="2026-09-06T07:07:14.211" intervalms="42.041" type="nursery" />
<cycle-start id="681" type="scavenge" contextid="0" timestamp="2026-09-06T07:07:14.211" intervalms="42.028" />
<gc-start id="682" type="scavenge" contextid="681" timestamp="2026-09-06T07:07:14.211">
  <mem-info id="683" free="2030128" total="12779520" percent="15">
    <mem type="nursery" free="0" total="4587520" percent="0">
      <mem type="allocate" free="0" total="3276800" percent="0" />
      <mem type="survivor" free="0" total="1310720" percent="0" />
    </mem>
    <mem type="tenure" free="2030128" total="8192000" percent="24">
      <mem type="soa" free="1620528" total="7782400" percent="20" />
      <mem type="loa" free="409600" total="409600" percent="100" />
    </mem>
    <remembered-set count="5497" />
  </mem-info>
</gc-start>
<allocation-stats totalBytes="2369936" discardedBytes="888" >
  <allocated-bytes non-tlh="27952" tlh="2341984" />
  <largest-consumer threadName="Equinox start level thread - Equinox Container: 8e9ada42-b0c3-41aa-bc78-f04f94c8c87a" threadId="000000000051E900" bytes="1893952" />
</allocation-stats>
<gc-op id="684" type="scavenge" timems="0.893" contextid="681" timestamp="2026-09-06T07:07:14.212">
  <scavenger-info tenureage="3" tenuremask="fff8" tiltratio="71" />
  <memory-copied type="nursery" objects="22201" bytes="898600" bytesdiscarded="132072" />
  <memory-copied type="tenure" objects="834" bytes="23400" bytesdiscarded="0" />
  <finalization candidates="69" enqueued="13" />
  <ownableSynchronizers candidates="152" cleared="12" />
  <references type="soft" candidates="248" cleared="0" enqueued="0" dynamicThreshold="9" maxThreshold="32" />
  <references type="weak" candidates="517" cleared="126" enqueued="126" />
  <references type="phantom" candidates="5" cleared="0" enqueued="0" />
  <object-monitors candidates="12" cleared="0"  />
</gc-op>
<gc-end id="685" type="scavenge" contextid="681" durationms="1.034" usertimems="3.211" systemtimems="0.094" stalltimems="1.049" timestamp="2026-09-06T07:07:14.212" activeThreads="5">
  <mem-info id="686" free="4339480" total="12779520" percent="33">
    <mem type="nursery" free="2375400" total="4587520" percent="51">
      <mem type="allocate" free="2375400" total="3407872" percent="69" />
      <mem type="survivor" free="0" total="1179648" percent="0" />
    </mem>
    <mem type="tenure" free="1964080" total="8192000" percent="23">
      <mem type="soa" free="1554480" total="7782400" percent="19" />
      <mem type="loa" free="409600" total="409600" percent="100" />
    </mem>
    <pending-finalizers system="13" default="0" reference="126" classloader="0" />
    <remembered-set count="2569" />
  </mem-info>
</gc-end>
<cycle-end id="687" type="scavenge" contextid="681" timestamp="2026-09-06T07:07:14.213" />
<allocation-satisfied id="688" threadId="000000000051E900" bytesRequested="24" />
<af-end id="689" timestamp="2026-09-06T07:07:14.213" threadId="000000000051F3C0" success="true" from="nursery"/>
<exclusive-end id="690" timestamp="2026-09-06T07:07:14.213" durationms="1.401" />

<exclusive-start id="691" timestamp="2026-09-06T07:07:14.253" intervalms="41.703">
  <response-info timems="0.016" idlems="0.016" threads="0" lastid="000000000051E900" lastname="Equinox start level thread - Equinox Container: 8e9ada42-b0c3-4" />
</exclusive-start>
<af-start id="692" threadId="000000000051F3C0" totalBytesRequested="56" timestamp="2026-09-06T07:07:14.253" intervalms="41.738" type="nursery" />
<cycle-start id="693" type="scavenge" contextid="0" timestamp="2026-09-06T07:07:14.253" intervalms="41.755" />
<gc-start id="694" type="scavenge" contextid="693" timestamp="2026-09-06T07:07:14.253">
  <mem-info id="695" free="1938768" total="12779520" percent="15">
    <mem type="nursery" free="0" total="4587520" percent="0">
      <mem type="allocate" free="0" total="3407872" percent="0" />
      <mem type="survivor" free="0" total="1179648" percent="0" />
    </mem>
    <mem type="tenure" free="1938768" total="8192000" percent="23">
      <mem type="soa" free="1529168" total="7782400" percent="19" />
      <mem type="loa" free="409600" total="409600" percent="100" />
    </mem>
    <remembered-set count="2952" />
  </mem-info>
</gc-start>
<allocation-stats totalBytes="2392000" discardedBytes="8712" >
  <allocated-bytes non-tlh="41728" tlh="2350272" />
  <largest-consumer threadName="Equinox start level thread - Equinox Container: 8e9ada42-b0c3-41aa-bc78-f04f94c8c87a" threadId="000000000051E900" bytes="1113568" />
</allocation-stats>
<gc-op id="696" type="scavenge" timems="1.194" contextid="693" timestamp="2026-09-06T07:07:14.254">
  <scavenger-info tenureage="3" tenuremask="4008" tiltratio="74" />
  <memory-copied type="nursery" objects="17513" bytes="717968" bytesdiscarded="406248" />
  <memory-copied type="tenure" objects="11817" bytes="491512" bytesdiscarded="32" />
  <finalization candidates="76" enqueued="20" />
  <ownableSynchronizers candidates="434" cleared="134" />
  <references type="soft" candidates="278" cleared="0" enqueued="0" dynamicThreshold="9" maxThreshold="32" />
  <references type="weak" candidates="396" cleared="138" enqueued="138" />
  <references type="phantom" candidates="2" cleared="0" enqueued="0" />
  <object-monitors candidates="13" cleared="0"  />
</gc-op>
<gc-end id="697" type="scavenge" contextid="693" durationms="1.322" usertimems="4.777" systemtimems="0.000" stalltimems="2.279" timestamp="2026-09-06T07:07:14.255" activeThreads="6">
  <mem-info id="698" free="3623048" total="12779520" percent="28">
    <mem type="nursery" free="2347488" total="4587520" percent="51">
      <mem type="allocate" free="2347488" total="3473408" percent="67" />
      <mem type="survivor" free="0" total="1114112" percent="0" />
    </mem>
    <mem type="tenure" free="1275560" total="8192000" percent="15">
      <mem type="soa" free="865960" total="7782400" percent="11" />
      <mem type="loa" free="409600" total="409600" percent="100" />
    </mem>
    <pending-finalizers system="20" default="0" reference="138" classloader="0" />
    <remembered-set count="1364" />
  </mem-info>
</gc-end>
<cycle-end id="699" type="scavenge" contextid="693" timestamp="2026-09-06T07:07:14.255" />
<allocation-satisfied id="700" threadId="000000000051E900" bytesRequested="56" />
<af-end id="701" timestamp="2026-09-06T07:07:14.255" threadId="000000000051F3C0" success="true" from="nursery"/>
<exclusive-end id="702" timestamp="2026-09-06T07:07:14.255" durationms="1.762" />

<exclusive-start id="703" timestamp="2026-09-06T07:07:14.309" intervalms="55.985">
  <response-info timems="0.013" idlems="0.013" threads="0" lastid="0000000000721100" lastname="Default Executor-thread-1" />
</exclusive-start>
<af-start id="704" threadId="0000000000721BC0" totalBytesRequested="8200" timestamp="2026-09-06T07:07:14.309" intervalms="55.984" type="nursery" />
<cycle-start id="705" type="scavenge" contextid="0" timestamp="2026-09-06T07:07:14.309" intervalms="55.980" />
<gc-start id="706" type="scavenge" contextid="705" timestamp="2026-09-06T07:07:14.309">
  <mem-info id="707" free="1215312" total="12779520" percent="9">
    <mem type="nursery" free="0" total="4587520" percent="0">
      <mem type="allocate" free="0" total="3473408" percent="0" />
      <mem type="survivor" free="0" total="1114112" percent="0" />
    </mem>
    <mem type="tenure" free="1215312" total="8192000" percent="14">
      <mem type="soa" free="805712" total="7782400" percent="10" />
      <mem type="loa" free="409600" total="409600" percent="100" />
    </mem>
    <remembered-set count="2257" />
  </mem-info>
</gc-start>
<allocation-stats totalBytes="2400968" discardedBytes="6768" >
  <allocated-bytes non-tlh="60304" tlh="2340664" />
  <largest-consumer threadName="Equinox start level thread - Equinox Container: 8e9ada42-b0c3-41aa-bc78-f04f94c8c87a" threadId="000000000052A000" bytes="1432648" />
</allocation-stats>
<gc-op id="708" type="scavenge" timems="1.146" contextid="705" timestamp="2026-09-06T07:07:14.310">
  <scavenger-info tenureage="3" tenuremask="4008" tiltratio="75" />
  <memory-copied type="nursery" objects="22301" bytes="874856" bytesdiscarded="105528" />
  <memory-copied type="tenure" objects="5758" bytes="197760" bytesdiscarded="56" />
  <finalization candidates="78" enqueued="74" />
  <ownableSynchronizers candidates="652" cleared="154" />
  <references type="soft" candidates="384" cleared="0" enqueued="0" dynamicThreshold="9" maxThreshold="32" />
  <references type="weak" candidates="592" cleared="298" enqueued="298" />
  <references type="phantom" candidates="3" cleared="0" enqueued="0" />
  <object-monitors candidates="15" cleared="0"  />
</gc-op>
<gc-end id="709" type="scavenge" contextid="705" durationms="1.283" usertimems="4.537" systemtimems="0.000" stalltimems="2.456" timestamp="2026-09-06T07:07:14.311" activeThreads="6">
  <mem-info id="710" free="3327536" total="12779520" percent="26">
    <mem type="nursery" free="2425568" total="4587520" percent="52">
      <mem type="allocate" free="2425568" total="3407872" percent="71" />
      <mem type="survivor" free="0" total="1179648" percent="0" />
    </mem>
    <mem type="tenure" free="901968" total="8192000" percent="11">
      <mem type="soa" free="492368" total="7782400" percent="6" />
      <mem type="loa" free="409600" total="409600" percent="100" />
    </mem>
    <pending-finalizers system="74" default="0" reference="298" classloader="0" />
    <remembered-set count="1717" />
  </mem-info>
</gc-end>
<cycle-end id="711" type="scavenge" contextid="705" timestamp="2026-09-06T07:07:14.311" />
<allocation-satisfied id="712" threadId="0000000000721100" bytesRequested="8200" />
<af-end id="713" timestamp="2026-09-06T07:07:14.311" threadId="0000000000721BC0" success="true" from="nursery"/>
<exclusive-end id="714" timestamp="2026-09-06T07:07:14.311" durationms="1.700" />

<concurrent-kickoff id="715" timestamp="2026-09-06T07:07:14.318">
  <kickoff reason="threshold reached" targetBytes="3033173" thresholdFreeBytes="414268"  remainingFree="295632" tenureFreeBytes="896288" nurseryFreeBytes="295632" />
</concurrent-kickoff>
<exclusive-start id="716" timestamp="2026-09-06T07:07:14.318" intervalms="9.201">
  <response-info timems="0.014" idlems="0.014" threads="0" lastid="0000000000721100" lastname="Default Executor-thread-1" />
</exclusive-start>
<cycle-start id="717" type="global" contextid="0" timestamp="2026-09-06T07:07:14.318" intervalms="286.146" />
<concurrent-start id="718" type="global mark" contextid="717" timestamp="2026-09-06T07:07:14.318">
</concurrent-start>
<exclusive-end id="719" timestamp="2026-09-06T07:07:14.318" durationms="0.058" />

<exclusive-start id="720" timestamp="2026-09-06T07:07:14.322" intervalms="4.119">
  <response-info timems="0.008" idlems="0.008" threads="0" lastid="0000000000721100" lastname="Default Executor-thread-1" />
</exclusive-start>
<af-start id="721" threadId="0000000000721BC0" totalBytesRequested="8200" timestamp="2026-09-06T07:07:14.322" intervalms="13.270" type="nursery" />
<cycle-start id="722" type="scavenge" contextid="0" timestamp="2026-09-06T07:07:14.322" intervalms="13.249" />
<gc-start id="723" type="scavenge" contextid="722" timestamp="2026-09-06T07:07:14.322">
  <mem-info id="724" free="896240" total="12779520" percent="7">
    <mem type="nursery" free="0" total="4587520" percent="0">
      <mem type="allocate" free="0" total="3407872" percent="0" />
      <mem type="survivor" free="0" total="1179648" percent="0" />
    </mem>
    <mem type="tenure" free="896240" total="8192000" percent="10">
      <mem type="soa" free="486640" total="7782400" percent="6" />
      <mem type="loa" free="409600" total="409600" percent="100" />
    </mem>
    <remembered-set count="1811" />
  </mem-info>
</gc-start>
<allocation-stats totalBytes="2392536" discardedBytes="38760" >
  <allocated-bytes non-tlh="30320" tlh="2362216" />
  <largest-consumer threadName="Default Executor-thread-1" threadId="0000000000721100" bytes="2372056" />
</allocation-stats>
<gc-op id="725" type="scavenge" timems="1.076" contextid="722" timestamp="2026-09-06T07:07:14.324">
  <scavenger-info tenureage="3" tenuremask="4008" tiltratio="74" />
  <memory-copied type="nursery" objects="23466" bytes="889024" bytesdiscarded="111280" />
  <memory-copied type="tenure" objects="4003" bytes="188280" bytesdiscarded="192" />
  <finalization candidates="5" enqueued="3" />
  <ownableSynchronizers candidates="423" cleared="0" />
  <references type="soft" candidates="370" cleared="0" enqueued="0" dynamicThreshold="9" maxThreshold="32" />
  <references type="weak" candidates="280" cleared="55" enqueued="54" />
  <references type="phantom" candidates="2" cleared="0" enqueued="0" />
  <object-monitors candidates="16" cleared="0"  />
</gc-op>
<heap-resize id="726" type="expand" space="nursery" amount="262144" count="1" timems="0.014" reason="excessive time being spent scavenging" timestamp="2026-09-06T07:07:14.324" />
<gc-end id="727" type="scavenge" contextid="722" durationms="1.259" usertimems="1.814" systemtimems="1.901" stalltimems="2.705" timestamp="2026-09-06T07:07:14.324" activeThreads="6">
  <mem-info id="728" free="3391448" total="13041664" percent="26">
    <mem type="nursery" free="2668528" total="4849664" percent="55">
      <mem type="allocate" free="2668528" total="3670016" percent="72" />
      <mem type="survivor" free="0" total="1179648" percent="0" />
    </mem>
    <mem type="tenure" free="722920" total="8192000" percent="8">
      <mem type="soa" free="313320" total="7782400" percent="4" />
      <mem type="loa" free="409600" total="409600" percent="100" />
    </mem>
    <pending-finalizers system="3" default="0" reference="54" classloader="0" />
    <remembered-set count="1342" />
  </mem-info>
</gc-end>
<cycle-end id="729" type="scavenge" contextid="722" timestamp="2026-09-06T07:07:14.324" />
<allocation-satisfied id="730" threadId="0000000000721100" bytesRequested="8200" />
<af-end id="731" timestamp="2026-09-06T07:07:14.324" threadId="0000000000721BC0" success="true" from="nursery"/>
<exclusive-end id="732" timestamp="2026-09-06T07:07:14.324" durationms="1.558" />

<concurrent-end id="733" type="global mark" contextid="717" timestamp="2026-09-06T07:07:14.324">
<gc-op id="734" type="trace" timems="5.751" contextid="717" timestamp="2026-09-06T07:07:14.324">
  <trace bytesTraced="3625728" workStackOverflowCount="0" />
  <card-cleaning reason="card cleaning threshold reached" bytesTraced="3200" cardsCleaned="3" />
</gc-op>
</concurrent-end>

<exclusive-start id="735" timestamp="2026-09-06T07:07:14.325" intervalms="2.470">
  <response-info timems="0.013" idlems="0.013" threads="0" lastid="00000000001FC600" lastname="Finalizer thread" />
</exclusive-start>
<concurrent-global-final id="736" timestamp="2026-09-06T07:07:14.325" contextid="717" intervalms="576.461" >
  <concurrent-trace-info reason="card cleaning threshold reached" tracedByMutators="240964" tracedByHelpers="3387964" cardsCleaned="3" workStackOverflowCount="0" />
</concurrent-global-final>
<gc-start id="737" type="global" contextid="717" timestamp="2026-09-06T07:07:14.325">
  <mem-info id="738" free="2834384" total="13041664" percent="21">
    <mem type="nursery" free="2111464" total="4849664" percent="43">
      <mem type="allocate" free="2111464" total="3670016" percent="57" />
      <mem type="survivor" free="0" total="1179648" percent="0" />
    </mem>
    <mem type="tenure" free="722920" total="8192000" percent="8">
      <mem type="soa" free="313320" total="7782400" percent="4" />
      <mem type="loa" free="409600" total="409600" percent="100" />
    </mem>
    <pending-finalizers system="3" default="0" reference="15" classloader="0" />
    <remembered-set count="1343" />
  </mem-info>
</gc-start>
<allocation-stats totalBytes="553552" discardedBytes="3512" >
  <allocated-bytes non-tlh="8200" tlh="545352" />
  <largest-consumer threadName="Default Executor-thread-1" threadId="0000000000721100" bytes="545360" />
</allocation-stats>
<gc-op id="739" type="rs-scan" timems="0.437" contextid="717" timestamp="2026-09-06T07:07:14.325">
  <scan objectsFound="19496" bytesTraced="652620" workStackOverflowCount="0" />
</gc-op>
<gc-op id="740" type="card-cleaning" timems="0.193" contextid="717" timestamp="2026-09-06T07:07:14.326">
  <card-cleaning cardsCleaned="175" bytesTraced="249496" workStackOverflowCount="0" />
</gc-op>
<gc-op id="741" type="mark" timems="1.793" contextid="717" timestamp="2026-09-06T07:07:14.327">
  <trace-info objectcount="3490" scancount="2091" scanbytes="64684" />
  <finalization candidates="644" enqueued="0" />
  <ownableSynchronizers candidates="618" cleared="1" />
  <references type="soft" candidates="3629" cleared="0" enqueued="0" dynamicThreshold="9" maxThreshold="32" />
  <references type="weak" candidates="1421" cleared="0" enqueued="0" />
  <references type="phantom" candidates="122" cleared="0" enqueued="0" />
  <stringconstants candidates="14525" cleared="25"  />
  <object-monitors candidates="16" cleared="1"  />
</gc-op>
<gc-op id="742" type="classunload" timems="0.006" contextid="717" timestamp="2026-09-06T07:07:14.327">
  <classunload-info classloadercandidates="25" classloadersunloaded="0" classesunloaded="0" anonymousclassesunloaded="0" quiescems="0.000" setupms="0.006" scanms="0.000" postms="0.000" />
</gc-op>
<gc-op id="743" type="sweep" timems="0.432" contextid="717" timestamp="2026-09-06T07:07:14.328" />
<heap-resize id="744" type="expand" space="tenure" amount="1835008" count="1" timems="0.037" reason="insufficient free space following gc" timestamp="2026-09-06T07:07:14.328" />
<gc-end id="745" type="global" contextid="717" durationms="3.170" usertimems="6.027" systemtimems="1.332" stalltimems="7.027" timestamp="2026-09-06T07:07:14.328" activeThreads="6">
  <mem-info id="746" free="5713544" total="14876672" percent="38">
    <mem type="nursery" free="2660648" total="4849664" percent="54">
      <mem type="allocate" free="2660648" total="3670016" percent="72" />
      <mem type="survivor" free="0" total="1179648" percent="0" />
    </mem>
    <mem type="tenure" free="3052896" total="10027008" percent="30" micro-fragmented="265188" macro-fragmented="0">
      <mem type="soa" free="2551136" total="9525248" percent="26" />
      <mem type="loa" free="501760" total="501760" percent="100" />
    </mem>
    <pending-finalizers system="3" default="0" reference="15" classloader="0" />
    <remembered-set count="1148" />
  </mem-info>
</gc-end>
<cycle-end id="747" type="global" contextid="717" timestamp="2026-09-06T07:07:14.328" />
<exclusive-end id="748" timestamp="2026-09-06T07:07:14.328" durationms="3.341" />

<exclusive-start id="749" timestamp="2026-09-06T07:07:14.337" intervalms="12.658">
  <response-info timems="0.008" idlems="0.008" threads="0" lastid="0000000000721100" lastname="Default Executor-thread-1" />
</exclusive-start>
<af-start id="750" threadId="0000000000721BC0" totalBytesRequested="8200" timestamp="2026-09-06T07:07:14.337" intervalms="15.110" type="nursery" />
<cycle-start id="751" type="scavenge" contextid="0" timestamp="2026-09-06T07:07:14.337" intervalms="15.097" />
<gc-start id="752" type="scavenge" contextid="751" timestamp="2026-09-06T07:07:14.338">
  <mem-info id="753" free="3052896" total="14876672" percent="20">
    <mem type="nursery" free="0" total="4849664" percent="0">
      <mem type="allocate" free="0" total="3670016" percent="0" />
      <mem type="survivor" free="0" total="1179648" percent="0" />
    </mem>
    <mem type="tenure" free="3052896" total="10027008" percent="30">
      <mem type="soa" free="2551136" total="9525248" percent="26" />
      <mem type="loa" free="501760" total="501760" percent="100" />
    </mem>
    <remembered-set count="1149" />
  </mem-info>
</gc-start>
<allocation-stats totalBytes="2639768" discardedBytes="19592" >
  <allocated-bytes non-tlh="180344" tlh="2459424" />
  <largest-consumer threadName="Default Executor-thread-1" threadId="0000000000721100" bytes="2639768" />
</allocation-stats>
<gc-op id="754" type="scavenge" timems="1.074" contextid="751" timestamp="2026-09-06T07:07:14.339">
  <scavenger-info tenureage="3" tenuremask="4008" tiltratio="75" />
  <memory-copied type="nursery" objects="24775" bytes="892760" bytesdiscarded="149864" />
  <memory-copied type="tenure" objects="6612" bytes="270280" bytesdiscarded="864" />
  <finalization candidates="2" enqueued="0" />
  <ownableSynchronizers candidates="842" cleared="450" />
  <references type="soft" candidates="247" cleared="0" enqueued="0" dynamicThreshold="9" maxThreshold="32" />
  <references type="weak" candidates="167" cleared="0" enqueued="0" />
  <references type="phantom" candidates="1" cleared="0" enqueued="0" />
  <object-monitors candidates="15" cleared="0"  />
</gc-op>
<gc-end id="755" type="scavenge" contextid="751" durationms="1.197" usertimems="3.688" systemtimems="0.140" stalltimems="2.727" timestamp="2026-09-06T07:07:14.339" activeThreads="6">
  <mem-info id="756" free="5423936" total="14876672" percent="36">
    <mem type="nursery" free="2757840" total="4849664" percent="56">
      <mem type="allocate" free="2757840" total="3801088" percent="72" />
      <mem type="survivor" free="0" total="1048576" percent="0" />
    </mem>
    <mem type="tenure" free="2666096" total="10027008" percent="26">
      <mem type="soa" free="2164336" total="9525248" percent="22" />
      <mem type="loa" free="501760" total="501760" percent="100" />
    </mem>
    <remembered-set count="778" />
  </mem-info>
</gc-end>
<cycle-end id="757" type="scavenge" contextid="751" timestamp="2026-09-06T07:07:14.339" />
<allocation-satisfied id="758" threadId="0000000000721100" bytesRequested="8200" />
<af-end id="759" timestamp="2026-09-06T07:07:14.339" threadId="0000000000721BC0" success="true" from="nursery"/>
<exclusive-end id="760" timestamp="2026-09-06T07:07:14.339" durationms="1.455" />

<exclusive-start id="761" timestamp="2026-09-06T07:07:14.346" intervalms="9.040">
  <response-info timems="0.008" idlems="0.008" threads="0" lastid="0000000000721100" lastname="Default Executor-thread-1" />
</exclusive-start>
<af-start id="762" threadId="0000000000721BC0" totalBytesRequested="16392" timestamp="2026-09-06T07:07:14.346" intervalms="9.036" type="nursery" />
<cycle-start id="763" type="scavenge" contextid="0" timestamp="2026-09-06T07:07:14.347" intervalms="9.036" />
<gc-start id="764" type="scavenge" contextid="763" timestamp="2026-09-06T07:07:14.347">
  <mem-info id="765" free="2666096" total="14876672" percent="17">
    <mem type="nursery" free="0" total="4849664" percent="0">
      <mem type="allocate" free="0" total="3801088" percent="0" />
      <mem type="survivor" free="0" total="1048576" percent="0" />
    </mem>
    <mem type="tenure" free="2666096" total="10027008" percent="26">
      <mem type="soa" free="2164336" total="9525248" percent="22" />
      <mem type="loa" free="501760" total="501760" percent="100" />
    </mem>
    <remembered-set count="778" />
  </mem-info>
</gc-start>
<allocation-stats totalBytes="2725336" discardedBytes="32504" >
  <allocated-bytes non-tlh="8200" tlh="2717136" />
  <largest-consumer threadName="Default Executor-thread-1" threadId="0000000000721100" bytes="2725336" />
</allocation-stats>
<gc-op id="766" type="scavenge" timems="1.004" contextid="763" timestamp="2026-09-06T07:07:14.348">
  <scavenger-info tenureage="3" tenuremask="4008" tiltratio="78" />
  <memory-copied type="nursery" objects="21191" bytes="759880" bytesdiscarded="84680" />
  <memory-copied type="tenure" objects="10805" bytes="386912" bytesdiscarded="536" />
  <finalization candidates="2" enqueued="0" />
  <ownableSynchronizers candidates="236" cleared="0" />
  <references type="soft" candidates="7" cleared="0" enqueued="0" dynamicThreshold="9" maxThreshold="32" />
  <references type="weak" candidates="8" cleared="0" enqueued="0" />
  <references type="phantom" candidates="1" cleared="0" enqueued="0" />
  <object-monitors candidates="15" cleared="0"  />
</gc-op>
<heap-resize id="767" type="expand" space="nursery" amount="393216" count="1" timems="0.012" reason="excessive time being spent scavenging" timestamp="2026-09-06T07:07:14.348" />
<gc-end id="768" type="scavenge" contextid="763" durationms="1.177" usertimems="2.456" systemtimems="1.123" stalltimems="2.416" timestamp="2026-09-06T07:07:14.348" activeThreads="6">
  <mem-info id="769" free="5280232" total="15269888" percent="34">
    <mem type="nursery" free="3218664" total="5242880" percent="61">
      <mem type="allocate" free="3218664" total="4063232" percent="79" />
      <mem type="survivor" free="0" total="1179648" percent="0" />
    </mem>
    <mem type="tenure" free="2061568" total="10027008" percent="20">
      <mem type="soa" free="1559808" total="9525248" percent="16" />
      <mem type="loa" free="501760" total="501760" percent="100" />
    </mem>
    <remembered-set count="234" />
  </mem-info>
</gc-end>
<cycle-end id="770" type="scavenge" contextid="763" timestamp="2026-09-06T07:07:14.348" />
<allocation-satisfied id="771" threadId="0000000000721100" bytesRequested="16392" />
<af-end id="772" timestamp="2026-09-06T07:07:14.348" threadId="0000000000721BC0" success="true" from="nursery"/>
<exclusive-end id="773" timestamp="2026-09-06T07:07:14.348" durationms="1.408" />

<exclusive-start id="774" timestamp="2026-09-06T07:07:14.353" intervalms="6.382">
  <response-info timems="0.011" idlems="0.011" threads="0" lastid="0000000000721100" lastname="Default Executor-thread-1" />
</exclusive-start>
<af-start id="775" threadId="0000000000721BC0" totalBytesRequested="8200" timestamp="2026-09-06T07:07:14.353" intervalms="6.373" type="nursery" />
<cycle-start id="776" type="scavenge" contextid="0" timestamp="2026-09-06T07:07:14.353" intervalms="6.369" />
<gc-start id="777" type="scavenge" contextid="776" timestamp="2026-09-06T07:07:14.353">
  <mem-info id="778" free="2061520" total="15269888" percent="13">
    <mem type="nursery" free="0" total="5242880" percent="0">
      <mem type="allocate" free="0" total="4063232" percent="0" />
      <mem type="survivor" free="0" total="1179648" percent="0" />
    </mem>
    <mem type="tenure" free="2061520" total="10027008" percent="20">
      <mem type="soa" free="1559760" total="9525248" percent="16" />
      <mem type="loa" free="501760" total="501760" percent="100" />
    </mem>
    <remembered-set count="235" />
  </mem-info>
</gc-start>
<allocation-stats totalBytes="3181024" discardedBytes="37688" >
  <allocated-bytes non-tlh="16440" tlh="3164584" />
  <largest-consumer threadName="Default Executor-thread-1" threadId="0000000000721100" bytes="3181024" />
</allocation-stats>
<gc-op id="779" type="scavenge" timems="0.871" contextid="776" timestamp="2026-09-06T07:07:14.354">
  <scavenger-info tenureage="2" tenuremask="400c" tiltratio="77" />
  <memory-copied type="nursery" objects="15537" bytes="541064" bytesdiscarded="161648" />
  <memory-copied type="tenure" objects="13957" bytes="502776" bytesdiscarded="264" />
  <references type="phantom" candidates="1" cleared="0" enqueued="0" />
  <object-monitors candidates="15" cleared="0"  />
</gc-op>
<heap-resize id="780" type="expand" space="nursery" amount="393216" count="1" timems="0.009" reason="excessive time being spent scavenging" timestamp="2026-09-06T07:07:14.354" />
<gc-end id="781" type="scavenge" contextid="776" durationms="1.013" usertimems="2.010" systemtimems="0.917" stalltimems="2.335" timestamp="2026-09-06T07:07:14.354" activeThreads="6">
  <mem-info id="782" free="5480400" total="15663104" percent="34">
    <mem type="nursery" free="3753728" total="5636096" percent="66">
      <mem type="allocate" free="3753728" total="4456448" percent="84" />
      <mem type="survivor" free="0" total="1179648" percent="0" />
    </mem>
    <mem type="tenure" free="1726672" total="10027008" percent="17">
      <mem type="soa" free="1224912" total="9525248" percent="12" />
      <mem type="loa" free="501760" total="501760" percent="100" />
    </mem>
    <remembered-set count="260" />
  </mem-info>
</gc-end>
<cycle-end id="783" type="scavenge" contextid="776" timestamp="2026-09-06T07:07:14.354" />
<allocation-satisfied id="784" threadId="0000000000721100" bytesRequested="8200" />
<af-end id="785" timestamp="2026-09-06T07:07:14.354" threadId="0000000000721BC0" success="true" from="nursery"/>
<exclusive-end id="786" timestamp="2026-09-06T07:07:14.354" durationms="1.233" />

<exclusive-start id="787" timestamp="2026-09-06T07:07:14.363" intervalms="10.122">
  <response-info timems="0.010" idlems="0.010" threads="0" lastid="0000000000721100" lastname="Default Executor-thread-1" />
</exclusive-start>
<af-start id="788" threadId="0000000000721BC0" totalBytesRequested="16392" timestamp="2026-09-06T07:07:14.363" intervalms="10.147" type="nursery" />
<cycle-start id="789" type="scavenge" contextid="0" timestamp="2026-09-06T07:07:14.363" intervalms="10.159" />
<gc-start id="790" type="scavenge" contextid="789" timestamp="2026-09-06T07:07:14.363">
  <mem-info id="791" free="1726672" total="15663104" percent="11">
    <mem type="nursery" free="0" total="5636096" percent="0">
      <mem type="allocate" free="0" total="4456448" percent="0" />
      <mem type="survivor" free="0" total="1179648" percent="0" />
    </mem>
    <mem type="tenure" free="1726672" total="10027008" percent="17">
      <mem type="soa" free="1224912" total="9525248" percent="12" />
      <mem type="loa" free="501760" total="501760" percent="100" />
    </mem>
    <remembered-set count="294" />
  </mem-info>
</gc-start>
<allocation-stats totalBytes="3731728" discardedBytes="22000" >
  <allocated-bytes non-tlh="24592" tlh="3707136" />
  <largest-consumer threadName="Default Executor-thread-1" threadId="0000000000721100" bytes="3731728" />
</allocation-stats>
<gc-op id="792" type="scavenge" timems="0.765" contextid="789" timestamp="2026-09-06T07:07:14.364">
  <scavenger-info tenureage="14" tenuremask="4000" tiltratio="79" />
  <memory-copied type="nursery" objects="25184" bytes="887832" bytesdiscarded="105592" />
  <references type="phantom" candidates="1" cleared="0" enqueued="0" />
  <object-monitors candidates="15" cleared="0"  />
</gc-op>
<heap-resize id="793" type="expand" space="nursery" amount="262144" count="1" timems="0.012" reason="excessive time being spent scavenging" timestamp="2026-09-06T07:07:14.364" />
<gc-end id="794" type="scavenge" contextid="789" durationms="0.917" usertimems="2.583" systemtimems="0.000" stalltimems="1.899" timestamp="2026-09-06T07:07:14.364" activeThreads="6">
  <mem-info id="795" free="5189688" total="15925248" percent="32">
    <mem type="nursery" free="3463016" total="5898240" percent="58">
      <mem type="allocate" free="3463016" total="4456448" percent="77" />
      <mem type="survivor" free="0" total="1441792" percent="0" />
    </mem>
    <mem type="tenure" free="1726672" total="10027008" percent="17">
      <mem type="soa" free="1224912" total="9525248" percent="12" />
      <mem type="loa" free="501760" total="501760" percent="100" />
    </mem>
    <remembered-set count="277" />
  </mem-info>
</gc-end>
<cycle-end id="796" type="scavenge" contextid="789" timestamp="2026-09-06T07:07:14.364" />
<allocation-satisfied id="797" threadId="0000000000721100" bytesRequested="16392" />
<af-end id="798" timestamp="2026-09-06T07:07:14.364" threadId="0000000000721BC0" success="true" from="nursery"/>
<exclusive-end id="799" timestamp="2026-09-06T07:07:14.364" durationms="1.167" />

<exclusive-start id="800" timestamp="2026-09-06T07:07:14.371" intervalms="8.324">
  <response-info timems="0.012" idlems="0.012" threads="0" lastid="0000000000721100" lastname="Default Executor-thread-1" />
</exclusive-start>
<af-start id="801" threadId="0000000000721BC0" totalBytesRequested="16392" timestamp="2026-09-06T07:07:14.371" intervalms="8.316" type="nursery" />
<cycle-start id="802" type="scavenge" contextid="0" timestamp="2026-09-06T07:07:14.371" intervalms="8.321" />
<gc-start id="803" type="scavenge" contextid="802" timestamp="2026-09-06T07:07:14.371">
  <mem-info id="804" free="1726672" total="15925248" percent="10">
    <mem type="nursery" free="0" total="5898240" percent="0">
      <mem type="allocate" free="0" total="4456448" percent="0" />
      <mem type="survivor" free="0" total="1441792" percent="0" />
    </mem>
    <mem type="tenure" free="1726672" total="10027008" percent="17">
      <mem type="soa" free="1224912" total="9525248" percent="12" />
      <mem type="loa" free="501760" total="501760" percent="100" />
    </mem>
    <remembered-set count="303" />
  </mem-info>
</gc-start>
<allocation-stats totalBytes="3411176" discardedBytes="51840" >
  <allocated-bytes non-tlh="16392" tlh="3394784" />
  <largest-consumer threadName="Default Executor-thread-1" threadId="0000000000721100" bytes="3411176" />
</allocation-stats>
<gc-op id="805" type="scavenge" timems="0.949" contextid="802" timestamp="2026-09-06T07:07:14.372">
  <scavenger-info tenureage="2" tenuremask="400c" tiltratio="75" />
  <memory-copied type="nursery" objects="18527" bytes="669848" bytesdiscarded="153248" />
  <memory-copied type="tenure" objects="15524" bytes="535368" bytesdiscarded="232" />
  <references type="phantom" candidates="1" cleared="0" enqueued="0" />
  <object-monitors candidates="15" cleared="0"  />
</gc-op>
<heap-resize id="806" type="expand" space="nursery" amount="393216" count="1" timems="0.010" reason="excessive time being spent scavenging" timestamp="2026-09-06T07:07:14.372" />
<gc-end id="807" type="scavenge" contextid="802" durationms="1.095" usertimems="2.461" systemtimems="0.871" stalltimems="2.279" timestamp="2026-09-06T07:07:14.373" activeThreads="6">
  <mem-info id="808" free="5179536" total="16318464" percent="31">
    <mem type="nursery" free="4026560" total="6291456" percent="64">
      <mem type="allocate" free="4026560" total="4849664" percent="83" />
      <mem type="survivor" free="0" total="1441792" percent="0" />
    </mem>
    <mem type="tenure" free="1152976" total="10027008" percent="11">
      <mem type="soa" free="651216" total="9525248" percent="6" />
      <mem type="loa" free="501760" total="501760" percent="100" />
    </mem>
    <remembered-set count="279" />
  </mem-info>
</gc-end>
<cycle-end id="809" type="scavenge" contextid="802" timestamp="2026-09-06T07:07:14.373" />
<allocation-satisfied id="810" threadId="0000000000721100" bytesRequested="16392" />
<af-end id="811" timestamp="2026-09-06T07:07:14.373" threadId="0000000000721BC0" success="true" from="nursery"/>
<exclusive-end id="812" timestamp="2026-09-06T07:07:14.373" durationms="1.375" />

<concurrent-kickoff id="813" timestamp="2026-09-06T07:07:14.380">
  <kickoff reason="threshold reached" targetBytes="3823572" thresholdFreeBytes="522943"  remainingFree="463040" tenureFreeBytes="1152976" nurseryFreeBytes="463040" />
</concurrent-kickoff>
<exclusive-start id="814" timestamp="2026-09-06T07:07:14.380" intervalms="8.523">
  <response-info timems="0.010" idlems="0.010" threads="0" lastid="0000000000721100" lastname="Default Executor-thread-1" />
</exclusive-start>
<cycle-start id="815" type="global" contextid="0" timestamp="2026-09-06T07:07:14.380" intervalms="61.657" />
<concurrent-start id="816" type="global mark" contextid="815" timestamp="2026-09-06T07:07:14.380">
</concurrent-start>
<exclusive-end id="817" timestamp="2026-09-06T07:07:14.380" durationms="0.086" />

<exclusive-start id="818" timestamp="2026-09-06T07:07:14.382" intervalms="1.939">
  <response-info timems="0.007" idlems="0.007" threads="0" lastid="0000000000721100" lastname="Default Executor-thread-1" />
</exclusive-start>
<af-start id="819" threadId="0000000000721BC0" totalBytesRequested="8200" timestamp="2026-09-06T07:07:14.382" intervalms="10.449" type="nursery" />
<cycle-start id="820" type="scavenge" contextid="0" timestamp="2026-09-06T07:07:14.382" intervalms="10.448" />
<gc-start id="821" type="scavenge" contextid="820" timestamp="2026-09-06T07:07:14.382">
  <mem-info id="822" free="1152976" total="16318464" percent="7">
    <mem type="nursery" free="0" total="6291456" percent="0">
      <mem type="allocate" free="0" total="4849664" percent="0" />
      <mem type="survivor" free="0" total="1441792" percent="0" />
    </mem>
    <mem type="tenure" free="1152976" total="10027008" percent="11">
      <mem type="soa" free="651216" total="9525248" percent="6" />
      <mem type="loa" free="501760" total="501760" percent="100" />
    </mem>
    <remembered-set count="329" />
  </mem-info>
</gc-start>
<allocation-stats totalBytes="4011760" discardedBytes="14800" >
  <allocated-bytes non-tlh="16392" tlh="3995368" />
  <largest-consumer threadName="Default Executor-thread-1" threadId="0000000000721100" bytes="4011760" />
</allocation-stats>
<gc-op id="823" type="scavenge" timems="0.801" contextid="820" timestamp="2026-09-06T07:07:14.383">
  <scavenger-info tenureage="14" tenuremask="4000" tiltratio="77" />
  <memory-copied type="nursery" objects="28912" bytes="1027160" bytesdiscarded="85520" />
  <references type="phantom" candidates="1" cleared="0" enqueued="0" />
  <object-monitors candidates="15" cleared="0"  />
</gc-op>
<heap-resize id="824" type="expand" space="nursery" amount="262144" count="1" timems="0.017" reason="excessive time being spent scavenging" timestamp="2026-09-06T07:07:14.383" />
<gc-end id="825" type="scavenge" contextid="820" durationms="0.963" usertimems="0.000" systemtimems="2.903" stalltimems="1.898" timestamp="2026-09-06T07:07:14.383" activeThreads="6">
  <mem-info id="826" free="4955488" total="16580608" percent="29">
    <mem type="nursery" free="3802512" total="6553600" percent="58">
      <mem type="allocate" free="3802512" total="4915200" percent="77" />
      <mem type="survivor" free="0" total="1638400" percent="0" />
    </mem>
    <mem type="tenure" free="1152976" total="10027008" percent="11">
      <mem type="soa" free="651216" total="9525248" percent="6" />
      <mem type="loa" free="501760" total="501760" percent="100" />
    </mem>
    <remembered-set count="329" />
  </mem-info>
</gc-end>
<cycle-end id="827" type="scavenge" contextid="820" timestamp="2026-09-06T07:07:14.383" />
<allocation-satisfied id="828" threadId="0000000000721100" bytesRequested="8200" />
<af-end id="829" timestamp="2026-09-06T07:07:14.385" threadId="0000000000721BC0" success="true" from="nursery"/>
<exclusive-end id="830" timestamp="2026-09-06T07:07:14.385" durationms="3.226" />

<exclusive-start id="831" timestamp="2026-09-06T07:07:14.393" intervalms="10.850">
  <response-info timems="0.018" idlems="0.018" threads="0" lastid="0000000000721100" lastname="Default Executor-thread-1" />
</exclusive-start>
<af-start id="832" threadId="0000000000721BC0" totalBytesRequested="96" timestamp="2026-09-06T07:07:14.393" intervalms="10.868" type="nursery" />
<percolate-collect id="833" from="nursery" to="global" reason="concurrent mark exhausted" timestamp="2026-09-06T07:07:14.393"/>
<concurrent-end id="834" type="global mark" contextid="815" timestamp="2026-09-06T07:07:14.393">
<gc-op id="835" type="trace" timems="12.706" contextid="815" timestamp="2026-09-06T07:07:14.393">
  <trace bytesTraced="4295824" workStackOverflowCount="0" />
  <card-cleaning reason="card cleaning threshold reached" bytesTraced="4652" cardsCleaned="35" />
</gc-op>
</concurrent-end>

<gc-start id="836" type="global" contextid="815" timestamp="2026-09-06T07:07:14.393">
  <mem-info id="837" free="1152976" total="16580608" percent="6">
    <mem type="nursery" free="0" total="6553600" percent="0">
      <mem type="allocate" free="0" total="4915200" percent="0" />
      <mem type="survivor" free="0" total="1638400" percent="0" />
    </mem>
    <mem type="tenure" free="1152976" total="10027008" percent="11">
      <mem type="soa" free="651216" total="9525248" percent="6" />
      <mem type="loa" free="501760" total="501760" percent="100" />
    </mem>
    <remembered-set count="377" />
  </mem-info>
</gc-start>
<allocation-stats totalBytes="3799752" discardedBytes="2760" >
  <allocated-bytes non-tlh="8200" tlh="3791552" />
  <largest-consumer threadName="Default Executor-thread-1" threadId="0000000000721100" bytes="3799752" />
</allocation-stats>
<concurrent-halted id="838" timestamp="2026-09-06T07:07:14.393">
  <halted state="Complete" status="exhausted" />
  <traced bytesTarget="3736593" bytesTotal="4300476" bytesByMutator="1006280" bytesByHelper="3294196" percent="115" />
  <cards cleaned="35" thresholdBytes="206007" />
</concurrent-halted>
<gc-op id="839" type="rs-scan" timems="0.645" contextid="815" timestamp="2026-09-06T07:07:14.394">
  <scan objectsFound="53378" bytesTraced="1510204" workStackOverflowCount="0" />
</gc-op>
<gc-op id="840" type="card-cleaning" timems="0.119" contextid="815" timestamp="2026-09-06T07:07:14.394">
  <card-cleaning cardsCleaned="3" bytesTraced="17528" workStackOverflowCount="0" />
</gc-op>
<gc-op id="841" type="mark" timems="1.327" contextid="815" timestamp="2026-09-06T07:07:14.395">
  <trace-info objectcount="311" scancount="277" scanbytes="13600" />
  <finalization candidates="644" enqueued="0" />
  <ownableSynchronizers candidates="617" cleared="0" />
  <references type="soft" candidates="3629" cleared="0" enqueued="0" dynamicThreshold="9" maxThreshold="32" />
  <references type="weak" candidates="1421" cleared="0" enqueued="0" />
  <references type="phantom" candidates="122" cleared="0" enqueued="0" />
  <stringconstants candidates="14501" cleared="0"  />
  <object-monitors candidates="15" cleared="0"  />
</gc-op>
<gc-op id="842" type="sweep" timems="0.293" contextid="815" timestamp="2026-09-06T07:07:14.395" />
<heap-resize id="843" type="expand" space="tenure" amount="2424832" count="1" timems="0.034" reason="insufficient free space following gc" timestamp="2026-09-06T07:07:14.396" />
<gc-end id="844" type="global" contextid="815" durationms="2.663" usertimems="6.790" systemtimems="0.982" stalltimems="3.761" timestamp="2026-09-06T07:07:14.396" activeThreads="7">
  <mem-info id="845" free="6643024" total="19005440" percent="34">
    <mem type="nursery" free="2863728" total="6553600" percent="43">
      <mem type="allocate" free="2863728" total="4915200" percent="58" />
      <mem type="survivor" free="0" total="1638400" percent="0" />
    </mem>
    <mem type="tenure" free="3779296" total="12451840" percent="30" micro-fragmented="185447" macro-fragmented="0">
      <mem type="soa" free="3156704" total="11829248" percent="26" />
      <mem type="loa" free="622592" total="622592" percent="100" />
    </mem>
    <remembered-set count="377" />
  </mem-info>
</gc-end>
<cycle-end id="846" type="global" contextid="815" timestamp="2026-09-06T07:07:14.396" />
<allocation-satisfied id="847" threadId="0000000000721100" bytesRequested="96" />
<af-end id="848" timestamp="2026-09-06T07:07:14.396" threadId="0000000000721BC0" success="true" from="nursery"/>
<exclusive-end id="849" timestamp="2026-09-06T07:07:14.396" durationms="3.123" />

<exclusive-start id="850" timestamp="2026-09-06T07:07:14.400" intervalms="7.561">
  <response-info timems="0.009" idlems="0.009" threads="0" lastid="0000000000721100" lastname="Default Executor-thread-1" />
</exclusive-start>
<af-start id="851" threadId="0000000000721BC0" totalBytesRequested="16392" timestamp="2026-09-06T07:07:14.400" intervalms="7.544" type="nursery" />
<cycle-start id="852" type="scavenge" contextid="0" timestamp="2026-09-06T07:07:14.400" intervalms="18.402" />
<gc-start id="853" type="scavenge" contextid="852" timestamp="2026-09-06T07:07:14.400">
  <mem-info id="854" free="3779296" total="19005440" percent="19">
    <mem type="nursery" free="0" total="6553600" percent="0">
      <mem type="allocate" free="0" total="4915200" percent="0" />
      <mem type="survivor" free="0" total="1638400" percent="0" />
    </mem>
    <mem type="tenure" free="3779296" total="12451840" percent="30">
      <mem type="soa" free="3156704" total="11829248" percent="26" />
      <mem type="loa" free="622592" total="622592" percent="100" />
    </mem>
    <remembered-set count="411" />
  </mem-info>
</gc-start>
<allocation-stats totalBytes="2828096" discardedBytes="22848" >
  <allocated-bytes non-tlh="1124056" tlh="1704040" />
  <largest-consumer threadName="Default Executor-thread-1" threadId="0000000000721100" bytes="2828096" />
</allocation-stats>
<gc-op id="855" type="scavenge" timems="1.044" contextid="852" timestamp="2026-09-06T07:07:14.401">
  <scavenger-info tenureage="3" tenuremask="4008" tiltratio="75" />
  <memory-copied type="nursery" objects="36416" bytes="1306864" bytesdiscarded="72200" />
  <memory-copied type="tenure" objects="9645" bytes="337312" bytesdiscarded="984" />
  <ownableSynchronizers candidates="1234" cleared="1234" />
  <references type="phantom" candidates="1" cleared="0" enqueued="0" />
  <object-monitors candidates="15" cleared="0"  />
</gc-op>
<gc-end id="856" type="scavenge" contextid="852" durationms="1.164" usertimems="4.915" systemtimems="0.165" stalltimems="1.902" timestamp="2026-09-06T07:07:14.401" activeThreads="6">
  <mem-info id="857" free="6831936" total="19005440" percent="35">
    <mem type="nursery" free="3405056" total="6553600" percent="51">
      <mem type="allocate" free="3405056" total="4784128" percent="71" />
      <mem type="survivor" free="0" total="1769472" percent="0" />
    </mem>
    <mem type="tenure" free="3426880" total="12451840" percent="27">
      <mem type="soa" free="2804288" total="11829248" percent="23" />
      <mem type="loa" free="622592" total="622592" percent="100" />
    </mem>
    <remembered-set count="404" />
  </mem-info>
</gc-end>
<cycle-end id="858" type="scavenge" contextid="852" timestamp="2026-09-06T07:07:14.401" />
<allocation-satisfied id="859" threadId="0000000000721100" bytesRequested="16392" />
<af-end id="860" timestamp="2026-09-06T07:07:14.402" threadId="0000000000721BC0" success="true" from="nursery"/>
<exclusive-end id="861" timestamp="2026-09-06T07:07:14.402" durationms="1.394" />

<exclusive-start id="862" timestamp="2026-09-06T07:07:14.406" intervalms="5.699">
  <response-info timems="0.011" idlems="0.011" threads="0" lastid="0000000000721100" lastname="Default Executor-thread-1" />
</exclusive-start>
<af-start id="863" threadId="0000000000721BC0" totalBytesRequested="8200" timestamp="2026-09-06T07:07:14.406" intervalms="5.716" type="nursery" />
<cycle-start id="864" type="scavenge" contextid="0" timestamp="2026-09-06T07:07:14.406" intervalms="5.717" />
<gc-start id="865" type="scavenge" contextid="864" timestamp="2026-09-06T07:07:14.406">
  <mem-info id="866" free="3426584" total="19005440" percent="18">
    <mem type="nursery" free="0" total="6553600" percent="0">
      <mem type="allocate" free="0" total="4784128" percent="0" />
      <mem type="survivor" free="0" total="1769472" percent="0" />
    </mem>
    <mem type="tenure" free="3426584" total="12451840" percent="27">
      <mem type="soa" free="2803992" total="11829248" percent="23" />
      <mem type="loa" free="622592" total="622592" percent="100" />
    </mem>
    <remembered-set count="462" />
  </mem-info>
</gc-start>
<allocation-stats totalBytes="3369656" discardedBytes="35696" >
  <allocated-bytes non-tlh="16688" tlh="3352968" />
  <largest-consumer threadName="Default Executor-thread-1" threadId="0000000000721100" bytes="3369656" />
</allocation-stats>
<gc-op id="867" type="scavenge" timems="1.023" contextid="864" timestamp="2026-09-06T07:07:14.407">
  <scavenger-info tenureage="2" tenuremask="400c" tiltratio="73" />
  <memory-copied type="nursery" objects="25870" bytes="934832" bytesdiscarded="106312" />
  <memory-copied type="tenure" objects="19254" bytes="678704" bytesdiscarded="984" />
  <references type="phantom" candidates="1" cleared="0" enqueued="0" />
  <object-monitors candidates="15" cleared="0"  />
</gc-op>
<heap-resize id="868" type="expand" space="nursery" amount="786432" count="1" timems="0.012" reason="excessive time being spent scavenging" timestamp="2026-09-06T07:07:14.407" />
<gc-end id="869" type="scavenge" contextid="864" durationms="1.171" usertimems="4.297" systemtimems="0.940" stalltimems="1.865" timestamp="2026-09-06T07:07:14.407" activeThreads="7">
  <mem-info id="870" free="7006104" total="19791872" percent="35">
    <mem type="nursery" free="4332800" total="7340032" percent="59">
      <mem type="allocate" free="4332800" total="5373952" percent="80" />
      <mem type="survivor" free="0" total="1966080" percent="0" />
    </mem>
    <mem type="tenure" free="2673304" total="12451840" percent="21">
      <mem type="soa" free="2050712" total="11829248" percent="17" />
      <mem type="loa" free="622592" total="622592" percent="100" />
    </mem>
    <remembered-set count="342" />
  </mem-info>
</gc-end>
<cycle-end id="871" type="scavenge" contextid="864" timestamp="2026-09-06T07:07:14.407" />
<allocation-satisfied id="872" threadId="0000000000721100" bytesRequested="8200" />
<af-end id="873" timestamp="2026-09-06T07:07:14.407" threadId="0000000000721BC0" success="true" from="nursery"/>
<exclusive-end id="874" timestamp="2026-09-06T07:07:14.407" durationms="1.425" />

<exclusive-start id="875" timestamp="2026-09-06T07:07:14.411" intervalms="5.321">
  <response-info timems="0.010" idlems="0.010" threads="0" lastid="0000000000721100" lastname="Default Executor-thread-1" />
</exclusive-start>
<af-start id="876" threadId="0000000000721BC0" totalBytesRequested="8200" timestamp="2026-09-06T07:07:14.411" intervalms="5.307" type="nursery" />
<cycle-start id="877" type="scavenge" contextid="0" timestamp="2026-09-06T07:07:14.411" intervalms="5.304" />
<gc-start id="878" type="scavenge" contextid="877" timestamp="2026-09-06T07:07:14.411">
  <mem-info id="879" free="2673304" total="19791872" percent="13">
    <mem type="nursery" free="0" total="7340032" percent="0">
      <mem type="allocate" free="0" total="5373952" percent="0" />
      <mem type="survivor" free="0" total="1966080" percent="0" />
    </mem>
    <mem type="tenure" free="2673304" total="12451840" percent="21">
      <mem type="soa" free="2050712" total="11829248" percent="17" />
      <mem type="loa" free="622592" total="622592" percent="100" />
    </mem>
    <remembered-set count="397" />
  </mem-info>
</gc-start>
<allocation-stats totalBytes="4324608" discardedBytes="8192" >
  <allocated-bytes non-tlh="8200" tlh="4316408" />
  <largest-consumer threadName="Default Executor-thread-1" threadId="0000000000721100" bytes="4324608" />
</allocation-stats>
<gc-op id="880" type="scavenge" timems="0.890" contextid="877" timestamp="2026-09-06T07:07:14.412">
  <scavenger-info tenureage="14" tenuremask="4000" tiltratio="73" />
  <memory-copied type="nursery" objects="37383" bytes="1328024" bytesdiscarded="118776" />
  <references type="phantom" candidates="1" cleared="0" enqueued="0" />
  <object-monitors candidates="15" cleared="0"  />
</gc-op>
<heap-resize id="881" type="expand" space="nursery" amount="786432" count="1" timems="0.011" reason="excessive time being spent scavenging" timestamp="2026-09-06T07:07:14.412" />
<gc-end id="882" type="scavenge" contextid="877" durationms="1.022" usertimems="3.555" systemtimems="0.699" stalltimems="2.679" timestamp="2026-09-06T07:07:14.412" activeThreads="8">
  <mem-info id="883" free="7124736" total="20578304" percent="34">
    <mem type="nursery" free="4451432" total="8126464" percent="54">
      <mem type="allocate" free="4451432" total="5898240" percent="75" />
      <mem type="survivor" free="0" total="2228224" percent="0" />
    </mem>
    <mem type="tenure" free="2673304" total="12451840" percent="21">
      <mem type="soa" free="2050712" total="11829248" percent="17" />
      <mem type="loa" free="622592" total="622592" percent="100" />
    </mem>
    <remembered-set count="397" />
  </mem-info>
</gc-end>
<cycle-end id="884" type="scavenge" contextid="877" timestamp="2026-09-06T07:07:14.412" />
<allocation-satisfied id="885" threadId="0000000000721100" bytesRequested="8200" />
<af-end id="886" timestamp="2026-09-06T07:07:14.412" threadId="0000000000721BC0" success="true" from="nursery"/>
<exclusive-end id="887" timestamp="2026-09-06T07:07:14.412" durationms="1.243" />

<exclusive-start id="888" timestamp="2026-09-06T07:07:14.416" intervalms="4.742">
  <response-info timems="0.009" idlems="0.009" threads="0" lastid="0000000000721100" lastname="Default Executor-thread-1" />
</exclusive-start>
<af-start id="889" threadId="0000000000721BC0" totalBytesRequested="1392" timestamp="2026-09-06T07:07:14.416" intervalms="4.756" type="nursery" />
<cycle-start id="890" type="scavenge" contextid="0" timestamp="2026-09-06T07:07:14.416" intervalms="4.759" />
<gc-start id="891" type="scavenge" contextid="890" timestamp="2026-09-06T07:07:14.416">
  <mem-info id="892" free="2673304" total="20578304" percent="12">
    <mem type="nursery" free="0" total="8126464" percent="0">
      <mem type="allocate" free="0" total="5898240" percent="0" />
      <mem type="survivor" free="0" total="2228224" percent="0" />
    </mem>
    <mem type="tenure" free="2673304" total="12451840" percent="21">
      <mem type="soa" free="2050712" total="11829248" percent="17" />
      <mem type="loa" free="622592" total="622592" percent="100" />
    </mem>
    <remembered-set count="449" />
  </mem-info>
</gc-start>
<allocation-stats totalBytes="4449320" discardedBytes="2112" >
  <allocated-bytes non-tlh="8200" tlh="4441120" />
  <largest-consumer threadName="Default Executor-thread-1" threadId="0000000000721100" bytes="4449320" />
</allocation-stats>
<gc-op id="893" type="scavenge" timems="1.046" contextid="890" timestamp="2026-09-06T07:07:14.417">
  <scavenger-info tenureage="2" tenuremask="400c" tiltratio="72" />
  <memory-copied type="nursery" objects="23267" bytes="825064" bytesdiscarded="161664" />
  <memory-copied type="tenure" objects="25861" bytes="933872" bytesdiscarded="440" />
  <references type="phantom" candidates="1" cleared="0" enqueued="0" />
  <object-monitors candidates="15" cleared="0"  />
</gc-op>
<heap-resize id="894" type="expand" space="nursery" amount="917504" count="1" timems="0.011" reason="excessive time being spent scavenging" timestamp="2026-09-06T07:07:14.417" />
<gc-end id="895" type="scavenge" contextid="890" durationms="1.183" usertimems="4.054" systemtimems="0.829" stalltimems="3.265" timestamp="2026-09-06T07:07:14.417" activeThreads="8">
  <mem-info id="896" free="7365704" total="21495808" percent="34">
    <mem type="nursery" free="5960080" total="9043968" percent="65">
      <mem type="allocate" free="5960080" total="6946816" percent="85" />
      <mem type="survivor" free="0" total="2097152" percent="0" />
    </mem>
    <mem type="tenure" free="1405624" total="12451840" percent="11">
      <mem type="soa" free="783032" total="11829248" percent="6" />
      <mem type="loa" free="622592" total="622592" percent="100" />
    </mem>
    <remembered-set count="353" />
  </mem-info>
</gc-end>
<cycle-end id="897" type="scavenge" contextid="890" timestamp="2026-09-06T07:07:14.417" />
<allocation-satisfied id="898" threadId="0000000000721100" bytesRequested="1392" />
<af-end id="899" timestamp="2026-09-06T07:07:14.417" threadId="0000000000721BC0" success="true" from="nursery"/>
<exclusive-end id="900" timestamp="2026-09-06T07:07:14.417" durationms="1.410" />

<concurrent-kickoff id="901" timestamp="2026-09-06T07:07:14.424">
  <kickoff reason="threshold reached" targetBytes="4834589" thresholdFreeBytes="663922"  remainingFree="381328" tenureFreeBytes="1405624" nurseryFreeBytes="381328" />
</concurrent-kickoff>
<exclusive-start id="902" timestamp="2026-09-06T07:07:14.424" intervalms="8.209">
  <response-info timems="0.011" idlems="0.011" threads="0" lastid="0000000000721100" lastname="Default Executor-thread-1" />
</exclusive-start>
<cycle-start id="903" type="global" contextid="0" timestamp="2026-09-06T07:07:14.424" intervalms="44.311" />
<concurrent-start id="904" type="global mark" contextid="903" timestamp="2026-09-06T07:07:14.424">
</concurrent-start>
<exclusive-end id="905" timestamp="2026-09-06T07:07:14.424" durationms="0.061" />

<exclusive-start id="906" timestamp="2026-09-06T07:07:14.425" intervalms="1.074">
  <response-info timems="0.005" idlems="0.005" threads="0" lastid="0000000000721100" lastname="Default Executor-thread-1" />
</exclusive-start>
<af-start id="907" threadId="0000000000721BC0" totalBytesRequested="8200" timestamp="2026-09-06T07:07:14.425" intervalms="9.271" type="nursery" />
<cycle-start id="908" type="scavenge" contextid="0" timestamp="2026-09-06T07:07:14.425" intervalms="9.273" />
<gc-start id="909" type="scavenge" contextid="908" timestamp="2026-09-06T07:07:14.425">
  <mem-info id="910" free="1405624" total="21495808" percent="6">
    <mem type="nursery" free="0" total="9043968" percent="0">
      <mem type="allocate" free="0" total="6946816" percent="0" />
      <mem type="survivor" free="0" total="2097152" percent="0" />
    </mem>
    <mem type="tenure" free="1405624" total="12451840" percent="11">
      <mem type="soa" free="783032" total="11829248" percent="6" />
      <mem type="loa" free="622592" total="622592" percent="100" />
    </mem>
    <remembered-set count="456" />
  </mem-info>
</gc-start>
<allocation-stats totalBytes="5864512" discardedBytes="95568" >
  <allocated-bytes non-tlh="1392" tlh="5863120" />
  <largest-consumer threadName="Default Executor-thread-1" threadId="0000000000721100" bytes="5864512" />
</allocation-stats>
<gc-op id="911" type="scavenge" timems="1.109" contextid="908" timestamp="2026-09-06T07:07:14.426">
  <scavenger-info tenureage="2" tenuremask="4004" tiltratio="76" />
  <memory-copied type="nursery" objects="26758" bytes="944240" bytesdiscarded="149128" />
  <memory-copied type="tenure" objects="11514" bytes="393856" bytesdiscarded="816" />
  <references type="phantom" candidates="1" cleared="0" enqueued="0" />
  <object-monitors candidates="15" cleared="0"  />
</gc-op>
<heap-resize id="912" type="expand" space="nursery" amount="655360" count="1" timems="0.012" reason="excessive time being spent scavenging" timestamp="2026-09-06T07:07:14.427" />
<gc-end id="913" type="scavenge" contextid="908" durationms="1.265" usertimems="6.593" systemtimems="0.000" stalltimems="4.033" timestamp="2026-09-06T07:07:14.427" activeThreads="8">
  <mem-info id="914" free="7868440" total="22151168" percent="35">
    <mem type="nursery" free="6705408" total="9699328" percent="69">
      <mem type="allocate" free="6705408" total="7798784" percent="85" />
      <mem type="survivor" free="0" total="1900544" percent="0" />
    </mem>
    <mem type="tenure" free="1163032" total="12451840" percent="9">
      <mem type="soa" free="540440" total="11829248" percent="4" />
      <mem type="loa" free="622592" total="622592" percent="100" />
    </mem>
    <remembered-set count="398" />
  </mem-info>
</gc-end>
<cycle-end id="915" type="scavenge" contextid="908" timestamp="2026-09-06T07:07:14.427" />
<allocation-satisfied id="916" threadId="0000000000721100" bytesRequested="8200" />
<af-end id="917" timestamp="2026-09-06T07:07:14.427" threadId="0000000000721BC0" success="true" from="nursery"/>
<exclusive-end id="918" timestamp="2026-09-06T07:07:14.427" durationms="1.520" />

<exclusive-start id="919" timestamp="2026-09-06T07:07:14.444" intervalms="19.040">
  <response-info timems="0.011" idlems="0.011" threads="0" lastid="0000000000721100" lastname="Default Executor-thread-1" />
</exclusive-start>
<af-start id="920" threadId="0000000000721BC0" totalBytesRequested="16392" timestamp="2026-09-06T07:07:14.444" intervalms="19.065" type="nursery" />
<percolate-collect id="921" from="nursery" to="global" reason="concurrent mark exhausted" timestamp="2026-09-06T07:07:14.444"/>
<concurrent-end id="922" type="global mark" contextid="903" timestamp="2026-09-06T07:07:14.444">
<gc-op id="923" type="trace" timems="20.061" contextid="903" timestamp="2026-09-06T07:07:14.444">
  <trace bytesTraced="6422632" workStackOverflowCount="0" />
  <card-cleaning reason="card cleaning threshold reached" bytesTraced="17920" cardsCleaned="104" />
</gc-op>
</concurrent-end>

<gc-start id="924" type="global" contextid="903" timestamp="2026-09-06T07:07:14.444">
  <mem-info id="925" free="1163032" total="22151168" percent="5">
    <mem type="nursery" free="0" total="9699328" percent="0">
      <mem type="allocate" free="0" total="7798784" percent="0" />
      <mem type="survivor" free="0" total="1900544" percent="0" />
    </mem>
    <mem type="tenure" free="1163032" total="12451840" percent="9">
      <mem type="soa" free="540440" total="11829248" percent="4" />
      <mem type="loa" free="622592" total="622592" percent="100" />
    </mem>
    <remembered-set count="530" />
  </mem-info>
</gc-start>
<allocation-stats totalBytes="6661040" discardedBytes="44368" >
  <allocated-bytes non-tlh="8200" tlh="6652840" />
  <largest-consumer threadName="Default Executor-thread-1" threadId="0000000000721100" bytes="6661040" />
</allocation-stats>
<concurrent-halted id="926" timestamp="2026-09-06T07:07:14.444">
  <halted state="Complete" status="exhausted" />
  <traced bytesTarget="4755829" bytesTotal="6440552" bytesByMutator="2432120" bytesByHelper="4008432" percent="135" />
  <cards cleaned="104" thresholdBytes="261544" />
</concurrent-halted>
<gc-op id="927" type="rs-scan" timems="0.554" contextid="903" timestamp="2026-09-06T07:07:14.445">
  <scan objectsFound="18983" bytesTraced="552760" workStackOverflowCount="0" />
</gc-op>
<gc-op id="928" type="card-cleaning" timems="0.316" contextid="903" timestamp="2026-09-06T07:07:14.445">
  <card-cleaning cardsCleaned="7" bytesTraced="470620" workStackOverflowCount="0" />
</gc-op>
<gc-op id="929" type="mark" timems="0.988" contextid="903" timestamp="2026-09-06T07:07:14.446">
  <trace-info objectcount="298" scancount="268" scanbytes="13296" />
  <finalization candidates="644" enqueued="0" />
  <ownableSynchronizers candidates="617" cleared="0" />
  <references type="soft" candidates="3629" cleared="0" enqueued="0" dynamicThreshold="9" maxThreshold="32" />
  <references type="weak" candidates="1421" cleared="0" enqueued="0" />
  <references type="phantom" candidates="122" cleared="0" enqueued="0" />
  <stringconstants candidates="14506" cleared="0"  />
  <object-monitors candidates="15" cleared="0"  />
</gc-op>
<gc-op id="930" type="sweep" timems="0.359" contextid="903" timestamp="2026-09-06T07:07:14.447" />
<heap-resize id="931" type="expand" space="tenure" amount="3342336" count="1" timems="0.020" reason="insufficient free space following gc" timestamp="2026-09-06T07:07:14.447" />
<gc-end id="932" type="global" contextid="903" durationms="2.485" usertimems="6.919" systemtimems="1.728" stalltimems="7.407" timestamp="2026-09-06T07:07:14.447" activeThreads="10">
  <mem-info id="933" free="9889864" total="25493504" percent="38">
    <mem type="nursery" free="5115496" total="9699328" percent="52">
      <mem type="allocate" free="5115496" total="7798784" percent="65" />
      <mem type="survivor" free="0" total="1900544" percent="0" />
    </mem>
    <mem type="tenure" free="4774368" total="15794176" percent="30" micro-fragmented="202743" macro-fragmented="0">
      <mem type="soa" free="3983840" total="15003648" percent="26" />
      <mem type="loa" free="790528" total="790528" percent="100" />
    </mem>
    <remembered-set count="530" />
  </mem-info>
</gc-end>
<cycle-end id="934" type="global" contextid="903" timestamp="2026-09-06T07:07:14.447" />
<allocation-satisfied id="935" threadId="0000000000721100" bytesRequested="16392" />
<af-end id="936" timestamp="2026-09-06T07:07:14.447" threadId="0000000000721BC0" success="true" from="nursery"/>
<exclusive-end id="937" timestamp="2026-09-06T07:07:14.447" durationms="2.786" />

<exclusive-start id="938" timestamp="2026-09-06T07:07:14.465" intervalms="20.638">
  <response-info timems="0.012" idlems="0.012" threads="0" lastid="0000000000721100" lastname="Default Executor-thread-1" />
</exclusive-start>
<af-start id="939" threadId="0000000000721BC0" totalBytesRequested="64" timestamp="2026-09-06T07:07:14.465" intervalms="20.639" type="nursery" />
<cycle-start id="940" type="scavenge" contextid="0" timestamp="2026-09-06T07:07:14.465" intervalms="39.720" />
<gc-start id="941" type="scavenge" contextid="940" timestamp="2026-09-06T07:07:14.465">
  <mem-info id="942" free="4742464" total="25493504" percent="18">
    <mem type="nursery" free="0" total="9699328" percent="0">
      <mem type="allocate" free="0" total="7798784" percent="0" />
      <mem type="survivor" free="0" total="1900544" percent="0" />
    </mem>
    <mem type="tenure" free="4742464" total="15794176" percent="30">
      <mem type="soa" free="3951936" total="15003648" percent="26" />
      <mem type="loa" free="790528" total="790528" percent="100" />
    </mem>
    <remembered-set count="994" />
  </mem-info>
</gc-start>
<allocation-stats totalBytes="5112176" discardedBytes="23264" >
  <allocated-bytes non-tlh="1402992" tlh="3709184" />
  <largest-consumer threadName="Default Executor-thread-1" threadId="0000000000721100" bytes="5112176" />
</allocation-stats>
<gc-op id="943" type="scavenge" timems="1.396" contextid="940" timestamp="2026-09-06T07:07:14.467">
  <scavenger-info tenureage="14" tenuremask="4000" tiltratio="80" />
  <memory-copied type="nursery" objects="53465" bytes="1862136" bytesdiscarded="38272" />
  <memory-copied type="tenure" objects="8165" bytes="260776" bytesdiscarded="760" />
  <copy-failed type="nursery" objects="8165" bytes="260776" />
  <finalization candidates="5" enqueued="5" />
  <ownableSynchronizers candidates="1234" cleared="1234" />
  <references type="soft" candidates="7" cleared="0" enqueued="0" dynamicThreshold="9" maxThreshold="32" />
  <references type="weak" candidates="69" cleared="41" enqueued="40" />
  <object-monitors candidates="15" cleared="0"  />
</gc-op>
<gc-end id="944" type="scavenge" contextid="940" durationms="1.902" usertimems="6.817" systemtimems="0.000" stalltimems="3.337" timestamp="2026-09-06T07:07:14.467" activeThreads="7">
  <mem-info id="945" free="8426712" total="25493504" percent="33">
    <mem type="nursery" free="3997696" total="9699328" percent="41">
      <mem type="allocate" free="3997696" total="5898240" percent="67" />
      <mem type="survivor" free="0" total="3801088" percent="0" />
    </mem>
    <mem type="tenure" free="4429016" total="15794176" percent="28">
      <mem type="soa" free="3638488" total="15003648" percent="24" />
      <mem type="loa" free="790528" total="790528" percent="100" />
    </mem>
    <pending-finalizers system="5" default="0" reference="40" classloader="0" />
    <remembered-set count="1752" />
  </mem-info>
</gc-end>
<cycle-end id="946" type="scavenge" contextid="940" timestamp="2026-09-06T07:07:14.467" />
<allocation-satisfied id="947" threadId="0000000000721100" bytesRequested="64" />
<af-end id="948" timestamp="2026-09-06T07:07:14.467" threadId="0000000000721BC0" success="true" from="nursery"/>
<exclusive-end id="949" timestamp="2026-09-06T07:07:14.467" durationms="2.216" />

<exclusive-start id="950" timestamp="2026-09-06T07:07:14.513" intervalms="48.342">
  <response-info timems="0.011" idlems="0.011" threads="0" lastid="0000000000721100" lastname="Default Executor-thread-1" />
</exclusive-start>
<af-start id="951" threadId="0000000000721BC0" totalBytesRequested="16" timestamp="2026-09-06T07:07:14.513" intervalms="48.353" type="nursery" />
<cycle-start id="952" type="scavenge" contextid="0" timestamp="2026-09-06T07:07:14.513" intervalms="48.359" />
<gc-start id="953" type="scavenge" contextid="952" timestamp="2026-09-06T07:07:14.513">
  <mem-info id="954" free="4429016" total="25493504" percent="17">
    <mem type="nursery" free="0" total="9699328" percent="0">
      <mem type="allocate" free="0" total="5898240" percent="0" />
      <mem type="survivor" free="0" total="3801088" percent="0" />
    </mem>
    <mem type="tenure" free="4429016" total="15794176" percent="28">
      <mem type="soa" free="3638488" total="15003648" percent="24" />
      <mem type="loa" free="790528" total="790528" percent="100" />
    </mem>
    <remembered-set count="1796" />
  </mem-info>
</gc-start>
<allocation-stats totalBytes="3997616" discardedBytes="80" >
  <allocated-bytes non-tlh="64" tlh="3997552" />
  <largest-consumer threadName="Default Executor-thread-1" threadId="0000000000721100" bytes="3997616" />
</allocation-stats>
<gc-op id="955" type="scavenge" timems="1.207" contextid="952" timestamp="2026-09-06T07:07:14.515">
  <scavenger-info tenureage="2" tenuremask="600c" tiltratio="60" />
  <memory-copied type="nursery" objects="38445" bytes="1284904" bytesdiscarded="170088" />
  <memory-copied type="tenure" objects="22542" bytes="805040" bytesdiscarded="1840" />
  <references type="soft" candidates="7" cleared="0" enqueued="0" dynamicThreshold="9" maxThreshold="32" />
  <references type="weak" candidates="29" cleared="1" enqueued="1" />
  <object-monitors candidates="15" cleared="0"  />
</gc-op>
<gc-end id="956" type="scavenge" contextid="952" durationms="1.357" usertimems="3.531" systemtimems="2.322" stalltimems="2.331" timestamp="2026-09-06T07:07:14.515" activeThreads="7">
  <mem-info id="957" free="8197480" total="25493504" percent="32">
    <mem type="nursery" free="4705376" total="9699328" percent="48">
      <mem type="allocate" free="4705376" total="6160384" percent="76" />
      <mem type="survivor" free="0" total="3538944" percent="0" />
    </mem>
    <mem type="tenure" free="3492104" total="15794176" percent="22">
      <mem type="soa" free="2701576" total="15003648" percent="18" />
      <mem type="loa" free="790528" total="790528" percent="100" />
    </mem>
    <pending-finalizers system="0" default="0" reference="1" classloader="0" />
    <remembered-set count="1291" />
  </mem-info>
</gc-end>
<cycle-end id="958" type="scavenge" contextid="952" timestamp="2026-09-06T07:07:14.515" />
<allocation-satisfied id="959" threadId="0000000000721100" bytesRequested="16" />
<af-end id="960" timestamp="2026-09-06T07:07:14.515" threadId="0000000000721BC0" success="true" from="nursery"/>
<exclusive-end id="961" timestamp="2026-09-06T07:07:14.515" durationms="1.726" />

<exclusive-start id="962" timestamp="2026-09-06T07:07:14.524" intervalms="10.308">
  <response-info timems="0.014" idlems="0.014" threads="0" lastid="0000000000721100" lastname="Default Executor-thread-1" />
</exclusive-start>
<af-start id="963" threadId="0000000000721BC0" totalBytesRequested="32" timestamp="2026-09-06T07:07:14.524" intervalms="10.272" type="nursery" />
<cycle-start id="964" type="scavenge" contextid="0" timestamp="2026-09-06T07:07:14.524" intervalms="10.283" />
<gc-start id="965" type="scavenge" contextid="964" timestamp="2026-09-06T07:07:14.524">
  <mem-info id="966" free="3492104" total="25493504" percent="13">
    <mem type="nursery" free="0" total="9699328" percent="0">
      <mem type="allocate" free="0" total="6160384" percent="0" />
      <mem type="survivor" free="0" total="3538944" percent="0" />
    </mem>
    <mem type="tenure" free="3492104" total="15794176" percent="22">
      <mem type="soa" free="2701576" total="15003648" percent="18" />
      <mem type="loa" free="790528" total="790528" percent="100" />
    </mem>
    <remembered-set count="1293" />
  </mem-info>
</gc-start>
<allocation-stats totalBytes="4705128" discardedBytes="248" >
  <allocated-bytes non-tlh="16" tlh="4705112" />
  <largest-consumer threadName="Default Executor-thread-1" threadId="0000000000721100" bytes="4705128" />
</allocation-stats>
<gc-op id="967" type="scavenge" timems="0.863" contextid="964" timestamp="2026-09-06T07:07:14.525">
  <scavenger-info tenureage="2" tenuremask="6004" tiltratio="63" />
  <memory-copied type="nursery" objects="8865" bytes="282992" bytesdiscarded="290200" />
  <memory-copied type="tenure" objects="30682" bytes="1047848" bytesdiscarded="624" />
  <object-monitors candidates="15" cleared="0"  />
</gc-op>
<heap-resize id="968" type="expand" space="nursery" amount="524288" count="1" timems="0.018" reason="excessive time being spent scavenging" timestamp="2026-09-06T07:07:14.525" />
<gc-end id="969" type="scavenge" contextid="964" durationms="1.025" usertimems="4.150" systemtimems="0.107" stalltimems="1.545" timestamp="2026-09-06T07:07:14.525" activeThreads="7">
  <mem-info id="970" free="8785664" total="26017792" percent="33">
    <mem type="nursery" free="6308088" total="10223616" percent="61">
      <mem type="allocate" free="6308088" total="6881280" percent="91" />
      <mem type="survivor" free="0" total="3342336" percent="0" />
    </mem>
    <mem type="tenure" free="2477576" total="15794176" percent="15">
      <mem type="soa" free="1687048" total="15003648" percent="11" />
      <mem type="loa" free="790528" total="790528" percent="100" />
    </mem>
    <remembered-set count="390" />
  </mem-info>
</gc-end>
<cycle-end id="971" type="scavenge" contextid="964" timestamp="2026-09-06T07:07:14.525" />
<allocation-satisfied id="972" threadId="0000000000721100" bytesRequested="32" />
<af-end id="973" timestamp="2026-09-06T07:07:14.525" threadId="0000000000721BC0" success="true" from="nursery"/>
<exclusive-end id="974" timestamp="2026-09-06T07:07:14.525" durationms="1.314" />

<concurrent-kickoff id="975" timestamp="2026-09-06T07:07:14.534">
  <kickoff reason="threshold reached" targetBytes="6494039" thresholdFreeBytes="893511"  remainingFree="643320" tenureFreeBytes="2477576" nurseryFreeBytes="643320" />
</concurrent-kickoff>
<exclusive-start id="976" timestamp="2026-09-06T07:07:14.534" intervalms="10.386">
  <response-info timems="0.010" idlems="0.010" threads="0" lastid="0000000000721100" lastname="Default Executor-thread-1" />
</exclusive-start>
<cycle-start id="977" type="global" contextid="0" timestamp="2026-09-06T07:07:14.534" intervalms="109.791" />
<concurrent-start id="978" type="global mark" contextid="977" timestamp="2026-09-06T07:07:14.534">
</concurrent-start>
<exclusive-end id="979" timestamp="2026-09-06T07:07:14.534" durationms="0.069" />

<exclusive-start id="980" timestamp="2026-09-06T07:07:14.535" intervalms="1.555">
  <response-info timems="0.005" idlems="0.005" threads="0" lastid="0000000000721100" lastname="Default Executor-thread-1" />
</exclusive-start>
<af-start id="981" threadId="0000000000721BC0" totalBytesRequested="24" timestamp="2026-09-06T07:07:14.535" intervalms="11.934" type="nursery" />
<cycle-start id="982" type="scavenge" contextid="0" timestamp="2026-09-06T07:07:14.536" intervalms="11.902" />
<gc-start id="983" type="scavenge" contextid="982" timestamp="2026-09-06T07:07:14.536">
  <mem-info id="984" free="2477576" total="26017792" percent="9">
    <mem type="nursery" free="0" total="10223616" percent="0">
      <mem type="allocate" free="0" total="6881280" percent="0" />
      <mem type="survivor" free="0" total="3342336" percent="0" />
    </mem>
    <mem type="tenure" free="2477576" total="15794176" percent="15">
      <mem type="soa" free="1687048" total="15003648" percent="11" />
      <mem type="loa" free="790528" total="790528" percent="100" />
    </mem>
    <remembered-set count="404" />
  </mem-info>
</gc-start>
<allocation-stats totalBytes="6307648" discardedBytes="440" >
  <allocated-bytes non-tlh="32" tlh="6307616" />
  <largest-consumer threadName="Default Executor-thread-1" threadId="0000000000721100" bytes="6307648" />
</allocation-stats>
<gc-op id="985" type="scavenge" timems="0.501" contextid="982" timestamp="2026-09-06T07:07:14.536">
  <scavenger-info tenureage="14" tenuremask="4000" tiltratio="67" />
  <memory-copied type="nursery" objects="10826" bytes="349256" bytesdiscarded="81592" />
  <object-monitors candidates="15" cleared="0"  />
</gc-op>
<gc-end id="986" type="scavenge" contextid="982" durationms="0.614" usertimems="1.300" systemtimems="0.120" stalltimems="2.209" timestamp="2026-09-06T07:07:14.536" activeThreads="8">
  <mem-info id="987" free="9648904" total="26017792" percent="37">
    <mem type="nursery" free="7171328" total="10223616" percent="70">
      <mem type="allocate" free="7171328" total="7602176" percent="94" />
      <mem type="survivor" free="0" total="2621440" percent="0" />
    </mem>
    <mem type="tenure" free="2477576" total="15794176" percent="15">
      <mem type="soa" free="1687048" total="15003648" percent="11" />
      <mem type="loa" free="790528" total="790528" percent="100" />
    </mem>
    <remembered-set count="403" />
  </mem-info>
</gc-end>
<cycle-end id="988" type="scavenge" contextid="982" timestamp="2026-09-06T07:07:14.536" />
<allocation-satisfied id="989" threadId="0000000000721100" bytesRequested="24" />
<af-end id="990" timestamp="2026-09-06T07:07:14.538" threadId="0000000000721BC0" success="true" from="nursery"/>
<exclusive-end id="991" timestamp="2026-09-06T07:07:14.538" durationms="2.608" />

<exclusive-start id="992" timestamp="2026-09-06T07:07:14.553" intervalms="17.943">
  <response-info timems="0.010" idlems="0.010" threads="0" lastid="0000000000721100" lastname="Default Executor-thread-1" />
</exclusive-start>
<af-start id="993" threadId="0000000000721BC0" totalBytesRequested="32" timestamp="2026-09-06T07:07:14.553" intervalms="17.965" type="nursery" />
<percolate-collect id="994" from="nursery" to="global" reason="concurrent mark exhausted" timestamp="2026-09-06T07:07:14.553"/>
<concurrent-end id="995" type="global mark" contextid="977" timestamp="2026-09-06T07:07:14.554">
<gc-op id="996" type="trace" timems="19.439" contextid="977" timestamp="2026-09-06T07:07:14.554">
  <trace bytesTraced="7726040" workStackOverflowCount="0" />
  <card-cleaning reason="card cleaning threshold reached" bytesTraced="8180" cardsCleaned="18" />
</gc-op>
</concurrent-end>

<gc-start id="997" type="global" contextid="977" timestamp="2026-09-06T07:07:14.554">
  <mem-info id="998" free="2477128" total="26017792" percent="9">
    <mem type="nursery" free="0" total="10223616" percent="0">
      <mem type="allocate" free="0" total="7602176" percent="0" />
      <mem type="survivor" free="0" total="2621440" percent="0" />
    </mem>
    <mem type="tenure" free="2477128" total="15794176" percent="15">
      <mem type="soa" free="1686600" total="15003648" percent="11" />
      <mem type="loa" free="790528" total="790528" percent="100" />
    </mem>
    <remembered-set count="423" />
  </mem-info>
</gc-start>
<allocation-stats totalBytes="7171464" discardedBytes="312" >
  <allocated-bytes non-tlh="472" tlh="7170992" />
  <largest-consumer threadName="Default Executor-thread-1" threadId="0000000000721100" bytes="7171464" />
</allocation-stats>
<concurrent-halted id="999" timestamp="2026-09-06T07:07:14.554">
  <halted state="Complete" status="exhausted" />
  <traced bytesTarget="6494039" bytesTotal="7734220" bytesByMutator="2685560" bytesByHelper="5048660" percent="119" />
  <cards cleaned="18" thresholdBytes="351989" />
</concurrent-halted>
<gc-op id="1000" type="rs-scan" timems="0.423" contextid="977" timestamp="2026-09-06T07:07:14.554">
  <scan objectsFound="9951" bytesTraced="295388" workStackOverflowCount="0" />
</gc-op>
<gc-op id="1001" type="card-cleaning" timems="0.142" contextid="977" timestamp="2026-09-06T07:07:14.554">
  <card-cleaning cardsCleaned="0" bytesTraced="0" workStackOverflowCount="0" />
</gc-op>
<gc-op id="1002" type="mark" timems="0.987" contextid="977" timestamp="2026-09-06T07:07:14.555">
  <trace-info objectcount="449" scancount="418" scanbytes="18428" />
  <finalization candidates="644" enqueued="0" />
  <ownableSynchronizers candidates="617" cleared="0" />
  <references type="soft" candidates="3635" cleared="0" enqueued="0" dynamicThreshold="9" maxThreshold="32" />
  <references type="weak" candidates="1450" cleared="0" enqueued="0" />
  <references type="phantom" candidates="121" cleared="0" enqueued="0" />
  <stringconstants candidates="14762" cleared="0"  />
  <object-monitors candidates="15" cleared="0"  />
</gc-op>
<gc-op id="1003" type="sweep" timems="0.454" contextid="977" timestamp="2026-09-06T07:07:14.556" />
<heap-resize id="1004" type="expand" space="tenure" amount="2883584" count="1" timems="0.039" reason="insufficient free space following gc" timestamp="2026-09-06T07:07:14.556" />
<gc-end id="1005" type="global" contextid="977" durationms="2.294" usertimems="6.766" systemtimems="0.696" stalltimems="8.767" timestamp="2026-09-06T07:07:14.556" activeThreads="10">
  <mem-info id="1006" free="12813008" total="28901376" percent="44">
    <mem type="nursery" free="7183896" total="10223616" percent="70">
      <mem type="allocate" free="7183896" total="7602176" percent="94" />
      <mem type="survivor" free="0" total="2621440" percent="0" />
    </mem>
    <mem type="tenure" free="5629112" total="18677760" percent="30" micro-fragmented="208155" macro-fragmented="0">
      <mem type="soa" free="4695224" total="17743872" percent="26" />
      <mem type="loa" free="933888" total="933888" percent="100" />
    </mem>
    <remembered-set count="420" />
  </mem-info>
</gc-end>
<cycle-end id="1007" type="global" contextid="977" timestamp="2026-09-06T07:07:14.556" />
<allocation-satisfied id="1008" threadId="0000000000721100" bytesRequested="32" />
<af-end id="1009" timestamp="2026-09-06T07:07:14.556" threadId="0000000000721BC0" success="true" from="nursery"/>
<exclusive-end id="1010" timestamp="2026-09-06T07:07:14.556" durationms="2.581" />

<exclusive-start id="1011" timestamp="2026-09-06T07:07:14.570" intervalms="16.319">
  <response-info timems="0.012" idlems="0.012" threads="0" lastid="0000000000721100" lastname="Default Executor-thread-1" />
</exclusive-start>
<af-start id="1012" threadId="0000000000721BC0" totalBytesRequested="72" timestamp="2026-09-06T07:07:14.570" intervalms="16.318" type="nursery" />
<cycle-start id="1013" type="scavenge" contextid="0" timestamp="2026-09-06T07:07:14.570" intervalms="34.287" />
<gc-start id="1014" type="scavenge" contextid="1013" timestamp="2026-09-06T07:07:14.570">
  <mem-info id="1015" free="5628840" total="28901376" percent="19">
    <mem type="nursery" free="0" total="10223616" percent="0">
      <mem type="allocate" free="0" total="7602176" percent="0" />
      <mem type="survivor" free="0" total="2621440" percent="0" />
    </mem>
    <mem type="tenure" free="5628840" total="18677760" percent="30">
      <mem type="soa" free="4694952" total="17743872" percent="26" />
      <mem type="loa" free="933888" total="933888" percent="100" />
    </mem>
    <remembered-set count="574" />
  </mem-info>
</gc-start>
<allocation-stats totalBytes="7182168" discardedBytes="2000" >
  <allocated-bytes non-tlh="304" tlh="7181864" />
  <largest-consumer threadName="Default Executor-thread-1" threadId="0000000000721100" bytes="7182168" />
</allocation-stats>
<gc-op id="1016" type="scavenge" timems="0.534" contextid="1013" timestamp="2026-09-06T07:07:14.570">
  <scavenger-info tenureage="3" tenuremask="4008" tiltratio="74" />
  <memory-copied type="nursery" objects="6823" bytes="195144" bytesdiscarded="78256" />
  <memory-copied type="tenure" objects="6930" bytes="197832" bytesdiscarded="680" />
  <ownableSynchronizers candidates="1234" cleared="1234" />
  <references type="weak" candidates="4" cleared="3" enqueued="3" />
  <object-monitors candidates="15" cleared="0"  />
</gc-op>
<gc-end id="1017" type="scavenge" contextid="1013" durationms="0.656" usertimems="2.271" systemtimems="0.208" stalltimems="1.234" timestamp="2026-09-06T07:07:14.571" activeThreads="6">
  <mem-info id="1018" free="13166144" total="28901376" percent="45">
    <mem type="nursery" free="7787520" total="10223616" percent="76">
      <mem type="allocate" free="7787520" total="8060928" percent="96" />
      <mem type="survivor" free="0" total="2162688" percent="0" />
    </mem>
    <mem type="tenure" free="5378624" total="18677760" percent="28">
      <mem type="soa" free="4444736" total="17743872" percent="25" />
      <mem type="loa" free="933888" total="933888" percent="100" />
    </mem>
    <pending-finalizers system="0" default="0" reference="3" classloader="0" />
    <remembered-set count="408" />
  </mem-info>
</gc-end>
<cycle-end id="1019" type="scavenge" contextid="1013" timestamp="2026-09-06T07:07:14.571" />
<allocation-satisfied id="1020" threadId="0000000000721100" bytesRequested="72" />
<af-end id="1021" timestamp="2026-09-06T07:07:14.571" threadId="0000000000721BC0" success="true" from="nursery"/>
<exclusive-end id="1022" timestamp="2026-09-06T07:07:14.571" durationms="0.949" />

<exclusive-start id="1023" timestamp="2026-09-06T07:07:14.585" intervalms="15.122">
  <response-info timems="0.010" idlems="0.010" threads="0" lastid="0000000000721100" lastname="Default Executor-thread-1" />
</exclusive-start>
<af-start id="1024" threadId="0000000000721BC0" totalBytesRequested="40" timestamp="2026-09-06T07:07:14.585" intervalms="15.116" type="nursery" />
<cycle-start id="1025" type="scavenge" contextid="0" timestamp="2026-09-06T07:07:14.585" intervalms="15.114" />
<gc-start id="1026" type="scavenge" contextid="1025" timestamp="2026-09-06T07:07:14.585">
  <mem-info id="1027" free="5378624" total="28901376" percent="18">
    <mem type="nursery" free="0" total="10223616" percent="0">
      <mem type="allocate" free="0" total="8060928" percent="0" />
      <mem type="survivor" free="0" total="2162688" percent="0" />
    </mem>
    <mem type="tenure" free="5378624" total="18677760" percent="28">
      <mem type="soa" free="4444736" total="17743872" percent="25" />
      <mem type="loa" free="933888" total="933888" percent="100" />
    </mem>
    <remembered-set count="543" />
  </mem-info>
</gc-start>
<allocation-stats totalBytes="7787216" discardedBytes="304" >
  <allocated-bytes non-tlh="72" tlh="7787144" />
  <largest-consumer threadName="Default Executor-thread-1" threadId="0000000000721100" bytes="7787216" />
</allocation-stats>
<gc-op id="1028" type="scavenge" timems="0.434" contextid="1025" timestamp="2026-09-06T07:07:14.585">
  <scavenger-info tenureage="14" tenuremask="4000" tiltratio="78" />
  <memory-copied type="nursery" objects="11729" bytes="328664" bytesdiscarded="36136" />
  <references type="weak" candidates="1" cleared="0" enqueued="0" />
  <object-monitors candidates="15" cleared="0"  />
</gc-op>
<gc-end id="1029" type="scavenge" contextid="1025" durationms="0.551" usertimems="1.020" systemtimems="0.093" stalltimems="0.975" timestamp="2026-09-06T07:07:14.586" activeThreads="5">
  <mem-info id="1030" free="13402432" total="28901376" percent="46">
    <mem type="nursery" free="8023808" total="10223616" percent="78">
      <mem type="allocate" free="8023808" total="8388608" percent="95" />
      <mem type="survivor" free="0" total="1835008" percent="0" />
    </mem>
    <mem type="tenure" free="5378624" total="18677760" percent="28">
      <mem type="soa" free="4444736" total="17743872" percent="25" />
      <mem type="loa" free="933888" total="933888" percent="100" />
    </mem>
    <remembered-set count="524" />
  </mem-info>
</gc-end>
<cycle-end id="1031" type="scavenge" contextid="1025" timestamp="2026-09-06T07:07:14.586" />
<allocation-satisfied id="1032" threadId="0000000000721100" bytesRequested="40" />
<af-end id="1033" timestamp="2026-09-06T07:07:14.586" threadId="0000000000721BC0" success="true" from="nursery"/>
<exclusive-end id="1034" timestamp="2026-09-06T07:07:14.586" durationms="0.827" />

<exclusive-start id="1035" timestamp="2026-09-06T07:07:14.598" intervalms="13.005">
  <response-info timems="0.009" idlems="0.009" threads="0" lastid="0000000000721100" lastname="Default Executor-thread-1" />
</exclusive-start>
<af-start id="1036" threadId="0000000000721BC0" totalBytesRequested="24" timestamp="2026-09-06T07:07:14.598" intervalms="13.003" type="nursery" />
<cycle-start id="1037" type="scavenge" contextid="0" timestamp="2026-09-06T07:07:14.598" intervalms="13.000" />
<gc-start id="1038" type="scavenge" contextid="1037" timestamp="2026-09-06T07:07:14.598">
  <mem-info id="1039" free="5378624" total="28901376" percent="18">
    <mem type="nursery" free="0" total="10223616" percent="0">
      <mem type="allocate" free="0" total="8388608" percent="0" />
      <mem type="survivor" free="0" total="1835008" percent="0" />
    </mem>
    <mem type="tenure" free="5378624" total="18677760" percent="28">
      <mem type="soa" free="4444736" total="17743872" percent="25" />
      <mem type="loa" free="933888" total="933888" percent="100" />
    </mem>
    <remembered-set count="543" />
  </mem-info>
</gc-start>
<allocation-stats totalBytes="8023320" discardedBytes="488" >
  <allocated-bytes non-tlh="40" tlh="8023280" />
  <largest-consumer threadName="Default Executor-thread-1" threadId="0000000000721100" bytes="8023320" />
</allocation-stats>
<gc-op id="1040" type="scavenge" timems="0.419" contextid="1037" timestamp="2026-09-06T07:07:14.598">
  <scavenger-info tenureage="14" tenuremask="4000" tiltratio="82" />
  <memory-copied type="nursery" objects="13390" bytes="375736" bytesdiscarded="26960" />
  <references type="weak" candidates="1" cleared="0" enqueued="0" />
  <object-monitors candidates="15" cleared="0"  />
</gc-op>
<gc-end id="1041" type="scavenge" contextid="1037" durationms="0.531" usertimems="0.991" systemtimems="0.041" stalltimems="0.615" timestamp="2026-09-06T07:07:14.599" activeThreads="4">
  <mem-info id="1042" free="13626680" total="28901376" percent="47">
    <mem type="nursery" free="8248056" total="10223616" percent="80">
      <mem type="allocate" free="8248056" total="8650752" percent="95" />
      <mem type="survivor" free="0" total="1572864" percent="0" />
    </mem>
    <mem type="tenure" free="5378624" total="18677760" percent="28">
      <mem type="soa" free="4444736" total="17743872" percent="25" />
      <mem type="loa" free="933888" total="933888" percent="100" />
    </mem>
    <remembered-set count="533" />
  </mem-info>
</gc-end>
<cycle-end id="1043" type="scavenge" contextid="1037" timestamp="2026-09-06T07:07:14.599" />
<allocation-satisfied id="1044" threadId="0000000000721100" bytesRequested="24" />
<af-end id="1045" timestamp="2026-09-06T07:07:14.599" threadId="0000000000721BC0" success="true" from="nursery"/>
<exclusive-end id="1046" timestamp="2026-09-06T07:07:14.599" durationms="0.788" />

<exclusive-start id="1047" timestamp="2026-09-06T07:07:14.611" intervalms="13.147">
  <response-info timems="0.006" idlems="0.006" threads="0" lastid="0000000000721100" lastname="Default Executor-thread-1" />
</exclusive-start>
<af-start id="1048" threadId="0000000000721BC0" totalBytesRequested="64" timestamp="2026-09-06T07:07:14.611" intervalms="13.127" type="nursery" />
<cycle-start id="1049" type="scavenge" contextid="0" timestamp="2026-09-06T07:07:14.611" intervalms="13.120" />
<gc-start id="1050" type="scavenge" contextid="1049" timestamp="2026-09-06T07:07:14.611">
  <mem-info id="1051" free="5378624" total="28901376" percent="18">
    <mem type="nursery" free="0" total="10223616" percent="0">
      <mem type="allocate" free="0" total="8650752" percent="0" />
      <mem type="survivor" free="0" total="1572864" percent="0" />
    </mem>
    <mem type="tenure" free="5378624" total="18677760" percent="28">
      <mem type="soa" free="4444736" total="17743872" percent="25" />
      <mem type="loa" free="933888" total="933888" percent="100" />
    </mem>
    <remembered-set count="539" />
  </mem-info>
</gc-start>
<allocation-stats totalBytes="8247512" discardedBytes="544" >
  <allocated-bytes non-tlh="24" tlh="8247488" />
  <largest-consumer threadName="Default Executor-thread-1" threadId="0000000000721100" bytes="8247512" />
</allocation-stats>
<gc-op id="1052" type="scavenge" timems="0.389" contextid="1049" timestamp="2026-09-06T07:07:14.612">
  <scavenger-info tenureage="3" tenuremask="4018" tiltratio="84" />
  <memory-copied type="nursery" objects="7643" bytes="213720" bytesdiscarded="80424" />
  <memory-copied type="tenure" objects="6408" bytes="181368" bytesdiscarded="80" />
  <object-monitors candidates="15" cleared="0"  />
</gc-op>
<gc-end id="1053" type="scavenge" contextid="1049" durationms="0.517" usertimems="0.229" systemtimems="0.930" stalltimems="0.380" timestamp="2026-09-06T07:07:14.612" activeThreads="4">
  <mem-info id="1054" free="13666112" total="28901376" percent="47">
    <mem type="nursery" free="8553216" total="10223616" percent="83">
      <mem type="allocate" free="8553216" total="8847360" percent="96" />
      <mem type="survivor" free="0" total="1376256" percent="0" />
    </mem>
    <mem type="tenure" free="5112896" total="18677760" percent="27">
      <mem type="soa" free="4179008" total="17743872" percent="23" />
      <mem type="loa" free="933888" total="933888" percent="100" />
    </mem>
    <remembered-set count="397" />
  </mem-info>
</gc-end>
<cycle-end id="1055" type="scavenge" contextid="1049" timestamp="2026-09-06T07:07:14.612" />
<allocation-satisfied id="1056" threadId="0000000000721100" bytesRequested="64" />
<af-end id="1057" timestamp="2026-09-06T07:07:14.612" threadId="0000000000721BC0" success="true" from="nursery"/>
<exclusive-end id="1058" timestamp="2026-09-06T07:07:14.612" durationms="0.728" />

<exclusive-start id="1059" timestamp="2026-09-06T07:07:14.625" intervalms="13.626">
  <response-info timems="0.006" idlems="0.006" threads="0" lastid="0000000000721100" lastname="Default Executor-thread-1" />
</exclusive-start>
<af-start id="1060" threadId="0000000000721BC0" totalBytesRequested="24" timestamp="2026-09-06T07:07:14.625" intervalms="13.629" type="nursery" />
<cycle-start id="1061" type="scavenge" contextid="0" timestamp="2026-09-06T07:07:14.625" intervalms="13.628" />
<gc-start id="1062" type="scavenge" contextid="1061" timestamp="2026-09-06T07:07:14.625">
  <mem-info id="1063" free="5112896" total="28901376" percent="17">
    <mem type="nursery" free="0" total="10223616" percent="0">
      <mem type="allocate" free="0" total="8847360" percent="0" />
      <mem type="survivor" free="0" total="1376256" percent="0" />
    </mem>
    <mem type="tenure" free="5112896" total="18677760" percent="27">
      <mem type="soa" free="4179008" total="17743872" percent="23" />
      <mem type="loa" free="933888" total="933888" percent="100" />
    </mem>
    <remembered-set count="398" />
  </mem-info>
</gc-start>
<allocation-stats totalBytes="8552776" discardedBytes="440" >
  <allocated-bytes non-tlh="64" tlh="8552712" />
  <largest-consumer threadName="Default Executor-thread-1" threadId="0000000000721100" bytes="8552776" />
</allocation-stats>
<gc-op id="1064" type="scavenge" timems="0.278" contextid="1061" timestamp="2026-09-06T07:07:14.625">
  <scavenger-info tenureage="14" tenuremask="4000" tiltratio="86" />
  <memory-copied type="nursery" objects="7845" bytes="220728" bytesdiscarded="28104" />
  <object-monitors candidates="15" cleared="0"  />
</gc-op>
<gc-end id="1065" type="scavenge" contextid="1061" durationms="0.378" usertimems="0.601" systemtimems="0.054" stalltimems="0.407" timestamp="2026-09-06T07:07:14.625" activeThreads="4">
  <mem-info id="1066" free="13973568" total="28901376" percent="48">
    <mem type="nursery" free="8860672" total="10223616" percent="86">
      <mem type="allocate" free="8860672" total="9109504" percent="97" />
      <mem type="survivor" free="0" total="1114112" percent="0" />
    </mem>
    <mem type="tenure" free="5112896" total="18677760" percent="27">
      <mem type="soa" free="4179008" total="17743872" percent="23" />
      <mem type="loa" free="933888" total="933888" percent="100" />
    </mem>
    <remembered-set count="398" />
  </mem-info>
</gc-end>
<cycle-end id="1067" type="scavenge" contextid="1061" timestamp="2026-09-06T07:07:14.625" />
<allocation-satisfied id="1068" threadId="0000000000721100" bytesRequested="24" />
<af-end id="1069" timestamp="2026-09-06T07:07:14.625" threadId="0000000000721BC0" success="true" from="nursery"/>
<exclusive-end id="1070" timestamp="2026-09-06T07:07:14.625" durationms="0.574" />

<exclusive-start id="1071" timestamp="2026-09-06T07:07:14.638" intervalms="13.827">
  <response-info timems="0.008" idlems="0.008" threads="0" lastid="0000000000721100" lastname="Default Executor-thread-1" />
</exclusive-start>
<af-start id="1072" threadId="0000000000721BC0" totalBytesRequested="56" timestamp="2026-09-06T07:07:14.638" intervalms="13.833" type="nursery" />
<cycle-start id="1073" type="scavenge" contextid="0" timestamp="2026-09-06T07:07:14.639" intervalms="13.834" />
<gc-start id="1074" type="scavenge" contextid="1073" timestamp="2026-09-06T07:07:14.639">
  <mem-info id="1075" free="5112896" total="28901376" percent="17">
    <mem type="nursery" free="0" total="10223616" percent="0">
      <mem type="allocate" free="0" total="9109504" percent="0" />
      <mem type="survivor" free="0" total="1114112" percent="0" />
    </mem>
    <mem type="tenure" free="5112896" total="18677760" percent="27">
      <mem type="soa" free="4179008" total="17743872" percent="23" />
      <mem type="loa" free="933888" total="933888" percent="100" />
    </mem>
    <remembered-set count="399" />
  </mem-info>
</gc-start>
<allocation-stats totalBytes="8860096" discardedBytes="576" >
  <allocated-bytes non-tlh="24" tlh="8860072" />
  <largest-consumer threadName="Default Executor-thread-1" threadId="0000000000721100" bytes="8860096" />
</allocation-stats>
<gc-op id="1076" type="scavenge" timems="0.377" contextid="1073" timestamp="2026-09-06T07:07:14.639">
  <scavenger-info tenureage="3" tenuremask="4098" tiltratio="89" />
  <memory-copied type="nursery" objects="1267" bytes="40920" bytesdiscarded="552" />
  <memory-copied type="tenure" objects="6752" bytes="185888" bytesdiscarded="176" />
  <object-monitors candidates="15" cleared="0"  />
</gc-op>
<gc-end id="1077" type="scavenge" contextid="1073" durationms="0.490" usertimems="0.000" systemtimems="0.752" stalltimems="0.759" timestamp="2026-09-06T07:07:14.639" activeThreads="4">
  <mem-info id="1078" free="14068288" total="28901376" percent="48">
    <mem type="nursery" free="9133568" total="10223616" percent="89">
      <mem type="allocate" free="9133568" total="9175040" percent="99" />
      <mem type="survivor" free="0" total="1048576" percent="0" />
    </mem>
    <mem type="tenure" free="4934720" total="18677760" percent="26">
      <mem type="soa" free="4000832" total="17743872" percent="22" />
      <mem type="loa" free="933888" total="933888" percent="100" />
    </mem>
    <remembered-set count="246" />
  </mem-info>
</gc-end>
<cycle-end id="1079" type="scavenge" contextid="1073" timestamp="2026-09-06T07:07:14.639" />
<allocation-satisfied id="1080" threadId="0000000000721100" bytesRequested="56" />
<af-end id="1081" timestamp="2026-09-06T07:07:14.639" threadId="0000000000721BC0" success="true" from="nursery"/>
<exclusive-end id="1082" timestamp="2026-09-06T07:07:14.639" durationms="0.688" />

<exclusive-start id="1083" timestamp="2026-09-06T07:07:14.653" intervalms="14.370">
  <response-info timems="0.006" idlems="0.006" threads="0" lastid="0000000000721100" lastname="Default Executor-thread-1" />
</exclusive-start>
<af-start id="1084" threadId="0000000000721BC0" totalBytesRequested="24" timestamp="2026-09-06T07:07:14.653" intervalms="14.374" type="nursery" />
<cycle-start id="1085" type="scavenge" contextid="0" timestamp="2026-09-06T07:07:14.653" intervalms="14.382" />
<gc-start id="1086" type="scavenge" contextid="1085" timestamp="2026-09-06T07:07:14.653">
  <mem-info id="1087" free="4934720" total="28901376" percent="17">
    <mem type="nursery" free="0" total="10223616" percent="0">
      <mem type="allocate" free="0" total="9175040" percent="0" />
      <mem type="survivor" free="0" total="1048576" percent="0" />
    </mem>
    <mem type="tenure" free="4934720" total="18677760" percent="26">
      <mem type="soa" free="4000832" total="17743872" percent="22" />
      <mem type="loa" free="933888" total="933888" percent="100" />
    </mem>
    <remembered-set count="248" />
  </mem-info>
</gc-start>
<allocation-stats totalBytes="9133160" discardedBytes="408" >
  <allocated-bytes non-tlh="56" tlh="9133104" />
  <largest-consumer threadName="Default Executor-thread-1" threadId="0000000000721100" bytes="9133160" />
</allocation-stats>
<gc-op id="1088" type="scavenge" timems="0.167" contextid="1085" timestamp="2026-09-06T07:07:14.653">
  <scavenger-info tenureage="6" tenuremask="fec0" tiltratio="89" />
  <memory-copied type="nursery" objects="1240" bytes="40856" bytesdiscarded="21352" />
  <object-monitors candidates="15" cleared="0"  />
</gc-op>
<gc-end id="1089" type="scavenge" contextid="1085" durationms="0.272" usertimems="0.334" systemtimems="0.031" stalltimems="0.224" timestamp="2026-09-06T07:07:14.653" activeThreads="4">
  <mem-info id="1090" free="14047552" total="28901376" percent="48">
    <mem type="nursery" free="9112832" total="10223616" percent="89">
      <mem type="allocate" free="9112832" total="9175040" percent="99" />
      <mem type="survivor" free="0" total="1048576" percent="0" />
    </mem>
    <mem type="tenure" free="4934720" total="18677760" percent="26">
      <mem type="soa" free="4000832" total="17743872" percent="22" />
      <mem type="loa" free="933888" total="933888" percent="100" />
    </mem>
    <remembered-set count="248" />
  </mem-info>
</gc-end>
<cycle-end id="1091" type="scavenge" contextid="1085" timestamp="2026-09-06T07:07:14.653" />
<allocation-satisfied id="1092" threadId="0000000000721100" bytesRequested="24" />
<af-end id="1093" timestamp="2026-09-06T07:07:14.653" threadId="0000000000721BC0" success="true" from="nursery"/>
<exclusive-end id="1094" timestamp="2026-09-06T07:07:14.653" durationms="0.496" />

<exclusive-start id="1095" timestamp="2026-09-06T07:07:14.667" intervalms="14.072">
  <response-info timems="0.006" idlems="0.006" threads="0" lastid="0000000000721100" lastname="Default Executor-thread-1" />
</exclusive-start>
<af-start id="1096" threadId="0000000000721BC0" totalBytesRequested="16" timestamp="2026-09-06T07:07:14.667" intervalms="14.069" type="nursery" />
<cycle-start id="1097" type="scavenge" contextid="0" timestamp="2026-09-06T07:07:14.667" intervalms="14.059" />
<gc-start id="1098" type="scavenge" contextid="1097" timestamp="2026-09-06T07:07:14.667">
  <mem-info id="1099" free="4934720" total="28901376" percent="17">
    <mem type="nursery" free="0" total="10223616" percent="0">
      <mem type="allocate" free="0" total="9175040" percent="0" />
      <mem type="survivor" free="0" total="1048576" percent="0" />
    </mem>
    <mem type="tenure" free="4934720" total="18677760" percent="26">
      <mem type="soa" free="4000832" total="17743872" percent="22" />
      <mem type="loa" free="933888" total="933888" percent="100" />
    </mem>
    <remembered-set count="248" />
  </mem-info>
</gc-start>
<allocation-stats totalBytes="9112432" discardedBytes="400" >
  <allocated-bytes non-tlh="24" tlh="9112408" />
  <largest-consumer threadName="Default Executor-thread-1" threadId="0000000000721100" bytes="9112432" />
</allocation-stats>
<gc-op id="1100" type="scavenge" timems="0.197" contextid="1097" timestamp="2026-09-06T07:07:14.667">
  <scavenger-info tenureage="3" tenuremask="fff8" tiltratio="89" />
  <memory-copied type="nursery" objects="609" bytes="21768" bytesdiscarded="19704" />
  <memory-copied type="tenure" objects="834" bytes="25576" bytesdiscarded="216" />
  <object-monitors candidates="15" cleared="0"  />
</gc-op>
<gc-end id="1101" type="scavenge" contextid="1097" durationms="0.295" usertimems="0.319" systemtimems="0.000" stalltimems="0.237" timestamp="2026-09-06T07:07:14.667" activeThreads="3">
  <mem-info id="1102" free="14026816" total="28901376" percent="48">
    <mem type="nursery" free="9133568" total="10223616" percent="89">
      <mem type="allocate" free="9133568" total="9175040" percent="99" />
      <mem type="survivor" free="0" total="1048576" percent="0" />
    </mem>
    <mem type="tenure" free="4893248" total="18677760" percent="26">
      <mem type="soa" free="3959360" total="17743872" percent="22" />
      <mem type="loa" free="933888" total="933888" percent="100" />
    </mem>
    <remembered-set count="216" />
  </mem-info>
</gc-end>
<cycle-end id="1103" type="scavenge" contextid="1097" timestamp="2026-09-06T07:07:14.667" />
<allocation-satisfied id="1104" threadId="0000000000721100" bytesRequested="16" />
<af-end id="1105" timestamp="2026-09-06T07:07:14.667" threadId="0000000000721BC0" success="true" from="nursery"/>
<exclusive-end id="1106" timestamp="2026-09-06T07:07:14.667" durationms="0.492" />

<exclusive-start id="1107" timestamp="2026-09-06T07:07:14.681" intervalms="14.184">
  <response-info timems="0.007" idlems="0.007" threads="0" lastid="0000000000721100" lastname="Default Executor-thread-1" />
</exclusive-start>
<af-start id="1108" threadId="0000000000721BC0" totalBytesRequested="32" timestamp="2026-09-06T07:07:14.681" intervalms="14.185" type="nursery" />
<cycle-start id="1109" type="scavenge" contextid="0" timestamp="2026-09-06T07:07:14.681" intervalms="14.189" />
<gc-start id="1110" type="scavenge" contextid="1109" timestamp="2026-09-06T07:07:14.681">
  <mem-info id="1111" free="4893248" total="28901376" percent="16">
    <mem type="nursery" free="0" total="10223616" percent="0">
      <mem type="allocate" free="0" total="9175040" percent="0" />
      <mem type="survivor" free="0" total="1048576" percent="0" />
    </mem>
    <mem type="tenure" free="4893248" total="18677760" percent="26">
      <mem type="soa" free="3959360" total="17743872" percent="22" />
      <mem type="loa" free="933888" total="933888" percent="100" />
    </mem>
    <remembered-set count="220" />
  </mem-info>
</gc-start>
<allocation-stats totalBytes="9132984" discardedBytes="584" >
  <allocated-bytes non-tlh="16" tlh="9132968" />
  <largest-consumer threadName="Default Executor-thread-1" threadId="0000000000721100" bytes="9132984" />
</allocation-stats>
<gc-op id="1112" type="scavenge" timems="0.155" contextid="1109" timestamp="2026-09-06T07:07:14.681">
  <scavenger-info tenureage="6" tenuremask="ffc0" tiltratio="89" />
  <memory-copied type="nursery" objects="860" bytes="29752" bytesdiscarded="11720" />
  <object-monitors candidates="15" cleared="0"  />
</gc-op>
<gc-end id="1113" type="scavenge" contextid="1109" durationms="0.247" usertimems="0.285" systemtimems="0.008" stalltimems="0.183" timestamp="2026-09-06T07:07:14.681" activeThreads="3">
  <mem-info id="1114" free="14026816" total="28901376" percent="48">
    <mem type="nursery" free="9133568" total="10223616" percent="89">
      <mem type="allocate" free="9133568" total="9175040" percent="99" />
      <mem type="survivor" free="0" total="1048576" percent="0" />
    </mem>
    <mem type="tenure" free="4893248" total="18677760" percent="26">
      <mem type="soa" free="3959360" total="17743872" percent="22" />
      <mem type="loa" free="933888" total="933888" percent="100" />
    </mem>
    <remembered-set count="218" />
  </mem-info>
</gc-end>
<cycle-end id="1115" type="scavenge" contextid="1109" timestamp="2026-09-06T07:07:14.681" />
<allocation-satisfied id="1116" threadId="0000000000721100" bytesRequested="32" />
<af-end id="1117" timestamp="2026-09-06T07:07:14.682" threadId="0000000000721BC0" success="true" from="nursery"/>
<exclusive-end id="1118" timestamp="2026-09-06T07:07:14.682" durationms="0.452" />

<exclusive-start id="1119" timestamp="2026-09-06T07:07:14.694" intervalms="12.797">
  <response-info timems="0.006" idlems="0.006" threads="0" lastid="0000000000721100" lastname="Default Executor-thread-1" />
</exclusive-start>
<af-start id="1120" threadId="0000000000721BC0" totalBytesRequested="72" timestamp="2026-09-06T07:07:14.694" intervalms="12.795" type="nursery" />
<cycle-start id="1121" type="scavenge" contextid="0" timestamp="2026-09-06T07:07:14.694" intervalms="12.792" />
<gc-start id="1122" type="scavenge" contextid="1121" timestamp="2026-09-06T07:07:14.694">
  <mem-info id="1123" free="4893248" total="28901376" percent="16">
    <mem type="nursery" free="0" total="10223616" percent="0">
      <mem type="allocate" free="0" total="9175040" percent="0" />
      <mem type="survivor" free="0" total="1048576" percent="0" />
    </mem>
    <mem type="tenure" free="4893248" total="18677760" percent="26">
      <mem type="soa" free="3959360" total="17743872" percent="22" />
      <mem type="loa" free="933888" total="933888" percent="100" />
    </mem>
    <remembered-set count="222" />
  </mem-info>
</gc-start>
<allocation-stats totalBytes="9132880" discardedBytes="688" >
  <allocated-bytes non-tlh="32" tlh="9132848" />
  <largest-consumer threadName="Default Executor-thread-1" threadId="0000000000721100" bytes="9132880" />
</allocation-stats>
<gc-op id="1124" type="scavenge" timems="0.145" contextid="1121" timestamp="2026-09-06T07:07:14.694">
  <scavenger-info tenureage="3" tenuremask="ffe8" tiltratio="89" />
  <memory-copied type="nursery" objects="699" bytes="22960" bytesdiscarded="18512" />
  <object-monitors candidates="15" cleared="0"  />
</gc-op>
<gc-end id="1125" type="scavenge" contextid="1121" durationms="0.231" usertimems="0.275" systemtimems="0.000" stalltimems="0.157" timestamp="2026-09-06T07:07:14.694" activeThreads="3">
  <mem-info id="1126" free="14026816" total="28901376" percent="48">
    <mem type="nursery" free="9133568" total="10223616" percent="89">
      <mem type="allocate" free="9133568" total="9175040" percent="99" />
      <mem type="survivor" free="0" total="1048576" percent="0" />
    </mem>
    <mem type="tenure" free="4893248" total="18677760" percent="26">
      <mem type="soa" free="3959360" total="17743872" percent="22" />
      <mem type="loa" free="933888" total="933888" percent="100" />
    </mem>
    <remembered-set count="221" />
  </mem-info>
</gc-end>
<cycle-end id="1127" type="scavenge" contextid="1121" timestamp="2026-09-06T07:07:14.694" />
<allocation-satisfied id="1128" threadId="0000000000721100" bytesRequested="72" />
<af-end id="1129" timestamp="2026-09-06T07:07:14.694" threadId="0000000000721BC0" success="true" from="nursery"/>
<exclusive-end id="1130" timestamp="2026-09-06T07:07:14.694" durationms="0.443" />

<exclusive-start id="1131" timestamp="2026-09-06T07:07:14.704" intervalms="9.639">
  <response-info timems="0.006" idlems="0.006" threads="0" lastid="0000000000721100" lastname="Default Executor-thread-1" />
</exclusive-start>
<af-start id="1132" threadId="0000000000721BC0" totalBytesRequested="72" timestamp="2026-09-06T07:07:14.704" intervalms="9.634" type="nursery" />
<cycle-start id="1133" type="scavenge" contextid="0" timestamp="2026-09-06T07:07:14.704" intervalms="9.651" />
<gc-start id="1134" type="scavenge" contextid="1133" timestamp="2026-09-06T07:07:14.704">
  <mem-info id="1135" free="4893248" total="28901376" percent="16">
    <mem type="nursery" free="0" total="10223616" percent="0">
      <mem type="allocate" free="0" total="9175040" percent="0" />
      <mem type="survivor" free="0" total="1048576" percent="0" />
    </mem>
    <mem type="tenure" free="4893248" total="18677760" percent="26">
      <mem type="soa" free="3959360" total="17743872" percent="22" />
      <mem type="loa" free="933888" total="933888" percent="100" />
    </mem>
    <remembered-set count="232" />
  </mem-info>
</gc-start>
<allocation-stats totalBytes="9132824" discardedBytes="744" >
  <allocated-bytes non-tlh="72" tlh="9132752" />
  <largest-consumer threadName="Default Executor-thread-1" threadId="0000000000721100" bytes="9132824" />
</allocation-stats>
<gc-op id="1136" type="scavenge" timems="0.178" contextid="1133" timestamp="2026-09-06T07:07:14.704">
  <scavenger-info tenureage="6" tenuremask="ffc0" tiltratio="89" />
  <memory-copied type="nursery" objects="1207" bytes="38936" bytesdiscarded="2536" />
  <object-monitors candidates="15" cleared="0"  />
</gc-op>
<gc-end id="1137" type="scavenge" contextid="1133" durationms="0.275" usertimems="0.279" systemtimems="0.025" stalltimems="0.198" timestamp="2026-09-06T07:07:14.704" activeThreads="3">
  <mem-info id="1138" free="14026816" total="28901376" percent="48">
    <mem type="nursery" free="9133568" total="10223616" percent="89">
      <mem type="allocate" free="9133568" total="9175040" percent="99" />
      <mem type="survivor" free="0" total="1048576" percent="0" />
    </mem>
    <mem type="tenure" free="4893248" total="18677760" percent="26">
      <mem type="soa" free="3959360" total="17743872" percent="22" />
      <mem type="loa" free="933888" total="933888" percent="100" />
    </mem>
    <remembered-set count="232" />
  </mem-info>
</gc-end>
<cycle-end id="1139" type="scavenge" contextid="1133" timestamp="2026-09-06T07:07:14.704" />
<allocation-satisfied id="1140" threadId="0000000000721100" bytesRequested="72" />
<af-end id="1141" timestamp="2026-09-06T07:07:14.704" threadId="0000000000721BC0" success="true" from="nursery"/>
<exclusive-end id="1142" timestamp="2026-09-06T07:07:14.704" durationms="0.483" />

<exclusive-start id="1143" timestamp="2026-09-06T07:07:14.763" intervalms="59.975">
  <response-info timems="0.010" idlems="0.010" threads="0" lastid="0000000000721100" lastname="Default Executor-thread-1" />
</exclusive-start>
<af-start id="1144" threadId="0000000000721BC0" totalBytesRequested="24" timestamp="2026-09-06T07:07:14.764" intervalms="60.030" type="nursery" />
<cycle-start id="1145" type="scavenge" contextid="0" timestamp="2026-09-06T07:07:14.764" intervalms="60.056" />
<gc-start id="1146" type="scavenge" contextid="1145" timestamp="2026-09-06T07:07:14.764">
  <mem-info id="1147" free="4880968" total="28901376" percent="16">
    <mem type="nursery" free="0" total="10223616" percent="0">
      <mem type="allocate" free="0" total="9175040" percent="0" />
      <mem type="survivor" free="0" total="1048576" percent="0" />
    </mem>
    <mem type="tenure" free="4880968" total="18677760" percent="26">
      <mem type="soa" free="3947080" total="17743872" percent="22" />
      <mem type="loa" free="933888" total="933888" percent="100" />
    </mem>
    <remembered-set count="2500" />
  </mem-info>
</gc-start>
<allocation-stats totalBytes="9144568" discardedBytes="1280" >
  <allocated-bytes non-tlh="12352" tlh="9132216" />
  <largest-consumer threadName="Default Executor-thread-1" threadId="0000000000721100" bytes="9103616" />
</allocation-stats>
<gc-op id="1148" type="scavenge" timems="1.111" contextid="1145" timestamp="2026-09-06T07:07:14.765">
  <scavenger-info tenureage="3" tenuremask="fff8" tiltratio="89" />
  <memory-copied type="nursery" objects="11984" bytes="1047384" bytesdiscarded="664" />
  <memory-copied type="tenure" objects="23457" bytes="739968" bytesdiscarded="408" />
  <copy-failed type="nursery" objects="23304" bytes="735664" />
  <finalization candidates="1" enqueued="1" />
  <ownableSynchronizers candidates="85" cleared="51" />
  <references type="soft" candidates="2" cleared="0" enqueued="0" dynamicThreshold="9" maxThreshold="32" />
  <references type="weak" candidates="56" cleared="44" enqueued="44" />
  <references type="phantom" candidates="55" cleared="0" enqueued="0" />
  <object-monitors candidates="15" cleared="0"  />
</gc-op>
<gc-end id="1149" type="scavenge" contextid="1145" durationms="1.274" usertimems="2.607" systemtimems="0.055" stalltimems="0.784" timestamp="2026-09-06T07:07:14.765" activeThreads="3">
  <mem-info id="1150" free="9233992" total="28901376" percent="31">
    <mem type="nursery" free="5111808" total="10223616" percent="50">
      <mem type="allocate" free="5111808" total="6160384" percent="82" />
      <mem type="survivor" free="0" total="4063232" percent="0" />
    </mem>
    <mem type="tenure" free="4122184" total="18677760" percent="22">
      <mem type="soa" free="3188296" total="17743872" percent="17" />
      <mem type="loa" free="933888" total="933888" percent="100" />
    </mem>
    <pending-finalizers system="1" default="0" reference="44" classloader="0" />
    <remembered-set count="3532" />
  </mem-info>
</gc-end>
<cycle-end id="1151" type="scavenge" contextid="1145" timestamp="2026-09-06T07:07:14.765" />
<allocation-satisfied id="1152" threadId="0000000000721100" bytesRequested="24" />
<af-end id="1153" timestamp="2026-09-06T07:07:14.765" threadId="0000000000721BC0" success="true" from="nursery"/>
<exclusive-end id="1154" timestamp="2026-09-06T07:07:14.765" durationms="1.629" />

<exclusive-start id="1155" timestamp="2026-09-06T07:07:14.776" intervalms="12.398">
  <response-info timems="0.012" idlems="0.012" threads="0" lastid="0000000000721100" lastname="Default Executor-thread-1" />
</exclusive-start>
<af-start id="1156" threadId="0000000000721BC0" totalBytesRequested="8200" timestamp="2026-09-06T07:07:14.776" intervalms="12.380" type="nursery" />
<cycle-start id="1157" type="scavenge" contextid="0" timestamp="2026-09-06T07:07:14.776" intervalms="12.357" />
<gc-start id="1158" type="scavenge" contextid="1157" timestamp="2026-09-06T07:07:14.776">
  <mem-info id="1159" free="4120944" total="28901376" percent="14">
    <mem type="nursery" free="0" total="10223616" percent="0">
      <mem type="allocate" free="0" total="6160384" percent="0" />
      <mem type="survivor" free="0" total="4063232" percent="0" />
    </mem>
    <mem type="tenure" free="4120944" total="18677760" percent="22">
      <mem type="soa" free="3187056" total="17743872" percent="17" />
      <mem type="loa" free="933888" total="933888" percent="100" />
    </mem>
    <remembered-set count="3735" />
  </mem-info>
</gc-start>
<allocation-stats totalBytes="5092328" discardedBytes="20720" >
  <allocated-bytes non-tlh="1264" tlh="5091064" />
  <largest-consumer threadName="Default Executor-thread-1" threadId="0000000000721100" bytes="5058512" />
</allocation-stats>
<gc-op id="1160" type="scavenge" timems="0.624" contextid="1157" timestamp="2026-09-06T07:07:14.777">
  <scavenger-info tenureage="6" tenuremask="ff40" tiltratio="60" />
  <memory-copied type="nursery" objects="15772" bytes="1010304" bytesdiscarded="196288" />
  <ownableSynchronizers candidates="58" cleared="21" />
  <references type="soft" candidates="2" cleared="0" enqueued="0" dynamicThreshold="9" maxThreshold="32" />
  <references type="weak" candidates="30" cleared="4" enqueued="4" />
  <references type="phantom" candidates="77" cleared="0" enqueued="0" />
  <object-monitors candidates="17" cleared="0"  />
</gc-op>
<heap-resize id="1161" type="expand" space="nursery" amount="393216" count="1" timems="0.016" reason="excessive time being spent scavenging" timestamp="2026-09-06T07:07:14.777" />
<gc-end id="1162" type="scavenge" contextid="1157" durationms="0.815" usertimems="1.968" systemtimems="0.000" stalltimems="0.535" timestamp="2026-09-06T07:07:14.777" activeThreads="4">
  <mem-info id="1163" free="9663760" total="29294592" percent="32">
    <mem type="nursery" free="5542816" total="10616832" percent="52">
      <mem type="allocate" free="5542816" total="6750208" percent="82" />
      <mem type="survivor" free="0" total="3866624" percent="0" />
    </mem>
    <mem type="tenure" free="4120944" total="18677760" percent="22">
      <mem type="soa" free="3187056" total="17743872" percent="17" />
      <mem type="loa" free="933888" total="933888" percent="100" />
    </mem>
    <pending-finalizers system="0" default="0" reference="4" classloader="0" />
    <remembered-set count="3705" />
  </mem-info>
</gc-end>
<cycle-end id="1164" type="scavenge" contextid="1157" timestamp="2026-09-06T07:07:14.777" />
<allocation-satisfied id="1165" threadId="0000000000721100" bytesRequested="8200" />
<af-end id="1166" timestamp="2026-09-06T07:07:14.777" threadId="0000000000721BC0" success="true" from="nursery"/>
<exclusive-end id="1167" timestamp="2026-09-06T07:07:14.777" durationms="1.091" />

<exclusive-start id="1168" timestamp="2026-09-06T07:07:14.796" intervalms="20.508">
  <response-info timems="0.009" idlems="0.009" threads="0" lastid="0000000000721100" lastname="Default Executor-thread-1" />
</exclusive-start>
<af-start id="1169" threadId="0000000000721BC0" totalBytesRequested="16392" timestamp="2026-09-06T07:07:14.796" intervalms="20.511" type="nursery" />
<cycle-start id="1170" type="scavenge" contextid="0" timestamp="2026-09-06T07:07:14.797" intervalms="20.512" />
<gc-start id="1171" type="scavenge" contextid="1170" timestamp="2026-09-06T07:07:14.797">
  <mem-info id="1172" free="4120832" total="29294592" percent="14">
    <mem type="nursery" free="0" total="10616832" percent="0">
      <mem type="allocate" free="0" total="6750208" percent="0" />
      <mem type="survivor" free="0" total="3866624" percent="0" />
    </mem>
    <mem type="tenure" free="4120832" total="18677760" percent="22">
      <mem type="soa" free="3186944" total="17743872" percent="17" />
      <mem type="loa" free="933888" total="933888" percent="100" />
    </mem>
    <remembered-set count="3868" />
  </mem-info>
</gc-start>
<allocation-stats totalBytes="5535480" discardedBytes="7448" >
  <allocated-bytes non-tlh="8312" tlh="5527168" />
  <largest-consumer threadName="Default Executor-thread-1" threadId="0000000000721100" bytes="5478184" />
</allocation-stats>
<gc-op id="1173" type="scavenge" timems="1.004" contextid="1170" timestamp="2026-09-06T07:07:14.798">
  <scavenger-info tenureage="3" tenuremask="fff8" tiltratio="63" />
  <memory-copied type="nursery" objects="30746" bytes="2071664" bytesdiscarded="112032" />
  <memory-copied type="tenure" objects="513" bytes="15496" bytesdiscarded="0" />
  <ownableSynchronizers candidates="167" cleared="78" />
  <references type="soft" candidates="2" cleared="0" enqueued="0" dynamicThreshold="9" maxThreshold="32" />
  <references type="weak" candidates="26" cleared="0" enqueued="0" />
  <references type="phantom" candidates="155" cleared="0" enqueued="0" />
  <object-monitors candidates="17" cleared="0"  />
</gc-op>
<gc-end id="1174" type="scavenge" contextid="1170" durationms="1.147" usertimems="3.583" systemtimems="0.230" stalltimems="0.864" timestamp="2026-09-06T07:07:14.798" activeThreads="4">
  <mem-info id="1175" free="8926944" total="29294592" percent="30">
    <mem type="nursery" free="4826848" total="10616832" percent="45">
      <mem type="allocate" free="4826848" total="7012352" percent="68" />
      <mem type="survivor" free="0" total="3604480" percent="0" />
    </mem>
    <mem type="tenure" free="4100096" total="18677760" percent="21">
      <mem type="soa" free="3166208" total="17743872" percent="17" />
      <mem type="loa" free="933888" total="933888" percent="100" />
    </mem>
    <remembered-set count="3659" />
  </mem-info>
</gc-end>
<cycle-end id="1176" type="scavenge" contextid="1170" timestamp="2026-09-06T07:07:14.798" />
<allocation-satisfied id="1177" threadId="0000000000721100" bytesRequested="16392" />
<af-end id="1178" timestamp="2026-09-06T07:07:14.798" threadId="0000000000721BC0" success="true" from="nursery"/>
<exclusive-end id="1179" timestamp="2026-09-06T07:07:14.798" durationms="1.443" />

<exclusive-start id="1180" timestamp="2026-09-06T07:07:14.812" intervalms="15.512">
  <response-info timems="0.011" idlems="0.011" threads="0" lastid="0000000000721100" lastname="Default Executor-thread-1" />
</exclusive-start>
<af-start id="1181" threadId="0000000000721BC0" totalBytesRequested="8200" timestamp="2026-09-06T07:07:14.812" intervalms="15.511" type="nursery" />
<cycle-start id="1182" type="scavenge" contextid="0" timestamp="2026-09-06T07:07:14.812" intervalms="15.531" />
<gc-start id="1183" type="scavenge" contextid="1182" timestamp="2026-09-06T07:07:14.812">
  <mem-info id="1184" free="4099776" total="29294592" percent="13">
    <mem type="nursery" free="0" total="10616832" percent="0">
      <mem type="allocate" free="0" total="7012352" percent="0" />
      <mem type="survivor" free="0" total="3604480" percent="0" />
    </mem>
    <mem type="tenure" free="4099776" total="18677760" percent="21">
      <mem type="soa" free="3165888" total="17743872" percent="17" />
      <mem type="loa" free="933888" total="933888" percent="100" />
    </mem>
    <remembered-set count="3759" />
  </mem-info>
</gc-start>
<allocation-stats totalBytes="4823280" discardedBytes="3888" >
  <allocated-bytes non-tlh="16712" tlh="4806568" />
  <largest-consumer threadName="Default Executor-thread-1" threadId="0000000000721100" bytes="4794616" />
</allocation-stats>
<gc-op id="1185" type="scavenge" timems="1.084" contextid="1182" timestamp="2026-09-06T07:07:14.813">
  <scavenger-info tenureage="3" tenuremask="ffc8" tiltratio="66" />
  <memory-copied type="nursery" objects="30740" bytes="2033400" bytesdiscarded="55096" />
  <memory-copied type="tenure" objects="11323" bytes="797928" bytesdiscarded="504" />
  <ownableSynchronizers candidates="169" cleared="48" />
  <references type="weak" candidates="14" cleared="0" enqueued="0" />
  <references type="phantom" candidates="151" cleared="0" enqueued="0" />
  <object-monitors candidates="17" cleared="0"  />
</gc-op>
<heap-resize id="1186" type="expand" space="nursery" amount="524288" count="1" timems="0.016" reason="excessive time being spent scavenging" timestamp="2026-09-06T07:07:14.813" />
<gc-end id="1187" type="scavenge" contextid="1182" durationms="1.268" usertimems="4.338" systemtimems="0.000" stalltimems="1.064" timestamp="2026-09-06T07:07:14.813" activeThreads="5">
  <mem-info id="1188" free="9399136" total="29818880" percent="31">
    <mem type="nursery" free="6298104" total="11141120" percent="56">
      <mem type="allocate" free="6298104" total="8388608" percent="75" />
      <mem type="survivor" free="0" total="2752512" percent="0" />
    </mem>
    <mem type="tenure" free="3101032" total="18677760" percent="16">
      <mem type="soa" free="2167144" total="17743872" percent="12" />
      <mem type="loa" free="933888" total="933888" percent="100" />
    </mem>
    <remembered-set count="673" />
  </mem-info>
</gc-end>
<cycle-end id="1189" type="scavenge" contextid="1182" timestamp="2026-09-06T07:07:14.813" />
<allocation-satisfied id="1190" threadId="0000000000721100" bytesRequested="8200" />
<af-end id="1191" timestamp="2026-09-06T07:07:14.813" threadId="0000000000721BC0" success="true" from="nursery"/>
<exclusive-end id="1192" timestamp="2026-09-06T07:07:14.814" durationms="1.608" />

<exclusive-start id="1193" timestamp="2026-09-06T07:07:14.832" intervalms="20.046">
  <response-info timems="0.010" idlems="0.010" threads="0" lastid="0000000000721100" lastname="Default Executor-thread-1" />
</exclusive-start>
<af-start id="1194" threadId="0000000000721BC0" totalBytesRequested="2312" timestamp="2026-09-06T07:07:14.832" intervalms="20.048" type="nursery" />
<cycle-start id="1195" type="scavenge" contextid="0" timestamp="2026-09-06T07:07:14.832" intervalms="20.029" />
<gc-start id="1196" type="scavenge" contextid="1195" timestamp="2026-09-06T07:07:14.832">
  <mem-info id="1197" free="3100712" total="29818880" percent="10">
    <mem type="nursery" free="0" total="11141120" percent="0">
      <mem type="allocate" free="0" total="8388608" percent="0" />
      <mem type="survivor" free="0" total="2752512" percent="0" />
    </mem>
    <mem type="tenure" free="3100712" total="18677760" percent="16">
      <mem type="soa" free="2166824" total="17743872" percent="12" />
      <mem type="loa" free="933888" total="933888" percent="100" />
    </mem>
    <remembered-set count="868" />
  </mem-info>
</gc-start>
<allocation-stats totalBytes="6295344" discardedBytes="3080" >
  <allocated-bytes non-tlh="354440" tlh="5940904" />
  <largest-consumer threadName="Default Executor-thread-1" threadId="0000000000721100" bytes="6242128" />
</allocation-stats>
<gc-op id="1198" type="scavenge" timems="1.173" contextid="1195" timestamp="2026-09-06T07:07:14.833">
  <scavenger-info tenureage="2" tenuremask="ffec" tiltratio="75" />
  <memory-copied type="nursery" objects="24505" bytes="1951352" bytesdiscarded="176384" />
  <memory-copied type="tenure" objects="19383" bytes="1256840" bytesdiscarded="1432" />
  <ownableSynchronizers candidates="204" cleared="60" />
  <references type="weak" candidates="2" cleared="0" enqueued="0" />
  <references type="phantom" candidates="108" cleared="0" enqueued="0" />
  <object-monitors candidates="18" cleared="0"  />
</gc-op>
<gc-end id="1199" type="scavenge" contextid="1195" durationms="1.313" usertimems="5.974" systemtimems="0.000" stalltimems="1.751" timestamp="2026-09-06T07:07:14.833" activeThreads="6">
  <mem-info id="1200" free="8328752" total="29818880" percent="27">
    <mem type="nursery" free="6456024" total="11141120" percent="57">
      <mem type="allocate" free="6456024" total="8585216" percent="75" />
      <mem type="survivor" free="0" total="2555904" percent="0" />
    </mem>
    <mem type="tenure" free="1872728" total="18677760" percent="10">
      <mem type="soa" free="938840" total="17743872" percent="5" />
      <mem type="loa" free="933888" total="933888" percent="100" />
    </mem>
    <remembered-set count="619" />
  </mem-info>
</gc-end>
<cycle-end id="1201" type="scavenge" contextid="1195" timestamp="2026-09-06T07:07:14.833" />
<allocation-satisfied id="1202" threadId="0000000000721100" bytesRequested="2312" />
<af-end id="1203" timestamp="2026-09-06T07:07:14.834" threadId="0000000000721BC0" success="true" from="nursery"/>
<exclusive-end id="1204" timestamp="2026-09-06T07:07:14.834" durationms="1.621" />

<concurrent-kickoff id="1205" timestamp="2026-09-06T07:07:14.849">
  <kickoff reason="threshold reached" targetBytes="7944458" thresholdFreeBytes="1094022"  remainingFree="977360" tenureFreeBytes="1872464" nurseryFreeBytes="977360" />
</concurrent-kickoff>
<exclusive-start id="1206" timestamp="2026-09-06T07:07:14.849" intervalms="17.515">
  <response-info timems="0.014" idlems="0.014" threads="0" lastid="0000000000721100" lastname="Default Executor-thread-1" />
</exclusive-start>
<cycle-start id="1207" type="global" contextid="0" timestamp="2026-09-06T07:07:14.850" intervalms="315.577" />
<concurrent-start id="1208" type="global mark" contextid="1207" timestamp="2026-09-06T07:07:14.850">
</concurrent-start>
<exclusive-end id="1209" timestamp="2026-09-06T07:07:14.850" durationms="0.108" />

<exclusive-start id="1210" timestamp="2026-09-06T07:07:14.860" intervalms="10.784">
  <response-info timems="0.010" idlems="0.010" threads="0" lastid="0000000000721100" lastname="Default Executor-thread-1" />
</exclusive-start>
<af-start id="1211" threadId="0000000000721BC0" totalBytesRequested="1952" timestamp="2026-09-06T07:07:14.860" intervalms="28.292" type="nursery" />
<cycle-start id="1212" type="scavenge" contextid="0" timestamp="2026-09-06T07:07:14.860" intervalms="28.317" />
<gc-start id="1213" type="scavenge" contextid="1212" timestamp="2026-09-06T07:07:14.860">
  <mem-info id="1214" free="1872464" total="29818880" percent="6">
    <mem type="nursery" free="0" total="11141120" percent="0">
      <mem type="allocate" free="0" total="8585216" percent="0" />
      <mem type="survivor" free="0" total="2555904" percent="0" />
    </mem>
    <mem type="tenure" free="1872464" total="18677760" percent="10">
      <mem type="soa" free="938576" total="17743872" percent="5" />
      <mem type="loa" free="933888" total="933888" percent="100" />
    </mem>
    <remembered-set count="876" />
  </mem-info>
</gc-start>
<allocation-stats totalBytes="6415296" discardedBytes="40992" >
  <allocated-bytes non-tlh="2576" tlh="6412720" />
  <largest-consumer threadName="Default Executor-thread-1" threadId="0000000000721100" bytes="6337504" />
</allocation-stats>
<gc-op id="1215" type="scavenge" timems="1.074" contextid="1212" timestamp="2026-09-06T07:07:14.862">
  <scavenger-info tenureage="2" tenuremask="ffe4" tiltratio="77" />
  <memory-copied type="nursery" objects="29725" bytes="2191896" bytesdiscarded="346144" />
  <memory-copied type="tenure" objects="11321" bytes="819712" bytesdiscarded="240" />
  <copy-failed type="nursery" objects="1" bytes="51352" />
  <finalization candidates="1" enqueued="1" />
  <ownableSynchronizers candidates="248" cleared="105" />
  <references type="weak" candidates="2" cleared="0" enqueued="0" />
  <references type="phantom" candidates="165" cleared="0" enqueued="0" />
  <object-monitors candidates="18" cleared="0"  />
</gc-op>
<gc-end id="1216" type="scavenge" contextid="1212" durationms="1.221" usertimems="3.935" systemtimems="0.995" stalltimems="2.465" timestamp="2026-09-06T07:07:14.862" activeThreads="7">
  <mem-info id="1217" free="6585640" total="29818880" percent="22">
    <mem type="nursery" free="5651752" total="11141120" percent="50">
      <mem type="allocate" free="5651752" total="8192000" percent="68" />
      <mem type="survivor" free="0" total="2949120" percent="0" />
    </mem>
    <mem type="tenure" free="933888" total="18677760" percent="5">
      <mem type="soa" free="0" total="17743872" percent="0" />
      <mem type="loa" free="933888" total="933888" percent="100" />
    </mem>
    <pending-finalizers system="1" default="0" reference="0" classloader="0" />
    <remembered-set count="751" />
  </mem-info>
</gc-end>
<cycle-end id="1218" type="scavenge" contextid="1212" timestamp="2026-09-06T07:07:14.862" />
<allocation-satisfied id="1219" threadId="0000000000721100" bytesRequested="1952" />
<af-end id="1220" timestamp="2026-09-06T07:07:14.862" threadId="0000000000721BC0" success="true" from="nursery"/>
<exclusive-end id="1221" timestamp="2026-09-06T07:07:14.862" durationms="1.566" />

<concurrent-end id="1222" type="global mark" contextid="1207" timestamp="2026-09-06T07:07:14.862">
<gc-op id="1223" type="trace" timems="12.315" contextid="1207" timestamp="2026-09-06T07:07:14.862">
  <trace bytesTraced="9088900" workStackOverflowCount="0" />
  <card-cleaning reason="card cleaning threshold reached" bytesTraced="10872" cardsCleaned="60" />
</gc-op>
</concurrent-end>

<exclusive-start id="1224" timestamp="2026-09-06T07:07:14.862" intervalms="1.659">
  <response-info timems="0.008" idlems="0.008" threads="0" lastid="0000000000721100" lastname="Default Executor-thread-1" />
</exclusive-start>
<concurrent-global-final id="1225" timestamp="2026-09-06T07:07:14.862" contextid="1207" intervalms="537.150" >
  <concurrent-trace-info reason="card cleaning threshold reached" tracedByMutators="2475908" tracedByHelpers="6623864" cardsCleaned="60" workStackOverflowCount="0" />
</concurrent-global-final>
<gc-start id="1226" type="global" contextid="1207" timestamp="2026-09-06T07:07:14.862">
  <mem-info id="1227" free="6428040" total="29818880" percent="21">
    <mem type="nursery" free="5494152" total="11141120" percent="49">
      <mem type="allocate" free="5494152" total="8192000" percent="67" />
      <mem type="survivor" free="0" total="2949120" percent="0" />
    </mem>
    <mem type="tenure" free="933888" total="18677760" percent="5">
      <mem type="soa" free="0" total="17743872" percent="0" />
      <mem type="loa" free="933888" total="933888" percent="100" />
    </mem>
    <remembered-set count="751" />
  </mem-info>
</gc-start>
<allocation-stats totalBytes="157600" discardedBytes="0" >
  <allocated-bytes non-tlh="1952" tlh="155648" />
  <largest-consumer threadName="Default Executor-thread-1" threadId="0000000000721100" bytes="157600" />
</allocation-stats>
<gc-op id="1228" type="rs-scan" timems="0.558" contextid="1207" timestamp="2026-09-06T07:07:14.863">
  <scan objectsFound="30250" bytesTraced="910128" workStackOverflowCount="0" />
</gc-op>
<gc-op id="1229" type="card-cleaning" timems="0.281" contextid="1207" timestamp="2026-09-06T07:07:14.863">
  <card-cleaning cardsCleaned="42" bytesTraced="301596" workStackOverflowCount="0" />
</gc-op>
<gc-op id="1230" type="mark" timems="0.981" contextid="1207" timestamp="2026-09-06T07:07:14.864">
  <trace-info objectcount="327" scancount="298" scanbytes="14200" />
  <finalization candidates="644" enqueued="0" />
  <ownableSynchronizers candidates="865" cleared="2" />
  <references type="soft" candidates="3637" cleared="0" enqueued="0" dynamicThreshold="9" maxThreshold="32" />
  <references type="weak" candidates="1479" cleared="1" enqueued="1" />
  <references type="phantom" candidates="354" cleared="0" enqueued="0" />
  <stringconstants candidates="14863" cleared="2"  />
  <object-monitors candidates="18" cleared="0"  />
</gc-op>
<gc-op id="1231" type="sweep" timems="0.380" contextid="1207" timestamp="2026-09-06T07:07:14.864" />
<heap-resize id="1232" type="expand" space="tenure" amount="4849664" count="1" timems="0.039" reason="insufficient free space following gc" timestamp="2026-09-06T07:07:14.864" />
<gc-end id="1233" type="global" contextid="1207" durationms="2.480" usertimems="5.874" systemtimems="3.344" stalltimems="8.037" timestamp="2026-09-06T07:07:14.864" activeThreads="10">
  <mem-info id="1234" free="13078048" total="34668544" percent="37">
    <mem type="nursery" free="5995352" total="11141120" percent="53">
      <mem type="allocate" free="5995352" total="8192000" percent="73" />
      <mem type="survivor" free="0" total="2949120" percent="0" />
    </mem>
    <mem type="tenure" free="7082696" total="23527424" percent="30" micro-fragmented="290779" macro-fragmented="0">
      <mem type="soa" free="5906120" total="22350848" percent="26" />
      <mem type="loa" free="1176576" total="1176576" percent="100" />
    </mem>
    <pending-finalizers system="0" default="0" reference="1" classloader="0" />
    <remembered-set count="740" />
  </mem-info>
</gc-end>
<cycle-end id="1235" type="global" contextid="1207" timestamp="2026-09-06T07:07:14.865" />
<exclusive-end id="1236" timestamp="2026-09-06T07:07:14.865" durationms="2.616" />

<exclusive-start id="1237" timestamp="2026-09-06T07:07:14.881" intervalms="19.190">
  <response-info timems="0.012" idlems="0.012" threads="0" lastid="0000000000721100" lastname="Default Executor-thread-1" />
</exclusive-start>
<af-start id="1238" threadId="0000000000721BC0" totalBytesRequested="24" timestamp="2026-09-06T07:07:14.881" intervalms="20.856" type="nursery" />
<cycle-start id="1239" type="scavenge" contextid="0" timestamp="2026-09-06T07:07:14.881" intervalms="20.846" />
<gc-start id="1240" type="scavenge" contextid="1239" timestamp="2026-09-06T07:07:14.881">
  <mem-info id="1241" free="7082272" total="34668544" percent="20">
    <mem type="nursery" free="0" total="11141120" percent="0">
      <mem type="allocate" free="0" total="8192000" percent="0" />
      <mem type="survivor" free="0" total="2949120" percent="0" />
    </mem>
    <mem type="tenure" free="7082272" total="23527424" percent="30">
      <mem type="soa" free="5905696" total="22350848" percent="26" />
      <mem type="loa" free="1176576" total="1176576" percent="100" />
    </mem>
    <remembered-set count="973" />
  </mem-info>
</gc-start>
<allocation-stats totalBytes="5992824" discardedBytes="2952" >
  <allocated-bytes non-tlh="141088" tlh="5851736" />
  <largest-consumer threadName="Default Executor-thread-1" threadId="0000000000721100" bytes="5931392" />
</allocation-stats>
<gc-op id="1242" type="scavenge" timems="1.219" contextid="1239" timestamp="2026-09-06T07:07:14.883">
  <scavenger-info tenureage="2" tenuremask="fff4" tiltratio="73" />
  <memory-copied type="nursery" objects="33916" bytes="2041880" bytesdiscarded="419432" />
  <memory-copied type="tenure" objects="13168" bytes="1182376" bytesdiscarded="6368" />
  <ownableSynchronizers candidates="1785" cleared="1606" />
  <references type="weak" candidates="1" cleared="0" enqueued="0" />
  <references type="phantom" candidates="207" cleared="0" enqueued="0" />
  <object-monitors candidates="18" cleared="0"  />
</gc-op>
<heap-resize id="1243" type="expand" space="nursery" amount="524288" count="1" timems="0.016" reason="excessive time being spent scavenging" timestamp="2026-09-06T07:07:14.883" />
<gc-end id="1244" type="scavenge" contextid="1239" durationms="1.404" usertimems="5.068" systemtimems="0.739" stalltimems="2.307" timestamp="2026-09-06T07:07:14.883" activeThreads="7">
  <mem-info id="1245" free="11869400" total="35192832" percent="33">
    <mem type="nursery" free="6186680" total="11665408" percent="53">
      <mem type="allocate" free="6186680" total="8650752" percent="71" />
      <mem type="survivor" free="0" total="3014656" percent="0" />
    </mem>
    <mem type="tenure" free="5682720" total="23527424" percent="24">
      <mem type="soa" free="4506144" total="22350848" percent="20" />
      <mem type="loa" free="1176576" total="1176576" percent="100" />
    </mem>
    <remembered-set count="767" />
  </mem-info>
</gc-end>
<cycle-end id="1246" type="scavenge" contextid="1239" timestamp="2026-09-06T07:07:14.883" />
<allocation-satisfied id="1247" threadId="0000000000721100" bytesRequested="24" />
<af-end id="1248" timestamp="2026-09-06T07:07:14.883" threadId="0000000000721BC0" success="true" from="nursery"/>
<exclusive-end id="1249" timestamp="2026-09-06T07:07:14.883" durationms="1.753" />

<exclusive-start id="1250" timestamp="2026-09-06T07:07:14.897" intervalms="15.839">
  <response-info timems="0.012" idlems="0.012" threads="0" lastid="0000000000721100" lastname="Default Executor-thread-1" />
</exclusive-start>
<af-start id="1251" threadId="0000000000721BC0" totalBytesRequested="45072" timestamp="2026-09-06T07:07:14.897" intervalms="15.837" type="nursery" />
<cycle-start id="1252" type="scavenge" contextid="0" timestamp="2026-09-06T07:07:14.897" intervalms="15.821" />
<gc-start id="1253" type="scavenge" contextid="1252" timestamp="2026-09-06T07:07:14.897">
  <mem-info id="1254" free="5682264" total="35192832" percent="16">
    <mem type="nursery" free="0" total="11665408" percent="0">
      <mem type="allocate" free="0" total="8650752" percent="0" />
      <mem type="survivor" free="0" total="3014656" percent="0" />
    </mem>
    <mem type="tenure" free="5682264" total="23527424" percent="24">
      <mem type="soa" free="4505688" total="22350848" percent="20" />
      <mem type="loa" free="1176576" total="1176576" percent="100" />
    </mem>
    <remembered-set count="992" />
  </mem-info>
</gc-start>
<allocation-stats totalBytes="6153824" discardedBytes="33312" >
  <allocated-bytes non-tlh="167736" tlh="5986088" />
  <largest-consumer threadName="Default Executor-thread-1" threadId="0000000000721100" bytes="6100632" />
</allocation-stats>
<gc-op id="1255" type="scavenge" timems="1.051" contextid="1252" timestamp="2026-09-06T07:07:14.898">
  <scavenger-info tenureage="2" tenuremask="fff4" tiltratio="74" />
  <memory-copied type="nursery" objects="27623" bytes="1954992" bytesdiscarded="385992" />
  <memory-copied type="tenure" objects="16509" bytes="1007784" bytesdiscarded="976" />
  <ownableSynchronizers candidates="249" cleared="66" />
  <references type="weak" candidates="1" cleared="0" enqueued="0" />
  <references type="phantom" candidates="168" cleared="0" enqueued="0" />
  <object-monitors candidates="18" cleared="0"  />
</gc-op>
<gc-end id="1256" type="scavenge" contextid="1252" durationms="1.202" usertimems="5.257" systemtimems="0.000" stalltimems="3.188" timestamp="2026-09-06T07:07:14.898" activeThreads="8">
  <mem-info id="1257" free="11095520" total="35192832" percent="31">
    <mem type="nursery" free="6569672" total="11665408" percent="56">
      <mem type="allocate" free="6569672" total="8912896" percent="73" />
      <mem type="survivor" free="0" total="2752512" percent="0" />
    </mem>
    <mem type="tenure" free="4525848" total="23527424" percent="19">
      <mem type="soa" free="3349272" total="22350848" percent="14" />
      <mem type="loa" free="1176576" total="1176576" percent="100" />
    </mem>
    <remembered-set count="678" />
  </mem-info>
</gc-end>
<cycle-end id="1258" type="scavenge" contextid="1252" timestamp="2026-09-06T07:07:14.898" />
<allocation-satisfied id="1259" threadId="0000000000721100" bytesRequested="45072" />
<af-end id="1260" timestamp="2026-09-06T07:07:14.898" threadId="0000000000721BC0" success="true" from="nursery"/>
<exclusive-end id="1261" timestamp="2026-09-06T07:07:14.898" durationms="1.512" />

<exclusive-start id="1262" timestamp="2026-09-06T07:07:14.913" intervalms="15.751">
  <response-info timems="0.013" idlems="0.013" threads="0" lastid="0000000000721100" lastname="Default Executor-thread-1" />
</exclusive-start>
<af-start id="1263" threadId="0000000000721BC0" totalBytesRequested="32" timestamp="2026-09-06T07:07:14.913" intervalms="15.742" type="nursery" />
<cycle-start id="1264" type="scavenge" contextid="0" timestamp="2026-09-06T07:07:14.913" intervalms="15.739" />
<gc-start id="1265" type="scavenge" contextid="1264" timestamp="2026-09-06T07:07:14.913">
  <mem-info id="1266" free="4525736" total="35192832" percent="12">
    <mem type="nursery" free="0" total="11665408" percent="0">
      <mem type="allocate" free="0" total="8912896" percent="0" />
      <mem type="survivor" free="0" total="2752512" percent="0" />
    </mem>
    <mem type="tenure" free="4525736" total="23527424" percent="19">
      <mem type="soa" free="3349160" total="22350848" percent="14" />
      <mem type="loa" free="1176576" total="1176576" percent="100" />
    </mem>
    <remembered-set count="940" />
  </mem-info>
</gc-start>
<allocation-stats totalBytes="6569080" discardedBytes="704" >
  <allocated-bytes non-tlh="45184" tlh="6523896" />
  <largest-consumer threadName="Default Executor-thread-1" threadId="0000000000721100" bytes="6515888" />
</allocation-stats>
<gc-op id="1267" type="scavenge" timems="1.135" contextid="1264" timestamp="2026-09-06T07:07:14.914">
  <scavenger-info tenureage="4" tenuremask="fff0" tiltratio="76" />
  <memory-copied type="nursery" objects="40403" bytes="2598944" bytesdiscarded="150352" />
  <memory-copied type="tenure" objects="3687" bytes="227000" bytesdiscarded="1144" />
  <copy-failed type="nursery" objects="3687" bytes="227000" />
  <ownableSynchronizers candidates="236" cleared="72" />
  <references type="weak" candidates="1" cleared="0" enqueued="0" />
  <references type="phantom" candidates="240" cleared="0" enqueued="0" />
  <object-monitors candidates="18" cleared="0"  />
</gc-op>
<heap-resize id="1268" type="expand" space="nursery" amount="655360" count="1" timems="0.016" reason="excessive time being spent scavenging" timestamp="2026-09-06T07:07:14.914" />
<gc-end id="1269" type="scavenge" contextid="1264" durationms="1.324" usertimems="5.266" systemtimems="0.200" stalltimems="3.572" timestamp="2026-09-06T07:07:14.914" activeThreads="8">
  <mem-info id="1270" free="9420624" total="35848192" percent="26">
    <mem type="nursery" free="5046272" total="12320768" percent="40">
      <mem type="allocate" free="5046272" total="7798784" percent="64" />
      <mem type="survivor" free="0" total="4521984" percent="0" />
    </mem>
    <mem type="tenure" free="4374352" total="23527424" percent="18">
      <mem type="soa" free="3197776" total="22350848" percent="14" />
      <mem type="loa" free="1176576" total="1176576" percent="100" />
    </mem>
    <remembered-set count="1148" />
  </mem-info>
</gc-end>
<cycle-end id="1271" type="scavenge" contextid="1264" timestamp="2026-09-06T07:07:14.914" />
<allocation-satisfied id="1272" threadId="0000000000721100" bytesRequested="32" />
<af-end id="1273" timestamp="2026-09-06T07:07:14.914" threadId="0000000000721BC0" success="true" from="nursery"/>
<exclusive-end id="1274" timestamp="2026-09-06T07:07:14.914" durationms="1.626" />

<exclusive-start id="1275" timestamp="2026-09-06T07:07:14.922" intervalms="9.420">
  <response-info timems="0.013" idlems="0.013" threads="0" lastid="0000000000721100" lastname="Default Executor-thread-1" />
</exclusive-start>
<af-start id="1276" threadId="0000000000721BC0" totalBytesRequested="10352" timestamp="2026-09-06T07:07:14.922" intervalms="9.430" type="nursery" />
<cycle-start id="1277" type="scavenge" contextid="0" timestamp="2026-09-06T07:07:14.922" intervalms="9.443" />
<gc-start id="1278" type="scavenge" contextid="1277" timestamp="2026-09-06T07:07:14.922">
  <mem-info id="1279" free="4373360" total="35848192" percent="12">
    <mem type="nursery" free="0" total="12320768" percent="0">
      <mem type="allocate" free="0" total="7798784" percent="0" />
      <mem type="survivor" free="0" total="4521984" percent="0" />
    </mem>
    <mem type="tenure" free="4373360" total="23527424" percent="18">
      <mem type="soa" free="3196784" total="22350848" percent="14" />
      <mem type="loa" free="1176576" total="1176576" percent="100" />
    </mem>
    <remembered-set count="1218" />
  </mem-info>
</gc-start>
<allocation-stats totalBytes="4863448" discardedBytes="183816" >
  <allocated-bytes non-tlh="388272" tlh="4475176" />
  <largest-consumer threadName="Default Executor-thread-1" threadId="0000000000721100" bytes="4847064" />
</allocation-stats>
<gc-op id="1280" type="scavenge" timems="0.997" contextid="1277" timestamp="2026-09-06T07:07:14.923">
  <scavenger-info tenureage="2" tenuremask="600c" tiltratio="63" />
  <memory-copied type="nursery" objects="18986" bytes="1036960" bytesdiscarded="517336" />
  <memory-copied type="tenure" objects="24239" bytes="1765288" bytesdiscarded="2632" />
  <ownableSynchronizers candidates="184" cleared="15" />
  <references type="phantom" candidates="87" cleared="0" enqueued="0" />
  <object-monitors candidates="18" cleared="0"  />
</gc-op>
<heap-resize id="1281" type="expand" space="nursery" amount="786432" count="1" timems="0.014" reason="excessive time being spent scavenging" timestamp="2026-09-06T07:07:14.923" />
<gc-end id="1282" type="scavenge" contextid="1277" durationms="1.157" usertimems="6.046" systemtimems="0.000" stalltimems="2.572" timestamp="2026-09-06T07:07:14.923" activeThreads="8">
  <mem-info id="1283" free="9647392" total="36634624" percent="26">
    <mem type="nursery" free="7226376" total="13107200" percent="55">
      <mem type="allocate" free="7226376" total="8781824" percent="82" />
      <mem type="survivor" free="0" total="4325376" percent="0" />
    </mem>
    <mem type="tenure" free="2421016" total="23527424" percent="10">
      <mem type="soa" free="1244440" total="22350848" percent="5" />
      <mem type="loa" free="1176576" total="1176576" percent="100" />
    </mem>
    <remembered-set count="620" />
  </mem-info>
</gc-end>
<cycle-end id="1284" type="scavenge" contextid="1277" timestamp="2026-09-06T07:07:14.923" />
<allocation-satisfied id="1285" threadId="0000000000721100" bytesRequested="10352" />
<af-end id="1286" timestamp="2026-09-06T07:07:14.924" threadId="0000000000721BC0" success="true" from="nursery"/>
<exclusive-end id="1287" timestamp="2026-09-06T07:07:14.924" durationms="1.474" />

<concurrent-kickoff id="1288" timestamp="2026-09-06T07:07:14.944">
  <kickoff reason="threshold reached" targetBytes="10265877" thresholdFreeBytes="1415495"  remainingFree="1414152" tenureFreeBytes="2420072" nurseryFreeBytes="1414152" />
</concurrent-kickoff>
<exclusive-start id="1289" timestamp="2026-09-06T07:07:14.944" intervalms="21.962">
  <response-info timems="0.038" idlems="0.038" threads="0" lastid="0000000000721100" lastname="Default Executor-thread-1" />
</exclusive-start>
<cycle-start id="1290" type="global" contextid="0" timestamp="2026-09-06T07:07:14.944" intervalms="94.644" />
<concurrent-start id="1291" type="global mark" contextid="1290" timestamp="2026-09-06T07:07:14.944">
</concurrent-start>
<exclusive-end id="1292" timestamp="2026-09-06T07:07:14.944" durationms="0.115" />

<exclusive-start id="1293" timestamp="2026-09-06T07:07:14.960" intervalms="15.864">
  <response-info timems="0.017" idlems="0.017" threads="0" lastid="0000000000721100" lastname="Default Executor-thread-1" />
</exclusive-start>
<af-start id="1294" threadId="0000000000721BC0" totalBytesRequested="40" timestamp="2026-09-06T07:07:14.960" intervalms="37.855" type="nursery" />
<percolate-collect id="1295" from="nursery" to="global" reason="concurrent mark exhausted" timestamp="2026-09-06T07:07:14.960"/>
<concurrent-end id="1296" type="global mark" contextid="1290" timestamp="2026-09-06T07:07:14.960">
<gc-op id="1297" type="trace" timems="15.754" contextid="1290" timestamp="2026-09-06T07:07:14.960">
  <trace bytesTraced="10558176" workStackOverflowCount="0" />
  <card-cleaning reason="card cleaning threshold reached" bytesTraced="45096" cardsCleaned="99" />
</gc-op>
</concurrent-end>

<gc-start id="1298" type="global" contextid="1290" timestamp="2026-09-06T07:07:14.960">
  <mem-info id="1299" free="2420072" total="36634624" percent="6">
    <mem type="nursery" free="0" total="13107200" percent="0">
      <mem type="allocate" free="0" total="8781824" percent="0" />
      <mem type="survivor" free="0" total="4325376" percent="0" />
    </mem>
    <mem type="tenure" free="2420072" total="23527424" percent="10">
      <mem type="soa" free="1243496" total="22350848" percent="5" />
      <mem type="loa" free="1176576" total="1176576" percent="100" />
    </mem>
    <remembered-set count="1000" />
  </mem-info>
</gc-start>
<allocation-stats totalBytes="7225472" discardedBytes="1848" >
  <allocated-bytes non-tlh="513240" tlh="6712232" />
  <largest-consumer threadName="Default Executor-thread-1" threadId="0000000000721100" bytes="7164040" />
</allocation-stats>
<concurrent-halted id="1300" timestamp="2026-09-06T07:07:14.960">
  <halted state="Complete" status="exhausted" />
  <traced bytesTarget="10265877" bytesTotal="10603272" bytesByMutator="5312100" bytesByHelper="5291172" percent="103" />
  <cards cleaned="99" thresholdBytes="557619" />
</concurrent-halted>
<gc-op id="1301" type="rs-scan" timems="0.688" contextid="1290" timestamp="2026-09-06T07:07:14.961">
  <scan objectsFound="37259" bytesTraced="1091216" workStackOverflowCount="0" />
</gc-op>
<gc-op id="1302" type="card-cleaning" timems="0.198" contextid="1290" timestamp="2026-09-06T07:07:14.961">
  <card-cleaning cardsCleaned="43" bytesTraced="88456" workStackOverflowCount="0" />
</gc-op>
<gc-op id="1303" type="mark" timems="1.065" contextid="1290" timestamp="2026-09-06T07:07:14.962">
  <trace-info objectcount="541" scancount="445" scanbytes="18264" />
  <finalization candidates="644" enqueued="0" />
  <ownableSynchronizers candidates="1198" cleared="99" />
  <references type="soft" candidates="3637" cleared="0" enqueued="0" dynamicThreshold="9" maxThreshold="32" />
  <references type="weak" candidates="1479" cleared="1" enqueued="1" />
  <references type="phantom" candidates="363" cleared="0" enqueued="0" />
  <stringconstants candidates="14905" cleared="4"  />
  <object-monitors candidates="18" cleared="0"  />
</gc-op>
<gc-op id="1304" type="sweep" timems="0.428" contextid="1290" timestamp="2026-09-06T07:07:14.963" />
<heap-resize id="1305" type="expand" space="tenure" amount="2752512" count="1" timems="0.075" reason="insufficient free space following gc" timestamp="2026-09-06T07:07:14.963" />
<gc-end id="1306" type="global" contextid="1290" durationms="2.737" usertimems="9.870" systemtimems="1.377" stalltimems="8.543" timestamp="2026-09-06T07:07:14.963" activeThreads="10">
  <mem-info id="1307" free="13229336" total="39387136" percent="33">
    <mem type="nursery" free="5319808" total="13107200" percent="40">
      <mem type="allocate" free="5319808" total="8781824" percent="60" />
      <mem type="survivor" free="0" total="4325376" percent="0" />
    </mem>
    <mem type="tenure" free="7909528" total="26279936" percent="30" micro-fragmented="365548" macro-fragmented="0">
      <mem type="soa" free="6594712" total="24965120" percent="26" />
      <mem type="loa" free="1314816" total="1314816" percent="100" />
    </mem>
    <pending-finalizers system="0" default="0" reference="1" classloader="0" />
    <remembered-set count="959" />
  </mem-info>
</gc-end>
<cycle-end id="1308" type="global" contextid="1290" timestamp="2026-09-06T07:07:14.963" />
<allocation-satisfied id="1309" threadId="0000000000721100" bytesRequested="40" />
<af-end id="1310" timestamp="2026-09-06T07:07:14.963" threadId="0000000000721BC0" success="true" from="nursery"/>
<exclusive-end id="1311" timestamp="2026-09-06T07:07:14.963" durationms="3.141" />

<exclusive-start id="1312" timestamp="2026-09-06T07:07:14.995" intervalms="34.935">
  <response-info timems="0.045" idlems="0.045" threads="0" lastid="0000000000721100" lastname="Default Executor-thread-1" />
</exclusive-start>
<af-start id="1313" threadId="0000000000721BC0" totalBytesRequested="24" timestamp="2026-09-06T07:07:14.995" intervalms="34.938" type="nursery" />
<cycle-start id="1314" type="scavenge" contextid="0" timestamp="2026-09-06T07:07:14.995" intervalms="72.822" />
<gc-start id="1315" type="scavenge" contextid="1314" timestamp="2026-09-06T07:07:14.995">
  <mem-info id="1316" free="7909528" total="39387136" percent="20">
    <mem type="nursery" free="0" total="13107200" percent="0">
      <mem type="allocate" free="0" total="8781824" percent="0" />
      <mem type="survivor" free="0" total="4325376" percent="0" />
    </mem>
    <mem type="tenure" free="7909528" total="26279936" percent="30">
      <mem type="soa" free="6594712" total="24965120" percent="26" />
      <mem type="loa" free="1314816" total="1314816" percent="100" />
    </mem>
    <remembered-set count="1146" />
  </mem-info>
</gc-start>
<allocation-stats totalBytes="5253776" discardedBytes="57768" >
  <allocated-bytes non-tlh="1298648" tlh="3955128" />
  <largest-consumer threadName="Default Executor-thread-1" threadId="0000000000721100" bytes="5188888" />
</allocation-stats>
<gc-op id="1317" type="scavenge" timems="1.192" contextid="1314" timestamp="2026-09-06T07:07:14.996">
  <scavenger-info tenureage="13" tenuremask="6000" tiltratio="67" />
  <memory-copied type="nursery" objects="48469" bytes="3603616" bytesdiscarded="140696" />
  <ownableSynchronizers candidates="2223" cleared="2038" />
  <references type="weak" candidates="1" cleared="0" enqueued="0" />
  <references type="phantom" candidates="276" cleared="0" enqueued="0" />
  <object-monitors candidates="19" cleared="0"  />
</gc-op>
<gc-end id="1318" type="scavenge" contextid="1314" durationms="1.343" usertimems="8.459" systemtimems="0.000" stalltimems="2.770" timestamp="2026-09-06T07:07:14.997" activeThreads="8">
  <mem-info id="1319" free="10780664" total="39387136" percent="27">
    <mem type="nursery" free="2871136" total="13107200" percent="21">
      <mem type="allocate" free="2871136" total="6619136" percent="43" />
      <mem type="survivor" free="0" total="6488064" percent="0" />
    </mem>
    <mem type="tenure" free="7909528" total="26279936" percent="30">
      <mem type="soa" free="6594712" total="24965120" percent="26" />
      <mem type="loa" free="1314816" total="1314816" percent="100" />
    </mem>
    <remembered-set count="1118" />
  </mem-info>
</gc-end>
<cycle-end id="1320" type="scavenge" contextid="1314" timestamp="2026-09-06T07:07:14.997" />
<allocation-satisfied id="1321" threadId="0000000000721100" bytesRequested="24" />
<af-end id="1322" timestamp="2026-09-06T07:07:14.997" threadId="0000000000721BC0" success="true" from="nursery"/>
<exclusive-end id="1323" timestamp="2026-09-06T07:07:14.997" durationms="1.810" />

<exclusive-start id="1324" timestamp="2026-09-06T07:07:15.006" intervalms="10.869">
  <response-info timems="0.019" idlems="0.019" threads="0" lastid="0000000000721100" lastname="Default Executor-thread-1" />
</exclusive-start>
<af-start id="1325" threadId="0000000000721BC0" totalBytesRequested="16" timestamp="2026-09-06T07:07:15.006" intervalms="10.861" type="nursery" />
<cycle-start id="1326" type="scavenge" contextid="0" timestamp="2026-09-06T07:07:15.006" intervalms="10.844" />
<gc-start id="1327" type="scavenge" contextid="1326" timestamp="2026-09-06T07:07:15.006">
  <mem-info id="1328" free="7909528" total="39387136" percent="20">
    <mem type="nursery" free="0" total="13107200" percent="0">
      <mem type="allocate" free="0" total="6619136" percent="0" />
      <mem type="survivor" free="0" total="6488064" percent="0" />
    </mem>
    <mem type="tenure" free="7909528" total="26279936" percent="30">
      <mem type="soa" free="6594712" total="24965120" percent="26" />
      <mem type="loa" free="1314816" total="1314816" percent="100" />
    </mem>
    <remembered-set count="1210" />
  </mem-info>
</gc-start>
<allocation-stats totalBytes="2871016" discardedBytes="120" >
  <allocated-bytes non-tlh="24" tlh="2870992" />
  <largest-consumer threadName="Default Executor-thread-1" threadId="0000000000721100" bytes="2838248" />
</allocation-stats>
<gc-op id="1329" type="scavenge" timems="1.200" contextid="1326" timestamp="2026-09-06T07:07:15.007">
  <scavenger-info tenureage="3" tenuremask="7008" tiltratio="50" />
  <memory-copied type="nursery" objects="40397" bytes="3186408" bytesdiscarded="398544" />
  <memory-copied type="tenure" objects="15457" bytes="753360" bytesdiscarded="2120" />
  <ownableSynchronizers candidates="260" cleared="45" />
  <references type="weak" candidates="1" cleared="0" enqueued="0" />
  <references type="phantom" candidates="248" cleared="0" enqueued="0" />
  <object-monitors candidates="19" cleared="0"  />
</gc-op>
<heap-resize id="1330" type="expand" space="nursery" amount="786432" count="1" timems="0.019" reason="excessive time being spent scavenging" timestamp="2026-09-06T07:07:15.007" />
<gc-end id="1331" type="scavenge" contextid="1326" durationms="1.389" usertimems="8.410" systemtimems="0.000" stalltimems="3.023" timestamp="2026-09-06T07:07:15.007" activeThreads="8">
  <mem-info id="1332" free="10826840" total="40173568" percent="26">
    <mem type="nursery" free="3882848" total="13893632" percent="27">
      <mem type="allocate" free="3882848" total="7471104" percent="51" />
      <mem type="survivor" free="0" total="6422528" percent="0" />
    </mem>
    <mem type="tenure" free="6943992" total="26279936" percent="26">
      <mem type="soa" free="5629176" total="24965120" percent="22" />
      <mem type="loa" free="1314816" total="1314816" percent="100" />
    </mem>
    <remembered-set count="921" />
  </mem-info>
</gc-end>
<cycle-end id="1333" type="scavenge" contextid="1326" timestamp="2026-09-06T07:07:15.007" />
<allocation-satisfied id="1334" threadId="0000000000721100" bytesRequested="16" />
<af-end id="1335" timestamp="2026-09-06T07:07:15.007" threadId="0000000000721BC0" success="true" from="nursery"/>
<exclusive-end id="1336" timestamp="2026-09-06T07:07:15.007" durationms="1.727" />

<exclusive-start id="1337" timestamp="2026-09-06T07:07:15.019" intervalms="12.893">
  <response-info timems="0.042" idlems="0.042" threads="0" lastid="0000000000721100" lastname="Default Executor-thread-1" />
</exclusive-start>
<af-start id="1338" threadId="0000000000721BC0" totalBytesRequested="24" timestamp="2026-09-06T07:07:15.019" intervalms="12.873" type="nursery" />
<cycle-start id="1339" type="scavenge" contextid="0" timestamp="2026-09-06T07:07:15.019" intervalms="12.888" />
<gc-start id="1340" type="scavenge" contextid="1339" timestamp="2026-09-06T07:07:15.019">
  <mem-info id="1341" free="6943872" total="40173568" percent="17">
    <mem type="nursery" free="0" total="13893632" percent="0">
      <mem type="allocate" free="0" total="7471104" percent="0" />
      <mem type="survivor" free="0" total="6422528" percent="0" />
    </mem>
    <mem type="tenure" free="6943872" total="26279936" percent="26">
      <mem type="soa" free="5629056" total="24965120" percent="22" />
      <mem type="loa" free="1314816" total="1314816" percent="100" />
    </mem>
    <remembered-set count="1106" />
  </mem-info>
</gc-start>
<allocation-stats totalBytes="3882112" discardedBytes="856" >
  <allocated-bytes non-tlh="136" tlh="3881976" />
  <largest-consumer threadName="Default Executor-thread-1" threadId="0000000000721100" bytes="3841160" />
</allocation-stats>
<gc-op id="1342" type="scavenge" timems="1.163" contextid="1339" timestamp="2026-09-06T07:07:15.020">
  <scavenger-info tenureage="2" tenuremask="780c" tiltratio="53" />
  <memory-copied type="nursery" objects="17547" bytes="1159064" bytesdiscarded="512616" />
  <memory-copied type="tenure" objects="32203" bytes="2769000" bytesdiscarded="8432" />
  <ownableSynchronizers candidates="231" cleared="39" />
  <references type="weak" candidates="1" cleared="0" enqueued="0" />
  <references type="phantom" candidates="83" cleared="0" enqueued="0" />
  <object-monitors candidates="19" cleared="0"  />
</gc-op>
<heap-resize id="1343" type="expand" space="nursery" amount="655360" count="1" timems="0.016" reason="excessive time being spent scavenging" timestamp="2026-09-06T07:07:15.020" />
<gc-end id="1344" type="scavenge" contextid="1339" durationms="1.346" usertimems="4.929" systemtimems="1.159" stalltimems="3.400" timestamp="2026-09-06T07:07:15.020" activeThreads="8">
  <mem-info id="1345" free="11165808" total="40828928" percent="27">
    <mem type="nursery" free="7109032" total="14548992" percent="48">
      <mem type="allocate" free="7109032" total="8781824" percent="80" />
      <mem type="survivor" free="0" total="5767168" percent="0" />
    </mem>
    <mem type="tenure" free="4056776" total="26279936" percent="15">
      <mem type="soa" free="2741960" total="24965120" percent="10" />
      <mem type="loa" free="1314816" total="1314816" percent="100" />
    </mem>
    <remembered-set count="557" />
  </mem-info>
</gc-end>
<cycle-end id="1346" type="scavenge" contextid="1339" timestamp="2026-09-06T07:07:15.020" />
<allocation-satisfied id="1347" threadId="0000000000721100" bytesRequested="24" />
<af-end id="1348" timestamp="2026-09-06T07:07:15.020" threadId="0000000000721BC0" success="true" from="nursery"/>
<exclusive-end id="1349" timestamp="2026-09-06T07:07:15.020" durationms="1.705" />

<concurrent-kickoff id="1350" timestamp="2026-09-06T07:07:15.034">
  <kickoff reason="threshold reached" targetBytes="11533253" thresholdFreeBytes="1591741"  remainingFree="1329576" tenureFreeBytes="4056632" nurseryFreeBytes="1329576" />
</concurrent-kickoff>
<exclusive-start id="1351" timestamp="2026-09-06T07:07:15.035" intervalms="15.934">
  <response-info timems="0.050" idlems="0.050" threads="0" lastid="0000000000721100" lastname="Default Executor-thread-1" />
</exclusive-start>
<cycle-start id="1352" type="global" contextid="0" timestamp="2026-09-06T07:07:15.035" intervalms="90.503" />
<concurrent-start id="1353" type="global mark" contextid="1352" timestamp="2026-09-06T07:07:15.035">
</concurrent-start>
<exclusive-end id="1354" timestamp="2026-09-06T07:07:15.035" durationms="0.125" />

<exclusive-start id="1355" timestamp="2026-09-06T07:07:15.048" intervalms="13.839">
  <response-info timems="0.018" idlems="0.018" threads="0" lastid="0000000000721100" lastname="Default Executor-thread-1" />
</exclusive-start>
<af-start id="1356" threadId="0000000000721BC0" totalBytesRequested="64" timestamp="2026-09-06T07:07:15.049" intervalms="29.789" type="nursery" />
<percolate-collect id="1357" from="nursery" to="global" reason="concurrent mark exhausted" timestamp="2026-09-06T07:07:15.049"/>
<concurrent-end id="1358" type="global mark" contextid="1352" timestamp="2026-09-06T07:07:15.049">
<gc-op id="1359" type="trace" timems="13.718" contextid="1352" timestamp="2026-09-06T07:07:15.049">
  <trace bytesTraced="11844804" workStackOverflowCount="0" />
  <card-cleaning reason="card cleaning threshold reached" bytesTraced="41308" cardsCleaned="76" />
</gc-op>
</concurrent-end>

<gc-start id="1360" type="global" contextid="1352" timestamp="2026-09-06T07:07:15.049">
  <mem-info id="1361" free="4056632" total="40828928" percent="9">
    <mem type="nursery" free="0" total="14548992" percent="0">
      <mem type="allocate" free="0" total="8781824" percent="0" />
      <mem type="survivor" free="0" total="5767168" percent="0" />
    </mem>
    <mem type="tenure" free="4056632" total="26279936" percent="15">
      <mem type="soa" free="2741816" total="24965120" percent="10" />
      <mem type="loa" free="1314816" total="1314816" percent="100" />
    </mem>
    <remembered-set count="976" />
  </mem-info>
</gc-start>
<allocation-stats totalBytes="7107424" discardedBytes="1752" >
  <allocated-bytes non-tlh="168" tlh="7107256" />
  <largest-consumer threadName="Default Executor-thread-1" threadId="0000000000721100" bytes="7029672" />
</allocation-stats>
<concurrent-halted id="1362" timestamp="2026-09-06T07:07:15.049">
  <halted state="Complete" status="exhausted" />
  <traced bytesTarget="11533253" bytesTotal="11886112" bytesByMutator="4555964" bytesByHelper="7330148" percent="103" />
  <cards cleaned="76" thresholdBytes="627049" />
</concurrent-halted>
<gc-op id="1363" type="rs-scan" timems="0.711" contextid="1352" timestamp="2026-09-06T07:07:15.050">
  <scan objectsFound="26553" bytesTraced="793092" workStackOverflowCount="0" />
</gc-op>
<gc-op id="1364" type="card-cleaning" timems="0.243" contextid="1352" timestamp="2026-09-06T07:07:15.050">
  <card-cleaning cardsCleaned="41" bytesTraced="144084" workStackOverflowCount="0" />
</gc-op>
<gc-op id="1365" type="mark" timems="1.079" contextid="1352" timestamp="2026-09-06T07:07:15.051">
  <trace-info objectcount="544" scancount="438" scanbytes="17700" />
  <finalization candidates="644" enqueued="0" />
  <ownableSynchronizers candidates="1395" cleared="108" />
  <references type="soft" candidates="3637" cleared="0" enqueued="0" dynamicThreshold="9" maxThreshold="32" />
  <references type="weak" candidates="1478" cleared="0" enqueued="0" />
  <references type="phantom" candidates="368" cleared="0" enqueued="0" />
  <stringconstants candidates="14907" cleared="0"  />
  <object-monitors candidates="19" cleared="0"  />
</gc-op>
<gc-op id="1366" type="sweep" timems="0.493" contextid="1352" timestamp="2026-09-06T07:07:15.051" />
<heap-resize id="1367" type="expand" space="tenure" amount="2621440" count="1" timems="0.039" reason="insufficient free space following gc" timestamp="2026-09-06T07:07:15.052" />
<gc-end id="1368" type="global" contextid="1352" durationms="2.859" usertimems="8.501" systemtimems="1.529" stalltimems="9.252" timestamp="2026-09-06T07:07:15.052" activeThreads="10">
  <mem-info id="1369" free="14388768" total="43450368" percent="33">
    <mem type="nursery" free="5683184" total="14548992" percent="39">
      <mem type="allocate" free="5683184" total="8781824" percent="64" />
      <mem type="survivor" free="0" total="5767168" percent="0" />
    </mem>
    <mem type="tenure" free="8705584" total="28901376" percent="30" micro-fragmented="395885" macro-fragmented="0">
      <mem type="soa" free="7259696" total="27455488" percent="26" />
      <mem type="loa" free="1445888" total="1445888" percent="100" />
    </mem>
    <remembered-set count="937" />
  </mem-info>
</gc-end>
<cycle-end id="1370" type="global" contextid="1352" timestamp="2026-09-06T07:07:15.052" />
<allocation-satisfied id="1371" threadId="0000000000721100" bytesRequested="64" />
<af-end id="1372" timestamp="2026-09-06T07:07:15.052" threadId="0000000000721BC0" success="true" from="nursery"/>
<exclusive-end id="1373" timestamp="2026-09-06T07:07:15.052" durationms="3.334" />

<exclusive-start id="1374" timestamp="2026-09-06T07:07:15.091" intervalms="42.510">
  <response-info timems="0.043" idlems="0.043" threads="0" lastid="0000000000721100" lastname="Default Executor-thread-1" />
</exclusive-start>
<af-start id="1375" threadId="0000000000721BC0" totalBytesRequested="40" timestamp="2026-09-06T07:07:15.091" intervalms="42.521" type="nursery" />
<cycle-start id="1376" type="scavenge" contextid="0" timestamp="2026-09-06T07:07:15.091" intervalms="72.309" />
<gc-start id="1377" type="scavenge" contextid="1376" timestamp="2026-09-06T07:07:15.091">
  <mem-info id="1378" free="8702304" total="43450368" percent="20">
    <mem type="nursery" free="0" total="14548992" percent="0">
      <mem type="allocate" free="0" total="8781824" percent="0" />
      <mem type="survivor" free="0" total="5767168" percent="0" />
    </mem>
    <mem type="tenure" free="8702304" total="28901376" percent="30">
      <mem type="soa" free="7256416" total="27455488" percent="26" />
      <mem type="loa" free="1445888" total="1445888" percent="100" />
    </mem>
    <remembered-set count="1155" />
  </mem-info>
</gc-start>
<allocation-stats totalBytes="5557816" discardedBytes="115568" >
  <allocated-bytes non-tlh="497280" tlh="5060536" />
  <largest-consumer threadName="Default Executor-thread-1" threadId="0000000000721100" bytes="5545016" />
</allocation-stats>
<gc-op id="1379" type="scavenge" timems="1.318" contextid="1376" timestamp="2026-09-06T07:07:15.093">
  <scavenger-info tenureage="11" tenuremask="7800" tiltratio="60" />
  <memory-copied type="nursery" objects="42635" bytes="2717672" bytesdiscarded="232544" />
  <finalization candidates="4" enqueued="4" />
  <ownableSynchronizers candidates="2584" cleared="2451" />
  <references type="weak" candidates="18" cleared="13" enqueued="13" />
  <references type="phantom" candidates="199" cleared="0" enqueued="0" />
  <object-monitors candidates="19" cleared="0"  />
</gc-op>
<gc-end id="1380" type="scavenge" contextid="1376" durationms="1.464" usertimems="7.775" systemtimems="0.000" stalltimems="4.874" timestamp="2026-09-06T07:07:15.093" activeThreads="8">
  <mem-info id="1381" free="14858112" total="43450368" percent="34">
    <mem type="nursery" free="6155808" total="14548992" percent="42">
      <mem type="allocate" free="6155808" total="9109504" percent="67" />
      <mem type="survivor" free="0" total="5439488" percent="0" />
    </mem>
    <mem type="tenure" free="8702304" total="28901376" percent="30">
      <mem type="soa" free="7256416" total="27455488" percent="26" />
      <mem type="loa" free="1445888" total="1445888" percent="100" />
    </mem>
    <pending-finalizers system="4" default="0" reference="13" classloader="0" />
    <remembered-set count="1099" />
  </mem-info>
</gc-end>
<cycle-end id="1382" type="scavenge" contextid="1376" timestamp="2026-09-06T07:07:15.093" />
<allocation-satisfied id="1383" threadId="0000000000721100" bytesRequested="40" />
<af-end id="1384" timestamp="2026-09-06T07:07:15.093" threadId="0000000000721BC0" success="true" from="nursery"/>
<exclusive-end id="1385" timestamp="2026-09-06T07:07:15.093" durationms="1.861" />

<exclusive-start id="1386" timestamp="2026-09-06T07:07:15.153" intervalms="62.272">
  <response-info timems="0.012" idlems="0.012" threads="0" lastid="0000000000721100" lastname="Default Executor-thread-1" />
</exclusive-start>
<af-start id="1387" threadId="0000000000721BC0" totalBytesRequested="2064" timestamp="2026-09-06T07:07:15.153" intervalms="62.284" type="nursery" />
<cycle-start id="1388" type="scavenge" contextid="0" timestamp="2026-09-06T07:07:15.153" intervalms="62.283" />
<gc-start id="1389" type="scavenge" contextid="1388" timestamp="2026-09-06T07:07:15.153">
  <mem-info id="1390" free="8702304" total="43450368" percent="20">
    <mem type="nursery" free="0" total="14548992" percent="0">
      <mem type="allocate" free="0" total="9109504" percent="0" />
      <mem type="survivor" free="0" total="5439488" percent="0" />
    </mem>
    <mem type="tenure" free="8702304" total="28901376" percent="30">
      <mem type="soa" free="7256416" total="27455488" percent="26" />
      <mem type="loa" free="1445888" total="1445888" percent="100" />
    </mem>
    <remembered-set count="1258" />
  </mem-info>
</gc-start>
<allocation-stats totalBytes="6154800" discardedBytes="1008" >
  <allocated-bytes non-tlh="40" tlh="6154760" />
  <largest-consumer threadName="Default Executor-thread-1" threadId="0000000000721100" bytes="6154800" />
</allocation-stats>
<gc-op id="1391" type="scavenge" timems="1.260" contextid="1388" timestamp="2026-09-06T07:07:15.155">
  <scavenger-info tenureage="3" tenuremask="7808" tiltratio="62" />
  <memory-copied type="nursery" objects="38888" bytes="2393504" bytesdiscarded="154336" />
  <memory-copied type="tenure" objects="6919" bytes="378216" bytesdiscarded="2296" />
  <ownableSynchronizers candidates="133" cleared="0" />
  <references type="weak" candidates="5" cleared="0" enqueued="0" />
  <references type="phantom" candidates="155" cleared="0" enqueued="0" />
  <object-monitors candidates="19" cleared="0"  />
</gc-op>
<gc-end id="1392" type="scavenge" contextid="1388" durationms="1.435" usertimems="4.295" systemtimems="1.326" stalltimems="3.225" timestamp="2026-09-06T07:07:15.155" activeThreads="7">
  <mem-info id="1393" free="15154000" total="43450368" percent="34">
    <mem type="nursery" free="7018080" total="14548992" percent="48">
      <mem type="allocate" free="7018080" total="9568256" percent="73" />
      <mem type="survivor" free="0" total="4980736" percent="0" />
    </mem>
    <mem type="tenure" free="8135920" total="28901376" percent="28">
      <mem type="soa" free="6690032" total="27455488" percent="24" />
      <mem type="loa" free="1445888" total="1445888" percent="100" />
    </mem>
    <remembered-set count="1155" />
  </mem-info>
</gc-end>
<cycle-end id="1394" type="scavenge" contextid="1388" timestamp="2026-09-06T07:07:15.155" />
<allocation-satisfied id="1395" threadId="0000000000721100" bytesRequested="2064" />
<af-end id="1396" timestamp="2026-09-06T07:07:15.155" threadId="0000000000721BC0" success="true" from="nursery"/>
<exclusive-end id="1397" timestamp="2026-09-06T07:07:15.155" durationms="1.847" />

<exclusive-start id="1398" timestamp="2026-09-06T07:07:15.169" intervalms="16.170">
  <response-info timems="0.014" idlems="0.014" threads="0" lastid="0000000000721100" lastname="Default Executor-thread-1" />
</exclusive-start>
<af-start id="1399" threadId="0000000000721BC0" totalBytesRequested="24" timestamp="2026-09-06T07:07:15.169" intervalms="16.141" type="nursery" />
<cycle-start id="1400" type="scavenge" contextid="0" timestamp="2026-09-06T07:07:15.170" intervalms="16.114" />
<gc-start id="1401" type="scavenge" contextid="1400" timestamp="2026-09-06T07:07:15.170">
  <mem-info id="1402" free="8135920" total="43450368" percent="18">
    <mem type="nursery" free="0" total="14548992" percent="0">
      <mem type="allocate" free="0" total="9568256" percent="0" />
      <mem type="survivor" free="0" total="4980736" percent="0" />
    </mem>
    <mem type="tenure" free="8135920" total="28901376" percent="28">
      <mem type="soa" free="6690032" total="27455488" percent="24" />
      <mem type="loa" free="1445888" total="1445888" percent="100" />
    </mem>
    <remembered-set count="1247" />
  </mem-info>
</gc-start>
<allocation-stats totalBytes="7017016" discardedBytes="1064" >
  <allocated-bytes non-tlh="2064" tlh="7014952" />
  <largest-consumer threadName="Default Executor-thread-1" threadId="0000000000721100" bytes="7017016" />
</allocation-stats>
<gc-op id="1403" type="scavenge" timems="1.284" contextid="1400" timestamp="2026-09-06T07:07:15.171">
  <scavenger-info tenureage="2" tenuremask="780c" tiltratio="65" />
  <memory-copied type="nursery" objects="10564" bytes="608512" bytesdiscarded="348512" />
  <memory-copied type="tenure" objects="32999" bytes="2175600" bytesdiscarded="4192" />
  <ownableSynchronizers candidates="103" cleared="0" />
  <object-monitors candidates="19" cleared="0"  />
</gc-op>
<heap-resize id="1404" type="expand" space="nursery" amount="655360" count="1" timems="0.017" reason="excessive time being spent scavenging" timestamp="2026-09-06T07:07:15.171" />
<gc-end id="1405" type="scavenge" contextid="1400" durationms="1.465" usertimems="5.349" systemtimems="0.329" stalltimems="3.497" timestamp="2026-09-06T07:07:15.171" activeThreads="7">
  <mem-info id="1406" free="15381112" total="44105728" percent="34">
    <mem type="nursery" free="9463200" total="15204352" percent="62">
      <mem type="allocate" free="9463200" total="10420224" percent="90" />
      <mem type="survivor" free="0" total="4784128" percent="0" />
    </mem>
    <mem type="tenure" free="5917912" total="28901376" percent="20">
      <mem type="soa" free="4472024" total="27455488" percent="16" />
      <mem type="loa" free="1445888" total="1445888" percent="100" />
    </mem>
    <remembered-set count="480" />
  </mem-info>
</gc-end>
<cycle-end id="1407" type="scavenge" contextid="1400" timestamp="2026-09-06T07:07:15.171" />
<allocation-satisfied id="1408" threadId="0000000000721100" bytesRequested="24" />
<af-end id="1409" timestamp="2026-09-06T07:07:15.171" threadId="0000000000721BC0" success="true" from="nursery"/>
<exclusive-end id="1410" timestamp="2026-09-06T07:07:15.171" durationms="1.790" />

<exclusive-start id="1411" timestamp="2026-09-06T07:07:15.198" intervalms="28.446">
  <response-info timems="0.015" idlems="0.015" threads="0" lastid="0000000000721100" lastname="Default Executor-thread-1" />
</exclusive-start>
<af-start id="1412" threadId="0000000000721BC0" totalBytesRequested="1040" timestamp="2026-09-06T07:07:15.198" intervalms="28.460" type="nursery" />
<cycle-start id="1413" type="scavenge" contextid="0" timestamp="2026-09-06T07:07:15.198" intervalms="28.483" />
<gc-start id="1414" type="scavenge" contextid="1413" timestamp="2026-09-06T07:07:15.198">
  <mem-info id="1415" free="5917912" total="44105728" percent="13">
    <mem type="nursery" free="0" total="15204352" percent="0">
      <mem type="allocate" free="0" total="10420224" percent="0" />
      <mem type="survivor" free="0" total="4784128" percent="0" />
    </mem>
    <mem type="tenure" free="5917912" total="28901376" percent="20">
      <mem type="soa" free="4472024" total="27455488" percent="16" />
      <mem type="loa" free="1445888" total="1445888" percent="100" />
    </mem>
    <remembered-set count="631" />
  </mem-info>
</gc-start>
<allocation-stats totalBytes="9458408" discardedBytes="4792" >
  <allocated-bytes non-tlh="24" tlh="9458384" />
  <largest-consumer threadName="Default Executor-thread-1" threadId="0000000000721100" bytes="9458408" />
</allocation-stats>
<gc-op id="1416" type="scavenge" timems="0.748" contextid="1413" timestamp="2026-09-06T07:07:15.199">
  <scavenger-info tenureage="12" tenuremask="7000" tiltratio="68" />
  <memory-copied type="nursery" objects="14268" bytes="728224" bytesdiscarded="119832" />
  <object-monitors candidates="19" cleared="0"  />
</gc-op>
<gc-end id="1417" type="scavenge" contextid="1413" durationms="0.895" usertimems="1.516" systemtimems="0.964" stalltimems="2.742" timestamp="2026-09-06T07:07:15.199" activeThreads="7">
  <mem-info id="1418" free="16473120" total="44105728" percent="37">
    <mem type="nursery" free="10555208" total="15204352" percent="69">
      <mem type="allocate" free="10555208" total="11403264" percent="92" />
      <mem type="survivor" free="0" total="3801088" percent="0" />
    </mem>
    <mem type="tenure" free="5917912" total="28901376" percent="20">
      <mem type="soa" free="4472024" total="27455488" percent="16" />
      <mem type="loa" free="1445888" total="1445888" percent="100" />
    </mem>
    <remembered-set count="631" />
  </mem-info>
</gc-end>
<cycle-end id="1419" type="scavenge" contextid="1413" timestamp="2026-09-06T07:07:15.199" />
<allocation-satisfied id="1420" threadId="0000000000721100" bytesRequested="1040" />
<af-end id="1421" timestamp="2026-09-06T07:07:15.199" threadId="0000000000721BC0" success="true" from="nursery"/>
<exclusive-end id="1422" timestamp="2026-09-06T07:07:15.199" durationms="1.287" />

<exclusive-start id="1423" timestamp="2026-09-06T07:07:15.224" intervalms="25.736">
  <response-info timems="0.013" idlems="0.013" threads="0" lastid="0000000000721100" lastname="Default Executor-thread-1" />
</exclusive-start>
<af-start id="1424" threadId="0000000000721BC0" totalBytesRequested="264" timestamp="2026-09-06T07:07:15.224" intervalms="25.717" type="nursery" />
<cycle-start id="1425" type="scavenge" contextid="0" timestamp="2026-09-06T07:07:15.224" intervalms="25.693" />
<gc-start id="1426" type="scavenge" contextid="1425" timestamp="2026-09-06T07:07:15.224">
  <mem-info id="1427" free="5917264" total="44105728" percent="13">
    <mem type="nursery" free="0" total="15204352" percent="0">
      <mem type="allocate" free="0" total="11403264" percent="0" />
      <mem type="survivor" free="0" total="3801088" percent="0" />
    </mem>
    <mem type="tenure" free="5917264" total="28901376" percent="20">
      <mem type="soa" free="4471376" total="27455488" percent="16" />
      <mem type="loa" free="1445888" total="1445888" percent="100" />
    </mem>
    <remembered-set count="1007" />
  </mem-info>
</gc-start>
<allocation-stats totalBytes="10553680" discardedBytes="2176" >
  <allocated-bytes non-tlh="1688" tlh="10551992" />
  <largest-consumer threadName="Default Executor-thread-1" threadId="0000000000721100" bytes="10553680" />
</allocation-stats>
<gc-op id="1428" type="scavenge" timems="1.566" contextid="1425" timestamp="2026-09-06T07:07:15.225">
  <scavenger-info tenureage="13" tenuremask="6000" tiltratio="75" />
  <memory-copied type="nursery" objects="61225" bytes="2867760" bytesdiscarded="411904" />
  <references type="weak" candidates="2" cleared="2" enqueued="2" />
  <object-monitors candidates="19" cleared="0"  />
</gc-op>
<gc-end id="1429" type="scavenge" contextid="1425" durationms="1.698" usertimems="8.402" systemtimems="0.327" stalltimems="2.362" timestamp="2026-09-06T07:07:15.225" activeThreads="6">
  <mem-info id="1430" free="12467984" total="44105728" percent="28">
    <mem type="nursery" free="6550720" total="15204352" percent="43">
      <mem type="allocate" free="6550720" total="9830400" percent="66" />
      <mem type="survivor" free="0" total="5373952" percent="0" />
    </mem>
    <mem type="tenure" free="5917264" total="28901376" percent="20">
      <mem type="soa" free="4471376" total="27455488" percent="16" />
      <mem type="loa" free="1445888" total="1445888" percent="100" />
    </mem>
    <pending-finalizers system="0" default="0" reference="2" classloader="0" />
    <remembered-set count="992" />
  </mem-info>
</gc-end>
<cycle-end id="1431" type="scavenge" contextid="1425" timestamp="2026-09-06T07:07:15.225" />
<allocation-satisfied id="1432" threadId="0000000000721100" bytesRequested="264" />
<af-end id="1433" timestamp="2026-09-06T07:07:15.226" threadId="0000000000721BC0" success="true" from="nursery"/>
<exclusive-end id="1434" timestamp="2026-09-06T07:07:15.226" durationms="1.989" />

<exclusive-start id="1435" timestamp="2026-09-06T07:07:15.243" intervalms="19.133">
  <response-info timems="0.012" idlems="0.012" threads="0" lastid="0000000000721100" lastname="Default Executor-thread-1" />
</exclusive-start>
<af-start id="1436" threadId="0000000000721BC0" totalBytesRequested="24" timestamp="2026-09-06T07:07:15.243" intervalms="19.132" type="nursery" />
<cycle-start id="1437" type="scavenge" contextid="0" timestamp="2026-09-06T07:07:15.243" intervalms="19.137" />
<gc-start id="1438" type="scavenge" contextid="1437" timestamp="2026-09-06T07:07:15.243">
  <mem-info id="1439" free="5916960" total="44105728" percent="13">
    <mem type="nursery" free="0" total="15204352" percent="0">
      <mem type="allocate" free="0" total="9830400" percent="0" />
      <mem type="survivor" free="0" total="5373952" percent="0" />
    </mem>
    <mem type="tenure" free="5916960" total="28901376" percent="20">
      <mem type="soa" free="4471072" total="27455488" percent="16" />
      <mem type="loa" free="1445888" total="1445888" percent="100" />
    </mem>
    <remembered-set count="1108" />
  </mem-info>
</gc-start>
<allocation-stats totalBytes="6549480" discardedBytes="1544" >
  <allocated-bytes non-tlh="568" tlh="6548912" />
  <largest-consumer threadName="Default Executor-thread-1" threadId="0000000000721100" bytes="6549480" />
</allocation-stats>
<gc-op id="1440" type="scavenge" timems="0.896" contextid="1437" timestamp="2026-09-06T07:07:15.244">
  <scavenger-info tenureage="13" tenuremask="6000" tiltratio="64" />
  <memory-copied type="nursery" objects="28545" bytes="1625656" bytesdiscarded="298816" />
  <references type="weak" candidates="1" cleared="1" enqueued="1" />
  <object-monitors candidates="19" cleared="0"  />
</gc-op>
<heap-resize id="1441" type="expand" space="nursery" amount="655360" count="1" timems="0.016" reason="excessive time being spent scavenging" timestamp="2026-09-06T07:07:15.244" />
<gc-end id="1442" type="scavenge" contextid="1437" durationms="1.077" usertimems="3.443" systemtimems="0.181" stalltimems="2.613" timestamp="2026-09-06T07:07:15.244" activeThreads="7">
  <mem-info id="1443" free="14674856" total="44761088" percent="32">
    <mem type="nursery" free="8757896" total="15859712" percent="55">
      <mem type="allocate" free="8757896" total="10682368" percent="81" />
      <mem type="survivor" free="0" total="5177344" percent="0" />
    </mem>
    <mem type="tenure" free="5916960" total="28901376" percent="20">
      <mem type="soa" free="4471072" total="27455488" percent="16" />
      <mem type="loa" free="1445888" total="1445888" percent="100" />
    </mem>
    <pending-finalizers system="0" default="0" reference="1" classloader="0" />
    <remembered-set count="1097" />
  </mem-info>
</gc-end>
<cycle-end id="1444" type="scavenge" contextid="1437" timestamp="2026-09-06T07:07:15.244" />
<allocation-satisfied id="1445" threadId="0000000000721100" bytesRequested="24" />
<af-end id="1446" timestamp="2026-09-06T07:07:15.244" threadId="0000000000721BC0" success="true" from="nursery"/>
<exclusive-end id="1447" timestamp="2026-09-06T07:07:15.244" durationms="1.375" />

<exclusive-start id="1448" timestamp="2026-09-06T07:07:15.259" intervalms="15.936">
  <response-info timems="0.013" idlems="0.013" threads="0" lastid="0000000000721100" lastname="Default Executor-thread-1" />
</exclusive-start>
<af-start id="1449" threadId="0000000000721BC0" totalBytesRequested="16" timestamp="2026-09-06T07:07:15.259" intervalms="15.918" type="nursery" />
<cycle-start id="1450" type="scavenge" contextid="0" timestamp="2026-09-06T07:07:15.259" intervalms="15.903" />
<gc-start id="1451" type="scavenge" contextid="1450" timestamp="2026-09-06T07:07:15.259">
  <mem-info id="1452" free="5916960" total="44761088" percent="13">
    <mem type="nursery" free="0" total="15859712" percent="0">
      <mem type="allocate" free="0" total="10682368" percent="0" />
      <mem type="survivor" free="0" total="5177344" percent="0" />
    </mem>
    <mem type="tenure" free="5916960" total="28901376" percent="20">
      <mem type="soa" free="4471072" total="27455488" percent="16" />
      <mem type="loa" free="1445888" total="1445888" percent="100" />
    </mem>
    <remembered-set count="1171" />
  </mem-info>
</gc-start>
<allocation-stats totalBytes="8755624" discardedBytes="2272" >
  <allocated-bytes non-tlh="24" tlh="8755600" />
  <largest-consumer threadName="Default Executor-thread-1" threadId="0000000000721100" bytes="8755624" />
</allocation-stats>
<gc-op id="1453" type="scavenge" timems="0.780" contextid="1450" timestamp="2026-09-06T07:07:15.260">
  <scavenger-info tenureage="13" tenuremask="6000" tiltratio="67" />
  <memory-copied type="nursery" objects="27971" bytes="996072" bytesdiscarded="150112" />
  <object-monitors candidates="19" cleared="0"  />
</gc-op>
<gc-end id="1454" type="scavenge" contextid="1450" durationms="0.906" usertimems="2.180" systemtimems="0.934" stalltimems="2.059" timestamp="2026-09-06T07:07:15.260" activeThreads="7">
  <mem-info id="1455" free="16305112" total="44761088" percent="36">
    <mem type="nursery" free="10388152" total="15859712" percent="65">
      <mem type="allocate" free="10388152" total="11534336" percent="90" />
      <mem type="survivor" free="0" total="4325376" percent="0" />
    </mem>
    <mem type="tenure" free="5916960" total="28901376" percent="20">
      <mem type="soa" free="4471072" total="27455488" percent="16" />
      <mem type="loa" free="1445888" total="1445888" percent="100" />
    </mem>
    <remembered-set count="1162" />
  </mem-info>
</gc-end>
<cycle-end id="1456" type="scavenge" contextid="1450" timestamp="2026-09-06T07:07:15.260" />
<allocation-satisfied id="1457" threadId="0000000000721100" bytesRequested="16" />
<af-end id="1458" timestamp="2026-09-06T07:07:15.260" threadId="0000000000721BC0" success="true" from="nursery"/>
<exclusive-end id="1459" timestamp="2026-09-06T07:07:15.260" durationms="1.188" />

<exclusive-start id="1460" timestamp="2026-09-06T07:07:15.271" intervalms="12.313">
  <response-info timems="0.013" idlems="0.013" threads="0" lastid="0000000000721100" lastname="Default Executor-thread-1" />
</exclusive-start>
<af-start id="1461" threadId="0000000000721BC0" totalBytesRequested="2064" timestamp="2026-09-06T07:07:15.271" intervalms="12.311" type="nursery" />
<cycle-start id="1462" type="scavenge" contextid="0" timestamp="2026-09-06T07:07:15.271" intervalms="12.310" />
<gc-start id="1463" type="scavenge" contextid="1462" timestamp="2026-09-06T07:07:15.271">
  <mem-info id="1464" free="5916960" total="44761088" percent="13">
    <mem type="nursery" free="0" total="15859712" percent="0">
      <mem type="allocate" free="0" total="11534336" percent="0" />
      <mem type="survivor" free="0" total="4325376" percent="0" />
    </mem>
    <mem type="tenure" free="5916960" total="28901376" percent="20">
      <mem type="soa" free="4471072" total="27455488" percent="16" />
      <mem type="loa" free="1445888" total="1445888" percent="100" />
    </mem>
    <remembered-set count="1277" />
  </mem-info>
</gc-start>
<allocation-stats totalBytes="10385056" discardedBytes="3096" >
  <allocated-bytes non-tlh="16" tlh="10385040" />
  <largest-consumer threadName="Default Executor-thread-1" threadId="0000000000721100" bytes="10372768" />
</allocation-stats>
<gc-op id="1465" type="scavenge" timems="0.789" contextid="1462" timestamp="2026-09-06T07:07:15.272">
  <scavenger-info tenureage="6" tenuremask="4040" tiltratio="72" />
  <memory-copied type="nursery" objects="26636" bytes="909512" bytesdiscarded="75848" />
  <memory-copied type="tenure" objects="2699" bytes="74144" bytesdiscarded="32" />
  <ownableSynchronizers candidates="4" cleared="0" />
  <references type="weak" candidates="2" cleared="0" enqueued="0" />
  <object-monitors candidates="21" cleared="0"  />
</gc-op>
<heap-resize id="1466" type="expand" space="nursery" amount="655360" count="1" timems="0.014" reason="excessive time being spent scavenging" timestamp="2026-09-06T07:07:15.272" />
<gc-end id="1467" type="scavenge" contextid="1462" durationms="0.950" usertimems="3.422" systemtimems="0.000" stalltimems="1.994" timestamp="2026-09-06T07:07:15.272" activeThreads="7">
  <mem-info id="1468" free="17493232" total="45416448" percent="38">
    <mem type="nursery" free="11663056" total="16515072" percent="70">
      <mem type="allocate" free="11663056" total="12648448" percent="92" />
      <mem type="survivor" free="0" total="3866624" percent="0" />
    </mem>
    <mem type="tenure" free="5830176" total="28901376" percent="20">
      <mem type="soa" free="4384288" total="27455488" percent="15" />
      <mem type="loa" free="1445888" total="1445888" percent="100" />
    </mem>
    <remembered-set count="1146" />
  </mem-info>
</gc-end>
<cycle-end id="1469" type="scavenge" contextid="1462" timestamp="2026-09-06T07:07:15.272" />
<allocation-satisfied id="1470" threadId="0000000000721100" bytesRequested="2064" />
<af-end id="1471" timestamp="2026-09-06T07:07:15.272" threadId="0000000000721BC0" success="true" from="nursery"/>
<exclusive-end id="1472" timestamp="2026-09-06T07:07:15.272" durationms="1.219" />

<exclusive-start id="1473" timestamp="2026-09-06T07:07:15.283" intervalms="12.232">
  <response-info timems="0.014" idlems="0.014" threads="0" lastid="0000000000721100" lastname="Default Executor-thread-1" />
</exclusive-start>
<af-start id="1474" threadId="0000000000721BC0" totalBytesRequested="72" timestamp="2026-09-06T07:07:15.283" intervalms="12.230" type="nursery" />
<cycle-start id="1475" type="scavenge" contextid="0" timestamp="2026-09-06T07:07:15.283" intervalms="12.229" />
<gc-start id="1476" type="scavenge" contextid="1475" timestamp="2026-09-06T07:07:15.283">
  <mem-info id="1477" free="5830176" total="45416448" percent="12">
    <mem type="nursery" free="0" total="16515072" percent="0">
      <mem type="allocate" free="0" total="12648448" percent="0" />
      <mem type="survivor" free="0" total="3866624" percent="0" />
    </mem>
    <mem type="tenure" free="5830176" total="28901376" percent="20">
      <mem type="soa" free="4384288" total="27455488" percent="15" />
      <mem type="loa" free="1445888" total="1445888" percent="100" />
    </mem>
    <remembered-set count="1186" />
  </mem-info>
</gc-start>
<allocation-stats totalBytes="11657496" discardedBytes="5560" >
  <allocated-bytes non-tlh="2064" tlh="11655432" />
  <largest-consumer threadName="Default Executor-thread-1" threadId="0000000000721100" bytes="11657496" />
</allocation-stats>
<gc-op id="1478" type="scavenge" timems="0.816" contextid="1475" timestamp="2026-09-06T07:07:15.284">
  <scavenger-info tenureage="14" tenuremask="4000" tiltratio="76" />
  <memory-copied type="nursery" objects="27868" bytes="885664" bytesdiscarded="133520" />
  <ownableSynchronizers candidates="4" cleared="0" />
  <references type="weak" candidates="2" cleared="0" enqueued="0" />
  <object-monitors candidates="21" cleared="0"  />
</gc-op>
<gc-end id="1479" type="scavenge" contextid="1475" durationms="0.932" usertimems="1.294" systemtimems="1.801" stalltimems="2.432" timestamp="2026-09-06T07:07:15.284" activeThreads="7">
  <mem-info id="1480" free="18180320" total="45416448" percent="40">
    <mem type="nursery" free="12350144" total="16515072" percent="74">
      <mem type="allocate" free="12350144" total="13369344" percent="92" />
      <mem type="survivor" free="0" total="3145728" percent="0" />
    </mem>
    <mem type="tenure" free="5830176" total="28901376" percent="20">
      <mem type="soa" free="4384288" total="27455488" percent="15" />
      <mem type="loa" free="1445888" total="1445888" percent="100" />
    </mem>
    <remembered-set count="1185" />
  </mem-info>
</gc-end>
<cycle-end id="1481" type="scavenge" contextid="1475" timestamp="2026-09-06T07:07:15.284" />
<allocation-satisfied id="1482" threadId="0000000000721100" bytesRequested="72" />
<af-end id="1483" timestamp="2026-09-06T07:07:15.284" threadId="0000000000721BC0" success="true" from="nursery"/>
<exclusive-end id="1484" timestamp="2026-09-06T07:07:15.284" durationms="1.170" />

<exclusive-start id="1485" timestamp="2026-09-06T07:07:15.301" intervalms="17.730">
  <response-info timems="0.013" idlems="0.013" threads="0" lastid="0000000000721100" lastname="Default Executor-thread-1" />
</exclusive-start>
<af-start id="1486" threadId="0000000000721BC0" totalBytesRequested="4112" timestamp="2026-09-06T07:07:15.301" intervalms="17.750" type="nursery" />
<cycle-start id="1487" type="scavenge" contextid="0" timestamp="2026-09-06T07:07:15.301" intervalms="17.763" />
<gc-start id="1488" type="scavenge" contextid="1487" timestamp="2026-09-06T07:07:15.301">
  <mem-info id="1489" free="5830176" total="45416448" percent="12">
    <mem type="nursery" free="0" total="16515072" percent="0">
      <mem type="allocate" free="0" total="13369344" percent="0" />
      <mem type="survivor" free="0" total="3145728" percent="0" />
    </mem>
    <mem type="tenure" free="5830176" total="28901376" percent="20">
      <mem type="soa" free="4384288" total="27455488" percent="15" />
      <mem type="loa" free="1445888" total="1445888" percent="100" />
    </mem>
    <remembered-set count="1373" />
  </mem-info>
</gc-start>
<allocation-stats totalBytes="12344752" discardedBytes="5392" >
  <allocated-bytes non-tlh="72" tlh="12344680" />
  <largest-consumer threadName="Default Executor-thread-1" threadId="0000000000721100" bytes="12344752" />
</allocation-stats>
<gc-op id="1490" type="scavenge" timems="0.903" contextid="1487" timestamp="2026-09-06T07:07:15.302">
  <scavenger-info tenureage="5" tenuremask="4020" tiltratio="80" />
  <memory-copied type="nursery" objects="26202" bytes="801984" bytesdiscarded="105296" />
  <memory-copied type="tenure" objects="5615" bytes="150056" bytesdiscarded="160" />
  <ownableSynchronizers candidates="4" cleared="0" />
  <references type="weak" candidates="2" cleared="0" enqueued="0" />
  <object-monitors candidates="21" cleared="0"  />
</gc-op>
<heap-resize id="1491" type="expand" space="nursery" amount="655360" count="1" timems="0.017" reason="excessive time being spent scavenging" timestamp="2026-09-06T07:07:15.302" />
<gc-end id="1492" type="scavenge" contextid="1487" durationms="1.065" usertimems="3.521" systemtimems="0.000" stalltimems="1.817" timestamp="2026-09-06T07:07:15.302" activeThreads="6">
  <mem-info id="1493" free="19065344" total="46071808" percent="41">
    <mem type="nursery" free="13379552" total="17170432" percent="77">
      <mem type="allocate" free="13379552" total="14286848" percent="93" />
      <mem type="survivor" free="0" total="2883584" percent="0" />
    </mem>
    <mem type="tenure" free="5685792" total="28901376" percent="19">
      <mem type="soa" free="4239904" total="27455488" percent="15" />
      <mem type="loa" free="1445888" total="1445888" percent="100" />
    </mem>
    <remembered-set count="1025" />
  </mem-info>
</gc-end>
<cycle-end id="1494" type="scavenge" contextid="1487" timestamp="2026-09-06T07:07:15.302" />
<allocation-satisfied id="1495" threadId="0000000000721100" bytesRequested="4112" />
<af-end id="1496" timestamp="2026-09-06T07:07:15.302" threadId="0000000000721BC0" success="true" from="nursery"/>
<exclusive-end id="1497" timestamp="2026-09-06T07:07:15.302" durationms="1.360" />

<exclusive-start id="1498" timestamp="2026-09-06T07:07:15.316" intervalms="14.998">
  <response-info timems="0.017" idlems="0.017" threads="0" lastid="0000000000721100" lastname="Default Executor-thread-1" />
</exclusive-start>
<af-start id="1499" threadId="0000000000721BC0" totalBytesRequested="24" timestamp="2026-09-06T07:07:15.316" intervalms="14.987" type="nursery" />
<cycle-start id="1500" type="scavenge" contextid="0" timestamp="2026-09-06T07:07:15.316" intervalms="14.984" />
<gc-start id="1501" type="scavenge" contextid="1500" timestamp="2026-09-06T07:07:15.316">
  <mem-info id="1502" free="5685672" total="46071808" percent="12">
    <mem type="nursery" free="0" total="17170432" percent="0">
      <mem type="allocate" free="0" total="14286848" percent="0" />
      <mem type="survivor" free="0" total="2883584" percent="0" />
    </mem>
    <mem type="tenure" free="5685672" total="28901376" percent="19">
      <mem type="soa" free="4239784" total="27455488" percent="15" />
      <mem type="loa" free="1445888" total="1445888" percent="100" />
    </mem>
    <remembered-set count="1142" />
  </mem-info>
</gc-start>
<allocation-stats totalBytes="13376240" discardedBytes="3432" >
  <allocated-bytes non-tlh="4232" tlh="13372008" />
  <largest-consumer threadName="Default Executor-thread-1" threadId="0000000000721100" bytes="13376240" />
</allocation-stats>
<gc-op id="1503" type="scavenge" timems="1.016" contextid="1500" timestamp="2026-09-06T07:07:15.317">
  <scavenger-info tenureage="14" tenuremask="4000" tiltratio="83" />
  <memory-copied type="nursery" objects="29629" bytes="875696" bytesdiscarded="154176" />
  <finalization candidates="1" enqueued="1" />
  <ownableSynchronizers candidates="4" cleared="0" />
  <references type="weak" candidates="2" cleared="0" enqueued="0" />
  <object-monitors candidates="21" cleared="0"  />
</gc-op>
<gc-end id="1504" type="scavenge" contextid="1500" durationms="1.135" usertimems="4.133" systemtimems="0.000" stalltimems="2.200" timestamp="2026-09-06T07:07:15.317" activeThreads="6">
  <mem-info id="1505" free="19401384" total="46071808" percent="42">
    <mem type="nursery" free="13715712" total="17170432" percent="79">
      <mem type="allocate" free="13715712" total="14745600" percent="93" />
      <mem type="survivor" free="0" total="2424832" percent="0" />
    </mem>
    <mem type="tenure" free="5685672" total="28901376" percent="19">
      <mem type="soa" free="4239784" total="27455488" percent="15" />
      <mem type="loa" free="1445888" total="1445888" percent="100" />
    </mem>
    <pending-finalizers system="1" default="0" reference="0" classloader="0" />
    <remembered-set count="1133" />
  </mem-info>
</gc-end>
<cycle-end id="1506" type="scavenge" contextid="1500" timestamp="2026-09-06T07:07:15.317" />
<allocation-satisfied id="1507" threadId="0000000000721100" bytesRequested="24" />
<af-end id="1508" timestamp="2026-09-06T07:07:15.317" threadId="0000000000721BC0" success="true" from="nursery"/>
<exclusive-end id="1509" timestamp="2026-09-06T07:07:15.317" durationms="1.442" />

<exclusive-start id="1510" timestamp="2026-09-06T07:07:15.345" intervalms="28.616">
  <response-info timems="0.018" idlems="0.018" threads="0" lastid="0000000000721100" lastname="Default Executor-thread-1" />
</exclusive-start>
<af-start id="1511" threadId="0000000000721BC0" totalBytesRequested="48" timestamp="2026-09-06T07:07:15.345" intervalms="28.665" type="nursery" />
<cycle-start id="1512" type="scavenge" contextid="0" timestamp="2026-09-06T07:07:15.345" intervalms="28.701" />
<gc-start id="1513" type="scavenge" contextid="1512" timestamp="2026-09-06T07:07:15.345">
  <mem-info id="1514" free="5685672" total="46071808" percent="12">
    <mem type="nursery" free="0" total="17170432" percent="0">
      <mem type="allocate" free="0" total="14745600" percent="0" />
      <mem type="survivor" free="0" total="2424832" percent="0" />
    </mem>
    <mem type="tenure" free="5685672" total="28901376" percent="19">
      <mem type="soa" free="4239784" total="27455488" percent="15" />
      <mem type="loa" free="1445888" total="1445888" percent="100" />
    </mem>
    <remembered-set count="1443" />
  </mem-info>
</gc-start>
<allocation-stats totalBytes="13711616" discardedBytes="4096" >
  <allocated-bytes non-tlh="24" tlh="13711592" />
  <largest-consumer threadName="Default Executor-thread-1" threadId="0000000000721100" bytes="13711616" />
</allocation-stats>
<gc-op id="1515" type="scavenge" timems="1.750" contextid="1512" timestamp="2026-09-06T07:07:15.347">
  <scavenger-info tenureage="4" tenuremask="4210" tiltratio="85" />
  <memory-copied type="nursery" objects="53991" bytes="2419280" bytesdiscarded="5544" />
  <memory-copied type="tenure" objects="31316" bytes="1685328" bytesdiscarded="3912" />
  <copy-failed type="nursery" objects="25650" bytes="1524112" />
  <ownableSynchronizers candidates="4" cleared="0" />
  <object-monitors candidates="21" cleared="0"  />
</gc-op>
<heap-resize id="1516" type="expand" space="nursery" amount="786432" count="1" timems="0.018" reason="excessive time being spent scavenging" timestamp="2026-09-06T07:07:15.347" />
<gc-end id="1517" type="scavenge" contextid="1512" durationms="1.941" usertimems="8.797" systemtimems="0.131" stalltimems="1.530" timestamp="2026-09-06T07:07:15.347" activeThreads="6">
  <mem-info id="1518" free="11107384" total="46858240" percent="23">
    <mem type="nursery" free="7143424" total="17956864" percent="39">
      <mem type="allocate" free="7143424" total="9568256" percent="74" />
      <mem type="survivor" free="0" total="8388608" percent="0" />
    </mem>
    <mem type="tenure" free="3963960" total="28901376" percent="13">
      <mem type="soa" free="2518072" total="27455488" percent="9" />
      <mem type="loa" free="1445888" total="1445888" percent="100" />
    </mem>
    <remembered-set count="3173" />
  </mem-info>
</gc-end>
<cycle-end id="1519" type="scavenge" contextid="1512" timestamp="2026-09-06T07:07:15.347" />
<allocation-satisfied id="1520" threadId="0000000000721100" bytesRequested="48" />
<af-end id="1521" timestamp="2026-09-06T07:07:15.347" threadId="0000000000721BC0" success="true" from="nursery"/>
<exclusive-end id="1522" timestamp="2026-09-06T07:07:15.347" durationms="2.377" />

<concurrent-kickoff id="1523" timestamp="2026-09-06T07:07:15.362">
  <kickoff reason="threshold reached" targetBytes="12757395" thresholdFreeBytes="1762801"  remainingFree="1757184" tenureFreeBytes="3963960" nurseryFreeBytes="1757184" />
</concurrent-kickoff>
<exclusive-start id="1524" timestamp="2026-09-06T07:07:15.362" intervalms="17.306">
  <response-info timems="0.020" idlems="0.020" threads="0" lastid="0000000000721100" lastname="Default Executor-thread-1" />
</exclusive-start>
<cycle-start id="1525" type="global" contextid="0" timestamp="2026-09-06T07:07:15.362" intervalms="327.222" />
<concurrent-start id="1526" type="global mark" contextid="1525" timestamp="2026-09-06T07:07:15.362">
</concurrent-start>
<exclusive-end id="1527" timestamp="2026-09-06T07:07:15.362" durationms="0.115" />

<exclusive-start id="1528" timestamp="2026-09-06T07:07:15.372" intervalms="9.834">
  <response-info timems="0.013" idlems="0.013" threads="0" lastid="0000000000721100" lastname="Default Executor-thread-1" />
</exclusive-start>
<af-start id="1529" threadId="0000000000721BC0" totalBytesRequested="2064" timestamp="2026-09-06T07:07:15.372" intervalms="27.110" type="nursery" />
<cycle-start id="1530" type="scavenge" contextid="0" timestamp="2026-09-06T07:07:15.372" intervalms="27.094" />
<gc-start id="1531" type="scavenge" contextid="1530" timestamp="2026-09-06T07:07:15.372">
  <mem-info id="1532" free="3963960" total="46858240" percent="8">
    <mem type="nursery" free="0" total="17956864" percent="0">
      <mem type="allocate" free="0" total="9568256" percent="0" />
      <mem type="survivor" free="0" total="8388608" percent="0" />
    </mem>
    <mem type="tenure" free="3963960" total="28901376" percent="13">
      <mem type="soa" free="2518072" total="27455488" percent="9" />
      <mem type="loa" free="1445888" total="1445888" percent="100" />
    </mem>
    <remembered-set count="3408" />
  </mem-info>
</gc-start>
<allocation-stats totalBytes="7138880" discardedBytes="4544" >
  <allocated-bytes non-tlh="48" tlh="7138832" />
  <largest-consumer threadName="Default Executor-thread-1" threadId="0000000000721100" bytes="7138880" />
</allocation-stats>
<gc-op id="1533" type="scavenge" timems="0.954" contextid="1530" timestamp="2026-09-06T07:07:15.373">
  <scavenger-info tenureage="3" tenuremask="4208" tiltratio="53" />
  <memory-copied type="nursery" objects="31154" bytes="1715024" bytesdiscarded="175800" />
  <memory-copied type="tenure" objects="7695" bytes="219944" bytesdiscarded="80" />
  <object-monitors candidates="21" cleared="0"  />
</gc-op>
<gc-end id="1534" type="scavenge" contextid="1530" durationms="1.098" usertimems="5.065" systemtimems="0.005" stalltimems="2.184" timestamp="2026-09-06T07:07:15.373" activeThreads="8">
  <mem-info id="1535" free="12421936" total="46858240" percent="26">
    <mem type="nursery" free="8726008" total="17956864" percent="48">
      <mem type="allocate" free="8726008" total="10616832" percent="82" />
      <mem type="survivor" free="0" total="7340032" percent="0" />
    </mem>
    <mem type="tenure" free="3695928" total="28901376" percent="12">
      <mem type="soa" free="2250040" total="27455488" percent="8" />
      <mem type="loa" free="1445888" total="1445888" percent="100" />
    </mem>
    <remembered-set count="2802" />
  </mem-info>
</gc-end>
<cycle-end id="1536" type="scavenge" contextid="1530" timestamp="2026-09-06T07:07:15.373" />
<allocation-satisfied id="1537" threadId="0000000000721100" bytesRequested="2064" />
<af-end id="1538" timestamp="2026-09-06T07:07:15.373" threadId="0000000000721BC0" success="true" from="nursery"/>
<exclusive-end id="1539" timestamp="2026-09-06T07:07:15.373" durationms="1.451" />

<concurrent-end id="1540" type="global mark" contextid="1525" timestamp="2026-09-06T07:07:15.373">
<gc-op id="1541" type="trace" timems="11.229" contextid="1525" timestamp="2026-09-06T07:07:15.373">
  <trace bytesTraced="12633856" workStackOverflowCount="0" />
  <card-cleaning reason="card cleaning threshold reached" bytesTraced="4676" cardsCleaned="23" />
</gc-op>
</concurrent-end>

<exclusive-start id="1542" timestamp="2026-09-06T07:07:15.373" intervalms="1.546">
  <response-info timems="0.009" idlems="0.009" threads="0" lastid="0000000000721100" lastname="Default Executor-thread-1" />
</exclusive-start>
<concurrent-global-final id="1543" timestamp="2026-09-06T07:07:15.373" contextid="1525" intervalms="511.279" >
  <concurrent-trace-info reason="card cleaning threshold reached" tracedByMutators="4615364" tracedByHelpers="8023168" cardsCleaned="23" workStackOverflowCount="0" />
</concurrent-global-final>
<gc-start id="1544" type="global" contextid="1525" timestamp="2026-09-06T07:07:15.373">
  <mem-info id="1545" free="12247840" total="46858240" percent="26">
    <mem type="nursery" free="8551912" total="17956864" percent="47">
      <mem type="allocate" free="8551912" total="10616832" percent="80" />
      <mem type="survivor" free="0" total="7340032" percent="0" />
    </mem>
    <mem type="tenure" free="3695928" total="28901376" percent="12">
      <mem type="soa" free="2250040" total="27455488" percent="8" />
      <mem type="loa" free="1445888" total="1445888" percent="100" />
    </mem>
    <remembered-set count="2802" />
  </mem-info>
</gc-start>
<allocation-stats totalBytes="174096" discardedBytes="0" >
  <allocated-bytes non-tlh="2064" tlh="172032" />
  <largest-consumer threadName="Default Executor-thread-1" threadId="0000000000721100" bytes="174096" />
</allocation-stats>
<gc-op id="1546" type="rs-scan" timems="0.422" contextid="1525" timestamp="2026-09-06T07:07:15.374">
  <scan objectsFound="5857" bytesTraced="198520" workStackOverflowCount="0" />
</gc-op>
<gc-op id="1547" type="card-cleaning" timems="0.517" contextid="1525" timestamp="2026-09-06T07:07:15.374">
  <card-cleaning cardsCleaned="220" bytesTraced="1323248" workStackOverflowCount="0" />
</gc-op>
<gc-op id="1548" type="mark" timems="1.176" contextid="1525" timestamp="2026-09-06T07:07:15.376">
  <trace-info objectcount="7343" scancount="6721" scanbytes="657132" />
  <finalization candidates="644" enqueued="63" />
  <ownableSynchronizers candidates="1295" cleared="2" />
  <references type="soft" candidates="3637" cleared="137" enqueued="124" dynamicThreshold="9" maxThreshold="32" />
  <references type="weak" candidates="1484" cleared="19" enqueued="19" />
  <references type="phantom" candidates="349" cleared="0" enqueued="0" />
  <stringconstants candidates="14917" cleared="3"  />
  <object-monitors candidates="21" cleared="0"  />
</gc-op>
<gc-op id="1549" type="sweep" timems="0.483" contextid="1525" timestamp="2026-09-06T07:07:15.376" />
<heap-resize id="1550" type="expand" space="tenure" amount="4521984" count="1" timems="0.039" reason="insufficient free space following gc" timestamp="2026-09-06T07:07:15.376" />
<gc-end id="1551" type="global" contextid="1525" durationms="2.880" usertimems="9.343" systemtimems="1.807" stalltimems="9.547" timestamp="2026-09-06T07:07:15.376" activeThreads="10">
  <mem-info id="1552" free="19065528" total="51380224" percent="37">
    <mem type="nursery" free="9023864" total="17956864" percent="50">
      <mem type="allocate" free="9023864" total="10616832" percent="84" />
      <mem type="survivor" free="0" total="7340032" percent="0" />
    </mem>
    <mem type="tenure" free="10041664" total="33423360" percent="30" micro-fragmented="592460" macro-fragmented="0">
      <mem type="soa" free="8370496" total="31752192" percent="26" />
      <mem type="loa" free="1671168" total="1671168" percent="100" />
    </mem>
    <pending-finalizers system="63" default="0" reference="143" classloader="0" />
    <remembered-set count="1523" />
  </mem-info>
</gc-end>
<cycle-end id="1553" type="global" contextid="1525" timestamp="2026-09-06T07:07:15.376" />
<exclusive-end id="1554" timestamp="2026-09-06T07:07:15.376" durationms="3.003" />

<exclusive-start id="1555" timestamp="2026-09-06T07:07:15.386" intervalms="12.529">
  <response-info timems="0.010" idlems="0.010" threads="0" lastid="0000000000721100" lastname="Default Executor-thread-1" />
</exclusive-start>
<af-start id="1556" threadId="0000000000721BC0" totalBytesRequested="272" timestamp="2026-09-06T07:07:15.386" intervalms="14.058" type="nursery" />
<cycle-start id="1557" type="scavenge" contextid="0" timestamp="2026-09-06T07:07:15.386" intervalms="14.034" />
<gc-start id="1558" type="scavenge" contextid="1557" timestamp="2026-09-06T07:07:15.386">
  <mem-info id="1559" free="10041664" total="51380224" percent="19">
    <mem type="nursery" free="0" total="17956864" percent="0">
      <mem type="allocate" free="0" total="10616832" percent="0" />
      <mem type="survivor" free="0" total="7340032" percent="0" />
    </mem>
    <mem type="tenure" free="10041664" total="33423360" percent="30">
      <mem type="soa" free="8370496" total="31752192" percent="26" />
      <mem type="loa" free="1671168" total="1671168" percent="100" />
    </mem>
    <remembered-set count="1835" />
  </mem-info>
</gc-start>
<allocation-stats totalBytes="9018440" discardedBytes="5424" >
  <allocated-bytes non-tlh="27752" tlh="8990688" />
  <largest-consumer threadName="Default Executor-thread-1" threadId="0000000000721100" bytes="9014344" />
</allocation-stats>
<gc-op id="1560" type="scavenge" timems="0.712" contextid="1557" timestamp="2026-09-06T07:07:15.387">
  <scavenger-info tenureage="14" tenuremask="4000" tiltratio="59" />
  <memory-copied type="nursery" objects="23635" bytes="780104" bytesdiscarded="98536" />
  <ownableSynchronizers candidates="2586" cleared="2586" />
  <object-monitors candidates="21" cleared="0"  />
</gc-op>
<gc-end id="1561" type="scavenge" contextid="1557" durationms="0.829" usertimems="2.615" systemtimems="0.000" stalltimems="2.737" timestamp="2026-09-06T07:07:15.387" activeThreads="8">
  <mem-info id="1562" free="20893968" total="51380224" percent="40">
    <mem type="nursery" free="10852304" total="17956864" percent="60">
      <mem type="allocate" free="10852304" total="11730944" percent="92" />
      <mem type="survivor" free="0" total="6225920" percent="0" />
    </mem>
    <mem type="tenure" free="10041664" total="33423360" percent="30">
      <mem type="soa" free="8370496" total="31752192" percent="26" />
      <mem type="loa" free="1671168" total="1671168" percent="100" />
    </mem>
    <remembered-set count="1728" />
  </mem-info>
</gc-end>
<cycle-end id="1563" type="scavenge" contextid="1557" timestamp="2026-09-06T07:07:15.387" />
<allocation-satisfied id="1564" threadId="0000000000721100" bytesRequested="272" />
<af-end id="1565" timestamp="2026-09-06T07:07:15.387" threadId="0000000000721BC0" success="true" from="nursery"/>
<exclusive-end id="1566" timestamp="2026-09-06T07:07:15.387" durationms="1.115" />

<exclusive-start id="1567" timestamp="2026-09-06T07:07:15.396" intervalms="10.141">
  <response-info timems="0.011" idlems="0.011" threads="0" lastid="0000000000721100" lastname="Default Executor-thread-1" />
</exclusive-start>
<af-start id="1568" threadId="0000000000721BC0" totalBytesRequested="80" timestamp="2026-09-06T07:07:15.396" intervalms="10.120" type="nursery" />
<cycle-start id="1569" type="scavenge" contextid="0" timestamp="2026-09-06T07:07:15.396" intervalms="10.112" />
<gc-start id="1570" type="scavenge" contextid="1569" timestamp="2026-09-06T07:07:15.396">
  <mem-info id="1571" free="10041664" total="51380224" percent="19">
    <mem type="nursery" free="0" total="17956864" percent="0">
      <mem type="allocate" free="0" total="11730944" percent="0" />
      <mem type="survivor" free="0" total="6225920" percent="0" />
    </mem>
    <mem type="tenure" free="10041664" total="33423360" percent="30">
      <mem type="soa" free="8370496" total="31752192" percent="26" />
      <mem type="loa" free="1671168" total="1671168" percent="100" />
    </mem>
    <remembered-set count="1800" />
  </mem-info>
</gc-start>
<allocation-stats totalBytes="10846728" discardedBytes="5576" >
  <allocated-bytes non-tlh="272" tlh="10846456" />
  <largest-consumer threadName="Default Executor-thread-1" threadId="0000000000721100" bytes="10846728" />
</allocation-stats>
<gc-op id="1572" type="scavenge" timems="0.737" contextid="1569" timestamp="2026-09-06T07:07:15.397">
  <scavenger-info tenureage="4" tenuremask="fff0" tiltratio="65" />
  <memory-copied type="nursery" objects="22086" bytes="1303000" bytesdiscarded="252768" />
  <memory-copied type="tenure" objects="8684" bytes="247200" bytesdiscarded="1432" />
  <object-monitors candidates="21" cleared="0"  />
</gc-op>
<heap-resize id="1573" type="expand" space="nursery" amount="917504" count="1" timems="0.017" reason="excessive time being spent scavenging" timestamp="2026-09-06T07:07:15.397" />
<gc-end id="1574" type="scavenge" contextid="1569" durationms="0.906" usertimems="4.011" systemtimems="0.000" stalltimems="1.013" timestamp="2026-09-06T07:07:15.397" activeThreads="7">
  <mem-info id="1575" free="21158688" total="52297728" percent="40">
    <mem type="nursery" free="11551432" total="18874368" percent="61">
      <mem type="allocate" free="11551432" total="13107200" percent="88" />
      <mem type="survivor" free="0" total="5767168" percent="0" />
    </mem>
    <mem type="tenure" free="9607256" total="33423360" percent="28">
      <mem type="soa" free="7936088" total="31752192" percent="24" />
      <mem type="loa" free="1671168" total="1671168" percent="100" />
    </mem>
    <remembered-set count="1078" />
  </mem-info>
</gc-end>
<cycle-end id="1576" type="scavenge" contextid="1569" timestamp="2026-09-06T07:07:15.397" />
<allocation-satisfied id="1577" threadId="0000000000721100" bytesRequested="80" />
<af-end id="1578" timestamp="2026-09-06T07:07:15.397" threadId="0000000000721BC0" success="true" from="nursery"/>
<exclusive-end id="1579" timestamp="2026-09-06T07:07:15.397" durationms="1.156" />

<exclusive-start id="1580" timestamp="2026-09-06T07:07:15.407" intervalms="10.881">
  <response-info timems="0.017" idlems="0.017" threads="0" lastid="0000000000721100" lastname="Default Executor-thread-1" />
</exclusive-start>
<af-start id="1581" threadId="0000000000721BC0" totalBytesRequested="16" timestamp="2026-09-06T07:07:15.407" intervalms="10.894" type="nursery" />
<cycle-start id="1582" type="scavenge" contextid="0" timestamp="2026-09-06T07:07:15.407" intervalms="10.900" />
<gc-start id="1583" type="scavenge" contextid="1582" timestamp="2026-09-06T07:07:15.407">
  <mem-info id="1584" free="9607256" total="52297728" percent="18">
    <mem type="nursery" free="0" total="18874368" percent="0">
      <mem type="allocate" free="0" total="13107200" percent="0" />
      <mem type="survivor" free="0" total="5767168" percent="0" />
    </mem>
    <mem type="tenure" free="9607256" total="33423360" percent="28">
      <mem type="soa" free="7936088" total="31752192" percent="24" />
      <mem type="loa" free="1671168" total="1671168" percent="100" />
    </mem>
    <remembered-set count="1226" />
  </mem-info>
</gc-start>
<allocation-stats totalBytes="11548456" discardedBytes="2976" >
  <allocated-bytes non-tlh="80" tlh="11548376" />
  <largest-consumer threadName="Default Executor-thread-1" threadId="0000000000721100" bytes="11548456" />
</allocation-stats>
<gc-op id="1585" type="scavenge" timems="0.674" contextid="1582" timestamp="2026-09-06T07:07:15.408">
  <scavenger-info tenureage="14" tenuremask="4000" tiltratio="69" />
  <memory-copied type="nursery" objects="19237" bytes="570184" bytesdiscarded="112152" />
  <object-monitors candidates="21" cleared="0"  />
</gc-op>
<gc-end id="1586" type="scavenge" contextid="1582" durationms="0.789" usertimems="1.725" systemtimems="0.831" stalltimems="2.439" timestamp="2026-09-06T07:07:15.408" activeThreads="8">
  <mem-info id="1587" free="23146232" total="52297728" percent="44">
    <mem type="nursery" free="13538976" total="18874368" percent="71">
      <mem type="allocate" free="13538976" total="14221312" percent="95" />
      <mem type="survivor" free="0" total="4653056" percent="0" />
    </mem>
    <mem type="tenure" free="9607256" total="33423360" percent="28">
      <mem type="soa" free="7936088" total="31752192" percent="24" />
      <mem type="loa" free="1671168" total="1671168" percent="100" />
    </mem>
    <remembered-set count="1083" />
  </mem-info>
</gc-end>
<cycle-end id="1588" type="scavenge" contextid="1582" timestamp="2026-09-06T07:07:15.408" />
<allocation-satisfied id="1589" threadId="0000000000721100" bytesRequested="16" />
<af-end id="1590" timestamp="2026-09-06T07:07:15.408" threadId="0000000000721BC0" success="true" from="nursery"/>
<exclusive-end id="1591" timestamp="2026-09-06T07:07:15.408" durationms="1.059" />

<exclusive-start id="1592" timestamp="2026-09-06T07:07:15.442" intervalms="35.457">
  <response-info timems="0.043" idlems="0.043" threads="0" lastid="0000000000721100" lastname="Default Executor-thread-1" />
</exclusive-start>
<af-start id="1593" threadId="0000000000721BC0" totalBytesRequested="2064" timestamp="2026-09-06T07:07:15.442" intervalms="35.496" type="nursery" />
<cycle-start id="1594" type="scavenge" contextid="0" timestamp="2026-09-06T07:07:15.442" intervalms="35.519" />
<gc-start id="1595" type="scavenge" contextid="1594" timestamp="2026-09-06T07:07:15.442">
  <mem-info id="1596" free="9607256" total="52297728" percent="18">
    <mem type="nursery" free="0" total="18874368" percent="0">
      <mem type="allocate" free="0" total="14221312" percent="0" />
      <mem type="survivor" free="0" total="4653056" percent="0" />
    </mem>
    <mem type="tenure" free="9607256" total="33423360" percent="28">
      <mem type="soa" free="7936088" total="31752192" percent="24" />
      <mem type="loa" free="1671168" total="1671168" percent="100" />
    </mem>
    <remembered-set count="1218" />
  </mem-info>
</gc-start>
<allocation-stats totalBytes="13535952" discardedBytes="3024" >
  <allocated-bytes non-tlh="16" tlh="13535936" />
  <largest-consumer threadName="Default Executor-thread-1" threadId="0000000000721100" bytes="13535952" />
</allocation-stats>
<gc-op id="1597" type="scavenge" timems="1.061" contextid="1594" timestamp="2026-09-06T07:07:15.444">
  <scavenger-info tenureage="6" tenuremask="ffc0" tiltratio="75" />
  <memory-copied type="nursery" objects="29381" bytes="1095032" bytesdiscarded="180368" />
  <object-monitors candidates="21" cleared="0"  />
</gc-op>
<gc-end id="1598" type="scavenge" contextid="1594" durationms="1.209" usertimems="0.673" systemtimems="3.047" stalltimems="3.523" timestamp="2026-09-06T07:07:15.444" activeThreads="7">
  <mem-info id="1599" free="23142992" total="52297728" percent="44">
    <mem type="nursery" free="13535736" total="18874368" percent="71">
      <mem type="allocate" free="13535736" total="14811136" percent="91" />
      <mem type="survivor" free="0" total="4063232" percent="0" />
    </mem>
    <mem type="tenure" free="9607256" total="33423360" percent="28">
      <mem type="soa" free="7936088" total="31752192" percent="24" />
      <mem type="loa" free="1671168" total="1671168" percent="100" />
    </mem>
    <remembered-set count="1217" />
  </mem-info>
</gc-end>
<cycle-end id="1600" type="scavenge" contextid="1594" timestamp="2026-09-06T07:07:15.444" />
<allocation-satisfied id="1601" threadId="0000000000721100" bytesRequested="2064" />
<af-end id="1602" timestamp="2026-09-06T07:07:15.444" threadId="0000000000721BC0" success="true" from="nursery"/>
<exclusive-end id="1603" timestamp="2026-09-06T07:07:15.444" durationms="1.572" />

<exclusive-start id="1604" timestamp="2026-09-06T07:07:15.471" intervalms="29.245">
  <response-info timems="0.015" idlems="0.015" threads="0" lastid="0000000000721100" lastname="Default Executor-thread-1" />
</exclusive-start>
<af-start id="1605" threadId="0000000000721BC0" totalBytesRequested="528" timestamp="2026-09-06T07:07:15.472" intervalms="29.243" type="nursery" />
<cycle-start id="1606" type="scavenge" contextid="0" timestamp="2026-09-06T07:07:15.472" intervalms="29.258" />
<gc-start id="1607" type="scavenge" contextid="1606" timestamp="2026-09-06T07:07:15.472">
  <mem-info id="1608" free="9606952" total="52297728" percent="18">
    <mem type="nursery" free="0" total="18874368" percent="0">
      <mem type="allocate" free="0" total="14811136" percent="0" />
      <mem type="survivor" free="0" total="4063232" percent="0" />
    </mem>
    <mem type="tenure" free="9606952" total="33423360" percent="28">
      <mem type="soa" free="7935784" total="31752192" percent="24" />
      <mem type="loa" free="1671168" total="1671168" percent="100" />
    </mem>
    <remembered-set count="1264" />
  </mem-info>
</gc-start>
<allocation-stats totalBytes="13532704" discardedBytes="3336" >
  <allocated-bytes non-tlh="2368" tlh="13530336" />
  <largest-consumer threadName="Default Executor-thread-1" threadId="0000000000721100" bytes="13532704" />
</allocation-stats>
<gc-op id="1609" type="scavenge" timems="0.931" contextid="1606" timestamp="2026-09-06T07:07:15.473">
  <scavenger-info tenureage="3" tenuremask="fff8" tiltratio="78" />
  <memory-copied type="nursery" objects="11643" bytes="542088" bytesdiscarded="133032" />
  <memory-copied type="tenure" objects="13677" bytes="389408" bytesdiscarded="320" />
  <finalization candidates="3" enqueued="3" />
  <references type="weak" candidates="2" cleared="1" enqueued="1" />
  <object-monitors candidates="21" cleared="0"  />
</gc-op>
<gc-end id="1610" type="scavenge" contextid="1606" durationms="1.103" usertimems="2.494" systemtimems="1.179" stalltimems="2.367" timestamp="2026-09-06T07:07:15.473" activeThreads="6">
  <mem-info id="1611" free="23902992" total="52297728" percent="45">
    <mem type="nursery" free="14660296" total="18874368" percent="77">
      <mem type="allocate" free="14660296" total="15335424" percent="95" />
      <mem type="survivor" free="0" total="3538944" percent="0" />
    </mem>
    <mem type="tenure" free="9242696" total="33423360" percent="27">
      <mem type="soa" free="7571528" total="31752192" percent="23" />
      <mem type="loa" free="1671168" total="1671168" percent="100" />
    </mem>
    <pending-finalizers system="3" default="0" reference="1" classloader="0" />
    <remembered-set count="568" />
  </mem-info>
</gc-end>
<cycle-end id="1612" type="scavenge" contextid="1606" timestamp="2026-09-06T07:07:15.473" />
<allocation-satisfied id="1613" threadId="0000000000721100" bytesRequested="528" />
<af-end id="1614" timestamp="2026-09-06T07:07:15.473" threadId="0000000000721BC0" success="true" from="nursery"/>
<exclusive-end id="1615" timestamp="2026-09-06T07:07:15.473" durationms="1.540" />

<exclusive-start id="1616" timestamp="2026-09-06T07:07:15.489" intervalms="17.699">
  <response-info timems="0.014" idlems="0.014" threads="0" lastid="0000000000721100" lastname="Default Executor-thread-1" />
</exclusive-start>
<af-start id="1617" threadId="0000000000721BC0" totalBytesRequested="32" timestamp="2026-09-06T07:07:15.489" intervalms="17.687" type="nursery" />
<cycle-start id="1618" type="scavenge" contextid="0" timestamp="2026-09-06T07:07:15.489" intervalms="17.670" />
<gc-start id="1619" type="scavenge" contextid="1618" timestamp="2026-09-06T07:07:15.489">
  <mem-info id="1620" free="9242696" total="52297728" percent="17">
    <mem type="nursery" free="0" total="18874368" percent="0">
      <mem type="allocate" free="0" total="15335424" percent="0" />
      <mem type="survivor" free="0" total="3538944" percent="0" />
    </mem>
    <mem type="tenure" free="9242696" total="33423360" percent="27">
      <mem type="soa" free="7571528" total="31752192" percent="23" />
      <mem type="loa" free="1671168" total="1671168" percent="100" />
    </mem>
    <remembered-set count="580" />
  </mem-info>
</gc-start>
<allocation-stats totalBytes="14655976" discardedBytes="4320" >
  <allocated-bytes non-tlh="528" tlh="14655448" />
  <largest-consumer threadName="Default Executor-thread-1" threadId="0000000000721100" bytes="14655976" />
</allocation-stats>
<gc-op id="1621" type="scavenge" timems="0.578" contextid="1618" timestamp="2026-09-06T07:07:15.490">
  <scavenger-info tenureage="8" tenuremask="ff00" tiltratio="81" />
  <memory-copied type="nursery" objects="13811" bytes="479544" bytesdiscarded="122120" />
  <references type="weak" candidates="1" cleared="0" enqueued="0" />
  <object-monitors candidates="21" cleared="0"  />
</gc-op>
<gc-end id="1622" type="scavenge" contextid="1618" durationms="0.697" usertimems="1.825" systemtimems="0.000" stalltimems="1.423" timestamp="2026-09-06T07:07:15.490" activeThreads="6">
  <mem-info id="1623" free="24566272" total="52297728" percent="46">
    <mem type="nursery" free="15323576" total="18874368" percent="81">
      <mem type="allocate" free="15323576" total="15925248" percent="96" />
      <mem type="survivor" free="0" total="2949120" percent="0" />
    </mem>
    <mem type="tenure" free="9242696" total="33423360" percent="27">
      <mem type="soa" free="7571528" total="31752192" percent="23" />
      <mem type="loa" free="1671168" total="1671168" percent="100" />
    </mem>
    <remembered-set count="580" />
  </mem-info>
</gc-end>
<cycle-end id="1624" type="scavenge" contextid="1618" timestamp="2026-09-06T07:07:15.490" />
<allocation-satisfied id="1625" threadId="0000000000721100" bytesRequested="32" />
<af-end id="1626" timestamp="2026-09-06T07:07:15.490" threadId="0000000000721BC0" success="true" from="nursery"/>
<exclusive-end id="1627" timestamp="2026-09-06T07:07:15.490" durationms="1.011" />

<exclusive-start id="1628" timestamp="2026-09-06T07:07:15.505" intervalms="15.579">
  <response-info timems="0.012" idlems="0.012" threads="0" lastid="0000000000721100" lastname="Default Executor-thread-1" />
</exclusive-start>
<af-start id="1629" threadId="0000000000721BC0" totalBytesRequested="80" timestamp="2026-09-06T07:07:15.505" intervalms="15.566" type="nursery" />
<cycle-start id="1630" type="scavenge" contextid="0" timestamp="2026-09-06T07:07:15.505" intervalms="15.552" />
<gc-start id="1631" type="scavenge" contextid="1630" timestamp="2026-09-06T07:07:15.505">
  <mem-info id="1632" free="9242696" total="52297728" percent="17">
    <mem type="nursery" free="0" total="18874368" percent="0">
      <mem type="allocate" free="0" total="15925248" percent="0" />
      <mem type="survivor" free="0" total="2949120" percent="0" />
    </mem>
    <mem type="tenure" free="9242696" total="33423360" percent="27">
      <mem type="soa" free="7571528" total="31752192" percent="23" />
      <mem type="loa" free="1671168" total="1671168" percent="100" />
    </mem>
    <remembered-set count="656" />
  </mem-info>
</gc-start>
<allocation-stats totalBytes="15317368" discardedBytes="6208" >
  <allocated-bytes non-tlh="32" tlh="15317336" />
  <largest-consumer threadName="Default Executor-thread-1" threadId="0000000000721100" bytes="15317368" />
</allocation-stats>
<gc-op id="1633" type="scavenge" timems="0.469" contextid="1630" timestamp="2026-09-06T07:07:15.505">
  <scavenger-info tenureage="3" tenuremask="fff8" tiltratio="84" />
  <memory-copied type="nursery" objects="6192" bytes="325080" bytesdiscarded="429520" />
  <memory-copied type="tenure" objects="5599" bytes="161056" bytesdiscarded="248" />
  <references type="weak" candidates="1" cleared="0" enqueued="0" />
  <object-monitors candidates="21" cleared="0"  />
</gc-op>
<gc-end id="1634" type="scavenge" contextid="1630" durationms="0.583" usertimems="1.384" systemtimems="0.000" stalltimems="0.881" timestamp="2026-09-06T07:07:15.505" activeThreads="5">
  <mem-info id="1635" free="24677784" total="52297728" percent="47">
    <mem type="nursery" free="15629392" total="18874368" percent="82">
      <mem type="allocate" free="15629392" total="16384000" percent="95" />
      <mem type="survivor" free="0" total="2490368" percent="0" />
    </mem>
    <mem type="tenure" free="9048392" total="33423360" percent="27">
      <mem type="soa" free="7377224" total="31752192" percent="23" />
      <mem type="loa" free="1671168" total="1671168" percent="100" />
    </mem>
    <remembered-set count="363" />
  </mem-info>
</gc-end>
<cycle-end id="1636" type="scavenge" contextid="1630" timestamp="2026-09-06T07:07:15.506" />
<allocation-satisfied id="1637" threadId="0000000000721100" bytesRequested="80" />
<af-end id="1638" timestamp="2026-09-06T07:07:15.506" threadId="0000000000721BC0" success="true" from="nursery"/>
<exclusive-end id="1639" timestamp="2026-09-06T07:07:15.506" durationms="0.900" />

<exclusive-start id="1640" timestamp="2026-09-06T07:07:15.518" intervalms="12.766">
  <response-info timems="0.009" idlems="0.009" threads="0" lastid="0000000000721100" lastname="Default Executor-thread-1" />
</exclusive-start>
<af-start id="1641" threadId="0000000000721BC0" totalBytesRequested="24" timestamp="2026-09-06T07:07:15.518" intervalms="12.748" type="nursery" />
<cycle-start id="1642" type="scavenge" contextid="0" timestamp="2026-09-06T07:07:15.518" intervalms="12.747" />
<gc-start id="1643" type="scavenge" contextid="1642" timestamp="2026-09-06T07:07:15.518">
  <mem-info id="1644" free="9048392" total="52297728" percent="17">
    <mem type="nursery" free="0" total="18874368" percent="0">
      <mem type="allocate" free="0" total="16384000" percent="0" />
      <mem type="survivor" free="0" total="2490368" percent="0" />
    </mem>
    <mem type="tenure" free="9048392" total="33423360" percent="27">
      <mem type="soa" free="7377224" total="31752192" percent="23" />
      <mem type="loa" free="1671168" total="1671168" percent="100" />
    </mem>
    <remembered-set count="515" />
  </mem-info>
</gc-start>
<allocation-stats totalBytes="15623920" discardedBytes="5472" >
  <allocated-bytes non-tlh="80" tlh="15623840" />
  <largest-consumer threadName="Default Executor-thread-1" threadId="0000000000721100" bytes="15623920" />
</allocation-stats>
<gc-op id="1645" type="scavenge" timems="0.614" contextid="1642" timestamp="2026-09-06T07:07:15.518">
  <scavenger-info tenureage="6" tenuremask="ffc0" tiltratio="86" />
  <memory-copied type="nursery" objects="16003" bytes="851032" bytesdiscarded="42416" />
  <references type="weak" candidates="1" cleared="0" enqueued="0" />
  <object-monitors candidates="21" cleared="0"  />
</gc-op>
<heap-resize id="1646" type="expand" space="nursery" amount="786432" count="1" timems="0.019" reason="excessive time being spent scavenging" timestamp="2026-09-06T07:07:15.518" />
<gc-end id="1647" type="scavenge" contextid="1642" durationms="0.754" usertimems="1.845" systemtimems="0.132" stalltimems="1.003" timestamp="2026-09-06T07:07:15.518" activeThreads="5">
  <mem-info id="1648" free="25390904" total="53084160" percent="47">
    <mem type="nursery" free="16342512" total="19660800" percent="83">
      <mem type="allocate" free="16342512" total="17235968" percent="94" />
      <mem type="survivor" free="0" total="2424832" percent="0" />
    </mem>
    <mem type="tenure" free="9048392" total="33423360" percent="27">
      <mem type="soa" free="7377224" total="31752192" percent="23" />
      <mem type="loa" free="1671168" total="1671168" percent="100" />
    </mem>
    <remembered-set count="515" />
  </mem-info>
</gc-end>
<cycle-end id="1649" type="scavenge" contextid="1642" timestamp="2026-09-06T07:07:15.518" />
<allocation-satisfied id="1650" threadId="0000000000721100" bytesRequested="24" />
<af-end id="1651" timestamp="2026-09-06T07:07:15.518" threadId="0000000000721BC0" success="true" from="nursery"/>
<exclusive-end id="1652" timestamp="2026-09-06T07:07:15.519" durationms="1.007" />

<exclusive-start id="1653" timestamp="2026-09-06T07:07:15.567" intervalms="49.057">
  <response-info timems="0.016" idlems="0.016" threads="0" lastid="0000000000721100" lastname="Default Executor-thread-1" />
</exclusive-start>
<af-start id="1654" threadId="0000000000721BC0" totalBytesRequested="24" timestamp="2026-09-06T07:07:15.567" intervalms="49.121" type="nursery" />
<cycle-start id="1655" type="scavenge" contextid="0" timestamp="2026-09-06T07:07:15.567" intervalms="49.145" />
<gc-start id="1656" type="scavenge" contextid="1655" timestamp="2026-09-06T07:07:15.567">
  <mem-info id="1657" free="9046416" total="53084160" percent="17">
    <mem type="nursery" free="0" total="19660800" percent="0">
      <mem type="allocate" free="0" total="17235968" percent="0" />
      <mem type="survivor" free="0" total="2424832" percent="0" />
    </mem>
    <mem type="tenure" free="9046416" total="33423360" percent="27">
      <mem type="soa" free="7375248" total="31752192" percent="23" />
      <mem type="loa" free="1671168" total="1671168" percent="100" />
    </mem>
    <remembered-set count="746" />
  </mem-info>
</gc-start>
<allocation-stats totalBytes="16339992" discardedBytes="4496" >
  <allocated-bytes non-tlh="2000" tlh="16337992" />
  <largest-consumer threadName="Default Executor-thread-1" threadId="0000000000721100" bytes="15779176" />
</allocation-stats>
<gc-op id="1658" type="scavenge" timems="1.201" contextid="1655" timestamp="2026-09-06T07:07:15.568">
  <scavenger-info tenureage="5" tenuremask="ffe0" tiltratio="87" />
  <memory-copied type="nursery" objects="43666" bytes="1999344" bytesdiscarded="86856" />
  <references type="soft" candidates="1" cleared="0" enqueued="0" dynamicThreshold="9" maxThreshold="32" />
  <references type="weak" candidates="9" cleared="4" enqueued="4" />
  <references type="phantom" candidates="70" cleared="0" enqueued="0" />
  <object-monitors candidates="21" cleared="0"  />
</gc-op>
<gc-end id="1659" type="scavenge" contextid="1655" durationms="1.354" usertimems="5.476" systemtimems="0.105" stalltimems="1.601" timestamp="2026-09-06T07:07:15.568" activeThreads="5">
  <mem-info id="1660" free="23278280" total="53084160" percent="43">
    <mem type="nursery" free="14231864" total="19660800" percent="72">
      <mem type="allocate" free="14231864" total="16318464" percent="87" />
      <mem type="survivor" free="0" total="3342336" percent="0" />
    </mem>
    <mem type="tenure" free="9046416" total="33423360" percent="27">
      <mem type="soa" free="7375248" total="31752192" percent="23" />
      <mem type="loa" free="1671168" total="1671168" percent="100" />
    </mem>
    <pending-finalizers system="0" default="0" reference="4" classloader="0" />
    <remembered-set count="730" />
  </mem-info>
</gc-end>
<cycle-end id="1661" type="scavenge" contextid="1655" timestamp="2026-09-06T07:07:15.568" />
<allocation-satisfied id="1662" threadId="0000000000721100" bytesRequested="24" />
<af-end id="1663" timestamp="2026-09-06T07:07:15.568" threadId="0000000000721BC0" success="true" from="nursery"/>
<exclusive-end id="1664" timestamp="2026-09-06T07:07:15.568" durationms="1.771" />

<exclusive-start id="1665" timestamp="2026-09-06T07:07:15.671" intervalms="104.933">
  <response-info timems="0.015" idlems="0.015" threads="0" lastid="0000000000721100" lastname="Default Executor-thread-1" />
</exclusive-start>
<af-start id="1666" threadId="0000000000721BC0" totalBytesRequested="12944" timestamp="2026-09-06T07:07:15.672" intervalms="104.935" type="nursery" />
<cycle-start id="1667" type="scavenge" contextid="0" timestamp="2026-09-06T07:07:15.672" intervalms="104.939" />
<gc-start id="1668" type="scavenge" contextid="1667" timestamp="2026-09-06T07:07:15.672">
  <mem-info id="1669" free="9045816" total="53084160" percent="17">
    <mem type="nursery" free="0" total="19660800" percent="0">
      <mem type="allocate" free="0" total="16318464" percent="0" />
      <mem type="survivor" free="0" total="3342336" percent="0" />
    </mem>
    <mem type="tenure" free="9045816" total="33423360" percent="27">
      <mem type="soa" free="7374648" total="31752192" percent="23" />
      <mem type="loa" free="1671168" total="1671168" percent="100" />
    </mem>
    <remembered-set count="934" />
  </mem-info>
</gc-start>
<allocation-stats totalBytes="14227504" discardedBytes="4960" >
  <allocated-bytes non-tlh="236576" tlh="13990928" />
  <largest-consumer threadName="Default Executor-thread-1" threadId="0000000000721100" bytes="14215216" />
</allocation-stats>
<gc-op id="1670" type="scavenge" timems="1.618" contextid="1667" timestamp="2026-09-06T07:07:15.673">
  <scavenger-info tenureage="4" tenuremask="ffd0" tiltratio="83" />
  <memory-copied type="nursery" objects="58304" bytes="3335504" bytesdiscarded="3696" />
  <memory-copied type="tenure" objects="13139" bytes="405792" bytesdiscarded="224" />
  <copy-failed type="nursery" objects="12604" bytes="389560" />
  <references type="soft" candidates="1" cleared="0" enqueued="0" dynamicThreshold="9" maxThreshold="32" />
  <references type="weak" candidates="5" cleared="1" enqueued="1" />
  <references type="phantom" candidates="230" cleared="0" enqueued="0" />
  <object-monitors candidates="21" cleared="0"  />
</gc-op>
<gc-end id="1671" type="scavenge" contextid="1667" durationms="1.805" usertimems="8.365" systemtimems="0.025" stalltimems="2.360" timestamp="2026-09-06T07:07:15.674" activeThreads="6">
  <mem-info id="1672" free="18810088" total="53084160" percent="35">
    <mem type="nursery" free="10092544" total="19660800" percent="51">
      <mem type="allocate" free="10092544" total="13434880" percent="75" />
      <mem type="survivor" free="0" total="6225920" percent="0" />
    </mem>
    <mem type="tenure" free="8717544" total="33423360" percent="26">
      <mem type="soa" free="7046376" total="31752192" percent="22" />
      <mem type="loa" free="1671168" total="1671168" percent="100" />
    </mem>
    <pending-finalizers system="0" default="0" reference="1" classloader="0" />
    <remembered-set count="2427" />
  </mem-info>
</gc-end>
<cycle-end id="1673" type="scavenge" contextid="1667" timestamp="2026-09-06T07:07:15.674" />
<allocation-satisfied id="1674" threadId="0000000000721100" bytesRequested="12944" />
<af-end id="1675" timestamp="2026-09-06T07:07:15.674" threadId="0000000000721BC0" success="true" from="nursery"/>
<exclusive-end id="1676" timestamp="2026-09-06T07:07:15.674" durationms="2.241" />

<exclusive-start id="1677" timestamp="2026-09-06T07:07:15.724" intervalms="52.829">
  <response-info timems="0.017" idlems="0.017" threads="0" lastid="0000000000721100" lastname="Default Executor-thread-1" />
</exclusive-start>
<af-start id="1678" threadId="0000000000721BC0" totalBytesRequested="54584" timestamp="2026-09-06T07:07:15.724" intervalms="52.828" type="nursery" />
<cycle-start id="1679" type="scavenge" contextid="0" timestamp="2026-09-06T07:07:15.725" intervalms="52.834" />
<gc-start id="1680" type="scavenge" contextid="1679" timestamp="2026-09-06T07:07:15.725">
  <mem-info id="1681" free="8717264" total="53084160" percent="16">
    <mem type="nursery" free="0" total="19660800" percent="0">
      <mem type="allocate" free="0" total="13434880" percent="0" />
      <mem type="survivor" free="0" total="6225920" percent="0" />
    </mem>
    <mem type="tenure" free="8717264" total="33423360" percent="26">
      <mem type="soa" free="7046096" total="31752192" percent="22" />
      <mem type="loa" free="1671168" total="1671168" percent="100" />
    </mem>
    <remembered-set count="2536" />
  </mem-info>
</gc-start>
<allocation-stats totalBytes="10046768" discardedBytes="46056" >
  <allocated-bytes non-tlh="400472" tlh="9646296" />
  <largest-consumer threadName="Default Executor-thread-1" threadId="0000000000721100" bytes="10038576" />
</allocation-stats>
<gc-op id="1682" type="scavenge" timems="1.840" contextid="1679" timestamp="2026-09-06T07:07:15.727">
  <scavenger-info tenureage="3" tenuremask="ffd8" tiltratio="68" />
  <memory-copied type="nursery" objects="67939" bytes="4200152" bytesdiscarded="88424" />
  <memory-copied type="tenure" objects="6479" bytes="190336" bytesdiscarded="184" />
  <references type="soft" candidates="1" cleared="0" enqueued="0" dynamicThreshold="9" maxThreshold="32" />
  <references type="weak" candidates="3" cleared="0" enqueued="0" />
  <references type="phantom" candidates="219" cleared="0" enqueued="0" />
  <object-monitors candidates="21" cleared="0"  />
</gc-op>
<gc-end id="1683" type="scavenge" contextid="1679" durationms="2.011" usertimems="12.553" systemtimems="0.306" stalltimems="3.457" timestamp="2026-09-06T07:07:15.727" activeThreads="7">
  <mem-info id="1684" free="18273824" total="53084160" percent="34">
    <mem type="nursery" free="9798600" total="19660800" percent="49">
      <mem type="allocate" free="9798600" total="14090240" percent="69" />
      <mem type="survivor" free="0" total="5570560" percent="0" />
    </mem>
    <mem type="tenure" free="8475224" total="33423360" percent="25">
      <mem type="soa" free="6804056" total="31752192" percent="21" />
      <mem type="loa" free="1671168" total="1671168" percent="100" />
    </mem>
    <remembered-set count="2111" />
  </mem-info>
</gc-end>
<cycle-end id="1685" type="scavenge" contextid="1679" timestamp="2026-09-06T07:07:15.727" />
<allocation-satisfied id="1686" threadId="0000000000721100" bytesRequested="54584" />
<af-end id="1687" timestamp="2026-09-06T07:07:15.727" threadId="0000000000721BC0" success="true" from="nursery"/>
<exclusive-end id="1688" timestamp="2026-09-06T07:07:15.727" durationms="2.500" />

<exclusive-start id="1689" timestamp="2026-09-06T07:07:15.832" intervalms="107.624">
  <response-info timems="0.042" idlems="0.042" threads="0" lastid="0000000000681F00" lastname="Config-Thread-2" />
</exclusive-start>
<af-start id="1690" threadId="00000000006829C0" totalBytesRequested="32" timestamp="2026-09-06T07:07:15.832" intervalms="107.615" type="nursery" />
<cycle-start id="1691" type="scavenge" contextid="0" timestamp="2026-09-06T07:07:15.832" intervalms="107.604" />
<gc-start id="1692" type="scavenge" contextid="1691" timestamp="2026-09-06T07:07:15.832">
  <mem-info id="1693" free="8464040" total="53084160" percent="15">
    <mem type="nursery" free="0" total="19660800" percent="0">
      <mem type="allocate" free="0" total="14090240" percent="0" />
      <mem type="survivor" free="0" total="5570560" percent="0" />
    </mem>
    <mem type="tenure" free="8464040" total="33423360" percent="25">
      <mem type="soa" free="6792872" total="31752192" percent="21" />
      <mem type="loa" free="1671168" total="1671168" percent="100" />
    </mem>
    <remembered-set count="2782" />
  </mem-info>
</gc-start>
<allocation-stats totalBytes="9807032" discardedBytes="2752" >
  <allocated-bytes non-tlh="378064" tlh="9428968" />
  <largest-consumer threadName="Default Executor-thread-1" threadId="0000000000721100" bytes="9708904" />
</allocation-stats>
<gc-op id="1694" type="scavenge" timems="1.734" contextid="1691" timestamp="2026-09-06T07:07:15.834">
  <scavenger-info tenureage="3" tenuremask="4008" tiltratio="71" />
  <memory-copied type="nursery" objects="59507" bytes="3514200" bytesdiscarded="141584" />
  <memory-copied type="tenure" objects="22040" bytes="709568" bytesdiscarded="272" />
  <finalization candidates="5" enqueued="5" />
  <ownableSynchronizers candidates="105" cleared="0" />
  <references type="weak" candidates="383" cleared="25" enqueued="25" />
  <references type="phantom" candidates="242" cleared="0" enqueued="0" />
  <object-monitors candidates="22" cleared="0"  />
</gc-op>
<gc-end id="1695" type="scavenge" contextid="1691" durationms="1.889" usertimems="10.928" systemtimems="0.059" stalltimems="4.242" timestamp="2026-09-06T07:07:15.834" activeThreads="8">
  <mem-info id="1696" free="18157896" total="53084160" percent="34">
    <mem type="nursery" free="10628216" total="19660800" percent="54">
      <mem type="allocate" free="10628216" total="14286848" percent="74" />
      <mem type="survivor" free="0" total="5373952" percent="0" />
    </mem>
    <mem type="tenure" free="7529680" total="33423360" percent="22">
      <mem type="soa" free="5858512" total="31752192" percent="18" />
      <mem type="loa" free="1671168" total="1671168" percent="100" />
    </mem>
    <pending-finalizers system="5" default="0" reference="25" classloader="0" />
    <remembered-set count="1089" />
  </mem-info>
</gc-end>
<cycle-end id="1697" type="scavenge" contextid="1691" timestamp="2026-09-06T07:07:15.834" />
<allocation-satisfied id="1698" threadId="0000000000681F00" bytesRequested="32" />
<af-end id="1699" timestamp="2026-09-06T07:07:15.834" threadId="00000000006829C0" success="true" from="nursery"/>
<exclusive-end id="1700" timestamp="2026-09-06T07:07:15.834" durationms="2.308" />

<exclusive-start id="1701" timestamp="2026-09-06T07:07:15.988" intervalms="155.831">
  <response-info timems="0.182" idlems="0.076" threads="2" lastid="000000000051E900" lastname="Equinox start level thread - Equinox Container: 8e9ada42-b0c3-4" />
</exclusive-start>
<af-start id="1702" threadId="00000000005230C0" totalBytesRequested="48" timestamp="2026-09-06T07:07:15.988" intervalms="155.826" type="nursery" />
<cycle-start id="1703" type="scavenge" contextid="0" timestamp="2026-09-06T07:07:15.988" intervalms="155.841" />
<gc-start id="1704" type="scavenge" contextid="1703" timestamp="2026-09-06T07:07:15.988">
  <mem-info id="1705" free="7429712" total="53084160" percent="13">
    <mem type="nursery" free="0" total="19660800" percent="0">
      <mem type="allocate" free="0" total="14286848" percent="0" />
      <mem type="survivor" free="0" total="5373952" percent="0" />
    </mem>
    <mem type="tenure" free="7429712" total="33423360" percent="22">
      <mem type="soa" free="5758544" total="31752192" percent="18" />
      <mem type="loa" free="1671168" total="1671168" percent="100" />
    </mem>
    <remembered-set count="3139" />
  </mem-info>
</gc-start>
<allocation-stats totalBytes="10722688" discardedBytes="5496" >
  <allocated-bytes non-tlh="428392" tlh="10294296" />
  <largest-consumer threadName="Start Level: Equinox Container: 8e9ada42-b0c3-41aa-bc78-f04f94c8c87a" threadId="0000000000516C00" bytes="3661576" />
</allocation-stats>
<gc-op id="1706" type="scavenge" timems="1.787" contextid="1703" timestamp="2026-09-06T07:07:15.990">
  <scavenger-info tenureage="14" tenuremask="4000" tiltratio="72" />
  <memory-copied type="nursery" objects="97547" bytes="4911464" bytesdiscarded="135912" />
  <finalization candidates="104" enqueued="98" />
  <ownableSynchronizers candidates="1440" cleared="511" />
  <references type="soft" candidates="437" cleared="0" enqueued="0" dynamicThreshold="9" maxThreshold="32" />
  <references type="weak" candidates="1032" cleared="375" enqueued="374" />
  <references type="phantom" candidates="273" cleared="0" enqueued="0" />
  <object-monitors candidates="27" cleared="0"  />
</gc-op>
<gc-end id="1707" type="scavenge" contextid="1703" durationms="2.046" usertimems="10.060" systemtimems="1.004" stalltimems="5.284" timestamp="2026-09-06T07:07:15.990" activeThreads="9">
  <mem-info id="1708" free="15154024" total="53084160" percent="28">
    <mem type="nursery" free="7724312" total="19660800" percent="39">
      <mem type="allocate" free="7724312" total="12779520" percent="60" />
      <mem type="survivor" free="0" total="6881280" percent="0" />
    </mem>
    <mem type="tenure" free="7429712" total="33423360" percent="22">
      <mem type="soa" free="5758544" total="31752192" percent="18" />
      <mem type="loa" free="1671168" total="1671168" percent="100" />
    </mem>
    <pending-finalizers system="98" default="0" reference="374" classloader="0" />
    <remembered-set count="2974" />
  </mem-info>
</gc-end>
<cycle-end id="1709" type="scavenge" contextid="1703" timestamp="2026-09-06T07:07:15.990" />
<allocation-satisfied id="1710" threadId="0000000000522600" bytesRequested="48" />
<af-end id="1711" timestamp="2026-09-06T07:07:15.990" threadId="00000000005230C0" success="true" from="nursery"/>
<exclusive-end id="1712" timestamp="2026-09-06T07:07:15.990" durationms="2.499" />

<exclusive-start id="1713" timestamp="2026-09-06T07:07:16.043" intervalms="55.154">
  <response-info timems="0.043" idlems="0.043" threads="0" lastid="0000000000522600" lastname="Equinox start level thread - Equinox Container: 8e9ada42-b0c3-4" />
</exclusive-start>
<af-start id="1714" threadId="00000000005230C0" totalBytesRequested="16392" timestamp="2026-09-06T07:07:16.043" intervalms="55.136" type="nursery" />
<cycle-start id="1715" type="scavenge" contextid="0" timestamp="2026-09-06T07:07:16.043" intervalms="55.137" />
<gc-start id="1716" type="scavenge" contextid="1715" timestamp="2026-09-06T07:07:16.043">
  <mem-info id="1717" free="7326976" total="53084160" percent="13">
    <mem type="nursery" free="0" total="19660800" percent="0">
      <mem type="allocate" free="0" total="12779520" percent="0" />
      <mem type="survivor" free="0" total="6881280" percent="0" />
    </mem>
    <mem type="tenure" free="7326976" total="33423360" percent="21">
      <mem type="soa" free="5655808" total="31752192" percent="17" />
      <mem type="loa" free="1671168" total="1671168" percent="100" />
    </mem>
    <remembered-set count="4292" />
  </mem-info>
</gc-start>
<allocation-stats totalBytes="7810384" discardedBytes="16664" >
  <allocated-bytes non-tlh="102784" tlh="7707600" />
  <largest-consumer threadName="Equinox start level thread - Equinox Container: 8e9ada42-b0c3-41aa-bc78-f04f94c8c87a" threadId="000000000051E900" bytes="3033920" />
</allocation-stats>
<gc-op id="1718" type="scavenge" timems="2.032" contextid="1715" timestamp="2026-09-06T07:07:16.045">
  <scavenger-info tenureage="4" tenuremask="6010" tiltratio="65" />
  <memory-copied type="nursery" objects="92165" bytes="4721312" bytesdiscarded="237616" />
  <memory-copied type="tenure" objects="26150" bytes="891816" bytesdiscarded="224" />
  <finalization candidates="126" enqueued="116" />
  <ownableSynchronizers candidates="1675" cleared="297" />
  <references type="soft" candidates="885" cleared="0" enqueued="0" dynamicThreshold="9" maxThreshold="32" />
  <references type="weak" candidates="1249" cleared="408" enqueued="407" />
  <references type="phantom" candidates="273" cleared="0" enqueued="0" />
  <object-monitors candidates="28" cleared="0"  />
</gc-op>
<gc-end id="1719" type="scavenge" contextid="1715" durationms="2.200" usertimems="13.961" systemtimems="0.000" stalltimems="6.557" timestamp="2026-09-06T07:07:16.046" activeThreads="10">
  <mem-info id="1720" free="14444912" total="53084160" percent="27">
    <mem type="nursery" free="8075632" total="19660800" percent="41">
      <mem type="allocate" free="8075632" total="13041664" percent="61" />
      <mem type="survivor" free="0" total="6619136" percent="0" />
    </mem>
    <mem type="tenure" free="6369280" total="33423360" percent="19">
      <mem type="soa" free="4698112" total="31752192" percent="14" />
      <mem type="loa" free="1671168" total="1671168" percent="100" />
    </mem>
    <pending-finalizers system="116" default="0" reference="407" classloader="0" />
    <remembered-set count="4013" />
  </mem-info>
</gc-end>
<cycle-end id="1721" type="scavenge" contextid="1715" timestamp="2026-09-06T07:07:16.046" />
<allocation-satisfied id="1722" threadId="0000000000522600" bytesRequested="16392" />
<af-end id="1723" timestamp="2026-09-06T07:07:16.046" threadId="00000000005230C0" success="true" from="nursery"/>
<exclusive-end id="1724" timestamp="2026-09-06T07:07:16.046" durationms="2.744" />

<exclusive-start id="1725" timestamp="2026-09-06T07:07:16.197" intervalms="154.005">
  <response-info timems="0.100" idlems="0.048" threads="2" lastid="000000000052A000" lastname="Equinox start level thread - Equinox Container: 8e9ada42-b0c3-4" />
</exclusive-start>
<af-start id="1726" threadId="00000000006829C0" totalBytesRequested="48" timestamp="2026-09-06T07:07:16.197" intervalms="154.030" type="nursery" />
<cycle-start id="1727" type="scavenge" contextid="0" timestamp="2026-09-06T07:07:16.197" intervalms="154.005" />
<gc-start id="1728" type="scavenge" contextid="1727" timestamp="2026-09-06T07:07:16.197">
  <mem-info id="1729" free="6301064" total="53084160" percent="11">
    <mem type="nursery" free="0" total="19660800" percent="0">
      <mem type="allocate" free="0" total="13041664" percent="0" />
      <mem type="survivor" free="0" total="6619136" percent="0" />
    </mem>
    <mem type="tenure" free="6301064" total="33423360" percent="18">
      <mem type="soa" free="4629896" total="31752192" percent="14" />
      <mem type="loa" free="1671168" total="1671168" percent="100" />
    </mem>
    <remembered-set count="5022" />
  </mem-info>
</gc-start>
<allocation-stats totalBytes="8138272" discardedBytes="5576" >
  <allocated-bytes non-tlh="388872" tlh="7749400" />
  <largest-consumer threadName="Equinox start level thread - Equinox Container: 8e9ada42-b0c3-41aa-bc78-f04f94c8c87a" threadId="000000000051E900" bytes="2203520" />
</allocation-stats>
<gc-op id="1730" type="scavenge" timems="2.128" contextid="1727" timestamp="2026-09-06T07:07:16.199">
  <scavenger-info tenureage="3" tenuremask="7018" tiltratio="66" />
  <memory-copied type="nursery" objects="78566" bytes="3275872" bytesdiscarded="438096" />
  <memory-copied type="tenure" objects="30128" bytes="1796096" bytesdiscarded="2880" />
  <finalization candidates="151" enqueued="139" />
  <ownableSynchronizers candidates="2037" cleared="352" />
  <references type="soft" candidates="1110" cleared="0" enqueued="0" dynamicThreshold="9" maxThreshold="32" />
  <references type="weak" candidates="954" cleared="292" enqueued="292" />
  <references type="phantom" candidates="137" cleared="0" enqueued="0" />
  <object-monitors candidates="30" cleared="1"  />
</gc-op>
<gc-end id="1731" type="scavenge" contextid="1727" durationms="2.314" usertimems="14.679" systemtimems="0.000" stalltimems="6.960" timestamp="2026-09-06T07:07:16.200" activeThreads="10">
  <mem-info id="1732" free="13867496" total="53084160" percent="26">
    <mem type="nursery" free="9582488" total="19660800" percent="48">
      <mem type="allocate" free="9582488" total="13303808" percent="72" />
      <mem type="survivor" free="0" total="6356992" percent="0" />
    </mem>
    <mem type="tenure" free="4285008" total="33423360" percent="12">
      <mem type="soa" free="2613840" total="31752192" percent="8" />
      <mem type="loa" free="1671168" total="1671168" percent="100" />
    </mem>
    <pending-finalizers system="139" default="0" reference="292" classloader="0" />
    <remembered-set count="3440" />
  </mem-info>
</gc-end>
<cycle-end id="1733" type="scavenge" contextid="1727" timestamp="2026-09-06T07:07:16.200" />
<allocation-satisfied id="1734" threadId="0000000000681F00" bytesRequested="48" />
<af-end id="1735" timestamp="2026-09-06T07:07:16.200" threadId="00000000006829C0" success="true" from="nursery"/>
<exclusive-end id="1736" timestamp="2026-09-06T07:07:16.200" durationms="2.789" />

<concurrent-kickoff id="1737" timestamp="2026-09-06T07:07:16.230">
  <kickoff reason="threshold reached" targetBytes="14708604" thresholdFreeBytes="2033581"  remainingFree="1968552" tenureFreeBytes="4205104" nurseryFreeBytes="1968552" />
</concurrent-kickoff>
<exclusive-start id="1738" timestamp="2026-09-06T07:07:16.231" intervalms="33.819">
  <response-info timems="0.061" idlems="0.038" threads="1" lastid="0000000000522600" lastname="Equinox start level thread - Equinox Container: 8e9ada42-b0c3-4" />
</exclusive-start>
<cycle-start id="1739" type="global" contextid="0" timestamp="2026-09-06T07:07:16.231" intervalms="868.949" />
<concurrent-start id="1740" type="global mark" contextid="1739" timestamp="2026-09-06T07:07:16.231">
</concurrent-start>
<exclusive-end id="1741" timestamp="2026-09-06T07:07:16.231" durationms="0.118" />

<concurrent-end id="1742" type="global mark" contextid="1739" timestamp="2026-09-06T07:07:16.243">
<gc-op id="1743" type="trace" timems="12.458" contextid="1739" timestamp="2026-09-06T07:07:16.243">
  <trace bytesTraced="15010804" workStackOverflowCount="0" />
  <card-cleaning reason="card cleaning threshold reached" bytesTraced="54724" cardsCleaned="188" />
</gc-op>
</concurrent-end>

<exclusive-start id="1744" timestamp="2026-09-06T07:07:16.244" intervalms="12.856">
  <response-info timems="0.142" idlems="0.083" threads="1" lastid="0000000000522600" lastname="Equinox start level thread - Equinox Container: 8e9ada42-b0c3-4" />
</exclusive-start>
<af-start id="1745" threadId="0000000000526DC0" totalBytesRequested="72" timestamp="2026-09-06T07:07:16.244" intervalms="46.636" type="nursery" />
<percolate-collect id="1746" from="nursery" to="global" reason="concurrent mark exhausted" timestamp="2026-09-06T07:07:16.244"/>
<gc-start id="1747" type="global" contextid="1739" timestamp="2026-09-06T07:07:16.244">
  <mem-info id="1748" free="4182048" total="53084160" percent="7">
    <mem type="nursery" free="0" total="19660800" percent="0">
      <mem type="allocate" free="0" total="13303808" percent="0" />
      <mem type="survivor" free="0" total="6356992" percent="0" />
    </mem>
    <mem type="tenure" free="4182048" total="33423360" percent="12">
      <mem type="soa" free="2510880" total="31752192" percent="7" />
      <mem type="loa" free="1671168" total="1671168" percent="100" />
    </mem>
    <remembered-set count="5082" />
  </mem-info>
</gc-start>
<allocation-stats totalBytes="9682088" discardedBytes="3360" >
  <allocated-bytes non-tlh="671152" tlh="9010936" />
  <largest-consumer threadName="Equinox start level thread - Equinox Container: 8e9ada42-b0c3-41aa-bc78-f04f94c8c87a" threadId="000000000052A000" bytes="2789712" />
</allocation-stats>
<gc-op id="1749" type="rs-scan" timems="1.089" contextid="1739" timestamp="2026-09-06T07:07:16.245">
  <scan objectsFound="97148" bytesTraced="3218184" workStackOverflowCount="0" />
</gc-op>
<gc-op id="1750" type="card-cleaning" timems="0.218" contextid="1739" timestamp="2026-09-06T07:07:16.245">
  <card-cleaning cardsCleaned="32" bytesTraced="94052" workStackOverflowCount="0" />
</gc-op>
<gc-op id="1751" type="mark" timems="2.640" contextid="1739" timestamp="2026-09-06T07:07:16.248">
  <trace-info objectcount="3569" scancount="3402" scanbytes="112952" />
  <finalization candidates="715" enqueued="132" />
  <ownableSynchronizers candidates="3976" cleared="386" />
  <references type="soft" candidates="5170" cleared="13" enqueued="6" dynamicThreshold="9" maxThreshold="32" />
  <references type="weak" candidates="3185" cleared="400" enqueued="400" />
  <references type="phantom" candidates="365" cleared="0" enqueued="0" />
  <stringconstants candidates="17730" cleared="46"  />
  <object-monitors candidates="36" cleared="6"  />
</gc-op>
<gc-op id="1752" type="classunload" timems="0.010" contextid="1739" timestamp="2026-09-06T07:07:16.248">
  <classunload-info classloadercandidates="87" classloadersunloaded="0" classesunloaded="0" anonymousclassesunloaded="0" quiescems="0.000" setupms="0.010" scanms="0.000" postms="0.000" />
</gc-op>
<gc-op id="1753" type="sweep" timems="0.487" contextid="1739" timestamp="2026-09-06T07:07:16.249" />
<heap-resize id="1754" type="expand" space="tenure" amount="1900544" count="1" timems="0.055" reason="insufficient free space following gc" timestamp="2026-09-06T07:07:16.249" />
<gc-end id="1755" type="global" contextid="1739" durationms="4.858" usertimems="19.645" systemtimems="2.041" stalltimems="19.408" timestamp="2026-09-06T07:07:16.249" activeThreads="10">
  <mem-info id="1756" free="18301816" total="54984704" percent="33">
    <mem type="nursery" free="7698256" total="19660800" percent="39">
      <mem type="allocate" free="7698256" total="13303808" percent="57" />
      <mem type="survivor" free="0" total="6356992" percent="0" />
    </mem>
    <mem type="tenure" free="10603560" total="35323904" percent="30" micro-fragmented="658532" macro-fragmented="0">
      <mem type="soa" free="8837160" total="33557504" percent="26" />
      <mem type="loa" free="1766400" total="1766400" percent="100" />
    </mem>
    <pending-finalizers system="132" default="0" reference="406" classloader="0" />
    <remembered-set count="4318" />
  </mem-info>
</gc-end>
<cycle-end id="1757" type="global" contextid="1739" timestamp="2026-09-06T07:07:16.249" />
<allocation-satisfied id="1758" threadId="0000000000526300" bytesRequested="72" />
<af-end id="1759" timestamp="2026-09-06T07:07:16.249" threadId="0000000000526DC0" success="true" from="nursery"/>
<exclusive-end id="1760" timestamp="2026-09-06T07:07:16.249" durationms="5.242" />

<exclusive-start id="1761" timestamp="2026-09-06T07:07:16.264" intervalms="20.475">
  <response-info timems="0.057" idlems="0.057" threads="0" lastid="00000000004CBF00" lastname="Framework Event Dispatcher: Equinox Container: 8e9ada42-b0c3-41" />
</exclusive-start>
<af-start id="1762" threadId="00000000004CC9C0" totalBytesRequested="24" timestamp="2026-09-06T07:07:16.264" intervalms="20.507" type="nursery" />
<cycle-start id="1763" type="scavenge" contextid="0" timestamp="2026-09-06T07:07:16.264" intervalms="67.149" />
<gc-start id="1764" type="scavenge" contextid="1763" timestamp="2026-09-06T07:07:16.264">
  <mem-info id="1765" free="10569936" total="54984704" percent="19">
    <mem type="nursery" free="0" total="19660800" percent="0">
      <mem type="allocate" free="0" total="13303808" percent="0" />
      <mem type="survivor" free="0" total="6356992" percent="0" />
    </mem>
    <mem type="tenure" free="10569936" total="35323904" percent="29">
      <mem type="soa" free="8803536" total="33557504" percent="26" />
      <mem type="loa" free="1766400" total="1766400" percent="100" />
    </mem>
    <remembered-set count="5339" />
  </mem-info>
</gc-start>
<allocation-stats totalBytes="7697264" discardedBytes="30776" >
  <allocated-bytes non-tlh="354392" tlh="7342872" />
  <largest-consumer threadName="Equinox start level thread - Equinox Container: 8e9ada42-b0c3-41aa-bc78-f04f94c8c87a" threadId="0000000000522600" bytes="4749048" />
</allocation-stats>
<gc-op id="1766" type="scavenge" timems="2.165" contextid="1763" timestamp="2026-09-06T07:07:16.267">
  <scavenger-info tenureage="3" tenuremask="7008" tiltratio="67" />
  <memory-copied type="nursery" objects="74394" bytes="3352272" bytesdiscarded="460632" />
  <memory-copied type="tenure" objects="38474" bytes="1597184" bytesdiscarded="6088" />
  <finalization candidates="33" enqueued="10" />
  <ownableSynchronizers candidates="7295" cleared="5010" />
  <references type="soft" candidates="1280" cleared="0" enqueued="0" dynamicThreshold="9" maxThreshold="32" />
  <references type="weak" candidates="887" cleared="117" enqueued="117" />
  <references type="phantom" candidates="181" cleared="0" enqueued="0" />
  <object-monitors candidates="32" cleared="1"  />
</gc-op>
<gc-end id="1767" type="scavenge" contextid="1763" durationms="2.328" usertimems="13.565" systemtimems="2.226" stalltimems="6.028" timestamp="2026-09-06T07:07:16.267" activeThreads="10">
  <mem-info id="1768" free="18791312" total="54984704" percent="34">
    <mem type="nursery" free="9942000" total="19660800" percent="50">
      <mem type="allocate" free="9942000" total="13762560" percent="72" />
      <mem type="survivor" free="0" total="5898240" percent="0" />
    </mem>
    <mem type="tenure" free="8849312" total="35323904" percent="25">
      <mem type="soa" free="7082912" total="33557504" percent="21" />
      <mem type="loa" free="1766400" total="1766400" percent="100" />
    </mem>
    <pending-finalizers system="10" default="0" reference="117" classloader="0" />
    <remembered-set count="4273" />
  </mem-info>
</gc-end>
<cycle-end id="1769" type="scavenge" contextid="1763" timestamp="2026-09-06T07:07:16.267" />
<allocation-satisfied id="1770" threadId="00000000004CBF00" bytesRequested="24" />
<af-end id="1771" timestamp="2026-09-06T07:07:16.267" threadId="00000000004CC9C0" success="true" from="nursery"/>
<exclusive-end id="1772" timestamp="2026-09-06T07:07:16.267" durationms="2.822" />

<exclusive-start id="1773" timestamp="2026-09-06T07:07:16.320" intervalms="55.409">
  <response-info timems="0.295" idlems="0.121" threads="3" lastid="000000000051E900" lastname="Equinox start level thread - Equinox Container: 8e9ada42-b0c3-4" />
</exclusive-start>
<af-start id="1774" threadId="000000000052AAC0" totalBytesRequested="16392" timestamp="2026-09-06T07:07:16.320" intervalms="55.428" type="nursery" />
<cycle-start id="1775" type="scavenge" contextid="0" timestamp="2026-09-06T07:07:16.320" intervalms="55.448" />
<gc-start id="1776" type="scavenge" contextid="1775" timestamp="2026-09-06T07:07:16.320">
  <mem-info id="1777" free="8804104" total="54984704" percent="16">
    <mem type="nursery" free="0" total="19660800" percent="0">
      <mem type="allocate" free="0" total="13762560" percent="0" />
      <mem type="survivor" free="0" total="5898240" percent="0" />
    </mem>
    <mem type="tenure" free="8804104" total="35323904" percent="24">
      <mem type="soa" free="7037704" total="33557504" percent="20" />
      <mem type="loa" free="1766400" total="1766400" percent="100" />
    </mem>
    <remembered-set count="5238" />
  </mem-info>
</gc-start>
<allocation-stats totalBytes="9980968" discardedBytes="6240" >
  <allocated-bytes non-tlh="45232" tlh="9935736" />
  <largest-consumer threadName="Equinox start level thread - Equinox Container: 8e9ada42-b0c3-41aa-bc78-f04f94c8c87a" threadId="000000000052A000" bytes="3776800" />
</allocation-stats>
<gc-op id="1778" type="scavenge" timems="1.841" contextid="1775" timestamp="2026-09-06T07:07:16.322">
  <scavenger-info tenureage="3" tenuremask="7008" tiltratio="70" />
  <memory-copied type="nursery" objects="68478" bytes="3115464" bytesdiscarded="491504" />
  <memory-copied type="tenure" objects="19306" bytes="659208" bytesdiscarded="1008" />
  <finalization candidates="74" enqueued="51" />
  <ownableSynchronizers candidates="1929" cleared="187" />
  <references type="soft" candidates="1072" cleared="0" enqueued="0" dynamicThreshold="9" maxThreshold="32" />
  <references type="weak" candidates="1069" cleared="273" enqueued="273" />
  <references type="phantom" candidates="220" cleared="0" enqueued="0" />
  <object-monitors candidates="32" cleared="1"  />
</gc-op>
<gc-end id="1779" type="scavenge" contextid="1775" durationms="2.099" usertimems="11.803" systemtimems="0.113" stalltimems="5.674" timestamp="2026-09-06T07:07:16.322" activeThreads="10">
  <mem-info id="1780" free="18503416" total="54984704" percent="33">
    <mem type="nursery" free="10541360" total="19660800" percent="53">
      <mem type="allocate" free="10541360" total="14155776" percent="74" />
      <mem type="survivor" free="0" total="5505024" percent="0" />
    </mem>
    <mem type="tenure" free="7962056" total="35323904" percent="22">
      <mem type="soa" free="6195656" total="33557504" percent="18" />
      <mem type="loa" free="1766400" total="1766400" percent="100" />
    </mem>
    <pending-finalizers system="51" default="0" reference="273" classloader="0" />
    <remembered-set count="4481" />
  </mem-info>
</gc-end>
<cycle-end id="1781" type="scavenge" contextid="1775" timestamp="2026-09-06T07:07:16.322" />
<allocation-satisfied id="1782" threadId="000000000052A000" bytesRequested="16392" />
<af-end id="1783" timestamp="2026-09-06T07:07:16.322" threadId="000000000052AAC0" success="true" from="nursery"/>
<exclusive-end id="1784" timestamp="2026-09-06T07:07:16.322" durationms="2.605" />

<exclusive-start id="1785" timestamp="2026-09-06T07:07:16.360" intervalms="40.022">
  <response-info timems="0.049" idlems="0.033" threads="2" lastid="0000000000526300" lastname="Equinox start level thread - Equinox Container: 8e9ada42-b0c3-4" />
</exclusive-start>
<af-start id="1786" threadId="000000000052AAC0" totalBytesRequested="72" timestamp="2026-09-06T07:07:16.360" intervalms="40.005" type="nursery" />
<cycle-start id="1787" type="scavenge" contextid="0" timestamp="2026-09-06T07:07:16.360" intervalms="40.001" />
<gc-start id="1788" type="scavenge" contextid="1787" timestamp="2026-09-06T07:07:16.360">
  <mem-info id="1789" free="7918376" total="54984704" percent="14">
    <mem type="nursery" free="0" total="19660800" percent="0">
      <mem type="allocate" free="0" total="14155776" percent="0" />
      <mem type="survivor" free="0" total="5505024" percent="0" />
    </mem>
    <mem type="tenure" free="7918376" total="35323904" percent="22">
      <mem type="soa" free="6151976" total="33557504" percent="18" />
      <mem type="loa" free="1766400" total="1766400" percent="100" />
    </mem>
    <remembered-set count="5233" />
  </mem-info>
</gc-start>
<allocation-stats totalBytes="10578568" discardedBytes="5016" >
  <allocated-bytes non-tlh="58616" tlh="10519952" />
  <largest-consumer threadName="Equinox start level thread - Equinox Container: 8e9ada42-b0c3-41aa-bc78-f04f94c8c87a" threadId="000000000052A000" bytes="5233800" />
</allocation-stats>
<gc-op id="1790" type="scavenge" timems="1.957" contextid="1787" timestamp="2026-09-06T07:07:16.362">
  <scavenger-info tenureage="3" tenuremask="7008" tiltratio="72" />
  <memory-copied type="nursery" objects="78235" bytes="4373216" bytesdiscarded="352440" />
  <memory-copied type="tenure" objects="17394" bytes="636712" bytesdiscarded="1440" />
  <finalization candidates="42" enqueued="21" />
  <ownableSynchronizers candidates="1532" cleared="117" />
  <references type="soft" candidates="886" cleared="0" enqueued="0" dynamicThreshold="9" maxThreshold="32" />
  <references type="weak" candidates="1074" cleared="316" enqueued="316" />
  <references type="phantom" candidates="212" cleared="0" enqueued="0" />
  <object-monitors candidates="32" cleared="0"  />
</gc-op>
<gc-end id="1791" type="scavenge" contextid="1787" durationms="2.181" usertimems="12.252" systemtimems="1.142" stalltimems="6.448" timestamp="2026-09-06T07:07:16.362" activeThreads="10">
  <mem-info id="1792" free="15936560" total="54984704" percent="28">
    <mem type="nursery" free="8702344" total="19660800" percent="44">
      <mem type="allocate" free="8702344" total="13434880" percent="64" />
      <mem type="survivor" free="0" total="6225920" percent="0" />
    </mem>
    <mem type="tenure" free="7234216" total="35323904" percent="20">
      <mem type="soa" free="5467816" total="33557504" percent="16" />
      <mem type="loa" free="1766400" total="1766400" percent="100" />
    </mem>
    <pending-finalizers system="21" default="0" reference="316" classloader="0" />
    <remembered-set count="3617" />
  </mem-info>
</gc-end>
<cycle-end id="1793" type="scavenge" contextid="1787" timestamp="2026-09-06T07:07:16.362" />
<allocation-satisfied id="1794" threadId="000000000052A000" bytesRequested="72" />
<af-end id="1795" timestamp="2026-09-06T07:07:16.362" threadId="000000000052AAC0" success="true" from="nursery"/>
<exclusive-end id="1796" timestamp="2026-09-06T07:07:16.362" durationms="2.692" />

<exclusive-start id="1797" timestamp="2026-09-06T07:07:16.420" intervalms="60.742">
  <response-info timems="0.108" idlems="0.062" threads="3" lastid="000000000051E900" lastname="Equinox start level thread - Equinox Container: 8e9ada42-b0c3-4" />
</exclusive-start>
<af-start id="1798" threadId="0000000000526DC0" totalBytesRequested="72" timestamp="2026-09-06T07:07:16.420" intervalms="60.744" type="nursery" />
<cycle-start id="1799" type="scavenge" contextid="0" timestamp="2026-09-06T07:07:16.420" intervalms="60.728" />
<gc-start id="1800" type="scavenge" contextid="1799" timestamp="2026-09-06T07:07:16.421">
  <mem-info id="1801" free="7124760" total="54984704" percent="12">
    <mem type="nursery" free="0" total="19660800" percent="0">
      <mem type="allocate" free="0" total="13434880" percent="0" />
      <mem type="survivor" free="0" total="6225920" percent="0" />
    </mem>
    <mem type="tenure" free="7124760" total="35323904" percent="20">
      <mem type="soa" free="5358360" total="33557504" percent="15" />
      <mem type="loa" free="1766400" total="1766400" percent="100" />
    </mem>
    <remembered-set count="5464" />
  </mem-info>
</gc-start>
<allocation-stats totalBytes="8803824" discardedBytes="3784" >
  <allocated-bytes non-tlh="272592" tlh="8531232" />
  <largest-consumer threadName="Equinox start level thread - Equinox Container: 8e9ada42-b0c3-41aa-bc78-f04f94c8c87a" threadId="0000000000526300" bytes="3412288" />
</allocation-stats>
<gc-op id="1802" type="scavenge" timems="1.826" contextid="1799" timestamp="2026-09-06T07:07:16.423">
  <scavenger-info tenureage="11" tenuremask="7800" tiltratio="68" />
  <memory-copied type="nursery" objects="77894" bytes="3998880" bytesdiscarded="417984" />
  <finalization candidates="126" enqueued="93" />
  <ownableSynchronizers candidates="1586" cleared="179" />
  <references type="soft" candidates="1506" cleared="0" enqueued="0" dynamicThreshold="9" maxThreshold="32" />
  <references type="weak" candidates="1436" cleared="413" enqueued="413" />
  <references type="phantom" candidates="257" cleared="0" enqueued="0" />
  <object-monitors candidates="32" cleared="0"  />
</gc-op>
<gc-end id="1803" type="scavenge" contextid="1799" durationms="2.036" usertimems="11.555" systemtimems="0.033" stalltimems="6.843" timestamp="2026-09-06T07:07:16.423" activeThreads="10">
  <mem-info id="1804" free="16330712" total="54984704" percent="29">
    <mem type="nursery" free="9205952" total="19660800" percent="46">
      <mem type="allocate" free="9205952" total="13631488" percent="67" />
      <mem type="survivor" free="0" total="6029312" percent="0" />
    </mem>
    <mem type="tenure" free="7124760" total="35323904" percent="20">
      <mem type="soa" free="5358360" total="33557504" percent="15" />
      <mem type="loa" free="1766400" total="1766400" percent="100" />
    </mem>
    <pending-finalizers system="93" default="0" reference="413" classloader="0" />
    <remembered-set count="4864" />
  </mem-info>
</gc-end>
<cycle-end id="1805" type="scavenge" contextid="1799" timestamp="2026-09-06T07:07:16.423" />
<allocation-satisfied id="1806" threadId="0000000000526300" bytesRequested="72" />
<af-end id="1807" timestamp="2026-09-06T07:07:16.423" threadId="0000000000526DC0" success="true" from="nursery"/>
<exclusive-end id="1808" timestamp="2026-09-06T07:07:16.423" durationms="2.567" />

<exclusive-start id="1809" timestamp="2026-09-06T07:07:16.441" intervalms="20.788">
  <response-info timems="0.019" idlems="0.019" threads="0" lastid="0000000000522600" lastname="Equinox start level thread - Equinox Container: 8e9ada42-b0c3-4" />
</exclusive-start>
<af-start id="1810" threadId="00000000005230C0" totalBytesRequested="24" timestamp="2026-09-06T07:07:16.441" intervalms="20.774" type="nursery" />
<cycle-start id="1811" type="scavenge" contextid="0" timestamp="2026-09-06T07:07:16.441" intervalms="20.772" />
<gc-start id="1812" type="scavenge" contextid="1811" timestamp="2026-09-06T07:07:16.441">
  <mem-info id="1813" free="7057000" total="54984704" percent="12">
    <mem type="nursery" free="0" total="19660800" percent="0">
      <mem type="allocate" free="0" total="13631488" percent="0" />
      <mem type="survivor" free="0" total="6029312" percent="0" />
    </mem>
    <mem type="tenure" free="7057000" total="35323904" percent="19">
      <mem type="soa" free="5290600" total="33557504" percent="15" />
      <mem type="loa" free="1766400" total="1766400" percent="100" />
    </mem>
    <remembered-set count="6111" />
  </mem-info>
</gc-start>
<allocation-stats totalBytes="9271088" discardedBytes="2624" >
  <allocated-bytes non-tlh="67832" tlh="9203256" />
  <largest-consumer threadName="Equinox start level thread - Equinox Container: 8e9ada42-b0c3-41aa-bc78-f04f94c8c87a" threadId="0000000000526300" bytes="5223504" />
</allocation-stats>
<gc-op id="1814" type="scavenge" timems="1.928" contextid="1811" timestamp="2026-09-06T07:07:16.443">
  <scavenger-info tenureage="3" tenuremask="7808" tiltratio="69" />
  <memory-copied type="nursery" objects="79226" bytes="3847304" bytesdiscarded="184696" />
  <memory-copied type="tenure" objects="13648" bytes="680184" bytesdiscarded="4192" />
  <finalization candidates="58" enqueued="21" />
  <ownableSynchronizers candidates="1878" cleared="222" />
  <references type="soft" candidates="1362" cleared="0" enqueued="0" dynamicThreshold="9" maxThreshold="32" />
  <references type="weak" candidates="1166" cleared="192" enqueued="189" />
  <references type="phantom" candidates="191" cleared="0" enqueued="0" />
  <object-monitors candidates="32" cleared="0"  />
</gc-op>
<heap-resize id="1815" type="expand" space="nursery" amount="1179648" count="1" timems="0.017" reason="excessive time being spent scavenging" timestamp="2026-09-06T07:07:16.443" />
<gc-end id="1816" type="scavenge" contextid="1811" durationms="2.132" usertimems="12.580" systemtimems="0.787" stalltimems="6.172" timestamp="2026-09-06T07:07:16.443" activeThreads="10">
  <mem-info id="1817" free="17075240" total="56164352" percent="30">
    <mem type="nursery" free="10705208" total="20840448" percent="51">
      <mem type="allocate" free="10705208" total="14745600" percent="72" />
      <mem type="survivor" free="0" total="6094848" percent="0" />
    </mem>
    <mem type="tenure" free="6370032" total="35323904" percent="18">
      <mem type="soa" free="4603632" total="33557504" percent="13" />
      <mem type="loa" free="1766400" total="1766400" percent="100" />
    </mem>
    <pending-finalizers system="21" default="0" reference="189" classloader="0" />
    <remembered-set count="5676" />
  </mem-info>
</gc-end>
<cycle-end id="1818" type="scavenge" contextid="1811" timestamp="2026-09-06T07:07:16.444" />
<allocation-satisfied id="1819" threadId="0000000000522600" bytesRequested="24" />
<af-end id="1820" timestamp="2026-09-06T07:07:16.444" threadId="00000000005230C0" success="true" from="nursery"/>
<exclusive-end id="1821" timestamp="2026-09-06T07:07:16.444" durationms="2.639" />

<exclusive-start id="1822" timestamp="2026-09-06T07:07:16.476" intervalms="34.965">
  <response-info timems="0.052" idlems="0.052" threads="0" lastid="000000000052A000" lastname="Equinox start level thread - Equinox Container: 8e9ada42-b0c3-4" />
</exclusive-start>
<af-start id="1823" threadId="000000000052AAC0" totalBytesRequested="376" timestamp="2026-09-06T07:07:16.476" intervalms="34.981" type="nursery" />
<cycle-start id="1824" type="scavenge" contextid="0" timestamp="2026-09-06T07:07:16.476" intervalms="34.992" />
<gc-start id="1825" type="scavenge" contextid="1824" timestamp="2026-09-06T07:07:16.476">
  <mem-info id="1826" free="6286240" total="56164352" percent="11">
    <mem type="nursery" free="0" total="20840448" percent="0">
      <mem type="allocate" free="0" total="14745600" percent="0" />
      <mem type="survivor" free="0" total="6094848" percent="0" />
    </mem>
    <mem type="tenure" free="6286240" total="35323904" percent="17">
      <mem type="soa" free="4519840" total="33557504" percent="13" />
      <mem type="loa" free="1766400" total="1766400" percent="100" />
    </mem>
    <remembered-set count="7219" />
  </mem-info>
</gc-start>
<allocation-stats totalBytes="10782264" discardedBytes="5272" >
  <allocated-bytes non-tlh="766920" tlh="10015344" />
  <largest-consumer threadName="Equinox start level thread - Equinox Container: 8e9ada42-b0c3-41aa-bc78-f04f94c8c87a" threadId="0000000000526300" bytes="4044440" />
</allocation-stats>
<gc-op id="1827" type="scavenge" timems="2.083" contextid="1824" timestamp="2026-09-06T07:07:16.478">
  <scavenger-info tenureage="3" tenuremask="7808" tiltratio="70" />
  <memory-copied type="nursery" objects="94687" bytes="4526280" bytesdiscarded="157080" />
  <memory-copied type="tenure" objects="9614" bytes="684952" bytesdiscarded="968" />
  <finalization candidates="119" enqueued="78" />
  <ownableSynchronizers candidates="2110" cleared="287" />
  <references type="soft" candidates="2055" cleared="0" enqueued="0" dynamicThreshold="9" maxThreshold="32" />
  <references type="weak" candidates="1397" cleared="219" enqueued="219" />
  <references type="phantom" candidates="175" cleared="0" enqueued="0" />
  <object-monitors candidates="32" cleared="0"  />
</gc-op>
<gc-end id="1828" type="scavenge" contextid="1824" durationms="2.253" usertimems="15.015" systemtimems="0.000" stalltimems="6.114" timestamp="2026-09-06T07:07:16.479" activeThreads="10">
  <mem-info id="1829" free="15770160" total="56164352" percent="28">
    <mem type="nursery" free="10250128" total="20840448" percent="49">
      <mem type="allocate" free="10250128" total="14942208" percent="68" />
      <mem type="survivor" free="0" total="5898240" percent="0" />
    </mem>
    <mem type="tenure" free="5520032" total="35323904" percent="15">
      <mem type="soa" free="3753632" total="33557504" percent="11" />
      <mem type="loa" free="1766400" total="1766400" percent="100" />
    </mem>
    <pending-finalizers system="78" default="0" reference="219" classloader="0" />
    <remembered-set count="5890" />
  </mem-info>
</gc-end>
<cycle-end id="1830" type="scavenge" contextid="1824" timestamp="2026-09-06T07:07:16.479" />
<allocation-satisfied id="1831" threadId="000000000052A000" bytesRequested="376" />
<af-end id="1832" timestamp="2026-09-06T07:07:16.479" threadId="000000000052AAC0" success="true" from="nursery"/>
<exclusive-end id="1833" timestamp="2026-09-06T07:07:16.479" durationms="2.729" />

<exclusive-start id="1834" timestamp="2026-09-06T07:07:16.515" intervalms="38.865">
  <response-info timems="0.025" idlems="0.025" threads="0" lastid="0000000000522600" lastname="Equinox start level thread - Equinox Container: 8e9ada42-b0c3-4" />
</exclusive-start>
<af-start id="1835" threadId="00000000005230C0" totalBytesRequested="22584" timestamp="2026-09-06T07:07:16.515" intervalms="38.922" type="nursery" />
<cycle-start id="1836" type="scavenge" contextid="0" timestamp="2026-09-06T07:07:16.515" intervalms="38.925" />
<gc-start id="1837" type="scavenge" contextid="1836" timestamp="2026-09-06T07:07:16.515">
  <mem-info id="1838" free="5413608" total="56164352" percent="9">
    <mem type="nursery" free="0" total="20840448" percent="0">
      <mem type="allocate" free="0" total="14942208" percent="0" />
      <mem type="survivor" free="0" total="5898240" percent="0" />
    </mem>
    <mem type="tenure" free="5413608" total="35323904" percent="15">
      <mem type="soa" free="3647208" total="33557504" percent="10" />
      <mem type="loa" free="1766400" total="1766400" percent="100" />
    </mem>
    <remembered-set count="7476" />
  </mem-info>
</gc-start>
<allocation-stats totalBytes="10328360" discardedBytes="28192" >
  <allocated-bytes non-tlh="106800" tlh="10221560" />
  <largest-consumer threadName="Equinox start level thread - Equinox Container: 8e9ada42-b0c3-41aa-bc78-f04f94c8c87a" threadId="0000000000526300" bytes="3882872" />
</allocation-stats>
<gc-op id="1839" type="scavenge" timems="2.226" contextid="1836" timestamp="2026-09-06T07:07:16.518">
  <scavenger-info tenureage="3" tenuremask="7c08" tiltratio="71" />
  <memory-copied type="nursery" objects="92183" bytes="4024232" bytesdiscarded="206120" />
  <memory-copied type="tenure" objects="17129" bytes="1026088" bytesdiscarded="640" />
  <finalization candidates="211" enqueued="132" />
  <ownableSynchronizers candidates="2211" cleared="139" />
  <references type="soft" candidates="1735" cleared="0" enqueued="0" dynamicThreshold="9" maxThreshold="32" />
  <references type="weak" candidates="1634" cleared="502" enqueued="501" />
  <references type="phantom" candidates="150" cleared="0" enqueued="0" />
  <object-monitors candidates="32" cleared="0"  />
</gc-op>
<heap-resize id="1840" type="expand" space="nursery" amount="786432" count="1" timems="0.023" reason="excessive time being spent scavenging" timestamp="2026-09-06T07:07:16.518" />
<gc-end id="1841" type="scavenge" contextid="1836" durationms="2.451" usertimems="15.325" systemtimems="0.452" stalltimems="6.316" timestamp="2026-09-06T07:07:16.518" activeThreads="10">
  <mem-info id="1842" free="15375952" total="56950784" percent="26">
    <mem type="nursery" free="11358680" total="21626880" percent="52">
      <mem type="allocate" free="11358680" total="15597568" percent="72" />
      <mem type="survivor" free="0" total="6029312" percent="0" />
    </mem>
    <mem type="tenure" free="4017272" total="35323904" percent="11">
      <mem type="soa" free="2250872" total="33557504" percent="6" />
      <mem type="loa" free="1766400" total="1766400" percent="100" />
    </mem>
    <pending-finalizers system="132" default="0" reference="501" classloader="0" />
    <remembered-set count="6164" />
  </mem-info>
</gc-end>
<cycle-end id="1843" type="scavenge" contextid="1836" timestamp="2026-09-06T07:07:16.518" />
<allocation-satisfied id="1844" threadId="0000000000522600" bytesRequested="22584" />
<af-end id="1845" timestamp="2026-09-06T07:07:16.518" threadId="00000000005230C0" success="true" from="nursery"/>
<exclusive-end id="1846" timestamp="2026-09-06T07:07:16.518" durationms="3.037" />

<concurrent-kickoff id="1847" timestamp="2026-09-06T07:07:16.622">
  <kickoff reason="threshold reached" targetBytes="15636637" thresholdFreeBytes="2155959"  remainingFree="2133744" tenureFreeBytes="3743784" nurseryFreeBytes="2133744" />
</concurrent-kickoff>
<exclusive-start id="1848" timestamp="2026-09-06T07:07:16.623" intervalms="107.798">
  <response-info timems="0.016" idlems="0.016" threads="0" lastid="0000000000516C00" lastname="Start Level: Equinox Container: 8e9ada42-b0c3-41aa-bc78-f04f94c" />
</exclusive-start>
<cycle-start id="1849" type="global" contextid="0" timestamp="2026-09-06T07:07:16.623" intervalms="391.913" />
<concurrent-start id="1850" type="global mark" contextid="1849" timestamp="2026-09-06T07:07:16.623">
</concurrent-start>
<exclusive-end id="1851" timestamp="2026-09-06T07:07:16.623" durationms="0.140" />

<concurrent-end id="1852" type="global mark" contextid="1849" timestamp="2026-09-06T07:07:16.640">
<gc-op id="1853" type="trace" timems="17.005" contextid="1849" timestamp="2026-09-06T07:07:16.640">
  <trace bytesTraced="18234292" workStackOverflowCount="0" />
  <card-cleaning reason="card cleaning threshold reached" bytesTraced="63104" cardsCleaned="177" />
</gc-op>
</concurrent-end>

<exclusive-start id="1854" timestamp="2026-09-06T07:07:16.641" intervalms="18.156">
  <response-info timems="0.023" idlems="0.023" threads="0" lastid="0000000000681F00" lastname="Config-Thread-2" />
</exclusive-start>
<concurrent-global-final id="1855" timestamp="2026-09-06T07:07:16.641" contextid="1849" intervalms="1267.672" >
  <concurrent-trace-info reason="card cleaning threshold reached" tracedByMutators="4535728" tracedByHelpers="13761668" cardsCleaned="177" workStackOverflowCount="0" />
</concurrent-global-final>
<gc-start id="1856" type="global" contextid="1849" timestamp="2026-09-06T07:07:16.641">
  <mem-info id="1857" free="3956448" total="56950784" percent="6">
    <mem type="nursery" free="225936" total="21626880" percent="1">
      <mem type="allocate" free="225936" total="15597568" percent="1" />
      <mem type="survivor" free="0" total="6029312" percent="0" />
    </mem>
    <mem type="tenure" free="3730512" total="35323904" percent="10">
      <mem type="soa" free="1964112" total="33557504" percent="5" />
      <mem type="loa" free="1766400" total="1766400" percent="100" />
    </mem>
    <remembered-set count="10515" />
  </mem-info>
</gc-start>
<allocation-stats totalBytes="11409360" discardedBytes="10144" >
  <allocated-bytes non-tlh="594520" tlh="10814840" />
  <largest-consumer threadName="Equinox start level thread - Equinox Container: 8e9ada42-b0c3-41aa-bc78-f04f94c8c87a" threadId="0000000000522600" bytes="3936816" />
</allocation-stats>
<gc-op id="1858" type="rs-scan" timems="1.308" contextid="1849" timestamp="2026-09-06T07:07:16.642">
  <scan objectsFound="114159" bytesTraced="4071632" workStackOverflowCount="0" />
</gc-op>
<gc-op id="1859" type="card-cleaning" timems="0.259" contextid="1849" timestamp="2026-09-06T07:07:16.643">
  <card-cleaning cardsCleaned="17" bytesTraced="141848" workStackOverflowCount="0" />
</gc-op>
<gc-op id="1860" type="mark" timems="3.196" contextid="1849" timestamp="2026-09-06T07:07:16.646">
  <trace-info objectcount="11119" scancount="10164" scanbytes="275904" />
  <finalization candidates="937" enqueued="323" />
  <ownableSynchronizers candidates="5941" cleared="155" />
  <references type="soft" candidates="7648" cleared="366" enqueued="358" dynamicThreshold="9" maxThreshold="32" />
  <references type="weak" candidates="5306" cleared="735" enqueued="735" />
  <references type="phantom" candidates="351" cleared="3" enqueued="3" />
  <stringconstants candidates="23660" cleared="104"  />
  <object-monitors candidates="35" cleared="0"  />
</gc-op>
<gc-op id="1861" type="classunload" timems="1.610" contextid="1849" timestamp="2026-09-06T07:07:16.648">
  <classunload-info classloadercandidates="236" classloadersunloaded="0" classesunloaded="17" anonymousclassesunloaded="17" quiescems="0.000" setupms="1.455" scanms="0.153" postms="0.001" />
</gc-op>
<gc-op id="1862" type="sweep" timems="0.551" contextid="1849" timestamp="2026-09-06T07:07:16.648" />
<heap-resize id="1863" type="expand" space="tenure" amount="6619136" count="1" timems="0.049" reason="insufficient free space following gc" timestamp="2026-09-06T07:07:16.648" />
<gc-end id="1864" type="global" contextid="1849" durationms="7.418" usertimems="27.075" systemtimems="2.498" stalltimems="21.730" timestamp="2026-09-06T07:07:16.648" activeThreads="10">
  <mem-info id="1865" free="21364152" total="63569920" percent="33">
    <mem type="nursery" free="8763152" total="21626880" percent="40">
      <mem type="allocate" free="8763152" total="15597568" percent="56" />
      <mem type="survivor" free="0" total="6029312" percent="0" />
    </mem>
    <mem type="tenure" free="12601000" total="41943040" percent="30" micro-fragmented="936417" macro-fragmented="0">
      <mem type="soa" free="10503848" total="39845888" percent="26" />
      <mem type="loa" free="2097152" total="2097152" percent="100" />
    </mem>
    <pending-finalizers system="323" default="0" reference="1096" classloader="0" />
    <remembered-set count="9083" />
  </mem-info>
</gc-end>
<cycle-end id="1866" type="global" contextid="1849" timestamp="2026-09-06T07:07:16.649" />
<exclusive-end id="1867" timestamp="2026-09-06T07:07:16.649" durationms="7.759" />

<exclusive-start id="1868" timestamp="2026-09-06T07:07:16.758" intervalms="117.454">
  <response-info timems="0.019" idlems="0.019" threads="0" lastid="00000000004CBF00" lastname="Framework Event Dispatcher: Equinox Container: 8e9ada42-b0c3-41" />
</exclusive-start>
<af-start id="1869" threadId="00000000004CC9C0" totalBytesRequested="40" timestamp="2026-09-06T07:07:16.758" intervalms="243.344" type="nursery" />
<cycle-start id="1870" type="scavenge" contextid="0" timestamp="2026-09-06T07:07:16.758" intervalms="243.337" />
<gc-start id="1871" type="scavenge" contextid="1870" timestamp="2026-09-06T07:07:16.759">
  <mem-info id="1872" free="12435520" total="63569920" percent="19">
    <mem type="nursery" free="0" total="21626880" percent="0">
      <mem type="allocate" free="0" total="15597568" percent="0" />
      <mem type="survivor" free="0" total="6029312" percent="0" />
    </mem>
    <mem type="tenure" free="12435520" total="41943040" percent="29">
      <mem type="soa" free="10338368" total="39845888" percent="25" />
      <mem type="loa" free="2097152" total="2097152" percent="100" />
    </mem>
    <remembered-set count="12066" />
  </mem-info>
</gc-start>
<allocation-stats totalBytes="8839936" discardedBytes="72288" >
  <allocated-bytes non-tlh="1422640" tlh="7417296" />
  <largest-consumer threadName="Start Level: Equinox Container: 8e9ada42-b0c3-41aa-bc78-f04f94c8c87a" threadId="0000000000516C00" bytes="5972496" />
</allocation-stats>
<gc-op id="1873" type="scavenge" timems="2.860" contextid="1870" timestamp="2026-09-06T07:07:16.762">
  <scavenger-info tenureage="10" tenuremask="7c00" tiltratio="72" />
  <memory-copied type="nursery" objects="132499" bytes="5996488" bytesdiscarded="22032" />
  <memory-copied type="tenure" objects="9102" bytes="286480" bytesdiscarded="1672" />
  <copy-failed type="nursery" objects="9102" bytes="286912" />
  <finalization candidates="1211" enqueued="257" />
  <ownableSynchronizers candidates="9593" cleared="7369" />
  <references type="soft" candidates="2752" cleared="0" enqueued="0" dynamicThreshold="9" maxThreshold="32" />
  <references type="weak" candidates="2583" cleared="440" enqueued="437" />
  <references type="phantom" candidates="198" cleared="7" enqueued="7" />
  <object-monitors candidates="35" cleared="0"  />
</gc-op>
<gc-end id="1874" type="scavenge" contextid="1870" durationms="3.036" usertimems="19.911" systemtimems="1.738" stalltimems="6.316" timestamp="2026-09-06T07:07:16.762" activeThreads="10">
  <mem-info id="1875" free="17930720" total="63569920" percent="28">
    <mem type="nursery" free="5832704" total="21626880" percent="26">
      <mem type="allocate" free="5832704" total="11862016" percent="49" />
      <mem type="survivor" free="0" total="9764864" percent="0" />
    </mem>
    <mem type="tenure" free="12098016" total="41943040" percent="28">
      <mem type="soa" free="10000864" total="39845888" percent="25" />
      <mem type="loa" free="2097152" total="2097152" percent="100" />
    </mem>
    <pending-finalizers system="257" default="0" reference="444" classloader="0" />
    <remembered-set count="13254" />
  </mem-info>
</gc-end>
<cycle-end id="1876" type="scavenge" contextid="1870" timestamp="2026-09-06T07:07:16.762" />
<allocation-satisfied id="1877" threadId="00000000004CBF00" bytesRequested="40" />
<af-end id="1878" timestamp="2026-09-06T07:07:16.762" threadId="00000000004CC9C0" success="true" from="nursery"/>
<exclusive-end id="1879" timestamp="2026-09-06T07:07:16.762" durationms="3.618" />

<exclusive-start id="1880" timestamp="2026-09-06T07:07:16.828" intervalms="69.442">
  <response-info timems="0.019" idlems="0.019" threads="0" lastid="0000000000516C00" lastname="Start Level: Equinox Container: 8e9ada42-b0c3-41aa-bc78-f04f94c" />
</exclusive-start>
<af-start id="1881" threadId="00000000005176C0" totalBytesRequested="72" timestamp="2026-09-06T07:07:16.828" intervalms="69.447" type="nursery" />
<cycle-start id="1882" type="scavenge" contextid="0" timestamp="2026-09-06T07:07:16.828" intervalms="69.462" />
<gc-start id="1883" type="scavenge" contextid="1882" timestamp="2026-09-06T07:07:16.828">
  <mem-info id="1884" free="12048160" total="63569920" percent="18">
    <mem type="nursery" free="0" total="21626880" percent="0">
      <mem type="allocate" free="0" total="11862016" percent="0" />
      <mem type="survivor" free="0" total="9764864" percent="0" />
    </mem>
    <mem type="tenure" free="12048160" total="41943040" percent="28">
      <mem type="soa" free="9951008" total="39845888" percent="24" />
      <mem type="loa" free="2097152" total="2097152" percent="100" />
    </mem>
    <remembered-set count="14108" />
  </mem-info>
</gc-start>
<allocation-stats totalBytes="5876016" discardedBytes="1304" >
  <allocated-bytes non-tlh="44656" tlh="5831360" />
  <largest-consumer threadName="Start Level: Equinox Container: 8e9ada42-b0c3-41aa-bc78-f04f94c8c87a" threadId="0000000000516C00" bytes="5834776" />
</allocation-stats>
<gc-op id="1885" type="scavenge" timems="2.979" contextid="1882" timestamp="2026-09-06T07:07:16.831">
  <scavenger-info tenureage="3" tenuremask="7f18" tiltratio="54" />
  <memory-copied type="nursery" objects="82264" bytes="3731560" bytesdiscarded="556256" />
  <memory-copied type="tenure" objects="68667" bytes="3211264" bytesdiscarded="2536" />
  <finalization candidates="1004" enqueued="50" />
  <ownableSynchronizers candidates="2395" cleared="105" />
  <references type="soft" candidates="1881" cleared="0" enqueued="0" dynamicThreshold="9" maxThreshold="32" />
  <references type="weak" candidates="1565" cleared="218" enqueued="217" />
  <references type="phantom" candidates="96" cleared="0" enqueued="0" />
  <object-monitors candidates="35" cleared="0"  />
</gc-op>
<gc-end id="1886" type="scavenge" contextid="1882" durationms="3.275" usertimems="22.077" systemtimems="0.000" stalltimems="6.426" timestamp="2026-09-06T07:07:16.831" activeThreads="10">
  <mem-info id="1887" free="16456264" total="63569920" percent="25">
    <mem type="nursery" free="8094160" total="21626880" percent="37">
      <mem type="allocate" free="8094160" total="12386304" percent="65" />
      <mem type="survivor" free="0" total="9240576" percent="0" />
    </mem>
    <mem type="tenure" free="8362104" total="41943040" percent="19">
      <mem type="soa" free="6264952" total="39845888" percent="15" />
      <mem type="loa" free="2097152" total="2097152" percent="100" />
    </mem>
    <pending-finalizers system="50" default="0" reference="217" classloader="0" />
    <remembered-set count="9132" />
  </mem-info>
</gc-end>
<cycle-end id="1888" type="scavenge" contextid="1882" timestamp="2026-09-06T07:07:16.831" />
<allocation-satisfied id="1889" threadId="0000000000516C00" bytesRequested="72" />
<af-end id="1890" timestamp="2026-09-06T07:07:16.832" threadId="00000000005176C0" success="true" from="nursery"/>
<exclusive-end id="1891" timestamp="2026-09-06T07:07:16.832" durationms="3.830" />

<exclusive-start id="1892" timestamp="2026-09-06T07:07:16.883" intervalms="55.467">
  <response-info timems="0.019" idlems="0.019" threads="0" lastid="0000000000516C00" lastname="Start Level: Equinox Container: 8e9ada42-b0c3-41aa-bc78-f04f94c" />
</exclusive-start>
<af-start id="1893" threadId="00000000005176C0" totalBytesRequested="16" timestamp="2026-09-06T07:07:16.883" intervalms="55.443" type="nursery" />
<cycle-start id="1894" type="scavenge" contextid="0" timestamp="2026-09-06T07:07:16.883" intervalms="55.437" />
<gc-start id="1895" type="scavenge" contextid="1894" timestamp="2026-09-06T07:07:16.884">
  <mem-info id="1896" free="8304632" total="63569920" percent="13">
    <mem type="nursery" free="0" total="21626880" percent="0">
      <mem type="allocate" free="0" total="12386304" percent="0" />
      <mem type="survivor" free="0" total="9240576" percent="0" />
    </mem>
    <mem type="tenure" free="8304632" total="41943040" percent="19">
      <mem type="soa" free="6207480" total="39845888" percent="15" />
      <mem type="loa" free="2097152" total="2097152" percent="100" />
    </mem>
    <remembered-set count="10155" />
  </mem-info>
</gc-start>
<allocation-stats totalBytes="8149888" discardedBytes="1744" >
  <allocated-bytes non-tlh="57544" tlh="8092344" />
  <largest-consumer threadName="Start Level: Equinox Container: 8e9ada42-b0c3-41aa-bc78-f04f94c8c87a" threadId="0000000000516C00" bytes="8117120" />
</allocation-stats>
<gc-op id="1897" type="scavenge" timems="1.911" contextid="1894" timestamp="2026-09-06T07:07:16.886">
  <scavenger-info tenureage="8" tenuremask="7f00" tiltratio="57" />
  <memory-copied type="nursery" objects="81617" bytes="3644472" bytesdiscarded="197368" />
  <finalization candidates="982" enqueued="53" />
  <ownableSynchronizers candidates="1338" cleared="91" />
  <references type="soft" candidates="2132" cleared="0" enqueued="0" dynamicThreshold="9" maxThreshold="32" />
  <references type="weak" candidates="1804" cleared="337" enqueued="337" />
  <references type="phantom" candidates="129" cleared="5" enqueued="5" />
  <object-monitors candidates="36" cleared="0"  />
</gc-op>
<gc-end id="1898" type="scavenge" contextid="1894" durationms="2.094" usertimems="11.564" systemtimems="1.100" stalltimems="6.610" timestamp="2026-09-06T07:07:16.886" activeThreads="10">
  <mem-info id="1899" free="17826672" total="63569920" percent="28">
    <mem type="nursery" free="9522040" total="21626880" percent="44">
      <mem type="allocate" free="9522040" total="13369344" percent="71" />
      <mem type="survivor" free="0" total="8257536" percent="0" />
    </mem>
    <mem type="tenure" free="8304632" total="41943040" percent="19">
      <mem type="soa" free="6207480" total="39845888" percent="15" />
      <mem type="loa" free="2097152" total="2097152" percent="100" />
    </mem>
    <pending-finalizers system="53" default="0" reference="342" classloader="0" />
    <remembered-set count="5357" />
  </mem-info>
</gc-end>
<cycle-end id="1900" type="scavenge" contextid="1894" timestamp="2026-09-06T07:07:16.886" />
<allocation-satisfied id="1901" threadId="0000000000516C00" bytesRequested="16" />
<af-end id="1902" timestamp="2026-09-06T07:07:16.886" threadId="00000000005176C0" success="true" from="nursery"/>
<exclusive-end id="1903" timestamp="2026-09-06T07:07:16.886" durationms="2.728" />

<exclusive-start id="1904" timestamp="2026-09-06T07:07:17.007" intervalms="123.801">
  <response-info timems="0.019" idlems="0.019" threads="0" lastid="0000000000516C00" lastname="Start Level: Equinox Container: 8e9ada42-b0c3-41aa-bc78-f04f94c" />
</exclusive-start>
<af-start id="1905" threadId="00000000005176C0" totalBytesRequested="432" timestamp="2026-09-06T07:07:17.007" intervalms="123.830" type="nursery" />
<cycle-start id="1906" type="scavenge" contextid="0" timestamp="2026-09-06T07:07:17.007" intervalms="123.841" />
<gc-start id="1907" type="scavenge" contextid="1906" timestamp="2026-09-06T07:07:17.007">
  <mem-info id="1908" free="7961400" total="63569920" percent="12">
    <mem type="nursery" free="0" total="21626880" percent="0">
      <mem type="allocate" free="0" total="13369344" percent="0" />
      <mem type="survivor" free="0" total="8257536" percent="0" />
    </mem>
    <mem type="tenure" free="7961400" total="41943040" percent="18">
      <mem type="soa" free="5864248" total="39845888" percent="14" />
      <mem type="loa" free="2097152" total="2097152" percent="100" />
    </mem>
    <remembered-set count="10296" />
  </mem-info>
</gc-start>
<allocation-stats totalBytes="9863184" discardedBytes="2088" >
  <allocated-bytes non-tlh="343248" tlh="9519936" />
  <largest-consumer threadName="Start Level: Equinox Container: 8e9ada42-b0c3-41aa-bc78-f04f94c8c87a" threadId="0000000000516C00" bytes="9826320" />
</allocation-stats>
<gc-op id="1909" type="scavenge" timems="2.342" contextid="1906" timestamp="2026-09-06T07:07:17.010">
  <scavenger-info tenureage="3" tenuremask="7f18" tiltratio="61" />
  <memory-copied type="nursery" objects="39440" bytes="1778736" bytesdiscarded="440320" />
  <memory-copied type="tenure" objects="62802" bytes="2756368" bytesdiscarded="1752" />
  <finalization candidates="1020" enqueued="89" />
  <ownableSynchronizers candidates="1485" cleared="67" />
  <references type="soft" candidates="902" cleared="0" enqueued="0" dynamicThreshold="9" maxThreshold="32" />
  <references type="weak" candidates="8545" cleared="387" enqueued="384" />
  <references type="phantom" candidates="71" cleared="0" enqueued="0" />
  <object-monitors candidates="36" cleared="0"  />
</gc-op>
<gc-end id="1910" type="scavenge" contextid="1906" durationms="2.561" usertimems="14.029" systemtimems="3.198" stalltimems="6.277" timestamp="2026-09-06T07:07:17.010" activeThreads="10">
  <mem-info id="1911" free="17185400" total="63569920" percent="27">
    <mem type="nursery" free="11933840" total="21626880" percent="55">
      <mem type="allocate" free="11933840" total="14155776" percent="84" />
      <mem type="survivor" free="0" total="7471104" percent="0" />
    </mem>
    <mem type="tenure" free="5251560" total="41943040" percent="12">
      <mem type="soa" free="3154408" total="39845888" percent="7" />
      <mem type="loa" free="2097152" total="2097152" percent="100" />
    </mem>
    <pending-finalizers system="89" default="0" reference="384" classloader="0" />
    <remembered-set count="6554" />
  </mem-info>
</gc-end>
<cycle-end id="1912" type="scavenge" contextid="1906" timestamp="2026-09-06T07:07:17.010" />
<allocation-satisfied id="1913" threadId="0000000000516C00" bytesRequested="432" />
<af-end id="1914" timestamp="2026-09-06T07:07:17.010" threadId="00000000005176C0" success="true" from="nursery"/>
<exclusive-end id="1915" timestamp="2026-09-06T07:07:17.010" durationms="3.173" />

<concurrent-kickoff id="1916" timestamp="2026-09-06T07:07:17.080">
  <kickoff reason="threshold reached" targetBytes="19175742" thresholdFreeBytes="2644975"  remainingFree="2336912" tenureFreeBytes="5190952" nurseryFreeBytes="2336912" />
</concurrent-kickoff>
<exclusive-start id="1917" timestamp="2026-09-06T07:07:17.080" intervalms="73.281">
  <response-info timems="0.018" idlems="0.018" threads="0" lastid="0000000000516C00" lastname="Start Level: Equinox Container: 8e9ada42-b0c3-41aa-bc78-f04f94c" />
</exclusive-start>
<cycle-start id="1918" type="global" contextid="0" timestamp="2026-09-06T07:07:17.080" intervalms="457.603" />
<concurrent-start id="1919" type="global mark" contextid="1918" timestamp="2026-09-06T07:07:17.080">
</concurrent-start>
<exclusive-end id="1920" timestamp="2026-09-06T07:07:17.080" durationms="0.130" />

<concurrent-end id="1921" type="global mark" contextid="1918" timestamp="2026-09-06T07:07:17.100">
<gc-op id="1922" type="trace" timems="19.416" contextid="1918" timestamp="2026-09-06T07:07:17.100">
  <trace bytesTraced="22912408" workStackOverflowCount="0" />
  <card-cleaning reason="card cleaning threshold reached" bytesTraced="66680" cardsCleaned="123" />
</gc-op>
</concurrent-end>

<exclusive-start id="1923" timestamp="2026-09-06T07:07:17.100" intervalms="19.681">
  <response-info timems="0.022" idlems="0.022" threads="0" lastid="0000000000516C00" lastname="Start Level: Equinox Container: 8e9ada42-b0c3-41aa-bc78-f04f94c" />
</exclusive-start>
<concurrent-global-final id="1924" timestamp="2026-09-06T07:07:17.100" contextid="1918" intervalms="459.110" >
  <concurrent-trace-info reason="card cleaning threshold reached" tracedByMutators="4733876" tracedByHelpers="18245212" cardsCleaned="123" workStackOverflowCount="0" />
</concurrent-global-final>
<gc-start id="1925" type="global" contextid="1918" timestamp="2026-09-06T07:07:17.100">
  <mem-info id="1926" free="5636144" total="63569920" percent="8">
    <mem type="nursery" free="452752" total="21626880" percent="2">
      <mem type="allocate" free="452752" total="14155776" percent="3" />
      <mem type="survivor" free="0" total="7471104" percent="0" />
    </mem>
    <mem type="tenure" free="5183392" total="41943040" percent="12">
      <mem type="soa" free="3086240" total="39845888" percent="7" />
      <mem type="loa" free="2097152" total="2097152" percent="100" />
    </mem>
    <remembered-set count="7703" />
  </mem-info>
</gc-start>
<allocation-stats totalBytes="11544128" discardedBytes="5128" >
  <allocated-bytes non-tlh="121880" tlh="11422248" />
  <largest-consumer threadName="Start Level: Equinox Container: 8e9ada42-b0c3-41aa-bc78-f04f94c8c87a" threadId="0000000000516C00" bytes="10907864" />
</allocation-stats>
<gc-op id="1927" type="rs-scan" timems="0.841" contextid="1918" timestamp="2026-09-06T07:07:17.101">
  <scan objectsFound="49220" bytesTraced="2074008" workStackOverflowCount="0" />
</gc-op>
<gc-op id="1928" type="card-cleaning" timems="0.167" contextid="1918" timestamp="2026-09-06T07:07:17.101">
  <card-cleaning cardsCleaned="2" bytesTraced="32404" workStackOverflowCount="0" />
</gc-op>
<gc-op id="1929" type="mark" timems="3.038" contextid="1918" timestamp="2026-09-06T07:07:17.104">
  <trace-info objectcount="2353" scancount="2275" scanbytes="80300" />
  <finalization candidates="1589" enqueued="88" />
  <ownableSynchronizers candidates="6934" cleared="192" />
  <references type="soft" candidates="9462" cleared="0" enqueued="0" dynamicThreshold="9" maxThreshold="32" />
  <references type="weak" candidates="13769" cleared="237" enqueued="230" />
  <references type="phantom" candidates="351" cleared="0" enqueued="0" />
  <stringconstants candidates="30136" cleared="226"  />
  <object-monitors candidates="36" cleared="0"  />
</gc-op>
<gc-op id="1930" type="classunload" timems="0.831" contextid="1918" timestamp="2026-09-06T07:07:17.105">
  <classunload-info classloadercandidates="279" classloadersunloaded="10" classesunloaded="2" anonymousclassesunloaded="2" quiescems="0.000" setupms="0.617" scanms="0.073" postms="0.139" />
</gc-op>
<gc-op id="1931" type="sweep" timems="0.536" contextid="1918" timestamp="2026-09-06T07:07:17.106" />
<heap-resize id="1932" type="expand" space="tenure" amount="7929856" count="1" timems="0.048" reason="insufficient free space following gc" timestamp="2026-09-06T07:07:17.106" />
<gc-end id="1933" type="global" contextid="1918" durationms="5.862" usertimems="21.860" systemtimems="2.413" stalltimems="19.137" timestamp="2026-09-06T07:07:17.106" activeThreads="10">
  <mem-info id="1934" free="25624464" total="71499776" percent="35">
    <mem type="nursery" free="10625472" total="21626880" percent="49">
      <mem type="allocate" free="10625472" total="14155776" percent="75" />
      <mem type="survivor" free="0" total="7471104" percent="0" />
    </mem>
    <mem type="tenure" free="14998992" total="49872896" percent="30" micro-fragmented="1041906" macro-fragmented="0">
      <mem type="soa" free="12504528" total="47378432" percent="26" />
      <mem type="loa" free="2494464" total="2494464" percent="100" />
    </mem>
    <pending-finalizers system="88" default="0" reference="230" classloader="0" />
    <remembered-set count="6858" />
  </mem-info>
</gc-end>
<cycle-end id="1935" type="global" contextid="1918" timestamp="2026-09-06T07:07:17.106" />
<exclusive-end id="1936" timestamp="2026-09-06T07:07:17.106" durationms="6.220" />

<exclusive-start id="1937" timestamp="2026-09-06T07:07:17.118" intervalms="18.267">
  <response-info timems="0.017" idlems="0.017" threads="0" lastid="0000000000516C00" lastname="Start Level: Equinox Container: 8e9ada42-b0c3-41aa-bc78-f04f94c" />
</exclusive-start>
<af-start id="1938" threadId="00000000005176C0" totalBytesRequested="32" timestamp="2026-09-06T07:07:17.118" intervalms="111.190" type="nursery" />
<cycle-start id="1939" type="scavenge" contextid="0" timestamp="2026-09-06T07:07:17.118" intervalms="111.162" />
<gc-start id="1940" type="scavenge" contextid="1939" timestamp="2026-09-06T07:07:17.119">
  <mem-info id="1941" free="14990168" total="71499776" percent="20">
    <mem type="nursery" free="0" total="21626880" percent="0">
      <mem type="allocate" free="0" total="14155776" percent="0" />
      <mem type="survivor" free="0" total="7471104" percent="0" />
    </mem>
    <mem type="tenure" free="14990168" total="49872896" percent="30">
      <mem type="soa" free="12495704" total="47378432" percent="26" />
      <mem type="loa" free="2494464" total="2494464" percent="100" />
    </mem>
    <remembered-set count="7088" />
  </mem-info>
</gc-start>
<allocation-stats totalBytes="10611928" discardedBytes="17208" >
  <allocated-bytes non-tlh="243512" tlh="10368416" />
  <largest-consumer threadName="Start Level: Equinox Container: 8e9ada42-b0c3-41aa-bc78-f04f94c8c87a" threadId="0000000000516C00" bytes="10567352" />
</allocation-stats>
<gc-op id="1942" type="scavenge" timems="1.578" contextid="1939" timestamp="2026-09-06T07:07:17.120">
  <scavenger-info tenureage="8" tenuremask="7f00" tiltratio="65" />
  <memory-copied type="nursery" objects="52613" bytes="3608808" bytesdiscarded="307160" />
  <finalization candidates="12" enqueued="2" />
  <ownableSynchronizers candidates="12644" cleared="11729" />
  <references type="soft" candidates="1172" cleared="0" enqueued="0" dynamicThreshold="9" maxThreshold="32" />
  <references type="weak" candidates="8355" cleared="17" enqueued="17" />
  <references type="phantom" candidates="212" cleared="0" enqueued="0" />
  <object-monitors candidates="36" cleared="0"  />
</gc-op>
<gc-end id="1943" type="scavenge" contextid="1939" durationms="1.764" usertimems="8.073" systemtimems="1.521" stalltimems="6.175" timestamp="2026-09-06T07:07:17.120" activeThreads="10">
  <mem-info id="1944" free="25487640" total="71499776" percent="35">
    <mem type="nursery" free="10497472" total="21626880" percent="48">
      <mem type="allocate" free="10497472" total="14417920" percent="72" />
      <mem type="survivor" free="0" total="7208960" percent="0" />
    </mem>
    <mem type="tenure" free="14990168" total="49872896" percent="30">
      <mem type="soa" free="12495704" total="47378432" percent="26" />
      <mem type="loa" free="2494464" total="2494464" percent="100" />
    </mem>
    <pending-finalizers system="2" default="0" reference="17" classloader="0" />
    <remembered-set count="6638" />
  </mem-info>
</gc-end>
<cycle-end id="1945" type="scavenge" contextid="1939" timestamp="2026-09-06T07:07:17.120" />
<allocation-satisfied id="1946" threadId="0000000000516C00" bytesRequested="32" />
<af-end id="1947" timestamp="2026-09-06T07:07:17.120" threadId="00000000005176C0" success="true" from="nursery"/>
<exclusive-end id="1948" timestamp="2026-09-06T07:07:17.120" durationms="2.199" />

<exclusive-start id="1949" timestamp="2026-09-06T07:07:17.177" intervalms="59.004">
  <response-info timems="0.019" idlems="0.019" threads="0" lastid="0000000000516C00" lastname="Start Level: Equinox Container: 8e9ada42-b0c3-41aa-bc78-f04f94c" />
</exclusive-start>
<af-start id="1950" threadId="00000000005176C0" totalBytesRequested="24" timestamp="2026-09-06T07:07:17.177" intervalms="59.029" type="nursery" />
<cycle-start id="1951" type="scavenge" contextid="0" timestamp="2026-09-06T07:07:17.177" intervalms="59.066" />
<gc-start id="1952" type="scavenge" contextid="1951" timestamp="2026-09-06T07:07:17.178">
  <mem-info id="1953" free="14971152" total="71499776" percent="20">
    <mem type="nursery" free="0" total="21626880" percent="0">
      <mem type="allocate" free="0" total="14417920" percent="0" />
      <mem type="survivor" free="0" total="7208960" percent="0" />
    </mem>
    <mem type="tenure" free="14971152" total="49872896" percent="30">
      <mem type="soa" free="12476688" total="47378432" percent="26" />
      <mem type="loa" free="2494464" total="2494464" percent="100" />
    </mem>
    <remembered-set count="6978" />
  </mem-info>
</gc-start>
<allocation-stats totalBytes="10512336" discardedBytes="496" >
  <allocated-bytes non-tlh="15392" tlh="10496944" />
  <largest-consumer threadName="Start Level: Equinox Container: 8e9ada42-b0c3-41aa-bc78-f04f94c8c87a" threadId="0000000000516C00" bytes="10495952" />
</allocation-stats>
<gc-op id="1954" type="scavenge" timems="1.666" contextid="1951" timestamp="2026-09-06T07:07:17.179">
  <scavenger-info tenureage="8" tenuremask="7f00" tiltratio="66" />
  <memory-copied type="nursery" objects="56346" bytes="4022024" bytesdiscarded="506472" />
  <finalization candidates="76" enqueued="66" />
  <ownableSynchronizers candidates="917" cleared="0" />
  <references type="soft" candidates="1178" cleared="0" enqueued="0" dynamicThreshold="9" maxThreshold="32" />
  <references type="weak" candidates="8520" cleared="126" enqueued="126" />
  <references type="phantom" candidates="245" cleared="0" enqueued="0" />
  <object-monitors candidates="36" cleared="0"  />
</gc-op>
<gc-end id="1955" type="scavenge" contextid="1951" durationms="1.897" usertimems="11.498" systemtimems="0.162" stalltimems="4.933" timestamp="2026-09-06T07:07:17.180" activeThreads="10">
  <mem-info id="1956" free="25315152" total="71499776" percent="35">
    <mem type="nursery" free="10344000" total="21626880" percent="47">
      <mem type="allocate" free="10344000" total="14876672" percent="69" />
      <mem type="survivor" free="0" total="6750208" percent="0" />
    </mem>
    <mem type="tenure" free="14971152" total="49872896" percent="30">
      <mem type="soa" free="12476688" total="47378432" percent="26" />
      <mem type="loa" free="2494464" total="2494464" percent="100" />
    </mem>
    <pending-finalizers system="66" default="0" reference="126" classloader="0" />
    <remembered-set count="3022" />
  </mem-info>
</gc-end>
<cycle-end id="1957" type="scavenge" contextid="1951" timestamp="2026-09-06T07:07:17.180" />
<allocation-satisfied id="1958" threadId="0000000000516C00" bytesRequested="24" />
<af-end id="1959" timestamp="2026-09-06T07:07:17.180" threadId="00000000005176C0" success="true" from="nursery"/>
<exclusive-end id="1960" timestamp="2026-09-06T07:07:17.180" durationms="2.499" />

<exclusive-start id="1961" timestamp="2026-09-06T07:07:17.310" intervalms="132.827">
  <response-info timems="0.012" idlems="0.012" threads="0" lastid="0000000000516C00" lastname="Start Level: Equinox Container: 8e9ada42-b0c3-41aa-bc78-f04f94c" />
</exclusive-start>
<af-start id="1962" threadId="00000000005176C0" totalBytesRequested="40" timestamp="2026-09-06T07:07:17.310" intervalms="132.833" type="nursery" />
<cycle-start id="1963" type="scavenge" contextid="0" timestamp="2026-09-06T07:07:17.310" intervalms="132.824" />
<gc-start id="1964" type="scavenge" contextid="1963" timestamp="2026-09-06T07:07:17.310">
  <mem-info id="1965" free="14969408" total="71499776" percent="20">
    <mem type="nursery" free="0" total="21626880" percent="0">
      <mem type="allocate" free="0" total="14876672" percent="0" />
      <mem type="survivor" free="0" total="6750208" percent="0" />
    </mem>
    <mem type="tenure" free="14969408" total="49872896" percent="30">
      <mem type="soa" free="12474944" total="47378432" percent="26" />
      <mem type="loa" free="2494464" total="2494464" percent="100" />
    </mem>
    <remembered-set count="3479" />
  </mem-info>
</gc-start>
<allocation-stats totalBytes="10345312" discardedBytes="432" >
  <allocated-bytes non-tlh="732520" tlh="9612792" />
  <largest-consumer threadName="Start Level: Equinox Container: 8e9ada42-b0c3-41aa-bc78-f04f94c8c87a" threadId="0000000000516C00" bytes="10304296" />
</allocation-stats>
<gc-op id="1966" type="scavenge" timems="1.729" contextid="1963" timestamp="2026-09-06T07:07:17.312">
  <scavenger-info tenureage="2" tenuremask="7f0c" tiltratio="68" />
  <memory-copied type="nursery" objects="27095" bytes="3319176" bytesdiscarded="892496" />
  <memory-copied type="tenure" objects="34669" bytes="1270920" bytesdiscarded="2144" />
  <finalization candidates="10" enqueued="0" />
  <ownableSynchronizers candidates="975" cleared="2" />
  <references type="soft" candidates="445" cleared="0" enqueued="0" dynamicThreshold="9" maxThreshold="32" />
  <references type="weak" candidates="384" cleared="10" enqueued="10" />
  <references type="phantom" candidates="275" cleared="0" enqueued="0" />
  <object-monitors candidates="36" cleared="0"  />
</gc-op>
<gc-end id="1967" type="scavenge" contextid="1963" durationms="1.920" usertimems="8.271" systemtimems="2.482" stalltimems="6.502" timestamp="2026-09-06T07:07:17.312" activeThreads="10">
  <mem-info id="1968" free="24424384" total="71499776" percent="34">
    <mem type="nursery" free="11054056" total="21626880" percent="51">
      <mem type="allocate" free="11054056" total="15269888" percent="72" />
      <mem type="survivor" free="0" total="6356992" percent="0" />
    </mem>
    <mem type="tenure" free="13370328" total="49872896" percent="26">
      <mem type="soa" free="10875864" total="47378432" percent="22" />
      <mem type="loa" free="2494464" total="2494464" percent="100" />
    </mem>
    <pending-finalizers system="0" default="0" reference="10" classloader="0" />
    <remembered-set count="9589" />
  </mem-info>
</gc-end>
<cycle-end id="1969" type="scavenge" contextid="1963" timestamp="2026-09-06T07:07:17.312" />
<allocation-satisfied id="1970" threadId="0000000000516C00" bytesRequested="40" />
<af-end id="1971" timestamp="2026-09-06T07:07:17.313" threadId="00000000005176C0" success="true" from="nursery"/>
<exclusive-end id="1972" timestamp="2026-09-06T07:07:17.313" durationms="2.523" />

<exclusive-start id="1973" timestamp="2026-09-06T07:07:17.362" intervalms="51.704">
  <response-info timems="0.020" idlems="0.020" threads="0" lastid="0000000000516C00" lastname="Start Level: Equinox Container: 8e9ada42-b0c3-41aa-bc78-f04f94c" />
</exclusive-start>
<af-start id="1974" threadId="00000000005176C0" totalBytesRequested="24" timestamp="2026-09-06T07:07:17.362" intervalms="51.710" type="nursery" />
<cycle-start id="1975" type="scavenge" contextid="0" timestamp="2026-09-06T07:07:17.362" intervalms="51.708" />
<gc-start id="1976" type="scavenge" contextid="1975" timestamp="2026-09-06T07:07:17.362">
  <mem-info id="1977" free="13326264" total="71499776" percent="18">
    <mem type="nursery" free="0" total="21626880" percent="0">
      <mem type="allocate" free="0" total="15269888" percent="0" />
      <mem type="survivor" free="0" total="6356992" percent="0" />
    </mem>
    <mem type="tenure" free="13326264" total="49872896" percent="26">
      <mem type="soa" free="10831800" total="47378432" percent="22" />
      <mem type="loa" free="2494464" total="2494464" percent="100" />
    </mem>
    <remembered-set count="10591" />
  </mem-info>
</gc-start>
<allocation-stats totalBytes="11097160" discardedBytes="960" >
  <allocated-bytes non-tlh="252904" tlh="10844256" />
  <largest-consumer threadName="Start Level: Equinox Container: 8e9ada42-b0c3-41aa-bc78-f04f94c8c87a" threadId="0000000000516C00" bytes="11027552" />
</allocation-stats>
<gc-op id="1978" type="scavenge" timems="1.580" contextid="1975" timestamp="2026-09-06T07:07:17.364">
  <scavenger-info tenureage="8" tenuremask="7f00" tiltratio="70" />
  <memory-copied type="nursery" objects="34341" bytes="3469648" bytesdiscarded="367912" />
  <finalization candidates="22" enqueued="22" />
  <ownableSynchronizers candidates="697" cleared="63" />
  <references type="soft" candidates="560" cleared="0" enqueued="0" dynamicThreshold="9" maxThreshold="32" />
  <references type="weak" candidates="632" cleared="178" enqueued="177" />
  <references type="phantom" candidates="268" cleared="1" enqueued="1" />
  <object-monitors candidates="36" cleared="0"  />
</gc-op>
<gc-end id="1979" type="scavenge" contextid="1975" durationms="1.765" usertimems="7.169" systemtimems="0.815" stalltimems="7.909" timestamp="2026-09-06T07:07:17.364" activeThreads="10">
  <mem-info id="1980" free="25212264" total="71499776" percent="35">
    <mem type="nursery" free="11886000" total="21626880" percent="54">
      <mem type="allocate" free="11886000" total="15728640" percent="75" />
      <mem type="survivor" free="0" total="5898240" percent="0" />
    </mem>
    <mem type="tenure" free="13326264" total="49872896" percent="26">
      <mem type="soa" free="10831800" total="47378432" percent="22" />
      <mem type="loa" free="2494464" total="2494464" percent="100" />
    </mem>
    <pending-finalizers system="22" default="0" reference="178" classloader="0" />
    <remembered-set count="10430" />
  </mem-info>
</gc-end>
<cycle-end id="1981" type="scavenge" contextid="1975" timestamp="2026-09-06T07:07:17.364" />
<allocation-satisfied id="1982" threadId="0000000000516C00" bytesRequested="24" />
<af-end id="1983" timestamp="2026-09-06T07:07:17.364" threadId="00000000005176C0" success="true" from="nursery"/>
<exclusive-end id="1984" timestamp="2026-09-06T07:07:17.364" durationms="2.373" />

<exclusive-start id="1985" timestamp="2026-09-06T07:07:17.431" intervalms="69.557">
  <response-info timems="0.020" idlems="0.020" threads="0" lastid="0000000000DF2500" lastname="Timer-7" />
</exclusive-start>
<af-start id="1986" threadId="0000000000DF2FC0" totalBytesRequested="16" timestamp="2026-09-06T07:07:17.431" intervalms="69.566" type="nursery" />
<cycle-start id="1987" type="scavenge" contextid="0" timestamp="2026-09-06T07:07:17.432" intervalms="69.568" />
<gc-start id="1988" type="scavenge" contextid="1987" timestamp="2026-09-06T07:07:17.432">
  <mem-info id="1989" free="13248360" total="71499776" percent="18">
    <mem type="nursery" free="0" total="21626880" percent="0">
      <mem type="allocate" free="0" total="15728640" percent="0" />
      <mem type="survivor" free="0" total="5898240" percent="0" />
    </mem>
    <mem type="tenure" free="13248360" total="49872896" percent="26">
      <mem type="soa" free="10753896" total="47378432" percent="22" />
      <mem type="loa" free="2494464" total="2494464" percent="100" />
    </mem>
    <remembered-set count="11784" />
  </mem-info>
</gc-start>
<allocation-stats totalBytes="11957616" discardedBytes="4184" >
  <allocated-bytes non-tlh="110136" tlh="11847480" />
  <largest-consumer threadName="Start Level: Equinox Container: 8e9ada42-b0c3-41aa-bc78-f04f94c8c87a" threadId="0000000000516C00" bytes="11834552" />
</allocation-stats>
<gc-op id="1990" type="scavenge" timems="1.502" contextid="1987" timestamp="2026-09-06T07:07:17.433">
  <scavenger-info tenureage="8" tenuremask="7f00" tiltratio="72" />
  <memory-copied type="nursery" objects="46615" bytes="3280496" bytesdiscarded="273808" />
  <finalization candidates="73" enqueued="69" />
  <ownableSynchronizers candidates="1099" cleared="186" />
  <references type="soft" candidates="826" cleared="0" enqueued="0" dynamicThreshold="9" maxThreshold="32" />
  <references type="weak" candidates="889" cleared="289" enqueued="285" />
  <references type="phantom" candidates="247" cleared="0" enqueued="0" />
  <object-monitors candidates="37" cleared="0"  />
</gc-op>
<gc-end id="1991" type="scavenge" contextid="1987" durationms="1.705" usertimems="8.541" systemtimems="0.000" stalltimems="5.199" timestamp="2026-09-06T07:07:17.433" activeThreads="9">
  <mem-info id="1992" free="25809736" total="71499776" percent="36">
    <mem type="nursery" free="12561376" total="21626880" percent="58">
      <mem type="allocate" free="12561376" total="16121856" percent="77" />
      <mem type="survivor" free="0" total="5505024" percent="0" />
    </mem>
    <mem type="tenure" free="13248360" total="49872896" percent="26">
      <mem type="soa" free="10753896" total="47378432" percent="22" />
      <mem type="loa" free="2494464" total="2494464" percent="100" />
    </mem>
    <pending-finalizers system="69" default="0" reference="285" classloader="0" />
    <remembered-set count="11706" />
  </mem-info>
</gc-end>
<cycle-end id="1993" type="scavenge" contextid="1987" timestamp="2026-09-06T07:07:17.434" />
<allocation-satisfied id="1994" threadId="0000000000DF2500" bytesRequested="16" />
<af-end id="1995" timestamp="2026-09-06T07:07:17.434" threadId="0000000000DF2FC0" success="true" from="nursery"/>
<exclusive-end id="1996" timestamp="2026-09-06T07:07:17.434" durationms="2.380" />

<exclusive-start id="1997" timestamp="2026-09-06T07:07:17.496" intervalms="65.133">
  <response-info timems="0.015" idlems="0.015" threads="0" lastid="000000000051E900" lastname="Equinox start level thread - Equinox Container: 8e9ada42-b0c3-4" />
</exclusive-start>
<af-start id="1998" threadId="000000000051F3C0" totalBytesRequested="56" timestamp="2026-09-06T07:07:17.497" intervalms="65.153" type="nursery" />
<cycle-start id="1999" type="scavenge" contextid="0" timestamp="2026-09-06T07:07:17.497" intervalms="65.151" />
<gc-start id="2000" type="scavenge" contextid="1999" timestamp="2026-09-06T07:07:17.497">
  <mem-info id="2001" free="13173792" total="71499776" percent="18">
    <mem type="nursery" free="0" total="21626880" percent="0">
      <mem type="allocate" free="0" total="16121856" percent="0" />
      <mem type="survivor" free="0" total="5505024" percent="0" />
    </mem>
    <mem type="tenure" free="13173792" total="49872896" percent="26">
      <mem type="soa" free="10679328" total="47378432" percent="22" />
      <mem type="loa" free="2494464" total="2494464" percent="100" />
    </mem>
    <remembered-set count="13229" />
  </mem-info>
</gc-start>
<allocation-stats totalBytes="12624336" discardedBytes="10216" >
  <allocated-bytes non-tlh="111952" tlh="12512384" />
  <largest-consumer threadName="Start Level: Equinox Container: 8e9ada42-b0c3-41aa-bc78-f04f94c8c87a" threadId="0000000000516C00" bytes="7444864" />
</allocation-stats>
<gc-op id="2002" type="scavenge" timems="1.662" contextid="1999" timestamp="2026-09-06T07:07:17.499">
  <scavenger-info tenureage="8" tenuremask="7f00" tiltratio="74" />
  <memory-copied type="nursery" objects="53878" bytes="3486072" bytesdiscarded="353304" />
  <memory-copied type="tenure" objects="7978" bytes="262000" bytesdiscarded="144" />
  <finalization candidates="85" enqueued="76" />
  <ownableSynchronizers candidates="1488" cleared="223" />
  <references type="soft" candidates="1003" cleared="0" enqueued="0" dynamicThreshold="9" maxThreshold="32" />
  <references type="weak" candidates="993" cleared="336" enqueued="335" />
  <references type="phantom" candidates="283" cleared="6" enqueued="6" />
  <object-monitors candidates="40" cleared="3"  />
</gc-op>
<gc-end id="2003" type="scavenge" contextid="1999" durationms="1.860" usertimems="9.913" systemtimems="0.000" stalltimems="5.026" timestamp="2026-09-06T07:07:17.499" activeThreads="9">
  <mem-info id="2004" free="25388704" total="71499776" percent="35">
    <mem type="nursery" free="12538112" total="21626880" percent="57">
      <mem type="allocate" free="12538112" total="16384000" percent="76" />
      <mem type="survivor" free="0" total="5242880" percent="0" />
    </mem>
    <mem type="tenure" free="12850592" total="49872896" percent="25">
      <mem type="soa" free="10356128" total="47378432" percent="21" />
      <mem type="loa" free="2494464" total="2494464" percent="100" />
    </mem>
    <pending-finalizers system="76" default="0" reference="341" classloader="0" />
    <remembered-set count="12402" />
  </mem-info>
</gc-end>
<cycle-end id="2005" type="scavenge" contextid="1999" timestamp="2026-09-06T07:07:17.499" />
<allocation-satisfied id="2006" threadId="000000000051E900" bytesRequested="56" />
<af-end id="2007" timestamp="2026-09-06T07:07:17.499" threadId="000000000051F3C0" success="true" from="nursery"/>
<exclusive-end id="2008" timestamp="2026-09-06T07:07:17.499" durationms="2.505" />

<exclusive-start id="2009" timestamp="2026-09-06T07:07:17.549" intervalms="52.726">
  <response-info timems="0.016" idlems="0.016" threads="0" lastid="0000000000758900" lastname="Default Executor-thread-3" />
</exclusive-start>
<af-start id="2010" threadId="00000000007593C0" totalBytesRequested="5440" timestamp="2026-09-06T07:07:17.549" intervalms="52.675" type="nursery" />
<cycle-start id="2011" type="scavenge" contextid="0" timestamp="2026-09-06T07:07:17.549" intervalms="52.667" />
<gc-start id="2012" type="scavenge" contextid="2011" timestamp="2026-09-06T07:07:17.550">
  <mem-info id="2013" free="12685984" total="71499776" percent="17">
    <mem type="nursery" free="0" total="21626880" percent="0">
      <mem type="allocate" free="0" total="16384000" percent="0" />
      <mem type="survivor" free="0" total="5242880" percent="0" />
    </mem>
    <mem type="tenure" free="12685984" total="49872896" percent="25">
      <mem type="soa" free="10191520" total="47378432" percent="21" />
      <mem type="loa" free="2494464" total="2494464" percent="100" />
    </mem>
    <remembered-set count="15202" />
  </mem-info>
</gc-start>
<allocation-stats totalBytes="12588408" discardedBytes="114312" >
  <allocated-bytes non-tlh="652912" tlh="11935496" />
  <largest-consumer threadName="Equinox start level thread - Equinox Container: 8e9ada42-b0c3-41aa-bc78-f04f94c8c87a" threadId="0000000000526300" bytes="9770816" />
</allocation-stats>
<gc-op id="2014" type="scavenge" timems="1.778" contextid="2011" timestamp="2026-09-06T07:07:17.551">
  <scavenger-info tenureage="8" tenuremask="7f00" tiltratio="75" />
  <memory-copied type="nursery" objects="57780" bytes="3435560" bytesdiscarded="400776" />
  <memory-copied type="tenure" objects="7479" bytes="286448" bytesdiscarded="160" />
  <finalization candidates="149" enqueued="121" />
  <ownableSynchronizers candidates="1453" cleared="37" />
  <references type="soft" candidates="1207" cleared="0" enqueued="0" dynamicThreshold="9" maxThreshold="32" />
  <references type="weak" candidates="1284" cleared="459" enqueued="459" />
  <references type="phantom" candidates="293" cleared="0" enqueued="0" />
  <object-monitors candidates="58" cleared="17"  />
</gc-op>
<gc-end id="2015" type="scavenge" contextid="2011" durationms="1.999" usertimems="10.816" systemtimems="0.053" stalltimems="5.047" timestamp="2026-09-06T07:07:17.552" activeThreads="9">
  <mem-info id="2016" free="24692784" total="71499776" percent="34">
    <mem type="nursery" free="12737936" total="21626880" percent="58">
      <mem type="allocate" free="12737936" total="16580608" percent="76" />
      <mem type="survivor" free="0" total="5046272" percent="0" />
    </mem>
    <mem type="tenure" free="11954848" total="49872896" percent="23">
      <mem type="soa" free="9460384" total="47378432" percent="19" />
      <mem type="loa" free="2494464" total="2494464" percent="100" />
    </mem>
    <pending-finalizers system="121" default="0" reference="459" classloader="0" />
    <remembered-set count="5751" />
  </mem-info>
</gc-end>
<cycle-end id="2017" type="scavenge" contextid="2011" timestamp="2026-09-06T07:07:17.552" />
<allocation-satisfied id="2018" threadId="0000000000758900" bytesRequested="5440" />
<af-end id="2019" timestamp="2026-09-06T07:07:17.552" threadId="00000000007593C0" success="true" from="nursery"/>
<exclusive-end id="2020" timestamp="2026-09-06T07:07:17.552" durationms="2.595" />

<exclusive-start id="2021" timestamp="2026-09-06T07:07:17.612" intervalms="62.486">
  <response-info timems="0.017" idlems="0.017" threads="0" lastid="0000000000754C00" lastname="Default Executor-thread-2" />
</exclusive-start>
<af-start id="2022" threadId="00000000007556C0" totalBytesRequested="3744" timestamp="2026-09-06T07:07:17.612" intervalms="62.516" type="nursery" />
<cycle-start id="2023" type="scavenge" contextid="0" timestamp="2026-09-06T07:07:17.612" intervalms="62.528" />
<gc-start id="2024" type="scavenge" contextid="2023" timestamp="2026-09-06T07:07:17.612">
  <mem-info id="2025" free="11746800" total="71499776" percent="16">
    <mem type="nursery" free="0" total="21626880" percent="0">
      <mem type="allocate" free="0" total="16580608" percent="0" />
      <mem type="survivor" free="0" total="5046272" percent="0" />
    </mem>
    <mem type="tenure" free="11746800" total="49872896" percent="23">
      <mem type="soa" free="9252336" total="47378432" percent="19" />
      <mem type="loa" free="2494464" total="2494464" percent="100" />
    </mem>
    <remembered-set count="8691" />
  </mem-info>
</gc-start>
<allocation-stats totalBytes="12718568" discardedBytes="227416" >
  <allocated-bytes non-tlh="404616" tlh="12313952" />
  <largest-consumer threadName="Default Executor-thread-4" threadId="0000000000764300" bytes="4118040" />
</allocation-stats>
<gc-op id="2026" type="scavenge" timems="1.697" contextid="2023" timestamp="2026-09-06T07:07:17.614">
  <scavenger-info tenureage="8" tenuremask="7f00" tiltratio="76" />
  <memory-copied type="nursery" objects="65127" bytes="4239864" bytesdiscarded="392264" />
  <finalization candidates="76" enqueued="40" />
  <ownableSynchronizers candidates="1271" cleared="0" />
  <references type="soft" candidates="1399" cleared="0" enqueued="0" dynamicThreshold="9" maxThreshold="32" />
  <references type="weak" candidates="1669" cleared="547" enqueued="547" />
  <references type="phantom" candidates="329" cleared="0" enqueued="0" />
  <object-monitors candidates="188" cleared="109"  />
</gc-op>
<gc-end id="2027" type="scavenge" contextid="2023" durationms="1.907" usertimems="9.913" systemtimems="0.000" stalltimems="5.452" timestamp="2026-09-06T07:07:17.614" activeThreads="9">
  <mem-info id="2028" free="23097840" total="71499776" percent="32">
    <mem type="nursery" free="11351040" total="21626880" percent="52">
      <mem type="allocate" free="11351040" total="15990784" percent="70" />
      <mem type="survivor" free="0" total="5636096" percent="0" />
    </mem>
    <mem type="tenure" free="11746800" total="49872896" percent="23">
      <mem type="soa" free="9252336" total="47378432" percent="19" />
      <mem type="loa" free="2494464" total="2494464" percent="100" />
    </mem>
    <pending-finalizers system="40" default="0" reference="547" classloader="0" />
    <remembered-set count="7733" />
  </mem-info>
</gc-end>
<cycle-end id="2029" type="scavenge" contextid="2023" timestamp="2026-09-06T07:07:17.614" />
<allocation-satisfied id="2030" threadId="0000000000754C00" bytesRequested="3744" />
<af-end id="2031" timestamp="2026-09-06T07:07:17.614" threadId="00000000007556C0" success="true" from="nursery"/>
<exclusive-end id="2032" timestamp="2026-09-06T07:07:17.614" durationms="2.543" />

<exclusive-start id="2033" timestamp="2026-09-06T07:07:17.658" intervalms="46.667">
  <response-info timems="0.286" idlems="0.119" threads="2" lastid="0000000000021100" lastname="JIT Compilation Thread-001" />
</exclusive-start>
<af-start id="2034" threadId="0000000000768AC0" totalBytesRequested="32" timestamp="2026-09-06T07:07:17.658" intervalms="46.646" type="nursery" />
<cycle-start id="2035" type="scavenge" contextid="0" timestamp="2026-09-06T07:07:17.659" intervalms="46.628" />
<gc-start id="2036" type="scavenge" contextid="2035" timestamp="2026-09-06T07:07:17.659">
  <mem-info id="2037" free="11685456" total="71499776" percent="16">
    <mem type="nursery" free="0" total="21626880" percent="0">
      <mem type="allocate" free="0" total="15990784" percent="0" />
      <mem type="survivor" free="0" total="5636096" percent="0" />
    </mem>
    <mem type="tenure" free="11685456" total="49872896" percent="23">
      <mem type="soa" free="9190992" total="47378432" percent="19" />
      <mem type="loa" free="2494464" total="2494464" percent="100" />
    </mem>
    <remembered-set count="8790" />
  </mem-info>
</gc-start>
<allocation-stats totalBytes="11191264" discardedBytes="221120" >
  <allocated-bytes non-tlh="261720" tlh="10929544" />
  <largest-consumer threadName="Default Executor-thread-5" threadId="0000000000768000" bytes="2996424" />
</allocation-stats>
<gc-op id="2038" type="scavenge" timems="1.817" contextid="2035" timestamp="2026-09-06T07:07:17.661">
  <scavenger-info tenureage="3" tenuremask="7f48" tiltratio="73" />
  <memory-copied type="nursery" objects="47280" bytes="3267768" bytesdiscarded="438520" />
  <memory-copied type="tenure" objects="22614" bytes="1155816" bytesdiscarded="688" />
  <finalization candidates="44" enqueued="8" />
  <ownableSynchronizers candidates="1274" cleared="0" />
  <references type="soft" candidates="1070" cleared="0" enqueued="0" dynamicThreshold="9" maxThreshold="32" />
  <references type="weak" candidates="1035" cleared="132" enqueued="132" />
  <references type="phantom" candidates="240" cleared="0" enqueued="0" />
  <object-monitors candidates="117" cleared="30"  />
</gc-op>
<gc-end id="2039" type="scavenge" contextid="2035" durationms="2.010" usertimems="9.281" systemtimems="1.820" stalltimems="5.250" timestamp="2026-09-06T07:07:17.661" activeThreads="9">
  <mem-info id="2040" free="23227120" total="71499776" percent="32">
    <mem type="nursery" free="12411720" total="21626880" percent="57">
      <mem type="allocate" free="12411720" total="16121856" percent="76" />
      <mem type="survivor" free="0" total="5505024" percent="0" />
    </mem>
    <mem type="tenure" free="10815400" total="49872896" percent="21">
      <mem type="soa" free="8320936" total="47378432" percent="17" />
      <mem type="loa" free="2494464" total="2494464" percent="100" />
    </mem>
    <pending-finalizers system="8" default="0" reference="132" classloader="0" />
    <remembered-set count="6420" />
  </mem-info>
</gc-end>
<cycle-end id="2041" type="scavenge" contextid="2035" timestamp="2026-09-06T07:07:17.661" />
<allocation-satisfied id="2042" threadId="0000000000768000" bytesRequested="32" />
<af-end id="2043" timestamp="2026-09-06T07:07:17.661" threadId="0000000000768AC0" success="true" from="nursery"/>
<exclusive-end id="2044" timestamp="2026-09-06T07:07:17.661" durationms="2.601" />

<exclusive-start id="2045" timestamp="2026-09-06T07:07:17.719" intervalms="60.525">
  <response-info timems="0.127" idlems="0.069" threads="4" lastid="0000000000F86600" lastname="zip file reaper" />
</exclusive-start>
<af-start id="2046" threadId="00000000007593C0" totalBytesRequested="65544" timestamp="2026-09-06T07:07:17.719" intervalms="60.513" type="nursery" />
<cycle-start id="2047" type="scavenge" contextid="0" timestamp="2026-09-06T07:07:17.719" intervalms="60.511" />
<gc-start id="2048" type="scavenge" contextid="2047" timestamp="2026-09-06T07:07:17.719">
  <mem-info id="2049" free="10722376" total="71499776" percent="14">
    <mem type="nursery" free="0" total="21626880" percent="0">
      <mem type="allocate" free="0" total="16121856" percent="0" />
      <mem type="survivor" free="0" total="5505024" percent="0" />
    </mem>
    <mem type="tenure" free="10722376" total="49872896" percent="21">
      <mem type="soa" free="8227912" total="47378432" percent="17" />
      <mem type="loa" free="2494464" total="2494464" percent="100" />
    </mem>
    <remembered-set count="7713" />
  </mem-info>
</gc-start>
<allocation-stats totalBytes="12343696" discardedBytes="161048" >
  <allocated-bytes non-tlh="551864" tlh="11791832" />
  <largest-consumer threadName="Default Executor-thread-5" threadId="0000000000768000" bytes="4166368" />
</allocation-stats>
<gc-op id="2050" type="scavenge" timems="1.821" contextid="2047" timestamp="2026-09-06T07:07:17.721">
  <scavenger-info tenureage="3" tenuremask="7f68" tiltratio="74" />
  <memory-copied type="nursery" objects="23742" bytes="1883864" bytesdiscarded="523160" />
  <memory-copied type="tenure" objects="32094" bytes="1726800" bytesdiscarded="2912" />
  <finalization candidates="47" enqueued="14" />
  <ownableSynchronizers candidates="959" cleared="33" />
  <references type="soft" candidates="267" cleared="0" enqueued="0" dynamicThreshold="9" maxThreshold="32" />
  <references type="weak" candidates="849" cleared="325" enqueued="312" />
  <references type="phantom" candidates="122" cleared="1" enqueued="1" />
  <object-monitors candidates="107" cleared="10"  />
</gc-op>
<gc-end id="2051" type="scavenge" contextid="2047" durationms="2.054" usertimems="9.761" systemtimems="2.850" stalltimems="5.422" timestamp="2026-09-06T07:07:17.721" activeThreads="9">
  <mem-info id="2052" free="22906384" total="71499776" percent="32">
    <mem type="nursery" free="14105760" total="21626880" percent="65">
      <mem type="allocate" free="14105760" total="16515072" percent="85" />
      <mem type="survivor" free="0" total="5111808" percent="0" />
    </mem>
    <mem type="tenure" free="8800624" total="49872896" percent="17">
      <mem type="soa" free="6306160" total="47378432" percent="13" />
      <mem type="loa" free="2494464" total="2494464" percent="100" />
    </mem>
    <pending-finalizers system="14" default="0" reference="313" classloader="0" />
    <remembered-set count="3316" />
  </mem-info>
</gc-end>
<cycle-end id="2053" type="scavenge" contextid="2047" timestamp="2026-09-06T07:07:17.721" />
<allocation-satisfied id="2054" threadId="0000000000758900" bytesRequested="65544" />
<af-end id="2055" timestamp="2026-09-06T07:07:17.721" threadId="00000000007593C0" success="true" from="nursery"/>
<exclusive-end id="2056" timestamp="2026-09-06T07:07:17.722" durationms="2.659" />

<exclusive-start id="2057" timestamp="2026-09-06T07:07:17.760" intervalms="41.254">
  <response-info timems="0.018" idlems="0.018" threads="0" lastid="0000000000754C00" lastname="Default Executor-thread-2" />
</exclusive-start>
<af-start id="2058" threadId="00000000007556C0" totalBytesRequested="4656" timestamp="2026-09-06T07:07:17.760" intervalms="41.278" type="nursery" />
<cycle-start id="2059" type="scavenge" contextid="0" timestamp="2026-09-06T07:07:17.760" intervalms="41.290" />
<gc-start id="2060" type="scavenge" contextid="2059" timestamp="2026-09-06T07:07:17.761">
  <mem-info id="2061" free="8642832" total="71499776" percent="12">
    <mem type="nursery" free="0" total="21626880" percent="0">
      <mem type="allocate" free="0" total="16515072" percent="0" />
      <mem type="survivor" free="0" total="5111808" percent="0" />
    </mem>
    <mem type="tenure" free="8642832" total="49872896" percent="17">
      <mem type="soa" free="6148368" total="47378432" percent="12" />
      <mem type="loa" free="2494464" total="2494464" percent="100" />
    </mem>
    <remembered-set count="5632" />
  </mem-info>
</gc-start>
<allocation-stats totalBytes="14038776" discardedBytes="224776" >
  <allocated-bytes non-tlh="1132704" tlh="12906072" />
  <largest-consumer threadName="Default Executor-thread-5" threadId="0000000000768000" bytes="4714520" />
</allocation-stats>
<gc-op id="2062" type="scavenge" timems="1.391" contextid="2059" timestamp="2026-09-06T07:07:17.762">
  <scavenger-info tenureage="8" tenuremask="7f00" tiltratio="76" />
  <memory-copied type="nursery" objects="32898" bytes="2712840" bytesdiscarded="281200" />
  <finalization candidates="41" enqueued="31" />
  <ownableSynchronizers candidates="223" cleared="16" />
  <references type="soft" candidates="329" cleared="0" enqueued="0" dynamicThreshold="9" maxThreshold="32" />
  <references type="weak" candidates="1218" cleared="579" enqueued="573" />
  <references type="phantom" candidates="161" cleared="0" enqueued="0" />
  <object-monitors candidates="104" cleared="3"  />
</gc-op>
<gc-end id="2063" type="scavenge" contextid="2059" durationms="1.577" usertimems="6.332" systemtimems="0.431" stalltimems="5.868" timestamp="2026-09-06T07:07:17.762" activeThreads="9">
  <mem-info id="2064" free="22357096" total="71499776" percent="31">
    <mem type="nursery" free="13714264" total="21626880" percent="63">
      <mem type="allocate" free="13714264" total="16711680" percent="82" />
      <mem type="survivor" free="0" total="4915200" percent="0" />
    </mem>
    <mem type="tenure" free="8642832" total="49872896" percent="17">
      <mem type="soa" free="6148368" total="47378432" percent="12" />
      <mem type="loa" free="2494464" total="2494464" percent="100" />
    </mem>
    <pending-finalizers system="31" default="0" reference="573" classloader="0" />
    <remembered-set count="4614" />
  </mem-info>
</gc-end>
<cycle-end id="2065" type="scavenge" contextid="2059" timestamp="2026-09-06T07:07:17.762" />
<allocation-satisfied id="2066" threadId="0000000000754C00" bytesRequested="4656" />
<af-end id="2067" timestamp="2026-09-06T07:07:17.762" threadId="00000000007556C0" success="true" from="nursery"/>
<exclusive-end id="2068" timestamp="2026-09-06T07:07:17.762" durationms="2.203" />

<exclusive-start id="2069" timestamp="2026-09-06T07:07:17.780" intervalms="19.393">
  <response-info timems="0.153" idlems="0.084" threads="1" lastid="0000000000758900" lastname="Default Executor-thread-3" />
</exclusive-start>
<af-start id="2070" threadId="00000000007556C0" totalBytesRequested="9200" timestamp="2026-09-06T07:07:17.780" intervalms="19.383" type="nursery" />
<cycle-start id="2071" type="scavenge" contextid="0" timestamp="2026-09-06T07:07:17.780" intervalms="19.379" />
<gc-start id="2072" type="scavenge" contextid="2071" timestamp="2026-09-06T07:07:17.780">
  <mem-info id="2073" free="8585392" total="71499776" percent="12">
    <mem type="nursery" free="0" total="21626880" percent="0">
      <mem type="allocate" free="0" total="16711680" percent="0" />
      <mem type="survivor" free="0" total="4915200" percent="0" />
    </mem>
    <mem type="tenure" free="8585392" total="49872896" percent="17">
      <mem type="soa" free="6090928" total="47378432" percent="12" />
      <mem type="loa" free="2494464" total="2494464" percent="100" />
    </mem>
    <remembered-set count="5264" />
  </mem-info>
</gc-start>
<allocation-stats totalBytes="13524088" discardedBytes="247616" >
  <allocated-bytes non-tlh="574824" tlh="12949264" />
  <largest-consumer threadName="Default Executor-thread-2" threadId="0000000000754C00" bytes="8477888" />
</allocation-stats>
<gc-op id="2074" type="scavenge" timems="1.404" contextid="2071" timestamp="2026-09-06T07:07:17.781">
  <scavenger-info tenureage="8" tenuremask="7f00" tiltratio="77" />
  <memory-copied type="nursery" objects="34043" bytes="3278272" bytesdiscarded="208968" />
  <finalization candidates="32" enqueued="22" />
  <ownableSynchronizers candidates="211" cleared="1" />
  <references type="soft" candidates="457" cleared="0" enqueued="0" dynamicThreshold="9" maxThreshold="32" />
  <references type="weak" candidates="1047" cleared="352" enqueued="352" />
  <references type="phantom" candidates="170" cleared="0" enqueued="0" />
  <object-monitors candidates="118" cleared="14"  />
</gc-op>
<heap-resize id="2075" type="expand" space="nursery" amount="1179648" count="1" timems="0.020" reason="excessive time being spent scavenging" timestamp="2026-09-06T07:07:17.781" />
<gc-end id="2076" type="scavenge" contextid="2071" durationms="1.648" usertimems="6.375" systemtimems="0.025" stalltimems="5.105" timestamp="2026-09-06T07:07:17.782" activeThreads="8">
  <mem-info id="2077" free="22790752" total="72679424" percent="31">
    <mem type="nursery" free="14205360" total="22806528" percent="62">
      <mem type="allocate" free="14205360" total="17694720" percent="80" />
      <mem type="survivor" free="0" total="5111808" percent="0" />
    </mem>
    <mem type="tenure" free="8585392" total="49872896" percent="17">
      <mem type="soa" free="6090928" total="47378432" percent="12" />
      <mem type="loa" free="2494464" total="2494464" percent="100" />
    </mem>
    <pending-finalizers system="22" default="0" reference="352" classloader="0" />
    <remembered-set count="4222" />
  </mem-info>
</gc-end>
<cycle-end id="2078" type="scavenge" contextid="2071" timestamp="2026-09-06T07:07:17.782" />
<allocation-satisfied id="2079" threadId="0000000000754C00" bytesRequested="9200" />
<af-end id="2080" timestamp="2026-09-06T07:07:17.782" threadId="00000000007556C0" success="true" from="nursery"/>
<exclusive-end id="2081" timestamp="2026-09-06T07:07:17.782" durationms="2.215" />

<exclusive-start id="2082" timestamp="2026-09-06T07:07:17.799" intervalms="19.555">
  <response-info timems="0.018" idlems="0.018" threads="0" lastid="0000000000754C00" lastname="Default Executor-thread-2" />
</exclusive-start>
<af-start id="2083" threadId="00000000007556C0" totalBytesRequested="29464" timestamp="2026-09-06T07:07:17.799" intervalms="19.534" type="nursery" />
<cycle-start id="2084" type="scavenge" contextid="0" timestamp="2026-09-06T07:07:17.799" intervalms="19.528" />
<gc-start id="2085" type="scavenge" contextid="2084" timestamp="2026-09-06T07:07:17.799">
  <mem-info id="2086" free="8537544" total="72679424" percent="11">
    <mem type="nursery" free="0" total="22806528" percent="0">
      <mem type="allocate" free="0" total="17694720" percent="0" />
      <mem type="survivor" free="0" total="5111808" percent="0" />
    </mem>
    <mem type="tenure" free="8537544" total="49872896" percent="17">
      <mem type="soa" free="6043080" total="47378432" percent="12" />
      <mem type="loa" free="2494464" total="2494464" percent="100" />
    </mem>
    <remembered-set count="4901" />
  </mem-info>
</gc-start>
<allocation-stats totalBytes="14080152" discardedBytes="173056" >
  <allocated-bytes non-tlh="57048" tlh="14023104" />
  <largest-consumer threadName="Default Executor-thread-2" threadId="0000000000754C00" bytes="10354104" />
</allocation-stats>
<gc-op id="2087" type="scavenge" timems="1.578" contextid="2084" timestamp="2026-09-06T07:07:17.801">
  <scavenger-info tenureage="3" tenuremask="7f28" tiltratio="77" />
  <memory-copied type="nursery" objects="19744" bytes="1788560" bytesdiscarded="384896" />
  <memory-copied type="tenure" objects="16930" bytes="1484096" bytesdiscarded="2312" />
  <finalization candidates="39" enqueued="29" />
  <ownableSynchronizers candidates="228" cleared="1" />
  <references type="soft" candidates="288" cleared="0" enqueued="0" dynamicThreshold="9" maxThreshold="32" />
  <references type="weak" candidates="576" cleared="317" enqueued="314" />
  <references type="phantom" candidates="58" cleared="1" enqueued="1" />
  <object-monitors candidates="111" cleared="6"  />
</gc-op>
<heap-resize id="2088" type="expand" space="nursery" amount="917504" count="1" timems="0.017" reason="excessive time being spent scavenging" timestamp="2026-09-06T07:07:17.801" />
<gc-end id="2089" type="scavenge" contextid="2084" durationms="1.815" usertimems="4.013" systemtimems="3.140" stalltimems="3.922" timestamp="2026-09-06T07:07:17.801" activeThreads="7">
  <mem-info id="2090" free="24013432" total="73596928" percent="32">
    <mem type="nursery" free="16765640" total="23724032" percent="70">
      <mem type="allocate" free="16765640" total="18939904" percent="88" />
      <mem type="survivor" free="0" total="4784128" percent="0" />
    </mem>
    <mem type="tenure" free="7247792" total="49872896" percent="14">
      <mem type="soa" free="4753328" total="47378432" percent="10" />
      <mem type="loa" free="2494464" total="2494464" percent="100" />
    </mem>
    <pending-finalizers system="29" default="0" reference="315" classloader="0" />
    <remembered-set count="3416" />
  </mem-info>
</gc-end>
<cycle-end id="2091" type="scavenge" contextid="2084" timestamp="2026-09-06T07:07:17.801" />
<allocation-satisfied id="2092" threadId="0000000000754C00" bytesRequested="29464" />
<af-end id="2093" timestamp="2026-09-06T07:07:17.801" threadId="00000000007556C0" success="true" from="nursery"/>
<exclusive-end id="2094" timestamp="2026-09-06T07:07:17.801" durationms="2.344" />

<exclusive-start id="2095" timestamp="2026-09-06T07:07:17.914" intervalms="114.917">
  <response-info timems="0.110" idlems="0.057" threads="3" lastid="0000000000768000" lastname="Default Executor-thread-5" />
</exclusive-start>
<af-start id="2096" threadId="0000000000770DC0" totalBytesRequested="72" timestamp="2026-09-06T07:07:17.914" intervalms="114.941" type="nursery" />
<cycle-start id="2097" type="scavenge" contextid="0" timestamp="2026-09-06T07:07:17.914" intervalms="114.961" />
<gc-start id="2098" type="scavenge" contextid="2097" timestamp="2026-09-06T07:07:17.914">
  <mem-info id="2099" free="7014608" total="73596928" percent="9">
    <mem type="nursery" free="0" total="23724032" percent="0">
      <mem type="allocate" free="0" total="18939904" percent="0" />
      <mem type="survivor" free="0" total="4784128" percent="0" />
    </mem>
    <mem type="tenure" free="7014608" total="49872896" percent="14">
      <mem type="soa" free="4520144" total="47378432" percent="9" />
      <mem type="loa" free="2494464" total="2494464" percent="100" />
    </mem>
    <remembered-set count="7337" />
  </mem-info>
</gc-start>
<allocation-stats totalBytes="16905104" discardedBytes="93720" >
  <allocated-bytes non-tlh="896792" tlh="16008312" />
  <largest-consumer threadName="Default Executor-thread-2" threadId="0000000000754C00" bytes="6218480" />
</allocation-stats>
<gc-op id="2100" type="scavenge" timems="1.306" contextid="2097" timestamp="2026-09-06T07:07:17.916">
  <scavenger-info tenureage="3" tenuremask="7e08" tiltratio="79" />
  <memory-copied type="nursery" objects="23060" bytes="1364584" bytesdiscarded="396480" />
  <memory-copied type="tenure" objects="9154" bytes="913040" bytesdiscarded="144" />
  <finalization candidates="174" enqueued="173" />
  <ownableSynchronizers candidates="109" cleared="7" />
  <references type="soft" candidates="684" cleared="0" enqueued="0" dynamicThreshold="9" maxThreshold="32" />
  <references type="weak" candidates="1011" cleared="625" enqueued="611" />
  <references type="phantom" candidates="26" cleared="0" enqueued="0" />
  <object-monitors candidates="128" cleared="17"  />
</gc-op>
<gc-end id="2101" type="scavenge" contextid="2097" durationms="1.618" usertimems="3.798" systemtimems="2.989" stalltimems="2.537" timestamp="2026-09-06T07:07:17.916" activeThreads="7">
  <mem-info id="2102" free="23649336" total="73596928" percent="32">
    <mem type="nursery" free="17832896" total="23724032" percent="75">
      <mem type="allocate" free="17832896" total="19595264" percent="91" />
      <mem type="survivor" free="0" total="4128768" percent="0" />
    </mem>
    <mem type="tenure" free="5816440" total="49872896" percent="11">
      <mem type="soa" free="3321976" total="47378432" percent="7" />
      <mem type="loa" free="2494464" total="2494464" percent="100" />
    </mem>
    <pending-finalizers system="173" default="0" reference="611" classloader="0" />
    <remembered-set count="6267" />
  </mem-info>
</gc-end>
<cycle-end id="2103" type="scavenge" contextid="2097" timestamp="2026-09-06T07:07:17.916" />
<allocation-satisfied id="2104" threadId="0000000000770300" bytesRequested="72" />
<af-end id="2105" timestamp="2026-09-06T07:07:17.916" threadId="0000000000770DC0" success="true" from="nursery"/>
<exclusive-end id="2106" timestamp="2026-09-06T07:07:17.916" durationms="2.290" />

<concurrent-kickoff id="2107" timestamp="2026-09-06T07:07:17.977">
  <kickoff reason="threshold reached" targetBytes="23677539" thresholdFreeBytes="3267231"  remainingFree="3144568" tenureFreeBytes="5686936" nurseryFreeBytes="3144568" />
</concurrent-kickoff>
<exclusive-start id="2108" timestamp="2026-09-06T07:07:17.977" intervalms="62.882">
  <response-info timems="0.020" idlems="0.020" threads="0" lastid="0000000000768000" lastname="Default Executor-thread-5" />
</exclusive-start>
<cycle-start id="2109" type="global" contextid="0" timestamp="2026-09-06T07:07:17.977" intervalms="896.569" />
<concurrent-start id="2110" type="global mark" contextid="2109" timestamp="2026-09-06T07:07:17.977">
</concurrent-start>
<exclusive-end id="2111" timestamp="2026-09-06T07:07:17.977" durationms="0.097" />

<concurrent-end id="2112" type="global mark" contextid="2109" timestamp="2026-09-06T07:07:18.004">
<gc-op id="2113" type="trace" timems="26.715" contextid="2109" timestamp="2026-09-06T07:07:18.004">
  <trace bytesTraced="27267240" workStackOverflowCount="0" />
  <card-cleaning reason="card cleaning threshold reached" bytesTraced="106752" cardsCleaned="259" />
</gc-op>
</concurrent-end>

<exclusive-start id="2114" timestamp="2026-09-06T07:07:18.004" intervalms="26.959">
  <response-info timems="0.020" idlems="0.020" threads="0" lastid="0000000000768000" lastname="Default Executor-thread-5" />
</exclusive-start>
<concurrent-global-final id="2115" timestamp="2026-09-06T07:07:18.004" contextid="2109" intervalms="903.872" >
  <concurrent-trace-info reason="card cleaning threshold reached" tracedByMutators="3903056" tracedByHelpers="23470936" cardsCleaned="259" workStackOverflowCount="0" />
</concurrent-global-final>
<gc-start id="2116" type="global" contextid="2109" timestamp="2026-09-06T07:07:18.004">
  <mem-info id="2117" free="6787624" total="73596928" percent="9">
    <mem type="nursery" free="1121216" total="23724032" percent="4">
      <mem type="allocate" free="1121216" total="19595264" percent="5" />
      <mem type="survivor" free="0" total="4128768" percent="0" />
    </mem>
    <mem type="tenure" free="5666408" total="49872896" percent="11">
      <mem type="soa" free="3171944" total="47378432" percent="6" />
      <mem type="loa" free="2494464" total="2494464" percent="100" />
    </mem>
    <remembered-set count="9081" />
  </mem-info>
</gc-start>
<allocation-stats totalBytes="16839032" discardedBytes="22680" >
  <allocated-bytes non-tlh="150104" tlh="16688928" />
  <largest-consumer threadName="Default Executor-thread-5" threadId="0000000000768000" bytes="6661560" />
</allocation-stats>
<gc-op id="2118" type="rs-scan" timems="0.839" contextid="2109" timestamp="2026-09-06T07:07:18.005">
  <scan objectsFound="44264" bytesTraced="2115416" workStackOverflowCount="0" />
</gc-op>
<gc-op id="2119" type="card-cleaning" timems="0.192" contextid="2109" timestamp="2026-09-06T07:07:18.005">
  <card-cleaning cardsCleaned="25" bytesTraced="30512" workStackOverflowCount="0" />
</gc-op>
<gc-op id="2120" type="mark" timems="3.600" contextid="2109" timestamp="2026-09-06T07:07:18.009">
  <trace-info objectcount="8146" scancount="7728" scanbytes="248184" />
  <finalization candidates="1721" enqueued="156" />
  <ownableSynchronizers candidates="8379" cleared="28" />
  <references type="soft" candidates="12253" cleared="0" enqueued="0" dynamicThreshold="9" maxThreshold="32" />
  <references type="weak" candidates="16726" cleared="946" enqueued="917" />
  <references type="phantom" candidates="445" cleared="0" enqueued="0" />
  <stringconstants candidates="39647" cleared="119"  />
  <object-monitors candidates="121" cleared="34"  />
</gc-op>
<gc-op id="2121" type="classunload" timems="0.796" contextid="2109" timestamp="2026-09-06T07:07:18.010">
  <classunload-info classloadercandidates="375" classloadersunloaded="0" classesunloaded="1" anonymousclassesunloaded="1" quiescems="0.000" setupms="0.787" scanms="0.008" postms="0.000" />
</gc-op>
<gc-op id="2122" type="sweep" timems="0.510" contextid="2109" timestamp="2026-09-06T07:07:18.010" />
<heap-resize id="2123" type="expand" space="tenure" amount="9830400" count="1" timems="0.054" reason="insufficient free space following gc" timestamp="2026-09-06T07:07:18.011" />
<gc-end id="2124" type="global" contextid="2109" durationms="6.570" usertimems="28.943" systemtimems="0.646" stalltimems="18.869" timestamp="2026-09-06T07:07:18.011" activeThreads="10">
  <mem-info id="2125" free="34353376" total="83427328" percent="41">
    <mem type="nursery" free="16433088" total="23724032" percent="69">
      <mem type="allocate" free="16433088" total="19595264" percent="83" />
      <mem type="survivor" free="0" total="4128768" percent="0" />
    </mem>
    <mem type="tenure" free="17920288" total="59703296" percent="30" micro-fragmented="1458421" macro-fragmented="0">
      <mem type="soa" free="14934304" total="56717312" percent="26" />
      <mem type="loa" free="2985984" total="2985984" percent="100" />
    </mem>
    <pending-finalizers system="153" default="3" reference="917" classloader="0" />
    <remembered-set count="7238" />
  </mem-info>
</gc-end>
<cycle-end id="2126" type="global" contextid="2109" timestamp="2026-09-06T07:07:18.011" />
<exclusive-end id="2127" timestamp="2026-09-06T07:07:18.011" durationms="7.066" />

<exclusive-start id="2128" timestamp="2026-09-06T07:07:18.123" intervalms="119.342">
  <response-info timems="0.015" idlems="0.015" threads="0" lastid="0000000000768000" lastname="Default Executor-thread-5" />
</exclusive-start>
<af-start id="2129" threadId="0000000000768AC0" totalBytesRequested="48" timestamp="2026-09-06T07:07:18.123" intervalms="209.195" type="nursery" />
<cycle-start id="2130" type="scavenge" contextid="0" timestamp="2026-09-06T07:07:18.123" intervalms="209.185" />
<gc-start id="2131" type="scavenge" contextid="2130" timestamp="2026-09-06T07:07:18.124">
  <mem-info id="2132" free="17881136" total="83427328" percent="21">
    <mem type="nursery" free="0" total="23724032" percent="0">
      <mem type="allocate" free="0" total="19595264" percent="0" />
      <mem type="survivor" free="0" total="4128768" percent="0" />
    </mem>
    <mem type="tenure" free="17881136" total="59703296" percent="29">
      <mem type="soa" free="14895152" total="56717312" percent="26" />
      <mem type="loa" free="2985984" total="2985984" percent="100" />
    </mem>
    <remembered-set count="7855" />
  </mem-info>
</gc-start>
<allocation-stats totalBytes="16386800" discardedBytes="70496" >
  <allocated-bytes non-tlh="3052144" tlh="13334656" />
  <largest-consumer threadName="Default Executor-thread-5" threadId="0000000000768000" bytes="16359144" />
</allocation-stats>
<gc-op id="2133" type="scavenge" timems="2.124" contextid="2130" timestamp="2026-09-06T07:07:18.126">
  <scavenger-info tenureage="6" tenuremask="7c40" tiltratio="82" />
  <memory-copied type="nursery" objects="76131" bytes="4049488" bytesdiscarded="72872" />
  <memory-copied type="tenure" objects="3420" bytes="227512" bytesdiscarded="2208" />
  <copy-failed type="nursery" objects="263" bytes="41632" />
  <finalization candidates="116" enqueued="68" />
  <ownableSynchronizers candidates="16562" cleared="16290" />
  <references type="soft" candidates="1343" cleared="0" enqueued="0" dynamicThreshold="9" maxThreshold="32" />
  <references type="weak" candidates="1100" cleared="254" enqueued="254" />
  <references type="phantom" candidates="125" cleared="0" enqueued="0" />
  <object-monitors candidates="87" cleared="0"  />
</gc-op>
<gc-end id="2134" type="scavenge" contextid="2130" durationms="2.351" usertimems="11.211" systemtimems="0.086" stalltimems="3.719" timestamp="2026-09-06T07:07:18.126" activeThreads="7">
  <mem-info id="2135" free="29388960" total="83427328" percent="35">
    <mem type="nursery" free="11796480" total="23724032" percent="49">
      <mem type="allocate" free="11796480" total="15925248" percent="74" />
      <mem type="survivor" free="0" total="7798784" percent="0" />
    </mem>
    <mem type="tenure" free="17592480" total="59703296" percent="29">
      <mem type="soa" free="14606496" total="56717312" percent="25" />
      <mem type="loa" free="2985984" total="2985984" percent="100" />
    </mem>
    <pending-finalizers system="29" default="39" reference="254" classloader="0" />
    <remembered-set count="6154" />
  </mem-info>
</gc-end>
<cycle-end id="2136" type="scavenge" contextid="2130" timestamp="2026-09-06T07:07:18.126" />
<allocation-satisfied id="2137" threadId="0000000000768000" bytesRequested="48" />
<af-end id="2138" timestamp="2026-09-06T07:07:18.127" threadId="0000000000768AC0" success="true" from="nursery"/>
<exclusive-end id="2139" timestamp="2026-09-06T07:07:18.127" durationms="3.360" />

<exclusive-start id="2140" timestamp="2026-09-06T07:07:18.167" intervalms="44.214">
  <response-info timems="0.014" idlems="0.014" threads="0" lastid="0000000000768000" lastname="Default Executor-thread-5" />
</exclusive-start>
<af-start id="2141" threadId="0000000000768AC0" totalBytesRequested="96" timestamp="2026-09-06T07:07:18.167" intervalms="44.211" type="nursery" />
<cycle-start id="2142" type="scavenge" contextid="0" timestamp="2026-09-06T07:07:18.168" intervalms="44.219" />
<gc-start id="2143" type="scavenge" contextid="2142" timestamp="2026-09-06T07:07:18.168">
  <mem-info id="2144" free="17592480" total="83427328" percent="21">
    <mem type="nursery" free="0" total="23724032" percent="0">
      <mem type="allocate" free="0" total="15925248" percent="0" />
      <mem type="survivor" free="0" total="7798784" percent="0" />
    </mem>
    <mem type="tenure" free="17592480" total="59703296" percent="29">
      <mem type="soa" free="14606496" total="56717312" percent="25" />
      <mem type="loa" free="2985984" total="2985984" percent="100" />
    </mem>
    <remembered-set count="6198" />
  </mem-info>
</gc-start>
<allocation-stats totalBytes="11796152" discardedBytes="328" >
  <allocated-bytes non-tlh="48" tlh="11796104" />
  <largest-consumer threadName="Default Executor-thread-5" threadId="0000000000768000" bytes="11783864" />
</allocation-stats>
<gc-op id="2145" type="scavenge" timems="2.372" contextid="2142" timestamp="2026-09-06T07:07:18.170">
  <scavenger-info tenureage="4" tenuremask="7c10" tiltratio="67" />
  <memory-copied type="nursery" objects="107254" bytes="4778560" bytesdiscarded="140368" />
  <memory-copied type="tenure" objects="1922" bytes="452792" bytesdiscarded="1000" />
  <finalization candidates="85" enqueued="25" />
  <ownableSynchronizers candidates="281" cleared="12" />
  <references type="soft" candidates="1215" cleared="0" enqueued="0" dynamicThreshold="9" maxThreshold="32" />
  <references type="weak" candidates="804" cleared="14" enqueued="14" />
  <references type="phantom" candidates="130" cleared="0" enqueued="0" />
  <object-monitors candidates="87" cleared="0"  />
</gc-op>
<gc-end id="2146" type="scavenge" contextid="2142" durationms="2.608" usertimems="13.590" systemtimems="0.000" stalltimems="3.196" timestamp="2026-09-06T07:07:18.170" activeThreads="7">
  <mem-info id="2147" free="29270232" total="83427328" percent="35">
    <mem type="nursery" free="12246448" total="23724032" percent="51">
      <mem type="allocate" free="12246448" total="17170432" percent="71" />
      <mem type="survivor" free="0" total="6553600" percent="0" />
    </mem>
    <mem type="tenure" free="17023784" total="59703296" percent="28">
      <mem type="soa" free="14037800" total="56717312" percent="24" />
      <mem type="loa" free="2985984" total="2985984" percent="100" />
    </mem>
    <pending-finalizers system="0" default="25" reference="14" classloader="0" />
    <remembered-set count="3795" />
  </mem-info>
</gc-end>
<cycle-end id="2148" type="scavenge" contextid="2142" timestamp="2026-09-06T07:07:18.171" />
<allocation-satisfied id="2149" threadId="0000000000768000" bytesRequested="96" />
<af-end id="2150" timestamp="2026-09-06T07:07:18.171" threadId="0000000000768AC0" success="true" from="nursery"/>
<exclusive-end id="2151" timestamp="2026-09-06T07:07:18.171" durationms="3.357" />

<exclusive-start id="2152" timestamp="2026-09-06T07:07:18.221" intervalms="53.901">
  <response-info timems="0.016" idlems="0.016" threads="0" lastid="0000000000768000" lastname="Default Executor-thread-5" />
</exclusive-start>
<af-start id="2153" threadId="0000000000768AC0" totalBytesRequested="80" timestamp="2026-09-06T07:07:18.221" intervalms="53.901" type="nursery" />
<cycle-start id="2154" type="scavenge" contextid="0" timestamp="2026-09-06T07:07:18.221" intervalms="53.887" />
<gc-start id="2155" type="scavenge" contextid="2154" timestamp="2026-09-06T07:07:18.222">
  <mem-info id="2156" free="17012400" total="83427328" percent="20">
    <mem type="nursery" free="0" total="23724032" percent="0">
      <mem type="allocate" free="0" total="17170432" percent="0" />
      <mem type="survivor" free="0" total="6553600" percent="0" />
    </mem>
    <mem type="tenure" free="17012400" total="59703296" percent="28">
      <mem type="soa" free="14026416" total="56717312" percent="24" />
      <mem type="loa" free="2985984" total="2985984" percent="100" />
    </mem>
    <remembered-set count="3935" />
  </mem-info>
</gc-start>
<allocation-stats totalBytes="12252568" discardedBytes="1792" >
  <allocated-bytes non-tlh="8008" tlh="12244560" />
  <largest-consumer threadName="Default Executor-thread-5" threadId="0000000000768000" bytes="12162456" />
</allocation-stats>
<gc-op id="2157" type="scavenge" timems="2.618" contextid="2154" timestamp="2026-09-06T07:07:18.224">
  <scavenger-info tenureage="3" tenuremask="7c08" tiltratio="72" />
  <memory-copied type="nursery" objects="128188" bytes="5517328" bytesdiscarded="167688" />
  <memory-copied type="tenure" objects="13395" bytes="558112" bytesdiscarded="1008" />
  <finalization candidates="105" enqueued="31" />
  <ownableSynchronizers candidates="287" cleared="17" />
  <references type="soft" candidates="739" cleared="0" enqueued="0" dynamicThreshold="9" maxThreshold="32" />
  <references type="weak" candidates="602" cleared="50" enqueued="50" />
  <references type="phantom" candidates="104" cleared="0" enqueued="0" />
  <object-monitors candidates="87" cleared="0"  />
</gc-op>
<gc-end id="2158" type="scavenge" contextid="2154" durationms="2.842" usertimems="18.256" systemtimems="0.018" stalltimems="5.545" timestamp="2026-09-06T07:07:18.225" activeThreads="9">
  <mem-info id="2159" free="27405576" total="83427328" percent="32">
    <mem type="nursery" free="10955792" total="23724032" percent="46">
      <mem type="allocate" free="10955792" total="16646144" percent="65" />
      <mem type="survivor" free="0" total="7077888" percent="0" />
    </mem>
    <mem type="tenure" free="16449784" total="59703296" percent="27">
      <mem type="soa" free="13463800" total="56717312" percent="23" />
      <mem type="loa" free="2985984" total="2985984" percent="100" />
    </mem>
    <pending-finalizers system="3" default="28" reference="50" classloader="0" />
    <remembered-set count="2225" />
  </mem-info>
</gc-end>
<cycle-end id="2160" type="scavenge" contextid="2154" timestamp="2026-09-06T07:07:18.225" />
<allocation-satisfied id="2161" threadId="0000000000768000" bytesRequested="80" />
<af-end id="2162" timestamp="2026-09-06T07:07:18.225" threadId="0000000000768AC0" success="true" from="nursery"/>
<exclusive-end id="2163" timestamp="2026-09-06T07:07:18.225" durationms="3.510" />

<exclusive-start id="2164" timestamp="2026-09-06T07:07:18.251" intervalms="29.390">
  <response-info timems="0.016" idlems="0.016" threads="0" lastid="0000000000768000" lastname="Default Executor-thread-5" />
</exclusive-start>
<af-start id="2165" threadId="0000000000768AC0" totalBytesRequested="24" timestamp="2026-09-06T07:07:18.251" intervalms="29.377" type="nursery" />
<cycle-start id="2166" type="scavenge" contextid="0" timestamp="2026-09-06T07:07:18.251" intervalms="29.379" />
<gc-start id="2167" type="scavenge" contextid="2166" timestamp="2026-09-06T07:07:18.251">
  <mem-info id="2168" free="16449728" total="83427328" percent="19">
    <mem type="nursery" free="0" total="23724032" percent="0">
      <mem type="allocate" free="0" total="16646144" percent="0" />
      <mem type="survivor" free="0" total="7077888" percent="0" />
    </mem>
    <mem type="tenure" free="16449728" total="59703296" percent="27">
      <mem type="soa" free="13463744" total="56717312" percent="23" />
      <mem type="loa" free="2985984" total="2985984" percent="100" />
    </mem>
    <remembered-set count="2243" />
  </mem-info>
</gc-start>
<allocation-stats totalBytes="10954080" discardedBytes="1768" >
  <allocated-bytes non-tlh="136" tlh="10953944" />
  <largest-consumer threadName="Default Executor-thread-5" threadId="0000000000768000" bytes="10945888" />
</allocation-stats>
<gc-op id="2169" type="scavenge" timems="2.584" contextid="2166" timestamp="2026-09-06T07:07:18.254">
  <scavenger-info tenureage="3" tenuremask="7e08" tiltratio="70" />
  <memory-copied type="nursery" objects="74649" bytes="2910064" bytesdiscarded="321392" />
  <memory-copied type="tenure" objects="57092" bytes="2656128" bytesdiscarded="4008" />
  <finalization candidates="162" enqueued="88" />
  <ownableSynchronizers candidates="228" cleared="0" />
  <references type="soft" candidates="44" cleared="0" enqueued="0" dynamicThreshold="9" maxThreshold="32" />
  <references type="weak" candidates="55" cleared="3" enqueued="3" />
  <references type="phantom" candidates="16" cleared="0" enqueued="0" />
  <object-monitors candidates="87" cleared="0"  />
</gc-op>
<heap-resize id="2170" type="expand" space="nursery" amount="1441792" count="1" timems="0.020" reason="excessive time being spent scavenging" timestamp="2026-09-06T07:07:18.254" />
<gc-end id="2171" type="scavenge" contextid="2166" durationms="2.821" usertimems="14.686" systemtimems="1.764" stalltimems="8.621" timestamp="2026-09-06T07:07:18.254" activeThreads="10">
  <mem-info id="2172" free="28316760" total="84869120" percent="33">
    <mem type="nursery" free="14587544" total="25165824" percent="57">
      <mem type="allocate" free="14587544" total="17825792" percent="81" />
      <mem type="survivor" free="0" total="7340032" percent="0" />
    </mem>
    <mem type="tenure" free="13729216" total="59703296" percent="22">
      <mem type="soa" free="10743232" total="56717312" percent="18" />
      <mem type="loa" free="2985984" total="2985984" percent="100" />
    </mem>
    <pending-finalizers system="0" default="88" reference="3" classloader="0" />
    <remembered-set count="941" />
  </mem-info>
</gc-end>
<cycle-end id="2173" type="scavenge" contextid="2166" timestamp="2026-09-06T07:07:18.254" />
<allocation-satisfied id="2174" threadId="0000000000768000" bytesRequested="24" />
<af-end id="2175" timestamp="2026-09-06T07:07:18.254" threadId="0000000000768AC0" success="true" from="nursery"/>
<exclusive-end id="2176" timestamp="2026-09-06T07:07:18.254" durationms="3.407" />

<exclusive-start id="2177" timestamp="2026-09-06T07:07:18.302" intervalms="51.211">
  <response-info timems="0.015" idlems="0.015" threads="0" lastid="0000000000768000" lastname="Default Executor-thread-5" />
</exclusive-start>
<af-start id="2178" threadId="0000000000768AC0" totalBytesRequested="17184" timestamp="2026-09-06T07:07:18.302" intervalms="51.212" type="nursery" />
<cycle-start id="2179" type="scavenge" contextid="0" timestamp="2026-09-06T07:07:18.302" intervalms="51.214" />
<gc-start id="2180" type="scavenge" contextid="2179" timestamp="2026-09-06T07:07:18.302">
  <mem-info id="2181" free="13685584" total="84869120" percent="16">
    <mem type="nursery" free="0" total="25165824" percent="0">
      <mem type="allocate" free="0" total="17825792" percent="0" />
      <mem type="survivor" free="0" total="7340032" percent="0" />
    </mem>
    <mem type="tenure" free="13685584" total="59703296" percent="22">
      <mem type="soa" free="10699600" total="56717312" percent="18" />
      <mem type="loa" free="2985984" total="2985984" percent="100" />
    </mem>
    <remembered-set count="1817" />
  </mem-info>
</gc-start>
<allocation-stats totalBytes="14627032" discardedBytes="4144" >
  <allocated-bytes non-tlh="43656" tlh="14583376" />
  <largest-consumer threadName="Default Executor-thread-5" threadId="0000000000768000" bytes="14622936" />
</allocation-stats>
<gc-op id="2182" type="scavenge" timems="1.942" contextid="2179" timestamp="2026-09-06T07:07:18.304">
  <scavenger-info tenureage="3" tenuremask="7e08" tiltratio="70" />
  <memory-copied type="nursery" objects="44524" bytes="2360240" bytesdiscarded="158576" />
  <memory-copied type="tenure" objects="32492" bytes="1268272" bytesdiscarded="520" />
  <finalization candidates="94" enqueued="68" />
  <ownableSynchronizers candidates="23" cleared="0" />
  <references type="soft" candidates="173" cleared="0" enqueued="0" dynamicThreshold="9" maxThreshold="32" />
  <references type="weak" candidates="258" cleared="130" enqueued="130" />
  <references type="phantom" candidates="81" cleared="0" enqueued="0" />
  <object-monitors candidates="87" cleared="0"  />
</gc-op>
<gc-end id="2183" type="scavenge" contextid="2179" durationms="2.145" usertimems="9.797" systemtimems="1.199" stalltimems="8.973" timestamp="2026-09-06T07:07:18.304" activeThreads="10">
  <mem-info id="2184" free="28895800" total="84869120" percent="34">
    <mem type="nursery" free="16482464" total="25165824" percent="65">
      <mem type="allocate" free="16482464" total="19005440" percent="86" />
      <mem type="survivor" free="0" total="6160384" percent="0" />
    </mem>
    <mem type="tenure" free="12413336" total="59703296" percent="20">
      <mem type="soa" free="9427352" total="56717312" percent="16" />
      <mem type="loa" free="2985984" total="2985984" percent="100" />
    </mem>
    <pending-finalizers system="18" default="50" reference="130" classloader="0" />
    <remembered-set count="1788" />
  </mem-info>
</gc-end>
<cycle-end id="2185" type="scavenge" contextid="2179" timestamp="2026-09-06T07:07:18.305" />
<allocation-satisfied id="2186" threadId="0000000000768000" bytesRequested="17184" />
<af-end id="2187" timestamp="2026-09-06T07:07:18.305" threadId="0000000000768AC0" success="true" from="nursery"/>
<exclusive-end id="2188" timestamp="2026-09-06T07:07:18.305" durationms="2.802" />

<exclusive-start id="2189" timestamp="2026-09-06T07:07:18.369" intervalms="67.268">
  <response-info timems="0.018" idlems="0.018" threads="0" lastid="0000000000768000" lastname="Default Executor-thread-5" />
</exclusive-start>
<af-start id="2190" threadId="0000000000768AC0" totalBytesRequested="16" timestamp="2026-09-06T07:07:18.369" intervalms="67.290" type="nursery" />
<cycle-start id="2191" type="scavenge" contextid="0" timestamp="2026-09-06T07:07:18.369" intervalms="67.308" />
<gc-start id="2192" type="scavenge" contextid="2191" timestamp="2026-09-06T07:07:18.370">
  <mem-info id="2193" free="12340944" total="84869120" percent="14">
    <mem type="nursery" free="0" total="25165824" percent="0">
      <mem type="allocate" free="0" total="19005440" percent="0" />
      <mem type="survivor" free="0" total="6160384" percent="0" />
    </mem>
    <mem type="tenure" free="12340944" total="59703296" percent="20">
      <mem type="soa" free="9354960" total="56717312" percent="16" />
      <mem type="loa" free="2985984" total="2985984" percent="100" />
    </mem>
    <remembered-set count="3384" />
  </mem-info>
</gc-start>
<allocation-stats totalBytes="16550832" discardedBytes="4024" >
  <allocated-bytes non-tlh="619728" tlh="15931104" />
  <largest-consumer threadName="Default Executor-thread-5" threadId="0000000000768000" bytes="16338688" />
</allocation-stats>
<gc-op id="2194" type="scavenge" timems="1.711" contextid="2191" timestamp="2026-09-06T07:07:18.371">
  <scavenger-info tenureage="3" tenuremask="7e08" tiltratio="75" />
  <memory-copied type="nursery" objects="26904" bytes="2981312" bytesdiscarded="329800" />
  <memory-copied type="tenure" objects="34574" bytes="1352696" bytesdiscarded="768" />
  <finalization candidates="145" enqueued="131" />
  <ownableSynchronizers candidates="134" cleared="13" />
  <references type="soft" candidates="895" cleared="0" enqueued="0" dynamicThreshold="9" maxThreshold="32" />
  <references type="weak" candidates="1414" cleared="338" enqueued="338" />
  <references type="phantom" candidates="174" cleared="1" enqueued="1" />
  <object-monitors candidates="87" cleared="0"  />
</gc-op>
<gc-end id="2195" type="scavenge" contextid="2191" durationms="1.940" usertimems="8.787" systemtimems="1.128" stalltimems="5.729" timestamp="2026-09-06T07:07:18.372" activeThreads="9">
  <mem-info id="2196" free="27031264" total="84869120" percent="31">
    <mem type="nursery" free="16083744" total="25165824" percent="63">
      <mem type="allocate" free="16083744" total="19398656" percent="82" />
      <mem type="survivor" free="0" total="5767168" percent="0" />
    </mem>
    <mem type="tenure" free="10947520" total="59703296" percent="18">
      <mem type="soa" free="7961536" total="56717312" percent="14" />
      <mem type="loa" free="2985984" total="2985984" percent="100" />
    </mem>
    <pending-finalizers system="85" default="46" reference="339" classloader="0" />
    <remembered-set count="3117" />
  </mem-info>
</gc-end>
<cycle-end id="2197" type="scavenge" contextid="2191" timestamp="2026-09-06T07:07:18.372" />
<allocation-satisfied id="2198" threadId="0000000000768000" bytesRequested="16" />
<af-end id="2199" timestamp="2026-09-06T07:07:18.372" threadId="0000000000768AC0" success="true" from="nursery"/>
<exclusive-end id="2200" timestamp="2026-09-06T07:07:18.372" durationms="2.686" />

<exclusive-start id="2201" timestamp="2026-09-06T07:07:18.446" intervalms="76.547">
  <response-info timems="0.020" idlems="0.020" threads="0" lastid="0000000000F86600" lastname="zip file reaper" />
</exclusive-start>
<af-start id="2202" threadId="0000000000F870C0" totalBytesRequested="24" timestamp="2026-09-06T07:07:18.446" intervalms="76.531" type="nursery" />
<cycle-start id="2203" type="scavenge" contextid="0" timestamp="2026-09-06T07:07:18.446" intervalms="76.522" />
<gc-start id="2204" type="scavenge" contextid="2203" timestamp="2026-09-06T07:07:18.446">
  <mem-info id="2205" free="10777712" total="84869120" percent="12">
    <mem type="nursery" free="0" total="25165824" percent="0">
      <mem type="allocate" free="0" total="19398656" percent="0" />
      <mem type="survivor" free="0" total="5767168" percent="0" />
    </mem>
    <mem type="tenure" free="10777712" total="59703296" percent="18">
      <mem type="soa" free="7791728" total="56717312" percent="13" />
      <mem type="loa" free="2985984" total="2985984" percent="100" />
    </mem>
    <remembered-set count="5023" />
  </mem-info>
</gc-start>
<allocation-stats totalBytes="16191552" discardedBytes="62000" >
  <allocated-bytes non-tlh="169824" tlh="16021728" />
  <largest-consumer threadName="Default Executor-thread-5" threadId="0000000000768000" bytes="16175168" />
</allocation-stats>
<gc-op id="2206" type="scavenge" timems="1.325" contextid="2203" timestamp="2026-09-06T07:07:18.448">
  <scavenger-info tenureage="9" tenuremask="7e00" tiltratio="77" />
  <memory-copied type="nursery" objects="37775" bytes="3513248" bytesdiscarded="454600" />
  <finalization candidates="50" enqueued="49" />
  <ownableSynchronizers candidates="213" cleared="14" />
  <references type="soft" candidates="977" cleared="0" enqueued="0" dynamicThreshold="9" maxThreshold="32" />
  <references type="weak" candidates="2057" cleared="773" enqueued="772" />
  <references type="phantom" candidates="191" cleared="0" enqueued="0" />
  <object-monitors candidates="87" cleared="0"  />
</gc-op>
<gc-end id="2207" type="scavenge" contextid="2203" durationms="1.540" usertimems="6.522" systemtimems="0.815" stalltimems="4.447" timestamp="2026-09-06T07:07:18.448" activeThreads="9">
  <mem-info id="2208" free="26402464" total="84869120" percent="31">
    <mem type="nursery" free="15624752" total="25165824" percent="62">
      <mem type="allocate" free="15624752" total="19595264" percent="79" />
      <mem type="survivor" free="0" total="5570560" percent="0" />
    </mem>
    <mem type="tenure" free="10777712" total="59703296" percent="18">
      <mem type="soa" free="7791728" total="56717312" percent="13" />
      <mem type="loa" free="2985984" total="2985984" percent="100" />
    </mem>
    <pending-finalizers system="49" default="0" reference="772" classloader="0" />
    <remembered-set count="4384" />
  </mem-info>
</gc-end>
<cycle-end id="2209" type="scavenge" contextid="2203" timestamp="2026-09-06T07:07:18.448" />
<allocation-satisfied id="2210" threadId="0000000000F86600" bytesRequested="24" />
<af-end id="2211" timestamp="2026-09-06T07:07:18.448" threadId="0000000000F870C0" success="true" from="nursery"/>
<exclusive-end id="2212" timestamp="2026-09-06T07:07:18.448" durationms="2.190" />

<exclusive-start id="2213" timestamp="2026-09-06T07:07:18.501" intervalms="55.039">
  <response-info timems="0.024" idlems="0.010" threads="3" lastid="0000000000770300" lastname="Default Executor-thread-6" />
</exclusive-start>
<af-start id="2214" threadId="00000000007593C0" totalBytesRequested="688" timestamp="2026-09-06T07:07:18.501" intervalms="55.041" type="nursery" />
<cycle-start id="2215" type="scavenge" contextid="0" timestamp="2026-09-06T07:07:18.501" intervalms="55.033" />
<gc-start id="2216" type="scavenge" contextid="2215" timestamp="2026-09-06T07:07:18.501">
  <mem-info id="2217" free="10745496" total="84869120" percent="12">
    <mem type="nursery" free="0" total="25165824" percent="0">
      <mem type="allocate" free="0" total="19595264" percent="0" />
      <mem type="survivor" free="0" total="5570560" percent="0" />
    </mem>
    <mem type="tenure" free="10745496" total="59703296" percent="17">
      <mem type="soa" free="7759512" total="56717312" percent="13" />
      <mem type="loa" free="2985984" total="2985984" percent="100" />
    </mem>
    <remembered-set count="5186" />
  </mem-info>
</gc-start>
<allocation-stats totalBytes="15520464" discardedBytes="136504" >
  <allocated-bytes non-tlh="324648" tlh="15195816" />
  <largest-consumer threadName="Default Executor-thread-5" threadId="0000000000768000" bytes="4065984" />
</allocation-stats>
<gc-op id="2218" type="scavenge" timems="1.768" contextid="2215" timestamp="2026-09-06T07:07:18.503">
  <scavenger-info tenureage="3" tenuremask="7e08" tiltratio="77" />
  <memory-copied type="nursery" objects="61798" bytes="4866512" bytesdiscarded="225352" />
  <memory-copied type="tenure" objects="5586" bytes="561088" bytesdiscarded="424" />
  <finalization candidates="84" enqueued="59" />
  <ownableSynchronizers candidates="308" cleared="57" />
  <references type="soft" candidates="866" cleared="0" enqueued="0" dynamicThreshold="9" maxThreshold="32" />
  <references type="weak" candidates="1523" cleared="260" enqueued="248" />
  <references type="phantom" candidates="244" cleared="32" enqueued="32" />
  <object-monitors candidates="92" cleared="5"  />
</gc-op>
<gc-end id="2219" type="scavenge" contextid="2215" durationms="1.974" usertimems="8.905" systemtimems="1.069" stalltimems="4.384" timestamp="2026-09-06T07:07:18.503" activeThreads="8">
  <mem-info id="2220" free="23114984" total="84869120" percent="27">
    <mem type="nursery" free="13254368" total="25165824" percent="52">
      <mem type="allocate" free="13254368" total="18350080" percent="72" />
      <mem type="survivor" free="0" total="6815744" percent="0" />
    </mem>
    <mem type="tenure" free="9860616" total="59703296" percent="16">
      <mem type="soa" free="6874632" total="56717312" percent="12" />
      <mem type="loa" free="2985984" total="2985984" percent="100" />
    </mem>
    <pending-finalizers system="20" default="39" reference="280" classloader="0" />
    <remembered-set count="3330" />
  </mem-info>
</gc-end>
<cycle-end id="2221" type="scavenge" contextid="2215" timestamp="2026-09-06T07:07:18.503" />
<allocation-satisfied id="2222" threadId="0000000000758900" bytesRequested="688" />
<af-end id="2223" timestamp="2026-09-06T07:07:18.503" threadId="00000000007593C0" success="true" from="nursery"/>
<exclusive-end id="2224" timestamp="2026-09-06T07:07:18.503" durationms="2.662" />

<exclusive-start id="2225" timestamp="2026-09-06T07:07:18.517" intervalms="15.909">
  <response-info timems="0.030" idlems="0.018" threads="2" lastid="0000000000764300" lastname="Default Executor-thread-4" />
</exclusive-start>
<af-start id="2226" threadId="00000000007593C0" totalBytesRequested="24" timestamp="2026-09-06T07:07:18.517" intervalms="15.888" type="nursery" />
<cycle-start id="2227" type="scavenge" contextid="0" timestamp="2026-09-06T07:07:18.517" intervalms="15.888" />
<gc-start id="2228" type="scavenge" contextid="2227" timestamp="2026-09-06T07:07:18.517">
  <mem-info id="2229" free="9858984" total="84869120" percent="11">
    <mem type="nursery" free="0" total="25165824" percent="0">
      <mem type="allocate" free="0" total="18350080" percent="0" />
      <mem type="survivor" free="0" total="6815744" percent="0" />
    </mem>
    <mem type="tenure" free="9858984" total="59703296" percent="16">
      <mem type="soa" free="6873000" total="56717312" percent="12" />
      <mem type="loa" free="2985984" total="2985984" percent="100" />
    </mem>
    <remembered-set count="3540" />
  </mem-info>
</gc-start>
<allocation-stats totalBytes="13163752" discardedBytes="92248" >
  <allocated-bytes non-tlh="224480" tlh="12939272" />
  <largest-consumer threadName="Default Executor-thread-4" threadId="0000000000764300" bytes="3668600" />
</allocation-stats>
<gc-op id="2230" type="scavenge" timems="1.672" contextid="2227" timestamp="2026-09-06T07:07:18.519">
  <scavenger-info tenureage="9" tenuremask="7e00" tiltratio="72" />
  <memory-copied type="nursery" objects="70195" bytes="5146136" bytesdiscarded="435728" />
  <finalization candidates="34" enqueued="7" />
  <ownableSynchronizers candidates="432" cleared="97" />
  <references type="soft" candidates="866" cleared="0" enqueued="0" dynamicThreshold="9" maxThreshold="32" />
  <references type="weak" candidates="1365" cleared="45" enqueued="45" />
  <references type="phantom" candidates="214" cleared="3" enqueued="3" />
  <object-monitors candidates="87" cleared="0"  />
</gc-op>
<heap-resize id="2231" type="expand" space="nursery" amount="1703936" count="1" timems="0.022" reason="excessive time being spent scavenging" timestamp="2026-09-06T07:07:18.519" />
<gc-end id="2232" type="scavenge" contextid="2227" durationms="1.897" usertimems="8.385" systemtimems="1.029" stalltimems="4.068" timestamp="2026-09-06T07:07:18.519" activeThreads="8">
  <mem-info id="2233" free="24326968" total="86573056" percent="28">
    <mem type="nursery" free="14467984" total="26869760" percent="53">
      <mem type="allocate" free="14467984" total="20054016" percent="72" />
      <mem type="survivor" free="0" total="6815744" percent="0" />
    </mem>
    <mem type="tenure" free="9858984" total="59703296" percent="16">
      <mem type="soa" free="6873000" total="56717312" percent="12" />
      <mem type="loa" free="2985984" total="2985984" percent="100" />
    </mem>
    <pending-finalizers system="1" default="6" reference="48" classloader="0" />
    <remembered-set count="2313" />
  </mem-info>
</gc-end>
<cycle-end id="2234" type="scavenge" contextid="2227" timestamp="2026-09-06T07:07:18.519" />
<allocation-satisfied id="2235" threadId="0000000000758900" bytesRequested="24" />
<af-end id="2236" timestamp="2026-09-06T07:07:18.519" threadId="00000000007593C0" success="true" from="nursery"/>
<exclusive-end id="2237" timestamp="2026-09-06T07:07:18.519" durationms="2.521" />

<exclusive-start id="2238" timestamp="2026-09-06T07:07:18.530" intervalms="13.636">
  <response-info timems="0.040" idlems="0.025" threads="1" lastid="0000000000764300" lastname="Default Executor-thread-4" />
</exclusive-start>
<af-start id="2239" threadId="00000000007593C0" totalBytesRequested="72" timestamp="2026-09-06T07:07:18.530" intervalms="13.634" type="nursery" />
<cycle-start id="2240" type="scavenge" contextid="0" timestamp="2026-09-06T07:07:18.530" intervalms="13.633" />
<gc-start id="2241" type="scavenge" contextid="2240" timestamp="2026-09-06T07:07:18.531">
  <mem-info id="2242" free="9858720" total="86573056" percent="11">
    <mem type="nursery" free="0" total="26869760" percent="0">
      <mem type="allocate" free="0" total="20054016" percent="0" />
      <mem type="survivor" free="0" total="6815744" percent="0" />
    </mem>
    <mem type="tenure" free="9858720" total="59703296" percent="16">
      <mem type="soa" free="6872736" total="56717312" percent="12" />
      <mem type="loa" free="2985984" total="2985984" percent="100" />
    </mem>
    <remembered-set count="2349" />
  </mem-info>
</gc-start>
<allocation-stats totalBytes="14461072" discardedBytes="7176" >
  <allocated-bytes non-tlh="784416" tlh="13676656" />
  <largest-consumer threadName="ClassloaderMapProcessingThread-9" threadId="0000000001218500" bytes="6044456" />
</allocation-stats>
<gc-op id="2243" type="scavenge" timems="1.870" contextid="2240" timestamp="2026-09-06T07:07:18.533">
  <scavenger-info tenureage="3" tenuremask="7e18" tiltratio="74" />
  <memory-copied type="nursery" objects="47716" bytes="3558120" bytesdiscarded="538168" />
  <memory-copied type="tenure" objects="29205" bytes="2595352" bytesdiscarded="1808" />
  <finalization candidates="179" enqueued="150" />
  <ownableSynchronizers candidates="337" cleared="2" />
  <references type="soft" candidates="62" cleared="0" enqueued="0" dynamicThreshold="9" maxThreshold="32" />
  <references type="weak" candidates="189" cleared="15" enqueued="15" />
  <references type="phantom" candidates="108" cleared="0" enqueued="0" />
  <object-monitors candidates="87" cleared="0"  />
</gc-op>
<heap-resize id="2244" type="expand" space="nursery" amount="1966080" count="1" timems="0.019" reason="excessive time being spent scavenging" timestamp="2026-09-06T07:07:18.533" />
<gc-end id="2245" type="scavenge" contextid="2240" durationms="2.113" usertimems="9.648" systemtimems="1.049" stalltimems="4.517" timestamp="2026-09-06T07:07:18.533" activeThreads="8">
  <mem-info id="2246" free="25455944" total="88539136" percent="28">
    <mem type="nursery" free="18051792" total="28835840" percent="62">
      <mem type="allocate" free="18051792" total="22151168" percent="81" />
      <mem type="survivor" free="0" total="6684672" percent="0" />
    </mem>
    <mem type="tenure" free="7404152" total="59703296" percent="12">
      <mem type="soa" free="4418168" total="56717312" percent="7" />
      <mem type="loa" free="2985984" total="2985984" percent="100" />
    </mem>
    <pending-finalizers system="0" default="150" reference="15" classloader="0" />
    <remembered-set count="797" />
  </mem-info>
</gc-end>
<cycle-end id="2247" type="scavenge" contextid="2240" timestamp="2026-09-06T07:07:18.533" />
<allocation-satisfied id="2248" threadId="0000000000758900" bytesRequested="72" />
<af-end id="2249" timestamp="2026-09-06T07:07:18.533" threadId="00000000007593C0" success="true" from="nursery"/>
<exclusive-end id="2250" timestamp="2026-09-06T07:07:18.533" durationms="2.690" />

<concurrent-kickoff id="2251" timestamp="2026-09-06T07:07:18.541">
  <kickoff reason="threshold reached" targetBytes="29206422" thresholdFreeBytes="4032083"  remainingFree="3963256" tenureFreeBytes="7400552" nurseryFreeBytes="3963256" />
</concurrent-kickoff>
<exclusive-start id="2252" timestamp="2026-09-06T07:07:18.541" intervalms="10.595">
  <response-info timems="0.059" idlems="0.036" threads="2" lastid="0000000000764300" lastname="Default Executor-thread-4" />
</exclusive-start>
<cycle-start id="2253" type="global" contextid="0" timestamp="2026-09-06T07:07:18.541" intervalms="564.036" />
<concurrent-start id="2254" type="global mark" contextid="2253" timestamp="2026-09-06T07:07:18.541">
</concurrent-start>
<exclusive-end id="2255" timestamp="2026-09-06T07:07:18.541" durationms="0.122" />

<exclusive-start id="2256" timestamp="2026-09-06T07:07:18.552" intervalms="11.376">
  <response-info timems="0.057" idlems="0.034" threads="1" lastid="0000000000021100" lastname="JIT Compilation Thread-001" />
</exclusive-start>
<af-start id="2257" threadId="00000000007556C0" totalBytesRequested="61104" timestamp="2026-09-06T07:07:18.552" intervalms="21.976" type="nursery" />
<cycle-start id="2258" type="scavenge" contextid="0" timestamp="2026-09-06T07:07:18.552" intervalms="21.970" />
<gc-start id="2259" type="scavenge" contextid="2258" timestamp="2026-09-06T07:07:18.553">
  <mem-info id="2260" free="7400424" total="88539136" percent="8">
    <mem type="nursery" free="0" total="28835840" percent="0">
      <mem type="allocate" free="0" total="22151168" percent="0" />
      <mem type="survivor" free="0" total="6684672" percent="0" />
    </mem>
    <mem type="tenure" free="7400424" total="59703296" percent="12">
      <mem type="soa" free="4414440" total="56717312" percent="7" />
      <mem type="loa" free="2985984" total="2985984" percent="100" />
    </mem>
    <remembered-set count="925" />
  </mem-info>
</gc-start>
<allocation-stats totalBytes="17810504" discardedBytes="245016" >
  <allocated-bytes non-tlh="669672" tlh="17140832" />
  <largest-consumer threadName="Default Executor-thread-4" threadId="0000000000764300" bytes="4541712" />
</allocation-stats>
<gc-op id="2261" type="scavenge" timems="1.647" contextid="2258" timestamp="2026-09-06T07:07:18.554">
  <scavenger-info tenureage="3" tenuremask="7e08" tiltratio="76" />
  <memory-copied type="nursery" objects="43250" bytes="3266544" bytesdiscarded="260320" />
  <memory-copied type="tenure" objects="27837" bytes="1615080" bytesdiscarded="1672" />
  <finalization candidates="289" enqueued="260" />
  <ownableSynchronizers candidates="172" cleared="9" />
  <references type="soft" candidates="2" cleared="0" enqueued="0" dynamicThreshold="9" maxThreshold="32" />
  <references type="weak" candidates="105" cleared="17" enqueued="17" />
  <references type="phantom" candidates="50" cleared="0" enqueued="0" />
  <object-monitors candidates="87" cleared="0"  />
</gc-op>
<heap-resize id="2262" type="expand" space="nursery" amount="1179648" count="1" timems="0.021" reason="excessive time being spent scavenging" timestamp="2026-09-06T07:07:18.554" />
<gc-end id="2263" type="scavenge" contextid="2258" durationms="1.914" usertimems="10.300" systemtimems="0.098" stalltimems="4.560" timestamp="2026-09-06T07:07:18.555" activeThreads="9">
  <mem-info id="2264" free="25990408" total="89718784" percent="28">
    <mem type="nursery" free="20391696" total="30015488" percent="67">
      <mem type="allocate" free="20391696" total="23920640" percent="85" />
      <mem type="survivor" free="0" total="6094848" percent="0" />
    </mem>
    <mem type="tenure" free="5598712" total="59703296" percent="9">
      <mem type="soa" free="2612728" total="56717312" percent="4" />
      <mem type="loa" free="2985984" total="2985984" percent="100" />
    </mem>
    <pending-finalizers system="1" default="259" reference="17" classloader="0" />
    <remembered-set count="1555" />
  </mem-info>
</gc-end>
<cycle-end id="2265" type="scavenge" contextid="2258" timestamp="2026-09-06T07:07:18.555" />
<allocation-satisfied id="2266" threadId="0000000000754C00" bytesRequested="61104" />
<af-end id="2267" timestamp="2026-09-06T07:07:18.555" threadId="00000000007556C0" success="true" from="nursery"/>
<exclusive-end id="2268" timestamp="2026-09-06T07:07:18.555" durationms="2.605" />

<concurrent-end id="2269" type="global mark" contextid="2253" timestamp="2026-09-06T07:07:18.555">
<gc-op id="2270" type="trace" timems="13.973" contextid="2253" timestamp="2026-09-06T07:07:18.555">
  <trace bytesTraced="31573420" workStackOverflowCount="0" />
  <card-cleaning reason="card cleaning threshold reached" bytesTraced="14728" cardsCleaned="36" />
</gc-op>
</concurrent-end>

<exclusive-start id="2271" timestamp="2026-09-06T07:07:18.555" intervalms="2.958">
  <response-info timems="0.097" idlems="0.060" threads="4" lastid="0000000000758900" lastname="Default Executor-thread-3" />
</exclusive-start>
<concurrent-global-final id="2272" timestamp="2026-09-06T07:07:18.555" contextid="2253" intervalms="551.393" >
  <concurrent-trace-info reason="card cleaning threshold reached" tracedByMutators="28240636" tracedByHelpers="3347512" cardsCleaned="36" workStackOverflowCount="0" />
</concurrent-global-final>
<gc-start id="2273" type="global" contextid="2253" timestamp="2026-09-06T07:07:18.555">
  <mem-info id="2274" free="25294424" total="89718784" percent="28">
    <mem type="nursery" free="19695712" total="30015488" percent="65">
      <mem type="allocate" free="19695712" total="23920640" percent="82" />
      <mem type="survivor" free="0" total="6094848" percent="0" />
    </mem>
    <mem type="tenure" free="5598712" total="59703296" percent="9">
      <mem type="soa" free="2612728" total="56717312" percent="4" />
      <mem type="loa" free="2985984" total="2985984" percent="100" />
    </mem>
    <remembered-set count="1562" />
  </mem-info>
</gc-start>
<allocation-stats totalBytes="672656" discardedBytes="23328" >
  <allocated-bytes non-tlh="61104" tlh="611552" />
  <largest-consumer threadName="Default Executor-thread-3" threadId="0000000000758900" bytes="177376" />
</allocation-stats>
<heap-resize id="2275" type="loa contract" space="tenure" amount="596992" count="1" timems="0.000" reason="contract underutilized loa" timestamp="2026-09-06T07:07:18.555" />
<gc-op id="2276" type="rs-scan" timems="0.710" contextid="2253" timestamp="2026-09-06T07:07:18.556">
  <scan objectsFound="33364" bytesTraced="1220632" workStackOverflowCount="0" />
</gc-op>
<gc-op id="2277" type="card-cleaning" timems="0.508" contextid="2253" timestamp="2026-09-06T07:07:18.557">
  <card-cleaning cardsCleaned="280" bytesTraced="870804" workStackOverflowCount="0" />
</gc-op>
<gc-op id="2278" type="mark" timems="3.708" contextid="2253" timestamp="2026-09-06T07:07:18.560">
  <trace-info objectcount="5771" scancount="5108" scanbytes="253756" />
  <finalization candidates="1650" enqueued="7" />
  <ownableSynchronizers candidates="8753" cleared="18" />
  <references type="soft" candidates="13293" cleared="5" enqueued="4" dynamicThreshold="9" maxThreshold="32" />
  <references type="weak" candidates="17288" cleared="5" enqueued="4" />
  <references type="phantom" candidates="413" cleared="0" enqueued="0" />
  <stringconstants candidates="41489" cleared="67"  />
  <object-monitors candidates="87" cleared="0"  />
</gc-op>
<gc-op id="2279" type="classunload" timems="1.069" contextid="2253" timestamp="2026-09-06T07:07:18.562">
  <classunload-info classloadercandidates="385" classloadersunloaded="1" classesunloaded="4" anonymousclassesunloaded="3" quiescems="0.000" setupms="0.909" scanms="0.114" postms="0.045" />
</gc-op>
<gc-op id="2280" type="sweep" timems="0.540" contextid="2253" timestamp="2026-09-06T07:07:18.562" />
<heap-resize id="2281" type="expand" space="tenure" amount="12517376" count="1" timems="0.058" reason="insufficient free space following gc" timestamp="2026-09-06T07:07:18.562" />
<heap-resize id="2282" type="loa contract" space="tenure" amount="2166784" count="1" timems="0.000" reason="contract to meet minimum soa" timestamp="2026-09-06T07:07:18.562" />
<gc-end id="2283" type="global" contextid="2253" durationms="7.088" usertimems="28.146" systemtimems="3.935" stalltimems="18.802" timestamp="2026-09-06T07:07:18.562" activeThreads="10">
  <mem-info id="2284" free="43248456" total="102236160" percent="42">
    <mem type="nursery" free="21553496" total="30015488" percent="71">
      <mem type="allocate" free="21553496" total="23920640" percent="90" />
      <mem type="survivor" free="0" total="6094848" percent="0" />
    </mem>
    <mem type="tenure" free="21694960" total="72220672" percent="30" micro-fragmented="1836694" macro-fragmented="0">
      <mem type="soa" free="20972016" total="71497728" percent="29" />
      <mem type="loa" free="722944" total="722944" percent="100" />
    </mem>
    <pending-finalizers system="0" default="7" reference="8" classloader="0" />
    <remembered-set count="1510" />
  </mem-info>
</gc-end>
<cycle-end id="2285" type="global" contextid="2253" timestamp="2026-09-06T07:07:18.563" />
<exclusive-end id="2286" timestamp="2026-09-06T07:07:18.563" durationms="7.388" />

<exclusive-start id="2287" timestamp="2026-09-06T07:07:18.575" intervalms="20.076">
  <response-info timems="0.025" idlems="0.016" threads="1" lastid="0000000000768000" lastname="Default Executor-thread-5" />
</exclusive-start>
<af-start id="2288" threadId="0000000000770DC0" totalBytesRequested="47296" timestamp="2026-09-06T07:07:18.575" intervalms="23.037" type="nursery" />
<cycle-start id="2289" type="scavenge" contextid="0" timestamp="2026-09-06T07:07:18.575" intervalms="23.036" />
<gc-start id="2290" type="scavenge" contextid="2289" timestamp="2026-09-06T07:07:18.576">
  <mem-info id="2291" free="21694072" total="102236160" percent="21">
    <mem type="nursery" free="0" total="30015488" percent="0">
      <mem type="allocate" free="0" total="23920640" percent="0" />
      <mem type="survivor" free="0" total="6094848" percent="0" />
    </mem>
    <mem type="tenure" free="21694072" total="72220672" percent="30">
      <mem type="soa" free="20971128" total="71497728" percent="29" />
      <mem type="loa" free="722944" total="722944" percent="100" />
    </mem>
    <remembered-set count="1593" />
  </mem-info>
</gc-start>
<allocation-stats totalBytes="21468832" discardedBytes="84808" >
  <allocated-bytes non-tlh="491704" tlh="20977128" />
  <largest-consumer threadName="Default Executor-thread-4" threadId="0000000000764300" bytes="5507088" />
</allocation-stats>
<gc-op id="2292" type="scavenge" timems="1.467" contextid="2289" timestamp="2026-09-06T07:07:18.577">
  <scavenger-info tenureage="9" tenuremask="7e00" tiltratio="79" />
  <memory-copied type="nursery" objects="50078" bytes="3924760" bytesdiscarded="223792" />
  <finalization candidates="386" enqueued="383" />
  <ownableSynchronizers candidates="17470" cleared="17356" />
  <references type="soft" candidates="2" cleared="0" enqueued="0" dynamicThreshold="9" maxThreshold="32" />
  <references type="weak" candidates="94" cleared="5" enqueued="5" />
  <references type="phantom" candidates="57" cleared="8" enqueued="8" />
  <object-monitors candidates="87" cleared="0"  />
</gc-op>
<gc-end id="2293" type="scavenge" contextid="2289" durationms="1.642" usertimems="8.035" systemtimems="0.535" stalltimems="4.823" timestamp="2026-09-06T07:07:18.577" activeThreads="9">
  <mem-info id="2294" free="41856632" total="102236160" percent="40">
    <mem type="nursery" free="20162560" total="30015488" percent="67">
      <mem type="allocate" free="20162560" total="24313856" percent="82" />
      <mem type="survivor" free="0" total="5701632" percent="0" />
    </mem>
    <mem type="tenure" free="21694072" total="72220672" percent="30">
      <mem type="soa" free="20971128" total="71497728" percent="29" />
      <mem type="loa" free="722944" total="722944" percent="100" />
    </mem>
    <pending-finalizers system="0" default="383" reference="13" classloader="0" />
    <remembered-set count="1535" />
  </mem-info>
</gc-end>
<cycle-end id="2295" type="scavenge" contextid="2289" timestamp="2026-09-06T07:07:18.577" />
<allocation-satisfied id="2296" threadId="0000000000770300" bytesRequested="47296" />
<af-end id="2297" timestamp="2026-09-06T07:07:18.578" threadId="0000000000770DC0" success="true" from="nursery"/>
<exclusive-end id="2298" timestamp="2026-09-06T07:07:18.578" durationms="2.246" />

<exclusive-start id="2299" timestamp="2026-09-06T07:07:18.597" intervalms="21.421">
  <response-info timems="0.096" idlems="0.054" threads="1" lastid="0000000000770300" lastname="Default Executor-thread-6" />
</exclusive-start>
<af-start id="2300" threadId="0000000001218FC0" totalBytesRequested="128" timestamp="2026-09-06T07:07:18.597" intervalms="21.414" type="nursery" />
<cycle-start id="2301" type="scavenge" contextid="0" timestamp="2026-09-06T07:07:18.597" intervalms="21.416" />
<gc-start id="2302" type="scavenge" contextid="2301" timestamp="2026-09-06T07:07:18.597">
  <mem-info id="2303" free="21694072" total="102236160" percent="21">
    <mem type="nursery" free="0" total="30015488" percent="0">
      <mem type="allocate" free="0" total="24313856" percent="0" />
      <mem type="survivor" free="0" total="5701632" percent="0" />
    </mem>
    <mem type="tenure" free="21694072" total="72220672" percent="30">
      <mem type="soa" free="20971128" total="71497728" percent="29" />
      <mem type="loa" free="722944" total="722944" percent="100" />
    </mem>
    <remembered-set count="1637" />
  </mem-info>
</gc-start>
<allocation-stats totalBytes="20146528" discardedBytes="16032" >
  <allocated-bytes non-tlh="98096" tlh="20048432" />
  <largest-consumer threadName="ClassloaderMapProcessingThread-9" threadId="0000000001218500" bytes="7187384" />
</allocation-stats>
<gc-op id="2304" type="scavenge" timems="1.504" contextid="2301" timestamp="2026-09-06T07:07:18.599">
  <scavenger-info tenureage="4" tenuremask="7e10" tiltratio="81" />
  <memory-copied type="nursery" objects="41108" bytes="3283960" bytesdiscarded="172232" />
  <memory-copied type="tenure" objects="11059" bytes="734704" bytesdiscarded="2992" />
  <finalization candidates="240" enqueued="236" />
  <ownableSynchronizers candidates="114" cleared="0" />
  <references type="soft" candidates="2" cleared="0" enqueued="0" dynamicThreshold="9" maxThreshold="32" />
  <references type="weak" candidates="36" cleared="7" enqueued="7" />
  <references type="phantom" candidates="85" cleared="0" enqueued="0" />
  <object-monitors candidates="87" cleared="0"  />
</gc-op>
<heap-resize id="2305" type="expand" space="nursery" amount="1572864" count="1" timems="0.021" reason="excessive time being spent scavenging" timestamp="2026-09-06T07:07:18.599" />
<gc-end id="2306" type="scavenge" contextid="2301" durationms="1.728" usertimems="7.254" systemtimems="1.868" stalltimems="4.531" timestamp="2026-09-06T07:07:18.599" activeThreads="9">
  <mem-info id="2307" free="43187952" total="103809024" percent="41">
    <mem type="nursery" free="22361200" total="31588352" percent="70">
      <mem type="allocate" free="22361200" total="25821184" percent="86" />
      <mem type="survivor" free="0" total="5767168" percent="0" />
    </mem>
    <mem type="tenure" free="20826752" total="72220672" percent="28">
      <mem type="soa" free="20103808" total="71497728" percent="28" />
      <mem type="loa" free="722944" total="722944" percent="100" />
    </mem>
    <pending-finalizers system="0" default="236" reference="7" classloader="0" />
    <remembered-set count="1435" />
  </mem-info>
</gc-end>
<cycle-end id="2308" type="scavenge" contextid="2301" timestamp="2026-09-06T07:07:18.599" />
<allocation-satisfied id="2309" threadId="0000000001218500" bytesRequested="128" />
<af-end id="2310" timestamp="2026-09-06T07:07:18.599" threadId="0000000001218FC0" success="true" from="nursery"/>
<exclusive-end id="2311" timestamp="2026-09-06T07:07:18.599" durationms="2.333" />

<exclusive-start id="2312" timestamp="2026-09-06T07:07:18.621" intervalms="23.850">
  <response-info timems="0.056" idlems="0.046" threads="1" lastid="0000000000764300" lastname="Default Executor-thread-4" />
</exclusive-start>
<af-start id="2313" threadId="0000000000768AC0" totalBytesRequested="16392" timestamp="2026-09-06T07:07:18.621" intervalms="23.868" type="nursery" />
<cycle-start id="2314" type="scavenge" contextid="0" timestamp="2026-09-06T07:07:18.621" intervalms="23.871" />
<gc-start id="2315" type="scavenge" contextid="2314" timestamp="2026-09-06T07:07:18.621">
  <mem-info id="2316" free="20826752" total="103809024" percent="20">
    <mem type="nursery" free="0" total="31588352" percent="0">
      <mem type="allocate" free="0" total="25821184" percent="0" />
      <mem type="survivor" free="0" total="5767168" percent="0" />
    </mem>
    <mem type="tenure" free="20826752" total="72220672" percent="28">
      <mem type="soa" free="20103808" total="71497728" percent="28" />
      <mem type="loa" free="722944" total="722944" percent="100" />
    </mem>
    <remembered-set count="1522" />
  </mem-info>
</gc-start>
<allocation-stats totalBytes="22310392" discardedBytes="50808" >
  <allocated-bytes non-tlh="225320" tlh="22085072" />
  <largest-consumer threadName="ClassloaderMapProcessingThread-9" threadId="0000000001218500" bytes="5733560" />
</allocation-stats>
<gc-op id="2317" type="scavenge" timems="1.448" contextid="2314" timestamp="2026-09-06T07:07:18.623">
  <scavenger-info tenureage="3" tenuremask="7e08" tiltratio="81" />
  <memory-copied type="nursery" objects="28234" bytes="3398024" bytesdiscarded="345848" />
  <memory-copied type="tenure" objects="23308" bytes="794296" bytesdiscarded="1728" />
  <finalization candidates="335" enqueued="331" />
  <ownableSynchronizers candidates="6" cleared="0" />
  <references type="weak" candidates="69" cleared="52" enqueued="52" />
  <references type="phantom" candidates="89" cleared="4" enqueued="4" />
  <object-monitors candidates="87" cleared="0"  />
</gc-op>
<gc-end id="2318" type="scavenge" contextid="2314" durationms="1.639" usertimems="7.994" systemtimems="0.924" stalltimems="4.400" timestamp="2026-09-06T07:07:18.623" activeThreads="9">
  <mem-info id="2319" free="42471360" total="103809024" percent="40">
    <mem type="nursery" free="22665888" total="31588352" percent="71">
      <mem type="allocate" free="22665888" total="26411008" percent="85" />
      <mem type="survivor" free="0" total="5177344" percent="0" />
    </mem>
    <mem type="tenure" free="19805472" total="72220672" percent="27">
      <mem type="soa" free="19082528" total="71497728" percent="26" />
      <mem type="loa" free="722944" total="722944" percent="100" />
    </mem>
    <pending-finalizers system="0" default="331" reference="56" classloader="0" />
    <remembered-set count="1203" />
  </mem-info>
</gc-end>
<cycle-end id="2320" type="scavenge" contextid="2314" timestamp="2026-09-06T07:07:18.623" />
<allocation-satisfied id="2321" threadId="0000000000768000" bytesRequested="16392" />
<af-end id="2322" timestamp="2026-09-06T07:07:18.623" threadId="0000000000768AC0" success="true" from="nursery"/>
<exclusive-end id="2323" timestamp="2026-09-06T07:07:18.623" durationms="2.289" />

<exclusive-start id="2324" timestamp="2026-09-06T07:07:18.637" intervalms="16.866">
  <response-info timems="0.150" idlems="0.102" threads="2" lastid="0000000000770300" lastname="Default Executor-thread-6" />
</exclusive-start>
<af-start id="2325" threadId="00000000007593C0" totalBytesRequested="3600" timestamp="2026-09-06T07:07:18.638" intervalms="16.840" type="nursery" />
<cycle-start id="2326" type="scavenge" contextid="0" timestamp="2026-09-06T07:07:18.638" intervalms="16.834" />
<gc-start id="2327" type="scavenge" contextid="2326" timestamp="2026-09-06T07:07:18.638">
  <mem-info id="2328" free="19802440" total="103809024" percent="19">
    <mem type="nursery" free="0" total="31588352" percent="0">
      <mem type="allocate" free="0" total="26411008" percent="0" />
      <mem type="survivor" free="0" total="5177344" percent="0" />
    </mem>
    <mem type="tenure" free="19802440" total="72220672" percent="27">
      <mem type="soa" free="19079496" total="71497728" percent="26" />
      <mem type="loa" free="722944" total="722944" percent="100" />
    </mem>
    <remembered-set count="1500" />
  </mem-info>
</gc-start>
<allocation-stats totalBytes="22595680" discardedBytes="73240" >
  <allocated-bytes non-tlh="128440" tlh="22467240" />
  <largest-consumer threadName="Default Executor-thread-6" threadId="0000000000770300" bytes="4903928" />
</allocation-stats>
<gc-op id="2329" type="scavenge" timems="1.501" contextid="2326" timestamp="2026-09-06T07:07:18.639">
  <scavenger-info tenureage="5" tenuremask="7e20" tiltratio="83" />
  <memory-copied type="nursery" objects="42175" bytes="4640496" bytesdiscarded="193792" />
  <memory-copied type="tenure" objects="4966" bytes="460776" bytesdiscarded="968" />
  <finalization candidates="440" enqueued="424" />
  <ownableSynchronizers candidates="1" cleared="1" />
  <references type="weak" candidates="64" cleared="48" enqueued="48" />
  <references type="phantom" candidates="183" cleared="30" enqueued="30" />
  <object-monitors candidates="87" cleared="0"  />
</gc-op>
<heap-resize id="2330" type="expand" space="nursery" amount="2097152" count="1" timems="0.021" reason="excessive time being spent scavenging" timestamp="2026-09-06T07:07:18.639" />
<gc-end id="2331" type="scavenge" contextid="2326" durationms="1.767" usertimems="8.439" systemtimems="0.000" stalltimems="5.503" timestamp="2026-09-06T07:07:18.640" activeThreads="9">
  <mem-info id="2332" free="41392368" total="105906176" percent="39">
    <mem type="nursery" free="21964272" total="33685504" percent="65">
      <mem type="allocate" free="21964272" total="26804224" percent="81" />
      <mem type="survivor" free="0" total="6881280" percent="0" />
    </mem>
    <mem type="tenure" free="19428096" total="72220672" percent="26">
      <mem type="soa" free="18705152" total="71497728" percent="26" />
      <mem type="loa" free="722944" total="722944" percent="100" />
    </mem>
    <pending-finalizers system="6" default="418" reference="78" classloader="0" />
    <remembered-set count="1291" />
  </mem-info>
</gc-end>
<cycle-end id="2333" type="scavenge" contextid="2326" timestamp="2026-09-06T07:07:18.640" />
<allocation-satisfied id="2334" threadId="0000000000758900" bytesRequested="3600" />
<af-end id="2335" timestamp="2026-09-06T07:07:18.640" threadId="00000000007593C0" success="true" from="nursery"/>
<exclusive-end id="2336" timestamp="2026-09-06T07:07:18.640" durationms="2.368" />

<exclusive-start id="2337" timestamp="2026-09-06T07:07:18.651" intervalms="13.601">
  <response-info timems="0.038" idlems="0.023" threads="1" lastid="0000000000754C00" lastname="Default Executor-thread-2" />
</exclusive-start>
<af-start id="2338" threadId="00000000007593C0" totalBytesRequested="24" timestamp="2026-09-06T07:07:18.651" intervalms="13.610" type="nursery" />
<cycle-start id="2339" type="scavenge" contextid="0" timestamp="2026-09-06T07:07:18.651" intervalms="13.611" />
<gc-start id="2340" type="scavenge" contextid="2339" timestamp="2026-09-06T07:07:18.651">
  <mem-info id="2341" free="19419480" total="105906176" percent="18">
    <mem type="nursery" free="0" total="33685504" percent="0">
      <mem type="allocate" free="0" total="26804224" percent="0" />
      <mem type="survivor" free="0" total="6881280" percent="0" />
    </mem>
    <mem type="tenure" free="19419480" total="72220672" percent="26">
      <mem type="soa" free="18696536" total="71497728" percent="26" />
      <mem type="loa" free="722944" total="722944" percent="100" />
    </mem>
    <remembered-set count="1516" />
  </mem-info>
</gc-start>
<allocation-stats totalBytes="21824560" discardedBytes="146912" >
  <allocated-bytes non-tlh="60576" tlh="21763984" />
  <largest-consumer threadName="Default Executor-thread-2" threadId="0000000000754C00" bytes="5947016" />
</allocation-stats>
<gc-op id="2342" type="scavenge" timems="1.473" contextid="2339" timestamp="2026-09-06T07:07:18.653">
  <scavenger-info tenureage="9" tenuremask="7e00" tiltratio="79" />
  <memory-copied type="nursery" objects="48965" bytes="5250392" bytesdiscarded="339840" />
  <finalization candidates="471" enqueued="446" />
  <ownableSynchronizers candidates="2" cleared="2" />
  <references type="weak" candidates="91" cleared="70" enqueued="70" />
  <references type="phantom" candidates="171" cleared="18" enqueued="18" />
  <object-monitors candidates="87" cleared="0"  />
</gc-op>
<heap-resize id="2343" type="expand" space="nursery" amount="1966080" count="1" timems="0.017" reason="excessive time being spent scavenging" timestamp="2026-09-06T07:07:18.653" />
<gc-end id="2344" type="scavenge" contextid="2339" durationms="1.695" usertimems="8.074" systemtimems="0.000" stalltimems="5.477" timestamp="2026-09-06T07:07:18.653" activeThreads="9">
  <mem-info id="2345" free="42399608" total="107872256" percent="39">
    <mem type="nursery" free="22980128" total="35651584" percent="64">
      <mem type="allocate" free="22980128" total="28573696" percent="80" />
      <mem type="survivor" free="0" total="7077888" percent="0" />
    </mem>
    <mem type="tenure" free="19419480" total="72220672" percent="26">
      <mem type="soa" free="18696536" total="71497728" percent="26" />
      <mem type="loa" free="722944" total="722944" percent="100" />
    </mem>
    <pending-finalizers system="0" default="446" reference="88" classloader="0" />
    <remembered-set count="1472" />
  </mem-info>
</gc-end>
<cycle-end id="2346" type="scavenge" contextid="2339" timestamp="2026-09-06T07:07:18.653" />
<allocation-satisfied id="2347" threadId="0000000000758900" bytesRequested="24" />
<af-end id="2348" timestamp="2026-09-06T07:07:18.653" threadId="00000000007593C0" success="true" from="nursery"/>
<exclusive-end id="2349" timestamp="2026-09-06T07:07:18.653" durationms="2.223" />

<exclusive-start id="2350" timestamp="2026-09-06T07:07:18.666" intervalms="14.997">
  <response-info timems="0.157" idlems="0.084" threads="2" lastid="0000000000758900" lastname="Default Executor-thread-3" />
</exclusive-start>
<af-start id="2351" threadId="0000000001218FC0" totalBytesRequested="24" timestamp="2026-09-06T07:07:18.666" intervalms="14.984" type="nursery" />
<cycle-start id="2352" type="scavenge" contextid="0" timestamp="2026-09-06T07:07:18.666" intervalms="14.972" />
<gc-start id="2353" type="scavenge" contextid="2352" timestamp="2026-09-06T07:07:18.666">
  <mem-info id="2354" free="19397480" total="107872256" percent="17">
    <mem type="nursery" free="0" total="35651584" percent="0">
      <mem type="allocate" free="0" total="28573696" percent="0" />
      <mem type="survivor" free="0" total="7077888" percent="0" />
    </mem>
    <mem type="tenure" free="19397480" total="72220672" percent="26">
      <mem type="soa" free="18674536" total="71497728" percent="26" />
      <mem type="loa" free="722944" total="722944" percent="100" />
    </mem>
    <remembered-set count="2032" />
  </mem-info>
</gc-start>
<allocation-stats totalBytes="22926152" discardedBytes="75240" >
  <allocated-bytes non-tlh="275160" tlh="22650992" />
  <largest-consumer threadName="Default Executor-thread-4" threadId="0000000000764300" bytes="5962384" />
</allocation-stats>
<gc-op id="2355" type="scavenge" timems="1.944" contextid="2352" timestamp="2026-09-06T07:07:18.668">
  <scavenger-info tenureage="9" tenuremask="7e00" tiltratio="80" />
  <memory-copied type="nursery" objects="70860" bytes="6320760" bytesdiscarded="251232" />
  <finalization candidates="536" enqueued="499" />
  <ownableSynchronizers candidates="4" cleared="3" />
  <references type="weak" candidates="158" cleared="121" enqueued="121" />
  <references type="phantom" candidates="214" cleared="28" enqueued="28" />
  <object-monitors candidates="88" cleared="1"  />
</gc-op>
<heap-resize id="2356" type="expand" space="nursery" amount="2359296" count="1" timems="0.019" reason="excessive time being spent scavenging" timestamp="2026-09-06T07:07:18.668" />
<gc-end id="2357" type="scavenge" contextid="2352" durationms="2.187" usertimems="9.405" systemtimems="1.878" stalltimems="6.718" timestamp="2026-09-06T07:07:18.669" activeThreads="9">
  <mem-info id="2358" free="42181264" total="110231552" percent="38">
    <mem type="nursery" free="22783784" total="38010880" percent="59">
      <mem type="allocate" free="22783784" total="29360128" percent="77" />
      <mem type="survivor" free="0" total="8650752" percent="0" />
    </mem>
    <mem type="tenure" free="19397480" total="72220672" percent="26">
      <mem type="soa" free="18674536" total="71497728" percent="26" />
      <mem type="loa" free="722944" total="722944" percent="100" />
    </mem>
    <pending-finalizers system="18" default="481" reference="149" classloader="0" />
    <remembered-set count="1719" />
  </mem-info>
</gc-end>
<cycle-end id="2359" type="scavenge" contextid="2352" timestamp="2026-09-06T07:07:18.669" />
<allocation-satisfied id="2360" threadId="0000000001218500" bytesRequested="24" />
<af-end id="2361" timestamp="2026-09-06T07:07:18.669" threadId="0000000001218FC0" success="true" from="nursery"/>
<exclusive-end id="2362" timestamp="2026-09-06T07:07:18.669" durationms="2.722" />

<exclusive-start id="2363" timestamp="2026-09-06T07:07:18.679" intervalms="13.168">
  <response-info timems="0.018" idlems="0.016" threads="1" lastid="0000000000764300" lastname="Default Executor-thread-4" />
</exclusive-start>
<af-start id="2364" threadId="00000000007556C0" totalBytesRequested="3912" timestamp="2026-09-06T07:07:18.679" intervalms="13.175" type="nursery" />
<cycle-start id="2365" type="scavenge" contextid="0" timestamp="2026-09-06T07:07:18.679" intervalms="13.195" />
<gc-start id="2366" type="scavenge" contextid="2365" timestamp="2026-09-06T07:07:18.680">
  <mem-info id="2367" free="19395032" total="110231552" percent="17">
    <mem type="nursery" free="0" total="38010880" percent="0">
      <mem type="allocate" free="0" total="29360128" percent="0" />
      <mem type="survivor" free="0" total="8650752" percent="0" />
    </mem>
    <mem type="tenure" free="19395032" total="72220672" percent="26">
      <mem type="soa" free="18672088" total="71497728" percent="26" />
      <mem type="loa" free="722944" total="722944" percent="100" />
    </mem>
    <remembered-set count="1940" />
  </mem-info>
</gc-start>
<allocation-stats totalBytes="22754064" discardedBytes="31424" >
  <allocated-bytes non-tlh="286040" tlh="22468024" />
  <largest-consumer threadName="ClassloaderMapProcessingThread-9" threadId="0000000001218500" bytes="5917904" />
</allocation-stats>
<gc-op id="2368" type="scavenge" timems="2.046" contextid="2365" timestamp="2026-09-06T07:07:18.682">
  <scavenger-info tenureage="9" tenuremask="7e00" tiltratio="77" />
  <memory-copied type="nursery" objects="84442" bytes="7340696" bytesdiscarded="364152" />
  <finalization candidates="497" enqueued="453" />
  <ownableSynchronizers candidates="1" cleared="1" />
  <references type="soft" candidates="1" cleared="0" enqueued="0" dynamicThreshold="9" maxThreshold="32" />
  <references type="weak" candidates="71" cleared="28" enqueued="28" />
  <references type="phantom" candidates="188" cleared="12" enqueued="12" />
  <object-monitors candidates="87" cleared="0"  />
</gc-op>
<heap-resize id="2369" type="expand" space="nursery" amount="3145728" count="1" timems="0.019" reason="excessive time being spent scavenging" timestamp="2026-09-06T07:07:18.682" />
<gc-end id="2370" type="scavenge" contextid="2365" durationms="2.301" usertimems="9.678" systemtimems="2.131" stalltimems="7.030" timestamp="2026-09-06T07:07:18.682" activeThreads="9">
  <mem-info id="2371" free="42815888" total="113377280" percent="37">
    <mem type="nursery" free="23420856" total="41156608" percent="56">
      <mem type="allocate" free="23420856" total="31129600" percent="75" />
      <mem type="survivor" free="0" total="10027008" percent="0" />
    </mem>
    <mem type="tenure" free="19395032" total="72220672" percent="26">
      <mem type="soa" free="18672088" total="71497728" percent="26" />
      <mem type="loa" free="722944" total="722944" percent="100" />
    </mem>
    <pending-finalizers system="7" default="446" reference="40" classloader="0" />
    <remembered-set count="1766" />
  </mem-info>
</gc-end>
<cycle-end id="2372" type="scavenge" contextid="2365" timestamp="2026-09-06T07:07:18.682" />
<allocation-satisfied id="2373" threadId="0000000000754C00" bytesRequested="3912" />
<af-end id="2374" timestamp="2026-09-06T07:07:18.682" threadId="00000000007556C0" success="true" from="nursery"/>
<exclusive-end id="2375" timestamp="2026-09-06T07:07:18.682" durationms="2.874" />

<exclusive-start id="2376" timestamp="2026-09-06T07:07:18.695" intervalms="15.492">
  <response-info timems="0.069" idlems="0.050" threads="1" lastid="0000000000754C00" lastname="Default Executor-thread-2" />
</exclusive-start>
<af-start id="2377" threadId="0000000000764DC0" totalBytesRequested="24" timestamp="2026-09-06T07:07:18.695" intervalms="15.471" type="nursery" />
<cycle-start id="2378" type="scavenge" contextid="0" timestamp="2026-09-06T07:07:18.695" intervalms="15.456" />
<gc-start id="2379" type="scavenge" contextid="2378" timestamp="2026-09-06T07:07:18.695">
  <mem-info id="2380" free="19376056" total="113377280" percent="17">
    <mem type="nursery" free="0" total="41156608" percent="0">
      <mem type="allocate" free="0" total="31129600" percent="0" />
      <mem type="survivor" free="0" total="10027008" percent="0" />
    </mem>
    <mem type="tenure" free="19376056" total="72220672" percent="26">
      <mem type="soa" free="18653112" total="71497728" percent="26" />
      <mem type="loa" free="722944" total="722944" percent="100" />
    </mem>
    <remembered-set count="2168" />
  </mem-info>
</gc-start>
<allocation-stats totalBytes="23417592" discardedBytes="19368" >
  <allocated-bytes non-tlh="130240" tlh="23287352" />
  <largest-consumer threadName="Default Executor-thread-3" threadId="0000000000758900" bytes="6125904" />
</allocation-stats>
<gc-op id="2381" type="scavenge" timems="2.595" contextid="2378" timestamp="2026-09-06T07:07:18.698">
  <scavenger-info tenureage="4" tenuremask="7e10" tiltratio="75" />
  <memory-copied type="nursery" objects="95453" bytes="7489232" bytesdiscarded="163336" />
  <memory-copied type="tenure" objects="17114" bytes="1446648" bytesdiscarded="6792" />
  <finalization candidates="784" enqueued="731" />
  <ownableSynchronizers candidates="5" cleared="2" />
  <references type="soft" candidates="6" cleared="0" enqueued="0" dynamicThreshold="9" maxThreshold="32" />
  <references type="weak" candidates="177" cleared="106" enqueued="103" />
  <references type="phantom" candidates="140" cleared="31" enqueued="31" />
  <object-monitors candidates="87" cleared="0"  />
</gc-op>
<heap-resize id="2382" type="expand" space="nursery" amount="3538944" count="1" timems="0.020" reason="excessive time being spent scavenging" timestamp="2026-09-06T07:07:18.698" />
<gc-end id="2383" type="scavenge" contextid="2378" durationms="2.846" usertimems="16.269" systemtimems="1.944" stalltimems="6.819" timestamp="2026-09-06T07:07:18.698" activeThreads="9">
  <mem-info id="2384" free="45073496" total="116916224" percent="38">
    <mem type="nursery" free="27404232" total="44695552" percent="61">
      <mem type="allocate" free="27404232" total="35061760" percent="78" />
      <mem type="survivor" free="0" total="9633792" percent="0" />
    </mem>
    <mem type="tenure" free="17669264" total="72220672" percent="24">
      <mem type="soa" free="16946320" total="71497728" percent="23" />
      <mem type="loa" free="722944" total="722944" percent="100" />
    </mem>
    <pending-finalizers system="71" default="660" reference="134" classloader="0" />
    <remembered-set count="4146" />
  </mem-info>
</gc-end>
<cycle-end id="2385" type="scavenge" contextid="2378" timestamp="2026-09-06T07:07:18.698" />
<allocation-satisfied id="2386" threadId="0000000000764300" bytesRequested="24" />
<af-end id="2387" timestamp="2026-09-06T07:07:18.698" threadId="0000000000764DC0" success="true" from="nursery"/>
<exclusive-end id="2388" timestamp="2026-09-06T07:07:18.698" durationms="3.377" />

<exclusive-start id="2389" timestamp="2026-09-06T07:07:18.709" intervalms="14.728">
  <response-info timems="0.053" idlems="0.034" threads="3" lastid="0000000000770300" lastname="Default Executor-thread-6" />
</exclusive-start>
<af-start id="2390" threadId="00000000007556C0" totalBytesRequested="3112" timestamp="2026-09-06T07:07:18.710" intervalms="14.754" type="nursery" />
<cycle-start id="2391" type="scavenge" contextid="0" timestamp="2026-09-06T07:07:18.710" intervalms="14.771" />
<gc-start id="2392" type="scavenge" contextid="2391" timestamp="2026-09-06T07:07:18.710">
  <mem-info id="2393" free="17668344" total="116916224" percent="15">
    <mem type="nursery" free="0" total="44695552" percent="0">
      <mem type="allocate" free="0" total="35061760" percent="0" />
      <mem type="survivor" free="0" total="9633792" percent="0" />
    </mem>
    <mem type="tenure" free="17668344" total="72220672" percent="24">
      <mem type="soa" free="16945400" total="71497728" percent="23" />
      <mem type="loa" free="722944" total="722944" percent="100" />
    </mem>
    <remembered-set count="4292" />
  </mem-info>
</gc-start>
<allocation-stats totalBytes="27369496" discardedBytes="35656" >
  <allocated-bytes non-tlh="944" tlh="27368552" />
  <largest-consumer threadName="Default Executor-thread-6" threadId="0000000000770300" bytes="11438736" />
</allocation-stats>
<gc-op id="2394" type="scavenge" timems="2.187" contextid="2391" timestamp="2026-09-06T07:07:18.712">
  <scavenger-info tenureage="7" tenuremask="7e80" tiltratio="78" />
  <memory-copied type="nursery" objects="106673" bytes="8002560" bytesdiscarded="246824" />
  <memory-copied type="tenure" objects="2425" bytes="672168" bytesdiscarded="200" />
  <finalization candidates="778" enqueued="721" />
  <ownableSynchronizers candidates="10" cleared="6" />
  <references type="soft" candidates="20" cleared="0" enqueued="0" dynamicThreshold="9" maxThreshold="32" />
  <references type="weak" candidates="119" cleared="47" enqueued="47" />
  <references type="phantom" candidates="118" cleared="27" enqueued="27" />
  <object-monitors candidates="87" cleared="0"  />
</gc-op>
<heap-resize id="2395" type="expand" space="nursery" amount="3670016" count="1" timems="0.019" reason="excessive time being spent scavenging" timestamp="2026-09-06T07:07:18.712" />
<gc-end id="2396" type="scavenge" contextid="2391" durationms="2.434" usertimems="14.992" systemtimems="0.689" stalltimems="6.776" timestamp="2026-09-06T07:07:18.712" activeThreads="10">
  <mem-info id="2397" free="46644712" total="120586240" percent="38">
    <mem type="nursery" free="29756520" total="48365568" percent="61">
      <mem type="allocate" free="29756520" total="38010880" percent="78" />
      <mem type="survivor" free="0" total="10354688" percent="0" />
    </mem>
    <mem type="tenure" free="16888192" total="72220672" percent="23">
      <mem type="soa" free="16165248" total="71497728" percent="22" />
      <mem type="loa" free="722944" total="722944" percent="100" />
    </mem>
    <pending-finalizers system="0" default="721" reference="74" classloader="0" />
    <remembered-set count="4399" />
  </mem-info>
</gc-end>
<cycle-end id="2398" type="scavenge" contextid="2391" timestamp="2026-09-06T07:07:18.712" />
<allocation-satisfied id="2399" threadId="0000000000754C00" bytesRequested="3112" />
<af-end id="2400" timestamp="2026-09-06T07:07:18.712" threadId="00000000007556C0" success="true" from="nursery"/>
<exclusive-end id="2401" timestamp="2026-09-06T07:07:18.712" durationms="2.997" />

<exclusive-start id="2402" timestamp="2026-09-06T07:07:18.736" intervalms="26.690">
  <response-info timems="0.021" idlems="0.021" threads="0" lastid="0000000000768000" lastname="Default Executor-thread-5" />
</exclusive-start>
<af-start id="2403" threadId="0000000000768AC0" totalBytesRequested="16" timestamp="2026-09-06T07:07:18.736" intervalms="26.698" type="nursery" />
<cycle-start id="2404" type="scavenge" contextid="0" timestamp="2026-09-06T07:07:18.736" intervalms="26.691" />
<gc-start id="2405" type="scavenge" contextid="2404" timestamp="2026-09-06T07:07:18.737">
  <mem-info id="2406" free="16884680" total="120586240" percent="14">
    <mem type="nursery" free="0" total="48365568" percent="0">
      <mem type="allocate" free="0" total="38010880" percent="0" />
      <mem type="survivor" free="0" total="10354688" percent="0" />
    </mem>
    <mem type="tenure" free="16884680" total="72220672" percent="23">
      <mem type="soa" free="16161736" total="71497728" percent="22" />
      <mem type="loa" free="722944" total="722944" percent="100" />
    </mem>
    <remembered-set count="4792" />
  </mem-info>
</gc-start>
<allocation-stats totalBytes="29732760" discardedBytes="27272" >
  <allocated-bytes non-tlh="6624" tlh="29726136" />
  <largest-consumer threadName="Default Executor-thread-4" threadId="0000000000764300" bytes="11225264" />
</allocation-stats>
<gc-op id="2407" type="scavenge" timems="3.032" contextid="2404" timestamp="2026-09-06T07:07:18.740">
  <scavenger-info tenureage="7" tenuremask="7e80" tiltratio="78" />
  <memory-copied type="nursery" objects="121783" bytes="9987304" bytesdiscarded="361480" />
  <memory-copied type="tenure" objects="14277" bytes="638536" bytesdiscarded="88" />
  <copy-failed type="nursery" objects="158" bytes="43864" />
  <finalization candidates="1117" enqueued="1055" />
  <ownableSynchronizers candidates="46" cleared="23" />
  <references type="soft" candidates="41" cleared="0" enqueued="0" dynamicThreshold="9" maxThreshold="32" />
  <references type="weak" candidates="174" cleared="82" enqueued="79" />
  <references type="phantom" candidates="70" cleared="16" enqueued="16" />
  <object-monitors candidates="87" cleared="0"  />
</gc-op>
<heap-resize id="2408" type="expand" space="nursery" amount="2752512" count="1" timems="0.020" reason="excessive time being spent scavenging" timestamp="2026-09-06T07:07:18.740" />
<gc-end id="2409" type="scavenge" contextid="2404" durationms="3.296" usertimems="19.266" systemtimems="3.256" stalltimems="8.118" timestamp="2026-09-06T07:07:18.740" activeThreads="10">
  <mem-info id="2410" free="42285768" total="123338752" percent="34">
    <mem type="nursery" free="26214400" total="51118080" percent="51">
      <mem type="allocate" free="26214400" total="36569088" percent="71" />
      <mem type="survivor" free="0" total="14548992" percent="0" />
    </mem>
    <mem type="tenure" free="16071368" total="72220672" percent="22">
      <mem type="soa" free="15348424" total="71497728" percent="21" />
      <mem type="loa" free="722944" total="722944" percent="100" />
    </mem>
    <pending-finalizers system="2" default="1053" reference="95" classloader="0" />
    <remembered-set count="2340" />
  </mem-info>
</gc-end>
<cycle-end id="2411" type="scavenge" contextid="2404" timestamp="2026-09-06T07:07:18.740" />
<allocation-satisfied id="2412" threadId="0000000000768000" bytesRequested="16" />
<af-end id="2413" timestamp="2026-09-06T07:07:18.740" threadId="0000000000768AC0" success="true" from="nursery"/>
<exclusive-end id="2414" timestamp="2026-09-06T07:07:18.740" durationms="3.948" />

<exclusive-start id="2415" timestamp="2026-09-06T07:07:18.759" intervalms="22.781">
  <response-info timems="0.024" idlems="0.024" threads="0" lastid="0000000000768000" lastname="Default Executor-thread-5" />
</exclusive-start>
<af-start id="2416" threadId="0000000000768AC0" totalBytesRequested="24" timestamp="2026-09-06T07:07:18.759" intervalms="22.781" type="nursery" />
<cycle-start id="2417" type="scavenge" contextid="0" timestamp="2026-09-06T07:07:18.759" intervalms="22.784" />
<gc-start id="2418" type="scavenge" contextid="2417" timestamp="2026-09-06T07:07:18.759">
  <mem-info id="2419" free="16065888" total="123338752" percent="13">
    <mem type="nursery" free="0" total="51118080" percent="0">
      <mem type="allocate" free="0" total="36569088" percent="0" />
      <mem type="survivor" free="0" total="14548992" percent="0" />
    </mem>
    <mem type="tenure" free="16065888" total="72220672" percent="22">
      <mem type="soa" free="15342944" total="71497728" percent="21" />
      <mem type="loa" free="722944" total="722944" percent="100" />
    </mem>
    <remembered-set count="2646" />
  </mem-info>
</gc-start>
<allocation-stats totalBytes="26206928" discardedBytes="12952" >
  <allocated-bytes non-tlh="5496" tlh="26201432" />
  <largest-consumer threadName="Default Executor-thread-2" threadId="0000000000754C00" bytes="9486424" />
</allocation-stats>
<gc-op id="2420" type="scavenge" timems="2.745" contextid="2417" timestamp="2026-09-06T07:07:18.762">
  <scavenger-info tenureage="6" tenuremask="7e40" tiltratio="71" />
  <memory-copied type="nursery" objects="118691" bytes="7567872" bytesdiscarded="257888" />
  <memory-copied type="tenure" objects="8646" bytes="505344" bytesdiscarded="752" />
  <finalization candidates="61" enqueued="2" />
  <ownableSynchronizers candidates="105" cleared="50" />
  <references type="soft" candidates="49" cleared="0" enqueued="0" dynamicThreshold="9" maxThreshold="32" />
  <references type="weak" candidates="339" cleared="142" enqueued="141" />
  <references type="phantom" candidates="30" cleared="0" enqueued="0" />
  <object-monitors candidates="87" cleared="0"  />
</gc-op>
<heap-resize id="2421" type="expand" space="nursery" amount="3145728" count="1" timems="0.020" reason="excessive time being spent scavenging" timestamp="2026-09-06T07:07:18.762" />
<gc-end id="2422" type="scavenge" contextid="2417" durationms="2.992" usertimems="19.369" systemtimems="0.794" stalltimems="8.081" timestamp="2026-09-06T07:07:18.762" activeThreads="10">
  <mem-info id="2423" free="47894520" total="126484480" percent="37">
    <mem type="nursery" free="32277960" total="54263808" percent="59">
      <mem type="allocate" free="32277960" total="40108032" percent="80" />
      <mem type="survivor" free="0" total="14155776" percent="0" />
    </mem>
    <mem type="tenure" free="15616560" total="72220672" percent="21">
      <mem type="soa" free="14893616" total="71497728" percent="20" />
      <mem type="loa" free="722944" total="722944" percent="100" />
    </mem>
    <pending-finalizers system="2" default="0" reference="141" classloader="0" />
    <remembered-set count="2668" />
  </mem-info>
</gc-end>
<cycle-end id="2424" type="scavenge" contextid="2417" timestamp="2026-09-06T07:07:18.762" />
<allocation-satisfied id="2425" threadId="0000000000768000" bytesRequested="24" />
<af-end id="2426" timestamp="2026-09-06T07:07:18.762" threadId="0000000000768AC0" success="true" from="nursery"/>
<exclusive-end id="2427" timestamp="2026-09-06T07:07:18.763" durationms="3.624" />

<exclusive-start id="2428" timestamp="2026-09-06T07:07:18.776" intervalms="17.558">
  <response-info timems="0.068" idlems="0.043" threads="1" lastid="0000000000754C00" lastname="Default Executor-thread-2" />
</exclusive-start>
<af-start id="2429" threadId="0000000001218FC0" totalBytesRequested="24" timestamp="2026-09-06T07:07:18.777" intervalms="17.550" type="nursery" />
<cycle-start id="2430" type="scavenge" contextid="0" timestamp="2026-09-06T07:07:18.777" intervalms="17.572" />
<gc-start id="2431" type="scavenge" contextid="2430" timestamp="2026-09-06T07:07:18.777">
  <mem-info id="2432" free="15616288" total="126484480" percent="12">
    <mem type="nursery" free="0" total="54263808" percent="0">
      <mem type="allocate" free="0" total="40108032" percent="0" />
      <mem type="survivor" free="0" total="14155776" percent="0" />
    </mem>
    <mem type="tenure" free="15616288" total="72220672" percent="21">
      <mem type="soa" free="14893344" total="71497728" percent="20" />
      <mem type="loa" free="722944" total="722944" percent="100" />
    </mem>
    <remembered-set count="2832" />
  </mem-info>
</gc-start>
<allocation-stats totalBytes="32243632" discardedBytes="34600" >
  <allocated-bytes non-tlh="911576" tlh="31332056" />
  <largest-consumer threadName="ClassloaderMapProcessingThread-9" threadId="0000000001218500" bytes="7596064" />
</allocation-stats>
<gc-op id="2433" type="scavenge" timems="3.157" contextid="2430" timestamp="2026-09-06T07:07:18.780">
  <scavenger-info tenureage="4" tenuremask="7e10" tiltratio="73" />
  <memory-copied type="nursery" objects="143687" bytes="9946160" bytesdiscarded="742176" />
  <memory-copied type="tenure" objects="26182" bytes="1377728" bytesdiscarded="1104" />
  <finalization candidates="97" enqueued="46" />
  <ownableSynchronizers candidates="61" cleared="5" />
  <references type="soft" candidates="44" cleared="0" enqueued="0" dynamicThreshold="9" maxThreshold="32" />
  <references type="weak" candidates="253" cleared="89" enqueued="89" />
  <references type="phantom" candidates="177" cleared="0" enqueued="0" />
  <object-monitors candidates="87" cleared="0"  />
</gc-op>
<heap-resize id="2434" type="expand" space="nursery" amount="4980736" count="1" timems="0.021" reason="excessive time being spent scavenging" timestamp="2026-09-06T07:07:18.780" />
<gc-end id="2435" type="scavenge" contextid="2430" durationms="3.411" usertimems="21.753" systemtimems="1.293" stalltimems="6.251" timestamp="2026-09-06T07:07:18.780" activeThreads="10">
  <mem-info id="2436" free="47386992" total="131465216" percent="36">
    <mem type="nursery" free="33347672" total="59244544" percent="56">
      <mem type="allocate" free="33347672" total="44040192" percent="75" />
      <mem type="survivor" free="0" total="15204352" percent="0" />
    </mem>
    <mem type="tenure" free="14039320" total="72220672" percent="19">
      <mem type="soa" free="13316376" total="71497728" percent="18" />
      <mem type="loa" free="722944" total="722944" percent="100" />
    </mem>
    <pending-finalizers system="0" default="46" reference="89" classloader="0" />
    <remembered-set count="4010" />
  </mem-info>
</gc-end>
<cycle-end id="2437" type="scavenge" contextid="2430" timestamp="2026-09-06T07:07:18.780" />
<allocation-satisfied id="2438" threadId="0000000001218500" bytesRequested="24" />
<af-end id="2439" timestamp="2026-09-06T07:07:18.781" threadId="0000000001218FC0" success="true" from="nursery"/>
<exclusive-end id="2440" timestamp="2026-09-06T07:07:18.781" durationms="4.103" />

<exclusive-start id="2441" timestamp="2026-09-06T07:07:18.796" intervalms="19.212">
  <response-info timems="0.018" idlems="0.018" threads="0" lastid="0000000000764300" lastname="Default Executor-thread-4" />
</exclusive-start>
<af-start id="2442" threadId="0000000000764DC0" totalBytesRequested="72" timestamp="2026-09-06T07:07:18.796" intervalms="19.206" type="nursery" />
<cycle-start id="2443" type="scavenge" contextid="0" timestamp="2026-09-06T07:07:18.796" intervalms="19.177" />
<gc-start id="2444" type="scavenge" contextid="2443" timestamp="2026-09-06T07:07:18.796">
  <mem-info id="2445" free="14039136" total="131465216" percent="10">
    <mem type="nursery" free="0" total="59244544" percent="0">
      <mem type="allocate" free="0" total="44040192" percent="0" />
      <mem type="survivor" free="0" total="15204352" percent="0" />
    </mem>
    <mem type="tenure" free="14039136" total="72220672" percent="19">
      <mem type="soa" free="13316192" total="71497728" percent="18" />
      <mem type="loa" free="722944" total="722944" percent="100" />
    </mem>
    <remembered-set count="4036" />
  </mem-info>
</gc-start>
<allocation-stats totalBytes="33340248" discardedBytes="7608" >
  <allocated-bytes non-tlh="208" tlh="33340040" />
  <largest-consumer threadName="Default Executor-thread-4" threadId="0000000000764300" bytes="8599936" />
</allocation-stats>
<gc-op id="2446" type="scavenge" timems="3.268" contextid="2443" timestamp="2026-09-06T07:07:18.799">
  <scavenger-info tenureage="3" tenuremask="7ec8" tiltratio="74" />
  <memory-copied type="nursery" objects="104205" bytes="7947424" bytesdiscarded="314920" />
  <memory-copied type="tenure" objects="57553" bytes="4127024" bytesdiscarded="2608" />
  <finalization candidates="513" enqueued="470" />
  <ownableSynchronizers candidates="53" cleared="0" />
  <references type="soft" candidates="22" cleared="0" enqueued="0" dynamicThreshold="9" maxThreshold="32" />
  <references type="weak" candidates="129" cleared="3" enqueued="3" />
  <references type="phantom" candidates="167" cleared="0" enqueued="0" />
  <object-monitors candidates="87" cleared="0"  />
</gc-op>
<heap-resize id="2447" type="expand" space="nursery" amount="5111808" count="1" timems="0.021" reason="excessive time being spent scavenging" timestamp="2026-09-06T07:07:18.799" />
<gc-end id="2448" type="scavenge" contextid="2443" durationms="3.499" usertimems="24.708" systemtimems="0.211" stalltimems="8.571" timestamp="2026-09-06T07:07:18.800" activeThreads="10">
  <mem-info id="2449" free="51584304" total="136577024" percent="37">
    <mem type="nursery" free="41476832" total="64356352" percent="64">
      <mem type="allocate" free="41476832" total="49741824" percent="83" />
      <mem type="survivor" free="0" total="14614528" percent="0" />
    </mem>
    <mem type="tenure" free="10107472" total="72220672" percent="13">
      <mem type="soa" free="9384528" total="71497728" percent="13" />
      <mem type="loa" free="722944" total="722944" percent="100" />
    </mem>
    <pending-finalizers system="0" default="470" reference="3" classloader="0" />
    <remembered-set count="2543" />
  </mem-info>
</gc-end>
<cycle-end id="2450" type="scavenge" contextid="2443" timestamp="2026-09-06T07:07:18.800" />
<allocation-satisfied id="2451" threadId="0000000000764300" bytesRequested="72" />
<af-end id="2452" timestamp="2026-09-06T07:07:18.800" threadId="0000000000764DC0" success="true" from="nursery"/>
<exclusive-end id="2453" timestamp="2026-09-06T07:07:18.800" durationms="4.037" />

<exclusive-start id="2454" timestamp="2026-09-06T07:07:18.818" intervalms="21.865">
  <response-info timems="0.072" idlems="0.046" threads="2" lastid="0000000000764300" lastname="Default Executor-thread-4" />
</exclusive-start>
<af-start id="2455" threadId="00000000007556C0" totalBytesRequested="1704" timestamp="2026-09-06T07:07:18.818" intervalms="21.877" type="nursery" />
<cycle-start id="2456" type="scavenge" contextid="0" timestamp="2026-09-06T07:07:18.818" intervalms="21.886" />
<gc-start id="2457" type="scavenge" contextid="2456" timestamp="2026-09-06T07:07:18.818">
  <mem-info id="2458" free="10107408" total="136577024" percent="7">
    <mem type="nursery" free="0" total="64356352" percent="0">
      <mem type="allocate" free="0" total="49741824" percent="0" />
      <mem type="survivor" free="0" total="14614528" percent="0" />
    </mem>
    <mem type="tenure" free="10107408" total="72220672" percent="13">
      <mem type="soa" free="9384464" total="71497728" percent="13" />
      <mem type="loa" free="722944" total="722944" percent="100" />
    </mem>
    <remembered-set count="2670" />
  </mem-info>
</gc-start>
<allocation-stats totalBytes="41435968" discardedBytes="40928" >
  <allocated-bytes non-tlh="136" tlh="41435832" />
  <largest-consumer threadName="ClassloaderMapProcessingThread-9" threadId="0000000001218500" bytes="11263888" />
</allocation-stats>
<gc-op id="2459" type="scavenge" timems="2.976" contextid="2456" timestamp="2026-09-06T07:07:18.821">
  <scavenger-info tenureage="9" tenuremask="7e00" tiltratio="77" />
  <memory-copied type="nursery" objects="143388" bytes="11598696" bytesdiscarded="337128" />
  <finalization candidates="1289" enqueued="1273" />
  <ownableSynchronizers candidates="43" cleared="0" />
  <references type="soft" candidates="22" cleared="0" enqueued="0" dynamicThreshold="9" maxThreshold="32" />
  <references type="weak" candidates="141" cleared="8" enqueued="8" />
  <references type="phantom" candidates="181" cleared="0" enqueued="0" />
  <object-monitors candidates="87" cleared="0"  />
</gc-op>
<heap-resize id="2460" type="expand" space="nursery" amount="4456448" count="1" timems="0.020" reason="excessive time being spent scavenging" timestamp="2026-09-06T07:07:18.821" />
<gc-end id="2461" type="scavenge" contextid="2456" durationms="3.211" usertimems="24.278" systemtimems="0.000" stalltimems="5.869" timestamp="2026-09-06T07:07:18.821" activeThreads="10">
  <mem-info id="2462" free="49220552" total="141033472" percent="34">
    <mem type="nursery" free="39113144" total="68812800" percent="56">
      <mem type="allocate" free="39113144" total="51052544" percent="76" />
      <mem type="survivor" free="0" total="17760256" percent="0" />
    </mem>
    <mem type="tenure" free="10107408" total="72220672" percent="13">
      <mem type="soa" free="9384464" total="71497728" percent="13" />
      <mem type="loa" free="722944" total="722944" percent="100" />
    </mem>
    <pending-finalizers system="0" default="1273" reference="8" classloader="0" />
    <remembered-set count="2591" />
  </mem-info>
</gc-end>
<cycle-end id="2463" type="scavenge" contextid="2456" timestamp="2026-09-06T07:07:18.821" />
<allocation-satisfied id="2464" threadId="0000000000754C00" bytesRequested="1704" />
<af-end id="2465" timestamp="2026-09-06T07:07:18.821" threadId="00000000007556C0" success="true" from="nursery"/>
<exclusive-end id="2466" timestamp="2026-09-06T07:07:18.821" durationms="3.866" />

<exclusive-start id="2467" timestamp="2026-09-06T07:07:18.842" intervalms="24.035">
  <response-info timems="0.093" idlems="0.066" threads="2" lastid="0000000000758900" lastname="Default Executor-thread-3" />
</exclusive-start>
<af-start id="2468" threadId="00000000007556C0" totalBytesRequested="13832" timestamp="2026-09-06T07:07:18.842" intervalms="24.027" type="nursery" />
<cycle-start id="2469" type="scavenge" contextid="0" timestamp="2026-09-06T07:07:18.842" intervalms="24.015" />
<gc-start id="2470" type="scavenge" contextid="2469" timestamp="2026-09-06T07:07:18.842">
  <mem-info id="2471" free="10107408" total="141033472" percent="7">
    <mem type="nursery" free="0" total="68812800" percent="0">
      <mem type="allocate" free="0" total="51052544" percent="0" />
      <mem type="survivor" free="0" total="17760256" percent="0" />
    </mem>
    <mem type="tenure" free="10107408" total="72220672" percent="13">
      <mem type="soa" free="9384464" total="71497728" percent="13" />
      <mem type="loa" free="722944" total="722944" percent="100" />
    </mem>
    <remembered-set count="2738" />
  </mem-info>
</gc-start>
<allocation-stats totalBytes="39065672" discardedBytes="47472" >
  <allocated-bytes non-tlh="1704" tlh="39063968" />
  <largest-consumer threadName="Default Executor-thread-4" threadId="0000000000764300" bytes="8943232" />
</allocation-stats>
<gc-op id="2472" type="scavenge" timems="3.073" contextid="2469" timestamp="2026-09-06T07:07:18.845">
  <scavenger-info tenureage="4" tenuremask="7e10" tiltratio="74" />
  <memory-copied type="nursery" objects="141197" bytes="11707552" bytesdiscarded="442376" />
  <memory-copied type="tenure" objects="14196" bytes="1109512" bytesdiscarded="392" />
  <finalization candidates="1301" enqueued="1284" />
  <ownableSynchronizers candidates="43" cleared="0" />
  <references type="soft" candidates="14" cleared="0" enqueued="0" dynamicThreshold="9" maxThreshold="32" />
  <references type="weak" candidates="41" cleared="12" enqueued="12" />
  <references type="phantom" candidates="187" cleared="0" enqueued="0" />
  <object-monitors candidates="87" cleared="0"  />
</gc-op>
<heap-resize id="2473" type="expand" space="nursery" amount="4456448" count="1" timems="0.021" reason="excessive time being spent scavenging" timestamp="2026-09-06T07:07:18.845" />
<gc-end id="2474" type="scavenge" contextid="2469" durationms="3.324" usertimems="25.141" systemtimems="0.000" stalltimems="6.139" timestamp="2026-09-06T07:07:18.845" activeThreads="10">
  <mem-info id="2475" free="55217288" total="145489920" percent="37">
    <mem type="nursery" free="46042352" total="73269248" percent="62">
      <mem type="allocate" free="46042352" total="58195968" percent="79" />
      <mem type="survivor" free="0" total="15073280" percent="0" />
    </mem>
    <mem type="tenure" free="9174936" total="72220672" percent="12">
      <mem type="soa" free="8451992" total="71497728" percent="11" />
      <mem type="loa" free="722944" total="722944" percent="100" />
    </mem>
    <pending-finalizers system="0" default="1284" reference="12" classloader="0" />
    <remembered-set count="2570" />
  </mem-info>
</gc-end>
<cycle-end id="2476" type="scavenge" contextid="2469" timestamp="2026-09-06T07:07:18.845" />
<allocation-satisfied id="2477" threadId="0000000000754C00" bytesRequested="13832" />
<af-end id="2478" timestamp="2026-09-06T07:07:18.845" threadId="00000000007556C0" success="true" from="nursery"/>
<exclusive-end id="2479" timestamp="2026-09-06T07:07:18.846" durationms="3.951" />

<exclusive-start id="2480" timestamp="2026-09-06T07:07:18.863" intervalms="20.967">
  <response-info timems="0.047" idlems="0.031" threads="1" lastid="0000000000768000" lastname="Default Executor-thread-5" />
</exclusive-start>
<af-start id="2481" threadId="00000000007593C0" totalBytesRequested="5448" timestamp="2026-09-06T07:07:18.863" intervalms="20.961" type="nursery" />
<cycle-start id="2482" type="scavenge" contextid="0" timestamp="2026-09-06T07:07:18.863" intervalms="20.964" />
<gc-start id="2483" type="scavenge" contextid="2482" timestamp="2026-09-06T07:07:18.863">
  <mem-info id="2484" free="9174936" total="145489920" percent="6">
    <mem type="nursery" free="0" total="73269248" percent="0">
      <mem type="allocate" free="0" total="58195968" percent="0" />
      <mem type="survivor" free="0" total="15073280" percent="0" />
    </mem>
    <mem type="tenure" free="9174936" total="72220672" percent="12">
      <mem type="soa" free="8451992" total="71497728" percent="11" />
      <mem type="loa" free="722944" total="722944" percent="100" />
    </mem>
    <remembered-set count="2591" />
  </mem-info>
</gc-start>
<allocation-stats totalBytes="46022904" discardedBytes="19448" >
  <allocated-bytes non-tlh="13832" tlh="46009072" />
  <largest-consumer threadName="Default Executor-thread-3" threadId="0000000000758900" bytes="10493152" />
</allocation-stats>
<gc-op id="2485" type="scavenge" timems="3.401" contextid="2482" timestamp="2026-09-06T07:07:18.866">
  <scavenger-info tenureage="4" tenuremask="7e10" tiltratio="79" />
  <memory-copied type="nursery" objects="96352" bytes="9025912" bytesdiscarded="301616" />
  <memory-copied type="tenure" objects="56053" bytes="3842968" bytesdiscarded="2040" />
  <finalization candidates="1206" enqueued="1188" />
  <ownableSynchronizers candidates="3" cleared="0" />
  <references type="soft" candidates="14" cleared="0" enqueued="0" dynamicThreshold="9" maxThreshold="32" />
  <references type="weak" candidates="19" cleared="0" enqueued="0" />
  <references type="phantom" candidates="37" cleared="0" enqueued="0" />
  <object-monitors candidates="87" cleared="0"  />
</gc-op>
<heap-resize id="2486" type="expand" space="nursery" amount="5898240" count="1" timems="0.020" reason="excessive time being spent scavenging" timestamp="2026-09-06T07:07:18.866" />
<gc-end id="2487" type="scavenge" contextid="2482" durationms="3.620" usertimems="21.674" systemtimems="2.975" stalltimems="7.946" timestamp="2026-09-06T07:07:18.867" activeThreads="10">
  <mem-info id="2488" free="59618128" total="151388160" percent="39">
    <mem type="nursery" free="54697328" total="79167488" percent="69">
      <mem type="allocate" free="54697328" total="64028672" percent="85" />
      <mem type="survivor" free="0" total="15138816" percent="0" />
    </mem>
    <mem type="tenure" free="4920800" total="72220672" percent="6">
      <mem type="soa" free="4197856" total="71497728" percent="5" />
      <mem type="loa" free="722944" total="722944" percent="100" />
    </mem>
    <pending-finalizers system="0" default="1188" reference="0" classloader="0" />
    <remembered-set count="2668" />
  </mem-info>
</gc-end>
<cycle-end id="2489" type="scavenge" contextid="2482" timestamp="2026-09-06T07:07:18.867" />
<allocation-satisfied id="2490" threadId="0000000000758900" bytesRequested="5448" />
<af-end id="2491" timestamp="2026-09-06T07:07:18.867" threadId="00000000007593C0" success="true" from="nursery"/>
<exclusive-end id="2492" timestamp="2026-09-06T07:07:18.867" durationms="4.199" />

<concurrent-kickoff id="2493" timestamp="2026-09-06T07:07:18.887">
  <kickoff reason="threshold reached" targetBytes="35882664" thresholdFreeBytes="4945656"  remainingFree="4603248" tenureFreeBytes="4920800" nurseryFreeBytes="4603248" />
</concurrent-kickoff>
<exclusive-start id="2494" timestamp="2026-09-06T07:07:18.887" intervalms="24.616">
  <response-info timems="0.032" idlems="0.021" threads="1" lastid="0000000000754C00" lastname="Default Executor-thread-2" />
</exclusive-start>
<cycle-start id="2495" type="global" contextid="0" timestamp="2026-09-06T07:07:18.887" intervalms="346.235" />
<concurrent-start id="2496" type="global mark" contextid="2495" timestamp="2026-09-06T07:07:18.887">
</concurrent-start>
<exclusive-end id="2497" timestamp="2026-09-06T07:07:18.887" durationms="0.071" />

<exclusive-start id="2498" timestamp="2026-09-06T07:07:18.900" intervalms="12.769">
  <response-info timems="0.023" idlems="0.023" threads="0" lastid="0000000000768000" lastname="Default Executor-thread-5" />
</exclusive-start>
<af-start id="2499" threadId="0000000000768AC0" totalBytesRequested="8200" timestamp="2026-09-06T07:07:18.900" intervalms="37.396" type="nursery" />
<cycle-start id="2500" type="scavenge" contextid="0" timestamp="2026-09-06T07:07:18.900" intervalms="37.397" />
<gc-start id="2501" type="scavenge" contextid="2500" timestamp="2026-09-06T07:07:18.900">
  <mem-info id="2502" free="4920800" total="151388160" percent="3">
    <mem type="nursery" free="0" total="79167488" percent="0">
      <mem type="allocate" free="0" total="64028672" percent="0" />
      <mem type="survivor" free="0" total="15138816" percent="0" />
    </mem>
    <mem type="tenure" free="4920800" total="72220672" percent="6">
      <mem type="soa" free="4197856" total="71497728" percent="5" />
      <mem type="loa" free="722944" total="722944" percent="100" />
    </mem>
    <remembered-set count="2700" />
  </mem-info>
</gc-start>
<allocation-stats totalBytes="54671912" discardedBytes="25416" >
  <allocated-bytes non-tlh="5448" tlh="54666464" />
  <largest-consumer threadName="Default Executor-thread-3" threadId="0000000000758900" bytes="13890248" />
</allocation-stats>
<gc-op id="2503" type="scavenge" timems="2.983" contextid="2500" timestamp="2026-09-06T07:07:18.903">
  <scavenger-info tenureage="9" tenuremask="7e00" tiltratio="80" />
  <memory-copied type="nursery" objects="121511" bytes="11904416" bytesdiscarded="286944" />
  <finalization candidates="1769" enqueued="1731" />
  <ownableSynchronizers candidates="1" cleared="0" />
  <references type="soft" candidates="14" cleared="0" enqueued="0" dynamicThreshold="9" maxThreshold="32" />
  <references type="weak" candidates="19" cleared="2" enqueued="2" />
  <references type="phantom" candidates="36" cleared="0" enqueued="0" />
  <object-monitors candidates="87" cleared="0"  />
</gc-op>
<heap-resize id="2504" type="expand" space="nursery" amount="3014656" count="1" timems="0.031" reason="excessive time being spent scavenging" timestamp="2026-09-06T07:07:18.903" />
<gc-end id="2505" type="scavenge" contextid="2500" durationms="3.240" usertimems="20.051" systemtimems="0.000" stalltimems="8.958" timestamp="2026-09-06T07:07:18.904" activeThreads="10">
  <mem-info id="2506" free="57930416" total="154402816" percent="37">
    <mem type="nursery" free="53009616" total="82182144" percent="64">
      <mem type="allocate" free="53009616" total="65208320" percent="81" />
      <mem type="survivor" free="0" total="16973824" percent="0" />
    </mem>
    <mem type="tenure" free="4920800" total="72220672" percent="6">
      <mem type="soa" free="4197856" total="71497728" percent="5" />
      <mem type="loa" free="722944" total="722944" percent="100" />
    </mem>
    <pending-finalizers system="0" default="1731" reference="2" classloader="0" />
    <remembered-set count="2671" />
  </mem-info>
</gc-end>
<cycle-end id="2507" type="scavenge" contextid="2500" timestamp="2026-09-06T07:07:18.904" />
<allocation-satisfied id="2508" threadId="0000000000768000" bytesRequested="8200" />
<af-end id="2509" timestamp="2026-09-06T07:07:18.904" threadId="0000000000768AC0" success="true" from="nursery"/>
<exclusive-end id="2510" timestamp="2026-09-06T07:07:18.904" durationms="3.885" />

<exclusive-start id="2511" timestamp="2026-09-06T07:07:18.936" intervalms="36.375">
  <response-info timems="0.036" idlems="0.025" threads="1" lastid="0000000000200300" lastname="Concurrent Mark Helper" />
</exclusive-start>
<af-start id="2512" threadId="00000000007556C0" totalBytesRequested="1032" timestamp="2026-09-06T07:07:18.936" intervalms="36.385" type="nursery" />
<cycle-start id="2513" type="scavenge" contextid="0" timestamp="2026-09-06T07:07:18.936" intervalms="36.396" />
<gc-start id="2514" type="scavenge" contextid="2513" timestamp="2026-09-06T07:07:18.937">
  <mem-info id="2515" free="4920800" total="154402816" percent="3">
    <mem type="nursery" free="0" total="82182144" percent="0">
      <mem type="allocate" free="0" total="65208320" percent="0" />
      <mem type="survivor" free="0" total="16973824" percent="0" />
    </mem>
    <mem type="tenure" free="4920800" total="72220672" percent="6">
      <mem type="soa" free="4197856" total="71497728" percent="5" />
      <mem type="loa" free="722944" total="722944" percent="100" />
    </mem>
    <remembered-set count="2843" />
  </mem-info>
</gc-start>
<allocation-stats totalBytes="52967784" discardedBytes="41832" >
  <allocated-bytes non-tlh="8200" tlh="52959584" />
  <largest-consumer threadName="Default Executor-thread-5" threadId="0000000000768000" bytes="13088104" />
</allocation-stats>
<gc-op id="2516" type="scavenge" timems="3.028" contextid="2513" timestamp="2026-09-06T07:07:18.940">
  <scavenger-info tenureage="9" tenuremask="7e00" tiltratio="79" />
  <memory-copied type="nursery" objects="137521" bytes="10716688" bytesdiscarded="449000" />
  <memory-copied type="tenure" objects="10874" bytes="434456" bytesdiscarded="256" />
  <finalization candidates="1406" enqueued="1361" />
  <ownableSynchronizers candidates="1" cleared="0" />
  <references type="weak" candidates="43" cleared="18" enqueued="18" />
  <references type="phantom" candidates="192" cleared="144" enqueued="144" />
  <object-monitors candidates="87" cleared="0"  />
</gc-op>
<heap-resize id="2517" type="expand" space="nursery" amount="3276800" count="1" timems="0.028" reason="excessive time being spent scavenging" timestamp="2026-09-06T07:07:18.940" />
<gc-end id="2518" type="scavenge" contextid="2513" durationms="3.306" usertimems="21.312" systemtimems="2.102" stalltimems="7.441" timestamp="2026-09-06T07:07:18.940" activeThreads="10">
  <mem-info id="2519" free="62246592" total="157679616" percent="39">
    <mem type="nursery" free="57830184" total="85458944" percent="67">
      <mem type="allocate" free="57830184" total="69009408" percent="83" />
      <mem type="survivor" free="0" total="16449536" percent="0" />
    </mem>
    <mem type="tenure" free="4416408" total="72220672" percent="6">
      <mem type="soa" free="3693464" total="71497728" percent="5" />
      <mem type="loa" free="722944" total="722944" percent="100" />
    </mem>
    <pending-finalizers system="0" default="1361" reference="162" classloader="0" />
    <remembered-set count="2315" />
  </mem-info>
</gc-end>
<cycle-end id="2520" type="scavenge" contextid="2513" timestamp="2026-09-06T07:07:18.940" />
<allocation-satisfied id="2521" threadId="0000000000754C00" bytesRequested="1032" />
<af-end id="2522" timestamp="2026-09-06T07:07:18.940" threadId="00000000007556C0" success="true" from="nursery"/>
<exclusive-end id="2523" timestamp="2026-09-06T07:07:18.940" durationms="4.049" />

<concurrent-end id="2524" type="global mark" contextid="2495" timestamp="2026-09-06T07:07:18.942">
<gc-op id="2525" type="trace" timems="54.914" contextid="2495" timestamp="2026-09-06T07:07:18.942">
  <trace bytesTraced="41416824" workStackOverflowCount="0" />
  <card-cleaning reason="card cleaning threshold reached" bytesTraced="377968" cardsCleaned="668" />
</gc-op>
</concurrent-end>

<exclusive-start id="2526" timestamp="2026-09-06T07:07:18.944" intervalms="7.438">
  <response-info timems="0.058" idlems="0.036" threads="1" lastid="0000000000754C00" lastname="Default Executor-thread-2" />
</exclusive-start>
<concurrent-global-final id="2527" timestamp="2026-09-06T07:07:18.944" contextid="2495" intervalms="388.521" >
  <concurrent-trace-info reason="card cleaning threshold reached" tracedByMutators="33077600" tracedByHelpers="8717192" cardsCleaned="668" workStackOverflowCount="0" />
</concurrent-global-final>
<gc-start id="2528" type="global" contextid="2495" timestamp="2026-09-06T07:07:18.944">
  <mem-info id="2529" free="59235000" total="157679616" percent="37">
    <mem type="nursery" free="54818592" total="85458944" percent="64">
      <mem type="allocate" free="54818592" total="69009408" percent="79" />
      <mem type="survivor" free="0" total="16449536" percent="0" />
    </mem>
    <mem type="tenure" free="4416408" total="72220672" percent="6">
      <mem type="soa" free="3693464" total="71497728" percent="5" />
      <mem type="loa" free="722944" total="722944" percent="100" />
    </mem>
    <remembered-set count="2404" />
  </mem-info>
</gc-start>
<allocation-stats totalBytes="2997216" discardedBytes="14376" >
  <allocated-bytes non-tlh="1032" tlh="2996184" />
  <largest-consumer threadName="Default Executor-thread-5" threadId="0000000000768000" bytes="1138200" />
</allocation-stats>
<gc-op id="2530" type="rs-scan" timems="1.380" contextid="2495" timestamp="2026-09-06T07:07:18.945">
  <scan objectsFound="97540" bytesTraced="4989796" workStackOverflowCount="0" />
</gc-op>
<gc-op id="2531" type="card-cleaning" timems="0.197" contextid="2495" timestamp="2026-09-06T07:07:18.946">
  <card-cleaning cardsCleaned="86" bytesTraced="61628" workStackOverflowCount="0" />
</gc-op>
<gc-op id="2532" type="mark" timems="4.004" contextid="2495" timestamp="2026-09-06T07:07:18.950">
  <trace-info objectcount="7318" scancount="6525" scanbytes="407524" />
  <finalization candidates="1784" enqueued="39" />
  <ownableSynchronizers candidates="8791" cleared="9" />
  <references type="soft" candidates="13329" cleared="2" enqueued="2" dynamicThreshold="9" maxThreshold="32" />
  <references type="weak" candidates="17539" cleared="22" enqueued="21" />
  <references type="phantom" candidates="550" cleared="0" enqueued="0" />
  <stringconstants candidates="41795" cleared="21"  />
  <object-monitors candidates="87" cleared="0"  />
</gc-op>
<gc-op id="2533" type="classunload" timems="0.755" contextid="2495" timestamp="2026-09-06T07:07:18.951">
  <classunload-info classloadercandidates="391" classloadersunloaded="1" classesunloaded="1" anonymousclassesunloaded="0" quiescems="0.000" setupms="0.744" scanms="0.004" postms="0.005" />
</gc-op>
<gc-op id="2534" type="sweep" timems="0.585" contextid="2495" timestamp="2026-09-06T07:07:18.951" />
<heap-resize id="2535" type="expand" space="tenure" amount="18022400" count="1" timems="0.057" reason="insufficient free space following gc" timestamp="2026-09-06T07:07:18.951" />
<gc-end id="2536" type="global" contextid="2495" durationms="7.419" usertimems="36.904" systemtimems="0.293" stalltimems="19.941" timestamp="2026-09-06T07:07:18.951" activeThreads="10">
  <mem-info id="2537" free="88527000" total="175702016" percent="50">
    <mem type="nursery" free="61410200" total="85458944" percent="71">
      <mem type="allocate" free="61410200" total="69009408" percent="88" />
      <mem type="survivor" free="0" total="16449536" percent="0" />
    </mem>
    <mem type="tenure" free="27116800" total="90243072" percent="30" micro-fragmented="1937380" macro-fragmented="0">
      <mem type="soa" free="26213632" total="89339904" percent="29" />
      <mem type="loa" free="903168" total="903168" percent="100" />
    </mem>
    <pending-finalizers system="0" default="39" reference="23" classloader="0" />
    <remembered-set count="2381" />
  </mem-info>
</gc-end>
<cycle-end id="2538" type="global" contextid="2495" timestamp="2026-09-06T07:07:18.951" />
<exclusive-end id="2539" timestamp="2026-09-06T07:07:18.952" durationms="7.794" />

<exclusive-start id="2540" timestamp="2026-09-06T07:07:18.981" intervalms="36.888">
  <response-info timems="0.020" idlems="0.018" threads="1" lastid="0000000000768000" lastname="Default Executor-thread-5" />
</exclusive-start>
<af-start id="2541" threadId="00000000007556C0" totalBytesRequested="72" timestamp="2026-09-06T07:07:18.981" intervalms="44.341" type="nursery" />
<cycle-start id="2542" type="scavenge" contextid="0" timestamp="2026-09-06T07:07:18.981" intervalms="44.337" />
<gc-start id="2543" type="scavenge" contextid="2542" timestamp="2026-09-06T07:07:18.981">
  <mem-info id="2544" free="27115912" total="175702016" percent="15">
    <mem type="nursery" free="0" total="85458944" percent="0">
      <mem type="allocate" free="0" total="69009408" percent="0" />
      <mem type="survivor" free="0" total="16449536" percent="0" />
    </mem>
    <mem type="tenure" free="27115912" total="90243072" percent="30">
      <mem type="soa" free="26212744" total="89339904" percent="29" />
      <mem type="loa" free="903168" total="903168" percent="100" />
    </mem>
    <remembered-set count="2641" />
  </mem-info>
</gc-start>
<allocation-stats totalBytes="61355992" discardedBytes="52312" >
  <allocated-bytes non-tlh="482200" tlh="60873792" />
  <largest-consumer threadName="Default Executor-thread-5" threadId="0000000000768000" bytes="17886664" />
</allocation-stats>
<gc-op id="2545" type="scavenge" timems="3.248" contextid="2542" timestamp="2026-09-06T07:07:18.984">
  <scavenger-info tenureage="5" tenuremask="7e60" tiltratio="80" />
  <memory-copied type="nursery" objects="110964" bytes="10915216" bytesdiscarded="338608" />
  <memory-copied type="tenure" objects="45179" bytes="2083040" bytesdiscarded="6512" />
  <finalization candidates="1373" enqueued="1341" />
  <ownableSynchronizers candidates="17566" cleared="17565" />
  <references type="weak" candidates="82" cleared="63" enqueued="63" />
  <references type="phantom" candidates="41" cleared="0" enqueued="0" />
  <object-monitors candidates="87" cleared="0"  />
</gc-op>
<gc-end id="2546" type="scavenge" contextid="2542" durationms="3.450" usertimems="24.987" systemtimems="0.000" stalltimems="8.248" timestamp="2026-09-06T07:07:18.985" activeThreads="10">
  <mem-info id="2547" free="83484048" total="175702016" percent="47">
    <mem type="nursery" free="59054784" total="85458944" percent="69">
      <mem type="allocate" free="59054784" total="70320128" percent="83" />
      <mem type="survivor" free="0" total="15138816" percent="0" />
    </mem>
    <mem type="tenure" free="24429264" total="90243072" percent="27">
      <mem type="soa" free="23526096" total="89339904" percent="26" />
      <mem type="loa" free="903168" total="903168" percent="100" />
    </mem>
    <pending-finalizers system="0" default="1341" reference="63" classloader="0" />
    <remembered-set count="3808" />
  </mem-info>
</gc-end>
<cycle-end id="2548" type="scavenge" contextid="2542" timestamp="2026-09-06T07:07:18.985" />
<allocation-satisfied id="2549" threadId="0000000000754C00" bytesRequested="72" />
<af-end id="2550" timestamp="2026-09-06T07:07:18.985" threadId="00000000007556C0" success="true" from="nursery"/>
<exclusive-end id="2551" timestamp="2026-09-06T07:07:18.985" durationms="4.141" />

<exclusive-start id="2552" timestamp="2026-09-06T07:07:19.014" intervalms="33.385">
  <response-info timems="0.063" idlems="0.034" threads="2" lastid="0000000000764300" lastname="Default Executor-thread-4" />
</exclusive-start>
<af-start id="2553" threadId="0000000000768AC0" totalBytesRequested="12288" timestamp="2026-09-06T07:07:19.014" intervalms="33.384" type="nursery" />
<cycle-start id="2554" type="scavenge" contextid="0" timestamp="2026-09-06T07:07:19.014" intervalms="33.386" />
<gc-start id="2555" type="scavenge" contextid="2554" timestamp="2026-09-06T07:07:19.014">
  <mem-info id="2556" free="24423536" total="175702016" percent="13">
    <mem type="nursery" free="0" total="85458944" percent="0">
      <mem type="allocate" free="0" total="70320128" percent="0" />
      <mem type="survivor" free="0" total="15138816" percent="0" />
    </mem>
    <mem type="tenure" free="24423536" total="90243072" percent="27">
      <mem type="soa" free="23520368" total="89339904" percent="26" />
      <mem type="loa" free="903168" total="903168" percent="100" />
    </mem>
    <remembered-set count="4606" />
  </mem-info>
</gc-start>
<allocation-stats totalBytes="59011896" discardedBytes="48616" >
  <allocated-bytes non-tlh="26296" tlh="58985600" />
  <largest-consumer threadName="Default Executor-thread-5" threadId="0000000000768000" bytes="17747976" />
</allocation-stats>
<gc-op id="2557" type="scavenge" timems="2.491" contextid="2554" timestamp="2026-09-06T07:07:19.017">
  <scavenger-info tenureage="9" tenuremask="7e00" tiltratio="82" />
  <memory-copied type="nursery" objects="126259" bytes="10748632" bytesdiscarded="182016" />
  <finalization candidates="864" enqueued="830" />
  <ownableSynchronizers candidates="39" cleared="6" />
  <references type="soft" candidates="36" cleared="0" enqueued="0" dynamicThreshold="9" maxThreshold="32" />
  <references type="weak" candidates="153" cleared="115" enqueued="115" />
  <references type="phantom" candidates="113" cleared="64" enqueued="64" />
  <object-monitors candidates="87" cleared="0"  />
</gc-op>
<heap-resize id="2558" type="expand" space="nursery" amount="4587520" count="1" timems="0.022" reason="excessive time being spent scavenging" timestamp="2026-09-06T07:07:19.017" />
<gc-end id="2559" type="scavenge" contextid="2554" durationms="2.751" usertimems="18.205" systemtimems="0.939" stalltimems="5.977" timestamp="2026-09-06T07:07:19.017" activeThreads="10">
  <mem-info id="2560" free="88127096" total="180289536" percent="48">
    <mem type="nursery" free="63703560" total="90046464" percent="70">
      <mem type="allocate" free="63703560" total="74645504" percent="85" />
      <mem type="survivor" free="0" total="15400960" percent="0" />
    </mem>
    <mem type="tenure" free="24423536" total="90243072" percent="27">
      <mem type="soa" free="23520368" total="89339904" percent="26" />
      <mem type="loa" free="903168" total="903168" percent="100" />
    </mem>
    <pending-finalizers system="5" default="825" reference="179" classloader="0" />
    <remembered-set count="4306" />
  </mem-info>
</gc-end>
<cycle-end id="2561" type="scavenge" contextid="2554" timestamp="2026-09-06T07:07:19.017" />
<allocation-satisfied id="2562" threadId="0000000000768000" bytesRequested="12288" />
<af-end id="2563" timestamp="2026-09-06T07:07:19.017" threadId="0000000000768AC0" success="true" from="nursery"/>
<exclusive-end id="2564" timestamp="2026-09-06T07:07:19.017" durationms="3.441" />

<exclusive-start id="2565" timestamp="2026-09-06T07:07:19.057" intervalms="42.682">
  <response-info timems="0.029" idlems="0.029" threads="0" lastid="0000000000768000" lastname="Default Executor-thread-5" />
</exclusive-start>
<af-start id="2566" threadId="0000000000768AC0" totalBytesRequested="872" timestamp="2026-09-06T07:07:19.057" intervalms="42.682" type="nursery" />
<cycle-start id="2567" type="scavenge" contextid="0" timestamp="2026-09-06T07:07:19.057" intervalms="42.683" />
<gc-start id="2568" type="scavenge" contextid="2567" timestamp="2026-09-06T07:07:19.057">
  <mem-info id="2569" free="24412240" total="180289536" percent="13">
    <mem type="nursery" free="0" total="90046464" percent="0">
      <mem type="allocate" free="0" total="74645504" percent="0" />
      <mem type="survivor" free="0" total="15400960" percent="0" />
    </mem>
    <mem type="tenure" free="24412240" total="90243072" percent="27">
      <mem type="soa" free="23509072" total="89339904" percent="26" />
      <mem type="loa" free="903168" total="903168" percent="100" />
    </mem>
    <remembered-set count="4789" />
  </mem-info>
</gc-start>
<allocation-stats totalBytes="63690544" discardedBytes="24312" >
  <allocated-bytes non-tlh="23584" tlh="63666960" />
  <largest-consumer threadName="Default Executor-thread-5" threadId="0000000000768000" bytes="23147744" />
</allocation-stats>
<gc-op id="2570" type="scavenge" timems="2.649" contextid="2567" timestamp="2026-09-06T07:07:19.060">
  <scavenger-info tenureage="9" tenuremask="7e00" tiltratio="82" />
  <memory-copied type="nursery" objects="115589" bytes="10980456" bytesdiscarded="286536" />
  <finalization candidates="1180" enqueued="1147" />
  <ownableSynchronizers candidates="51" cleared="19" />
  <references type="soft" candidates="60" cleared="0" enqueued="0" dynamicThreshold="9" maxThreshold="32" />
  <references type="weak" candidates="227" cleared="159" enqueued="159" />
  <references type="phantom" candidates="61" cleared="0" enqueued="0" />
  <object-monitors candidates="91" cleared="4"  />
</gc-op>
<gc-end id="2571" type="scavenge" contextid="2567" durationms="2.852" usertimems="19.122" systemtimems="1.010" stalltimems="6.916" timestamp="2026-09-06T07:07:19.060" activeThreads="10">
  <mem-info id="2572" free="88901640" total="180289536" percent="49">
    <mem type="nursery" free="64489400" total="90046464" percent="71">
      <mem type="allocate" free="64489400" total="75759616" percent="85" />
      <mem type="survivor" free="0" total="14286848" percent="0" />
    </mem>
    <mem type="tenure" free="24412240" total="90243072" percent="27">
      <mem type="soa" free="23509072" total="89339904" percent="26" />
      <mem type="loa" free="903168" total="903168" percent="100" />
    </mem>
    <pending-finalizers system="15" default="1132" reference="159" classloader="0" />
    <remembered-set count="4648" />
  </mem-info>
</gc-end>
<cycle-end id="2573" type="scavenge" contextid="2567" timestamp="2026-09-06T07:07:19.060" />
<allocation-satisfied id="2574" threadId="0000000000768000" bytesRequested="872" />
<af-end id="2575" timestamp="2026-09-06T07:07:19.060" threadId="0000000000768AC0" success="true" from="nursery"/>
<exclusive-end id="2576" timestamp="2026-09-06T07:07:19.060" durationms="3.544" />

<exclusive-start id="2577" timestamp="2026-09-06T07:07:19.104" intervalms="47.125">
  <response-info timems="0.019" idlems="0.019" threads="0" lastid="0000000000768000" lastname="Default Executor-thread-5" />
</exclusive-start>
<af-start id="2578" threadId="0000000000768AC0" totalBytesRequested="35360" timestamp="2026-09-06T07:07:19.104" intervalms="47.124" type="nursery" />
<cycle-start id="2579" type="scavenge" contextid="0" timestamp="2026-09-06T07:07:19.104" intervalms="47.136" />
<gc-start id="2580" type="scavenge" contextid="2579" timestamp="2026-09-06T07:07:19.104">
  <mem-info id="2581" free="24331280" total="180289536" percent="13">
    <mem type="nursery" free="0" total="90046464" percent="0">
      <mem type="allocate" free="0" total="75759616" percent="0" />
      <mem type="survivor" free="0" total="14286848" percent="0" />
    </mem>
    <mem type="tenure" free="24331280" total="90243072" percent="26">
      <mem type="soa" free="23428112" total="89339904" percent="26" />
      <mem type="loa" free="903168" total="903168" percent="100" />
    </mem>
    <remembered-set count="5939" />
  </mem-info>
</gc-start>
<allocation-stats totalBytes="64483984" discardedBytes="86376" >
  <allocated-bytes non-tlh="81832" tlh="64402152" />
  <largest-consumer threadName="Default Executor-thread-4" threadId="0000000000764300" bytes="28060552" />
</allocation-stats>
<gc-op id="2582" type="scavenge" timems="3.245" contextid="2579" timestamp="2026-09-06T07:07:19.108">
  <scavenger-info tenureage="4" tenuremask="7e10" tiltratio="84" />
  <memory-copied type="nursery" objects="111824" bytes="10638992" bytesdiscarded="290032" />
  <memory-copied type="tenure" objects="25846" bytes="2167088" bytesdiscarded="6560" />
  <finalization candidates="1428" enqueued="1394" />
  <ownableSynchronizers candidates="66" cleared="24" />
  <references type="soft" candidates="82" cleared="0" enqueued="0" dynamicThreshold="9" maxThreshold="32" />
  <references type="weak" candidates="616" cleared="483" enqueued="483" />
  <references type="phantom" candidates="121" cleared="56" enqueued="56" />
  <object-monitors candidates="220" cleared="126"  />
</gc-op>
<heap-resize id="2583" type="expand" space="nursery" amount="4063232" count="1" timems="0.023" reason="excessive time being spent scavenging" timestamp="2026-09-06T07:07:19.108" />
<gc-end id="2584" type="scavenge" contextid="2579" durationms="3.536" usertimems="24.735" systemtimems="0.000" stalltimems="8.194" timestamp="2026-09-06T07:07:19.108" activeThreads="10">
  <mem-info id="2585" free="90779000" total="184352768" percent="49">
    <mem type="nursery" free="68624888" total="94109696" percent="72">
      <mem type="allocate" free="68624888" total="79560704" percent="86" />
      <mem type="survivor" free="0" total="14548992" percent="0" />
    </mem>
    <mem type="tenure" free="22154112" total="90243072" percent="24">
      <mem type="soa" free="21250944" total="89339904" percent="23" />
      <mem type="loa" free="903168" total="903168" percent="100" />
    </mem>
    <pending-finalizers system="137" default="1257" reference="539" classloader="0" />
    <remembered-set count="6029" />
  </mem-info>
</gc-end>
<cycle-end id="2586" type="scavenge" contextid="2579" timestamp="2026-09-06T07:07:19.108" />
<allocation-satisfied id="2587" threadId="0000000000768000" bytesRequested="35360" />
<af-end id="2588" timestamp="2026-09-06T07:07:19.108" threadId="0000000000768AC0" success="true" from="nursery"/>
<exclusive-end id="2589" timestamp="2026-09-06T07:07:19.108" durationms="4.258" />

<exclusive-start id="2590" timestamp="2026-09-06T07:07:19.186" intervalms="82.011">
  <response-info timems="0.060" idlems="0.038" threads="1" lastid="0000000000764300" lastname="Default Executor-thread-4" />
</exclusive-start>
<af-start id="2591" threadId="0000000000768AC0" totalBytesRequested="80" timestamp="2026-09-06T07:07:19.186" intervalms="82.011" type="nursery" />
<cycle-start id="2592" type="scavenge" contextid="0" timestamp="2026-09-06T07:07:19.186" intervalms="82.007" />
<gc-start id="2593" type="scavenge" contextid="2592" timestamp="2026-09-06T07:07:19.186">
  <mem-info id="2594" free="22080184" total="184352768" percent="11">
    <mem type="nursery" free="0" total="94109696" percent="0">
      <mem type="allocate" free="0" total="79560704" percent="0" />
      <mem type="survivor" free="0" total="14548992" percent="0" />
    </mem>
    <mem type="tenure" free="22080184" total="90243072" percent="24">
      <mem type="soa" free="21177016" total="89339904" percent="23" />
      <mem type="loa" free="903168" total="903168" percent="100" />
    </mem>
    <remembered-set count="7400" />
  </mem-info>
</gc-start>
<allocation-stats totalBytes="68673976" discardedBytes="24840" >
  <allocated-bytes non-tlh="109288" tlh="68564688" />
  <largest-consumer threadName="Default Executor-thread-5" threadId="0000000000768000" bytes="44566504" />
</allocation-stats>
<gc-op id="2595" type="scavenge" timems="3.628" contextid="2592" timestamp="2026-09-06T07:07:19.190">
  <scavenger-info tenureage="9" tenuremask="7e00" tiltratio="84" />
  <memory-copied type="nursery" objects="165361" bytes="14341512" bytesdiscarded="197312" />
  <memory-copied type="tenure" objects="1410" bytes="761744" bytesdiscarded="3760" />
  <copy-failed type="nursery" objects="1410" bytes="761888" />
  <finalization candidates="2033" enqueued="2007" />
  <ownableSynchronizers candidates="52" cleared="10" />
  <references type="soft" candidates="215" cleared="0" enqueued="0" dynamicThreshold="9" maxThreshold="32" />
  <references type="weak" candidates="793" cleared="532" enqueued="532" />
  <references type="phantom" candidates="74" cleared="0" enqueued="0" />
  <object-monitors candidates="192" cleared="97"  />
</gc-op>
<gc-end id="2596" type="scavenge" contextid="2592" durationms="3.869" usertimems="27.064" systemtimems="1.777" stalltimems="7.932" timestamp="2026-09-06T07:07:19.190" activeThreads="10">
  <mem-info id="2597" free="78552712" total="184352768" percent="42">
    <mem type="nursery" free="57212928" total="94109696" percent="60">
      <mem type="allocate" free="57212928" total="71761920" percent="79" />
      <mem type="survivor" free="0" total="22347776" percent="0" />
    </mem>
    <mem type="tenure" free="21339784" total="90243072" percent="23">
      <mem type="soa" free="20436616" total="89339904" percent="22" />
      <mem type="loa" free="903168" total="903168" percent="100" />
    </mem>
    <pending-finalizers system="66" default="1941" reference="532" classloader="0" />
    <remembered-set count="6969" />
  </mem-info>
</gc-end>
<cycle-end id="2598" type="scavenge" contextid="2592" timestamp="2026-09-06T07:07:19.190" />
<allocation-satisfied id="2599" threadId="0000000000768000" bytesRequested="80" />
<af-end id="2600" timestamp="2026-09-06T07:07:19.190" threadId="0000000000768AC0" success="true" from="nursery"/>
<exclusive-end id="2601" timestamp="2026-09-06T07:07:19.190" durationms="4.576" />

<exclusive-start id="2602" timestamp="2026-09-06T07:07:19.270" intervalms="83.849">
  <response-info timems="0.974" idlems="0.326" threads="23" lastid="0000000001502200" lastname="weld-preloader-9" />
</exclusive-start>
<af-start id="2603" threadId="0000000000768AC0" totalBytesRequested="2608" timestamp="2026-09-06T07:07:19.270" intervalms="83.846" type="nursery" />
<cycle-start id="2604" type="scavenge" contextid="0" timestamp="2026-09-06T07:07:19.270" intervalms="83.860" />
<gc-start id="2605" type="scavenge" contextid="2604" timestamp="2026-09-06T07:07:19.270">
  <mem-info id="2606" free="21260496" total="184352768" percent="11">
    <mem type="nursery" free="0" total="94109696" percent="0">
      <mem type="allocate" free="0" total="71761920" percent="0" />
      <mem type="survivor" free="0" total="22347776" percent="0" />
    </mem>
    <mem type="tenure" free="21260496" total="90243072" percent="23">
      <mem type="soa" free="20357328" total="89339904" percent="22" />
      <mem type="loa" free="903168" total="903168" percent="100" />
    </mem>
    <remembered-set count="8913" />
  </mem-info>
</gc-start>
<allocation-stats totalBytes="57269008" discardedBytes="23208" >
  <allocated-bytes non-tlh="118376" tlh="57150632" />
  <largest-consumer threadName="Default Executor-thread-5" threadId="0000000000768000" bytes="41053720" />
</allocation-stats>
<gc-op id="2607" type="scavenge" timems="4.328" contextid="2604" timestamp="2026-09-06T07:07:19.275">
  <scavenger-info tenureage="7" tenuremask="7f80" tiltratio="76" />
  <memory-copied type="nursery" objects="193262" bytes="16301024" bytesdiscarded="371944" />
  <memory-copied type="tenure" objects="39857" bytes="2316344" bytesdiscarded="1960" />
  <finalization candidates="2361" enqueued="2335" />
  <ownableSynchronizers candidates="571" cleared="286" />
  <references type="soft" candidates="1033" cleared="0" enqueued="0" dynamicThreshold="9" maxThreshold="32" />
  <references type="weak" candidates="791" cleared="334" enqueued="334" />
  <references type="phantom" candidates="110" cleared="0" enqueued="0" />
  <object-monitors candidates="122" cleared="19"  />
</gc-op>
<gc-end id="2608" type="scavenge" contextid="2604" durationms="4.594" usertimems="36.477" systemtimems="0.735" stalltimems="6.399" timestamp="2026-09-06T07:07:19.275" activeThreads="10">
  <mem-info id="2609" free="75564760" total="184352768" percent="40">
    <mem type="nursery" free="56980592" total="94109696" percent="60">
      <mem type="allocate" free="56980592" total="73662464" percent="77" />
      <mem type="survivor" free="0" total="20447232" percent="0" />
    </mem>
    <mem type="tenure" free="18584168" total="90243072" percent="20">
      <mem type="soa" free="17681000" total="89339904" percent="19" />
      <mem type="loa" free="903168" total="903168" percent="100" />
    </mem>
    <pending-finalizers system="59" default="2276" reference="334" classloader="0" />
    <remembered-set count="6619" />
  </mem-info>
</gc-end>
<cycle-end id="2610" type="scavenge" contextid="2604" timestamp="2026-09-06T07:07:19.275" />
<allocation-satisfied id="2611" threadId="0000000000768000" bytesRequested="2608" />
<af-end id="2612" timestamp="2026-09-06T07:07:19.275" threadId="0000000000768AC0" success="true" from="nursery"/>
<exclusive-end id="2613" timestamp="2026-09-06T07:07:19.275" durationms="5.357" />

<exclusive-start id="2614" timestamp="2026-09-06T07:07:19.363" intervalms="93.267">
  <response-info timems="0.023" idlems="0.023" threads="0" lastid="0000000000754C00" lastname="Default Executor-thread-2" />
</exclusive-start>
<af-start id="2615" threadId="00000000007556C0" totalBytesRequested="80" timestamp="2026-09-06T07:07:19.363" intervalms="93.273" type="nursery" />
<cycle-start id="2616" type="scavenge" contextid="0" timestamp="2026-09-06T07:07:19.363" intervalms="93.259" />
<gc-start id="2617" type="scavenge" contextid="2616" timestamp="2026-09-06T07:07:19.363">
  <mem-info id="2618" free="18581656" total="184352768" percent="10">
    <mem type="nursery" free="0" total="94109696" percent="0">
      <mem type="allocate" free="0" total="73662464" percent="0" />
      <mem type="survivor" free="0" total="20447232" percent="0" />
    </mem>
    <mem type="tenure" free="18581656" total="90243072" percent="20">
      <mem type="soa" free="17678488" total="89339904" percent="19" />
      <mem type="loa" free="903168" total="903168" percent="100" />
    </mem>
    <remembered-set count="7266" />
  </mem-info>
</gc-start>
<allocation-stats totalBytes="56957712" discardedBytes="25392" >
  <allocated-bytes non-tlh="5120" tlh="56952592" />
  <largest-consumer threadName="Default Executor-thread-5" threadId="0000000000768000" bytes="54708336" />
</allocation-stats>
<gc-op id="2619" type="scavenge" timems="4.612" contextid="2616" timestamp="2026-09-06T07:07:19.368">
  <scavenger-info tenureage="9" tenuremask="7e00" tiltratio="78" />
  <memory-copied type="nursery" objects="229385" bytes="19976408" bytesdiscarded="457576" />
  <memory-copied type="tenure" objects="751" bytes="382240" bytesdiscarded="2208" />
  <copy-failed type="nursery" objects="751" bytes="382328" />
  <finalization candidates="2582" enqueued="2580" />
  <ownableSynchronizers candidates="455" cleared="170" />
  <references type="soft" candidates="1045" cleared="0" enqueued="0" dynamicThreshold="9" maxThreshold="32" />
  <references type="weak" candidates="537" cleared="13" enqueued="13" />
  <references type="phantom" candidates="125" cleared="0" enqueued="0" />
  <object-monitors candidates="103" cleared="0"  />
</gc-op>
<gc-end id="2620" type="scavenge" contextid="2616" durationms="4.870" usertimems="36.061" systemtimems="1.474" stalltimems="8.792" timestamp="2026-09-06T07:07:19.368" activeThreads="10">
  <mem-info id="2621" free="64063480" total="184352768" percent="34">
    <mem type="nursery" free="45809664" total="94109696" percent="48">
      <mem type="allocate" free="45809664" total="66256896" percent="69" />
      <mem type="survivor" free="0" total="27852800" percent="0" />
    </mem>
    <mem type="tenure" free="18253816" total="90243072" percent="20">
      <mem type="soa" free="17350648" total="89339904" percent="19" />
      <mem type="loa" free="903168" total="903168" percent="100" />
    </mem>
    <pending-finalizers system="6" default="2574" reference="13" classloader="0" />
    <remembered-set count="6015" />
  </mem-info>
</gc-end>
<cycle-end id="2622" type="scavenge" contextid="2616" timestamp="2026-09-06T07:07:19.368" />
<allocation-satisfied id="2623" threadId="0000000000754C00" bytesRequested="80" />
<af-end id="2624" timestamp="2026-09-06T07:07:19.369" threadId="00000000007556C0" success="true" from="nursery"/>
<exclusive-end id="2625" timestamp="2026-09-06T07:07:19.369" durationms="5.646" />

<exclusive-start id="2626" timestamp="2026-09-06T07:07:19.461" intervalms="98.517">
  <response-info timems="0.026" idlems="0.026" threads="0" lastid="0000000000768000" lastname="Default Executor-thread-5" />
</exclusive-start>
<af-start id="2627" threadId="0000000000768AC0" totalBytesRequested="16" timestamp="2026-09-06T07:07:19.462" intervalms="98.521" type="nursery" />
<cycle-start id="2628" type="scavenge" contextid="0" timestamp="2026-09-06T07:07:19.462" intervalms="98.531" />
<gc-start id="2629" type="scavenge" contextid="2628" timestamp="2026-09-06T07:07:19.462">
  <mem-info id="2630" free="18189968" total="184352768" percent="9">
    <mem type="nursery" free="0" total="94109696" percent="0">
      <mem type="allocate" free="0" total="66256896" percent="0" />
      <mem type="survivor" free="0" total="27852800" percent="0" />
    </mem>
    <mem type="tenure" free="18189968" total="90243072" percent="20">
      <mem type="soa" free="17286800" total="89339904" percent="19" />
      <mem type="loa" free="903168" total="903168" percent="100" />
    </mem>
    <remembered-set count="9493" />
  </mem-info>
</gc-start>
<allocation-stats totalBytes="45787712" discardedBytes="85800" >
  <allocated-bytes non-tlh="63928" tlh="45723784" />
  <largest-consumer threadName="Default Executor-thread-5" threadId="0000000000768000" bytes="29984176" />
</allocation-stats>
<gc-op id="2631" type="scavenge" timems="5.202" contextid="2628" timestamp="2026-09-06T07:07:19.467">
  <scavenger-info tenureage="5" tenuremask="7f20" tiltratio="70" />
  <memory-copied type="nursery" objects="259224" bytes="19572320" bytesdiscarded="258328" />
  <memory-copied type="tenure" objects="15390" bytes="1353912" bytesdiscarded="432" />
  <finalization candidates="584" enqueued="582" />
  <ownableSynchronizers candidates="305" cleared="14" />
  <references type="soft" candidates="1158" cleared="0" enqueued="0" dynamicThreshold="9" maxThreshold="32" />
  <references type="weak" candidates="972" cleared="372" enqueued="372" />
  <references type="phantom" candidates="133" cleared="0" enqueued="0" />
  <object-monitors candidates="214" cleared="107"  />
</gc-op>
<heap-resize id="2632" type="expand" space="nursery" amount="3538944" count="1" timems="0.024" reason="excessive time being spent scavenging" timestamp="2026-09-06T07:07:19.467" />
<gc-end id="2633" type="scavenge" contextid="2628" durationms="5.530" usertimems="43.529" systemtimems="0.968" stalltimems="7.977" timestamp="2026-09-06T07:07:19.467" activeThreads="10">
  <mem-info id="2634" free="66900728" total="187891712" percent="35">
    <mem type="nursery" free="49825504" total="97648640" percent="51">
      <mem type="allocate" free="49825504" total="69664768" percent="71" />
      <mem type="survivor" free="0" total="27983872" percent="0" />
    </mem>
    <mem type="tenure" free="17075224" total="90243072" percent="18">
      <mem type="soa" free="16172056" total="89339904" percent="18" />
      <mem type="loa" free="903168" total="903168" percent="100" />
    </mem>
    <pending-finalizers system="137" default="445" reference="372" classloader="0" />
    <remembered-set count="9277" />
  </mem-info>
</gc-end>
<cycle-end id="2635" type="scavenge" contextid="2628" timestamp="2026-09-06T07:07:19.468" />
<allocation-satisfied id="2636" threadId="0000000000768000" bytesRequested="16" />
<af-end id="2637" timestamp="2026-09-06T07:07:19.468" threadId="0000000000768AC0" success="true" from="nursery"/>
<exclusive-end id="2638" timestamp="2026-09-06T07:07:19.468" durationms="6.305" />

<exclusive-start id="2639" timestamp="2026-09-06T07:07:19.579" intervalms="117.356">
  <response-info timems="0.091" idlems="0.055" threads="4" lastid="0000000000764300" lastname="Default Executor-thread-4" />
</exclusive-start>
<af-start id="2640" threadId="00000000014DBFC0" totalBytesRequested="32" timestamp="2026-09-06T07:07:19.579" intervalms="117.346" type="nursery" />
<cycle-start id="2641" type="scavenge" contextid="0" timestamp="2026-09-06T07:07:19.579" intervalms="117.349" />
<gc-start id="2642" type="scavenge" contextid="2641" timestamp="2026-09-06T07:07:19.579">
  <mem-info id="2643" free="17059552" total="187891712" percent="9">
    <mem type="nursery" free="0" total="97648640" percent="0">
      <mem type="allocate" free="0" total="69664768" percent="0" />
      <mem type="survivor" free="0" total="27983872" percent="0" />
    </mem>
    <mem type="tenure" free="17059552" total="90243072" percent="18">
      <mem type="soa" free="16156384" total="89339904" percent="18" />
      <mem type="loa" free="903168" total="903168" percent="100" />
    </mem>
    <remembered-set count="9768" />
  </mem-info>
</gc-start>
<allocation-stats totalBytes="49835856" discardedBytes="5320" >
  <allocated-bytes non-tlh="15688" tlh="49820168" />
  <largest-consumer threadName="Default Executor-thread-5" threadId="0000000000768000" bytes="39805424" />
</allocation-stats>
<gc-op id="2644" type="scavenge" timems="6.526" contextid="2641" timestamp="2026-09-06T07:07:19.586">
  <scavenger-info tenureage="5" tenuremask="7fa0" tiltratio="71" />
  <memory-copied type="nursery" objects="369785" bytes="21371968" bytesdiscarded="260120" />
  <memory-copied type="tenure" objects="39296" bytes="3363416" bytesdiscarded="2000" />
  <finalization candidates="180" enqueued="177" />
  <ownableSynchronizers candidates="649" cleared="326" />
  <references type="soft" candidates="1197" cleared="0" enqueued="0" dynamicThreshold="9" maxThreshold="32" />
  <references type="weak" candidates="686" cleared="102" enqueued="102" />
  <references type="phantom" candidates="86" cleared="0" enqueued="0" />
  <object-monitors candidates="123" cleared="14"  />
</gc-op>
<gc-end id="2645" type="scavenge" contextid="2641" durationms="6.783" usertimems="56.689" systemtimems="0.598" stalltimems="8.440" timestamp="2026-09-06T07:07:19.586" activeThreads="10">
  <mem-info id="2646" free="62961488" total="187891712" percent="33">
    <mem type="nursery" free="49454616" total="97648640" percent="50">
      <mem type="allocate" free="49454616" total="71106560" percent="69" />
      <mem type="survivor" free="0" total="26542080" percent="0" />
    </mem>
    <mem type="tenure" free="13506872" total="90243072" percent="14">
      <mem type="soa" free="12603704" total="89339904" percent="14" />
      <mem type="loa" free="903168" total="903168" percent="100" />
    </mem>
    <pending-finalizers system="5" default="172" reference="102" classloader="0" />
    <remembered-set count="9388" />
  </mem-info>
</gc-end>
<cycle-end id="2647" type="scavenge" contextid="2641" timestamp="2026-09-06T07:07:19.586" />
<allocation-satisfied id="2648" threadId="00000000014DB500" bytesRequested="32" />
<af-end id="2649" timestamp="2026-09-06T07:07:19.586" threadId="00000000014DBFC0" success="true" from="nursery"/>
<exclusive-end id="2650" timestamp="2026-09-06T07:07:19.586" durationms="7.555" />

<exclusive-start id="2651" timestamp="2026-09-06T07:07:19.710" intervalms="130.870">
  <response-info timems="0.190" idlems="0.098" threads="3" lastid="0000000000754C00" lastname="Default Executor-thread-2" />
</exclusive-start>
<af-start id="2652" threadId="0000000000768AC0" totalBytesRequested="6848" timestamp="2026-09-06T07:07:19.710" intervalms="130.888" type="nursery" />
<cycle-start id="2653" type="scavenge" contextid="0" timestamp="2026-09-06T07:07:19.710" intervalms="130.890" />
<gc-start id="2654" type="scavenge" contextid="2653" timestamp="2026-09-06T07:07:19.710">
  <mem-info id="2655" free="13473560" total="187891712" percent="7">
    <mem type="nursery" free="0" total="97648640" percent="0">
      <mem type="allocate" free="0" total="71106560" percent="0" />
      <mem type="survivor" free="0" total="26542080" percent="0" />
    </mem>
    <mem type="tenure" free="13473560" total="90243072" percent="14">
      <mem type="soa" free="12570392" total="89339904" percent="14" />
      <mem type="loa" free="903168" total="903168" percent="100" />
    </mem>
    <remembered-set count="10056" />
  </mem-info>
</gc-start>
<allocation-stats totalBytes="49450384" discardedBytes="37544" >
  <allocated-bytes non-tlh="33344" tlh="49417040" />
  <largest-consumer threadName="Default Executor-thread-5" threadId="0000000000768000" bytes="37634000" />
</allocation-stats>
<gc-op id="2656" type="scavenge" timems="6.694" contextid="2653" timestamp="2026-09-06T07:07:19.717">
  <scavenger-info tenureage="4" tenuremask="7f90" tiltratio="72" />
  <memory-copied type="nursery" objects="425097" bytes="22310648" bytesdiscarded="273720" />
  <memory-copied type="tenure" objects="63574" bytes="3173336" bytesdiscarded="1952" />
  <finalization candidates="544" enqueued="544" />
  <ownableSynchronizers candidates="1329" cleared="1045" />
  <references type="soft" candidates="497" cleared="0" enqueued="0" dynamicThreshold="9" maxThreshold="32" />
  <references type="weak" candidates="507" cleared="60" enqueued="60" />
  <references type="phantom" candidates="57" cleared="0" enqueued="0" />
  <object-monitors candidates="124" cleared="8"  />
</gc-op>
<gc-end id="2657" type="scavenge" contextid="2653" durationms="6.961" usertimems="58.622" systemtimems="0.051" stalltimems="9.115" timestamp="2026-09-06T07:07:19.717" activeThreads="10">
  <mem-info id="2658" free="59110544" total="187891712" percent="31">
    <mem type="nursery" free="48511144" total="97648640" percent="49">
      <mem type="allocate" free="48511144" total="71106560" percent="68" />
      <mem type="survivor" free="0" total="26542080" percent="0" />
    </mem>
    <mem type="tenure" free="10599400" total="90243072" percent="11">
      <mem type="soa" free="9696232" total="89339904" percent="10" />
      <mem type="loa" free="903168" total="903168" percent="100" />
    </mem>
    <pending-finalizers system="8" default="536" reference="60" classloader="0" />
    <remembered-set count="12925" />
  </mem-info>
</gc-end>
<cycle-end id="2659" type="scavenge" contextid="2653" timestamp="2026-09-06T07:07:19.717" />
<allocation-satisfied id="2660" threadId="0000000000768000" bytesRequested="6848" />
<af-end id="2661" timestamp="2026-09-06T07:07:19.717" threadId="0000000000768AC0" success="true" from="nursery"/>
<exclusive-end id="2662" timestamp="2026-09-06T07:07:19.717" durationms="7.753" />

<exclusive-start id="2663" timestamp="2026-09-06T07:07:19.796" intervalms="85.938">
  <response-info timems="0.028" idlems="0.028" threads="0" lastid="0000000000764300" lastname="Default Executor-thread-4" />
</exclusive-start>
<af-start id="2664" threadId="0000000000764DC0" totalBytesRequested="136" timestamp="2026-09-06T07:07:19.796" intervalms="85.915" type="nursery" />
<cycle-start id="2665" type="scavenge" contextid="0" timestamp="2026-09-06T07:07:19.796" intervalms="85.913" />
<gc-start id="2666" type="scavenge" contextid="2665" timestamp="2026-09-06T07:07:19.796">
  <mem-info id="2667" free="10577952" total="187891712" percent="5">
    <mem type="nursery" free="0" total="97648640" percent="0">
      <mem type="allocate" free="0" total="71106560" percent="0" />
      <mem type="survivor" free="0" total="26542080" percent="0" />
    </mem>
    <mem type="tenure" free="10577952" total="90243072" percent="11">
      <mem type="soa" free="9674784" total="89339904" percent="10" />
      <mem type="loa" free="903168" total="903168" percent="100" />
    </mem>
    <remembered-set count="13584" />
  </mem-info>
</gc-start>
<allocation-stats totalBytes="48479592" discardedBytes="53000" >
  <allocated-bytes non-tlh="28296" tlh="48451296" />
  <largest-consumer threadName="Default Executor-thread-5" threadId="0000000000768000" bytes="41264696" />
</allocation-stats>
<gc-op id="2668" type="scavenge" timems="6.655" contextid="2665" timestamp="2026-09-06T07:07:19.803">
  <scavenger-info tenureage="3" tenuremask="7fc8" tiltratio="72" />
  <memory-copied type="nursery" objects="340570" bytes="18573480" bytesdiscarded="493776" />
  <memory-copied type="tenure" objects="102478" bytes="8128888" bytesdiscarded="4984" />
  <finalization candidates="1766" enqueued="1766" />
  <ownableSynchronizers candidates="612" cleared="550" />
  <references type="soft" candidates="311" cleared="0" enqueued="0" dynamicThreshold="9" maxThreshold="32" />
  <references type="weak" candidates="336" cleared="72" enqueued="72" />
  <references type="phantom" candidates="35" cleared="0" enqueued="0" />
  <object-monitors candidates="127" cleared="11"  />
</gc-op>
<heap-resize id="2669" type="expand" space="nursery" amount="4849664" count="1" timems="0.025" reason="excessive time being spent scavenging" timestamp="2026-09-06T07:07:19.803" />
<gc-end id="2670" type="scavenge" contextid="2665" durationms="6.950" usertimems="54.661" systemtimems="1.286" stalltimems="8.645" timestamp="2026-09-06T07:07:19.803" activeThreads="10">
  <mem-info id="2671" free="57953608" total="192741376" percent="30">
    <mem type="nursery" free="55769576" total="102498304" percent="54">
      <mem type="allocate" free="55769576" total="74842112" percent="74" />
      <mem type="survivor" free="0" total="27656192" percent="0" />
    </mem>
    <mem type="tenure" free="2184032" total="90243072" percent="2">
      <mem type="soa" free="1280864" total="89339904" percent="1" />
      <mem type="loa" free="903168" total="903168" percent="100" />
    </mem>
    <pending-finalizers system="23" default="1743" reference="72" classloader="0" />
    <remembered-set count="6313" />
  </mem-info>
</gc-end>
<cycle-end id="2672" type="scavenge" contextid="2665" timestamp="2026-09-06T07:07:19.803" />
<allocation-satisfied id="2673" threadId="0000000000764300" bytesRequested="136" />
<af-end id="2674" timestamp="2026-09-06T07:07:19.803" threadId="0000000000764DC0" success="true" from="nursery"/>
<exclusive-end id="2675" timestamp="2026-09-06T07:07:19.803" durationms="7.731" />

<concurrent-kickoff id="2676" timestamp="2026-09-06T07:07:19.866">
  <kickoff reason="threshold reached" targetBytes="46292945" thresholdFreeBytes="6380613"  remainingFree="6310376" tenureFreeBytes="2178752" nurseryFreeBytes="6310376" />
</concurrent-kickoff>
<exclusive-start id="2677" timestamp="2026-09-06T07:07:19.867" intervalms="71.115">
  <response-info timems="0.055" idlems="0.036" threads="1" lastid="0000000000758900" lastname="Default Executor-thread-3" />
</exclusive-start>
<cycle-start id="2678" type="global" contextid="0" timestamp="2026-09-06T07:07:19.867" intervalms="979.643" />
<concurrent-start id="2679" type="global mark" contextid="2678" timestamp="2026-09-06T07:07:19.867">
</concurrent-start>
<exclusive-end id="2680" timestamp="2026-09-06T07:07:19.867" durationms="0.169" />

<concurrent-end id="2681" type="global mark" contextid="2678" timestamp="2026-09-06T07:07:19.884">
<gc-op id="2682" type="trace" timems="17.385" contextid="2678" timestamp="2026-09-06T07:07:19.884">
  <trace bytesTraced="50601812" workStackOverflowCount="0" />
  <card-cleaning reason="card cleaning threshold reached" bytesTraced="36880" cardsCleaned="94" />
</gc-op>
</concurrent-end>

<exclusive-start id="2683" timestamp="2026-09-06T07:07:19.885" intervalms="18.370">
  <response-info timems="0.070" idlems="0.070" threads="0" lastid="0000000000768000" lastname="Default Executor-thread-5" />
</exclusive-start>
<concurrent-global-final id="2684" timestamp="2026-09-06T07:07:19.885" contextid="2678" intervalms="941.408" >
  <concurrent-trace-info reason="card cleaning threshold reached" tracedByMutators="41272788" tracedByHelpers="9365904" cardsCleaned="94" workStackOverflowCount="0" />
</concurrent-global-final>
<gc-start id="2685" type="global" contextid="2678" timestamp="2026-09-06T07:07:19.885">
  <mem-info id="2686" free="2672808" total="192741376" percent="1">
    <mem type="nursery" free="494056" total="102498304" percent="0">
      <mem type="allocate" free="494056" total="74842112" percent="0" />
      <mem type="survivor" free="0" total="27656192" percent="0" />
    </mem>
    <mem type="tenure" free="2178752" total="90243072" percent="2">
      <mem type="soa" free="1275584" total="89339904" percent="1" />
      <mem type="loa" free="903168" total="903168" percent="100" />
    </mem>
    <remembered-set count="6713" />
  </mem-info>
</gc-start>
<allocation-stats totalBytes="55271664" discardedBytes="9136" >
  <allocated-bytes non-tlh="5416" tlh="55266248" />
  <largest-consumer threadName="Default Executor-thread-5" threadId="0000000000768000" bytes="38205208" />
</allocation-stats>
<gc-op id="2687" type="rs-scan" timems="3.384" contextid="2678" timestamp="2026-09-06T07:07:19.889">
  <scan objectsFound="396286" bytesTraced="19498576" workStackOverflowCount="0" />
</gc-op>
<gc-op id="2688" type="card-cleaning" timems="0.208" contextid="2678" timestamp="2026-09-06T07:07:19.889">
  <card-cleaning cardsCleaned="51" bytesTraced="78256" workStackOverflowCount="0" />
</gc-op>
<gc-op id="2689" type="mark" timems="4.513" contextid="2678" timestamp="2026-09-06T07:07:19.894">
  <trace-info objectcount="24749" scancount="18819" scanbytes="811444" />
  <finalization candidates="3245" enqueued="1499" />
  <ownableSynchronizers candidates="12753" cleared="3704" />
  <references type="soft" candidates="14821" cleared="0" enqueued="0" dynamicThreshold="9" maxThreshold="32" />
  <references type="weak" candidates="18401" cleared="34" enqueued="34" />
  <references type="phantom" candidates="405" cleared="0" enqueued="0" />
  <stringconstants candidates="43766" cleared="39"  />
  <object-monitors candidates="126" cleared="9"  />
</gc-op>
<gc-op id="2690" type="classunload" timems="1.098" contextid="2678" timestamp="2026-09-06T07:07:19.895">
  <classunload-info classloadercandidates="394" classloadersunloaded="0" classesunloaded="9" anonymousclassesunloaded="9" quiescems="0.000" setupms="1.082" scanms="0.016" postms="0.000" />
</gc-op>
<gc-op id="2691" type="sweep" timems="0.726" contextid="2678" timestamp="2026-09-06T07:07:19.896" />
<heap-resize id="2692" type="expand" space="tenure" amount="26542080" count="1" timems="0.047" reason="insufficient free space following gc" timestamp="2026-09-06T07:07:19.896" />
<gc-end id="2693" type="global" contextid="2678" durationms="10.510" usertimems="64.554" systemtimems="0.510" stalltimems="20.737" timestamp="2026-09-06T07:07:19.896" activeThreads="10">
  <mem-info id="2694" free="89500800" total="219283456" percent="40">
    <mem type="nursery" free="54463240" total="102498304" percent="53">
      <mem type="allocate" free="54463240" total="74842112" percent="72" />
      <mem type="survivor" free="0" total="27656192" percent="0" />
    </mem>
    <mem type="tenure" free="35037560" total="116785152" percent="30" micro-fragmented="2101537" macro-fragmented="0">
      <mem type="soa" free="33869176" total="115616768" percent="29" />
      <mem type="loa" free="1168384" total="1168384" percent="100" />
    </mem>
    <pending-finalizers system="8" default="1491" reference="34" classloader="0" />
    <remembered-set count="6047" />
  </mem-info>
</gc-end>
<cycle-end id="2695" type="global" contextid="2678" timestamp="2026-09-06T07:07:19.896" />
<exclusive-end id="2696" timestamp="2026-09-06T07:07:19.896" durationms="11.050" />

<exclusive-start id="2697" timestamp="2026-09-06T07:07:19.969" intervalms="83.929">
  <response-info timems="0.448" idlems="0.272" threads="9" lastid="00000000014D9C00" lastname="weld-preloader-5" />
</exclusive-start>
<af-start id="2698" threadId="00000000007593C0" totalBytesRequested="16" timestamp="2026-09-06T07:07:19.969" intervalms="173.427" type="nursery" />
<cycle-start id="2699" type="scavenge" contextid="0" timestamp="2026-09-06T07:07:19.969" intervalms="173.424" />
<gc-start id="2700" type="scavenge" contextid="2699" timestamp="2026-09-06T07:07:19.970">
  <mem-info id="2701" free="34988488" total="219283456" percent="15">
    <mem type="nursery" free="0" total="102498304" percent="0">
      <mem type="allocate" free="0" total="74842112" percent="0" />
      <mem type="survivor" free="0" total="27656192" percent="0" />
    </mem>
    <mem type="tenure" free="34988488" total="116785152" percent="29">
      <mem type="soa" free="33820104" total="115616768" percent="29" />
      <mem type="loa" free="1168384" total="1168384" percent="100" />
    </mem>
    <remembered-set count="6915" />
  </mem-info>
</gc-start>
<allocation-stats totalBytes="53889944" discardedBytes="551496" >
  <allocated-bytes non-tlh="7707920" tlh="46182024" />
  <largest-consumer threadName="Default Executor-thread-5" threadId="0000000000768000" bytes="33819704" />
</allocation-stats>
<gc-op id="2702" type="scavenge" timems="5.270" contextid="2699" timestamp="2026-09-06T07:07:19.975">
  <scavenger-info tenureage="3" tenuremask="7fc8" tiltratio="73" />
  <memory-copied type="nursery" objects="210447" bytes="13049056" bytesdiscarded="298312" />
  <memory-copied type="tenure" objects="157192" bytes="5608792" bytesdiscarded="7032" />
  <finalization candidates="1703" enqueued="1690" />
  <ownableSynchronizers candidates="18658" cleared="18621" />
  <references type="soft" candidates="639" cleared="0" enqueued="0" dynamicThreshold="9" maxThreshold="32" />
  <references type="weak" candidates="381" cleared="120" enqueued="120" />
  <references type="phantom" candidates="31" cleared="0" enqueued="0" />
  <object-monitors candidates="134" cleared="12"  />
</gc-op>
<gc-end id="2703" type="scavenge" contextid="2699" durationms="5.535" usertimems="43.647" systemtimems="2.973" stalltimems="6.149" timestamp="2026-09-06T07:07:19.975" activeThreads="10">
  <mem-info id="2704" free="92601520" total="219283456" percent="42">
    <mem type="nursery" free="63852024" total="102498304" percent="62">
      <mem type="allocate" free="63852024" total="77201408" percent="82" />
      <mem type="survivor" free="0" total="25296896" percent="0" />
    </mem>
    <mem type="tenure" free="28749496" total="116785152" percent="24">
      <mem type="soa" free="27581112" total="115616768" percent="23" />
      <mem type="loa" free="1168384" total="1168384" percent="100" />
    </mem>
    <pending-finalizers system="23" default="1667" reference="120" classloader="0" />
    <remembered-set count="7288" />
  </mem-info>
</gc-end>
<cycle-end id="2705" type="scavenge" contextid="2699" timestamp="2026-09-06T07:07:19.975" />
<allocation-satisfied id="2706" threadId="0000000000758900" bytesRequested="16" />
<af-end id="2707" timestamp="2026-09-06T07:07:19.975" threadId="00000000007593C0" success="true" from="nursery"/>
<exclusive-end id="2708" timestamp="2026-09-06T07:07:19.975" durationms="6.280" />

<exclusive-start id="2709" timestamp="2026-09-06T07:07:20.053" intervalms="83.799">
  <response-info timems="0.036" idlems="0.036" threads="0" lastid="00000000006E2F00" lastname="Scheduled Executor-thread-1" />
</exclusive-start>
<af-start id="2710" threadId="00000000006E39C0" totalBytesRequested="16" timestamp="2026-09-06T07:07:20.053" intervalms="83.802" type="nursery" />
<cycle-start id="2711" type="scavenge" contextid="0" timestamp="2026-09-06T07:07:20.053" intervalms="83.783" />
<gc-start id="2712" type="scavenge" contextid="2711" timestamp="2026-09-06T07:07:20.053">
  <mem-info id="2713" free="28727824" total="219283456" percent="13">
    <mem type="nursery" free="0" total="102498304" percent="0">
      <mem type="allocate" free="0" total="77201408" percent="0" />
      <mem type="survivor" free="0" total="25296896" percent="0" />
    </mem>
    <mem type="tenure" free="28727824" total="116785152" percent="24">
      <mem type="soa" free="27559440" total="115616768" percent="23" />
      <mem type="loa" free="1168384" total="1168384" percent="100" />
    </mem>
    <remembered-set count="8285" />
  </mem-info>
</gc-start>
<allocation-stats totalBytes="63856768" discardedBytes="16200" >
  <allocated-bytes non-tlh="20960" tlh="63835808" />
  <largest-consumer threadName="Default Executor-thread-5" threadId="0000000000768000" bytes="39651768" />
</allocation-stats>
<gc-op id="2714" type="scavenge" timems="3.854" contextid="2711" timestamp="2026-09-06T07:07:20.057">
  <scavenger-info tenureage="6" tenuremask="7fc0" tiltratio="75" />
  <memory-copied type="nursery" objects="163795" bytes="12717368" bytesdiscarded="444824" />
  <memory-copied type="tenure" objects="28226" bytes="1843216" bytesdiscarded="1256" />
  <finalization candidates="1861" enqueued="1841" />
  <ownableSynchronizers candidates="55" cleared="23" />
  <references type="soft" candidates="652" cleared="0" enqueued="0" dynamicThreshold="9" maxThreshold="32" />
  <references type="weak" candidates="404" cleared="172" enqueued="172" />
  <references type="phantom" candidates="59" cleared="0" enqueued="0" />
  <object-monitors candidates="142" cleared="20"  />
</gc-op>
<gc-end id="2715" type="scavenge" contextid="2711" durationms="4.053" usertimems="30.195" systemtimems="0.940" stalltimems="7.634" timestamp="2026-09-06T07:07:20.057" activeThreads="10">
  <mem-info id="2716" free="92918208" total="219283456" percent="42">
    <mem type="nursery" free="66129120" total="102498304" percent="64">
      <mem type="allocate" free="66129120" total="79298560" percent="83" />
      <mem type="survivor" free="0" total="23199744" percent="0" />
    </mem>
    <mem type="tenure" free="26789088" total="116785152" percent="22">
      <mem type="soa" free="25620704" total="115616768" percent="22" />
      <mem type="loa" free="1168384" total="1168384" percent="100" />
    </mem>
    <pending-finalizers system="30" default="1811" reference="172" classloader="0" />
    <remembered-set count="4274" />
  </mem-info>
</gc-end>
<cycle-end id="2717" type="scavenge" contextid="2711" timestamp="2026-09-06T07:07:20.058" />
<allocation-satisfied id="2718" threadId="00000000006E2F00" bytesRequested="16" />
<af-end id="2719" timestamp="2026-09-06T07:07:20.058" threadId="00000000006E39C0" success="true" from="nursery"/>
<exclusive-end id="2720" timestamp="2026-09-06T07:07:20.058" durationms="4.806" />

<exclusive-start id="2721" timestamp="2026-09-06T07:07:20.153" intervalms="99.758">
  <response-info timems="0.017" idlems="0.017" threads="0" lastid="0000000000768000" lastname="Default Executor-thread-5" />
</exclusive-start>
<af-start id="2722" threadId="0000000000768AC0" totalBytesRequested="4104" timestamp="2026-09-06T07:07:20.153" intervalms="99.758" type="nursery" />
<cycle-start id="2723" type="scavenge" contextid="0" timestamp="2026-09-06T07:07:20.153" intervalms="99.770" />
<gc-start id="2724" type="scavenge" contextid="2723" timestamp="2026-09-06T07:07:20.153">
  <mem-info id="2725" free="26767064" total="219283456" percent="12">
    <mem type="nursery" free="0" total="102498304" percent="0">
      <mem type="allocate" free="0" total="79298560" percent="0" />
      <mem type="survivor" free="0" total="23199744" percent="0" />
    </mem>
    <mem type="tenure" free="26767064" total="116785152" percent="22">
      <mem type="soa" free="25598680" total="115616768" percent="22" />
      <mem type="loa" free="1168384" total="1168384" percent="100" />
    </mem>
    <remembered-set count="5250" />
  </mem-info>
</gc-start>
<allocation-stats totalBytes="66125488" discardedBytes="25656" >
  <allocated-bytes non-tlh="180904" tlh="65944584" />
  <largest-consumer threadName="Default Executor-thread-5" threadId="0000000000768000" bytes="56612816" />
</allocation-stats>
<gc-op id="2726" type="scavenge" timems="3.503" contextid="2723" timestamp="2026-09-06T07:07:20.157">
  <scavenger-info tenureage="6" tenuremask="7fc0" tiltratio="77" />
  <memory-copied type="nursery" objects="192513" bytes="15614192" bytesdiscarded="386416" />
  <finalization candidates="2199" enqueued="2178" />
  <ownableSynchronizers candidates="53" cleared="9" />
  <references type="soft" candidates="688" cleared="0" enqueued="0" dynamicThreshold="9" maxThreshold="32" />
  <references type="weak" candidates="518" cleared="197" enqueued="178" />
  <references type="phantom" candidates="207" cleared="90" enqueued="90" />
  <object-monitors candidates="151" cleared="28"  />
</gc-op>
<gc-end id="2727" type="scavenge" contextid="2723" durationms="3.731" usertimems="23.017" systemtimems="3.230" stalltimems="9.184" timestamp="2026-09-06T07:07:20.157" activeThreads="10">
  <mem-info id="2728" free="90448824" total="219283456" percent="41">
    <mem type="nursery" free="63681760" total="102498304" percent="62">
      <mem type="allocate" free="63681760" total="79691776" percent="79" />
      <mem type="survivor" free="0" total="22806528" percent="0" />
    </mem>
    <mem type="tenure" free="26767064" total="116785152" percent="22">
      <mem type="soa" free="25598680" total="115616768" percent="22" />
      <mem type="loa" free="1168384" total="1168384" percent="100" />
    </mem>
    <pending-finalizers system="34" default="2144" reference="268" classloader="0" />
    <remembered-set count="4175" />
  </mem-info>
</gc-end>
<cycle-end id="2729" type="scavenge" contextid="2723" timestamp="2026-09-06T07:07:20.157" />
<allocation-satisfied id="2730" threadId="0000000000768000" bytesRequested="4104" />
<af-end id="2731" timestamp="2026-09-06T07:07:20.157" threadId="0000000000768AC0" success="true" from="nursery"/>
<exclusive-end id="2732" timestamp="2026-09-06T07:07:20.157" durationms="4.489" />

<exclusive-start id="2733" timestamp="2026-09-06T07:07:20.256" intervalms="103.314">
  <response-info timems="0.023" idlems="0.023" threads="0" lastid="0000000000768000" lastname="Default Executor-thread-5" />
</exclusive-start>
<af-start id="2734" threadId="0000000000768AC0" totalBytesRequested="8656" timestamp="2026-09-06T07:07:20.256" intervalms="103.305" type="nursery" />
<cycle-start id="2735" type="scavenge" contextid="0" timestamp="2026-09-06T07:07:20.256" intervalms="103.297" />
<gc-start id="2736" type="scavenge" contextid="2735" timestamp="2026-09-06T07:07:20.256">
  <mem-info id="2737" free="26766824" total="219283456" percent="12">
    <mem type="nursery" free="0" total="102498304" percent="0">
      <mem type="allocate" free="0" total="79691776" percent="0" />
      <mem type="survivor" free="0" total="22806528" percent="0" />
    </mem>
    <mem type="tenure" free="26766824" total="116785152" percent="22">
      <mem type="soa" free="25598440" total="115616768" percent="22" />
      <mem type="loa" free="1168384" total="1168384" percent="100" />
    </mem>
    <remembered-set count="4422" />
  </mem-info>
</gc-start>
<allocation-stats totalBytes="63659528" discardedBytes="22472" >
  <allocated-bytes non-tlh="41232" tlh="63618296" />
  <largest-consumer threadName="Default Executor-thread-5" threadId="0000000000768000" bytes="62982632" />
</allocation-stats>
<gc-op id="2738" type="scavenge" timems="3.880" contextid="2735" timestamp="2026-09-06T07:07:20.260">
  <scavenger-info tenureage="6" tenuremask="7fc0" tiltratio="77" />
  <memory-copied type="nursery" objects="218771" bytes="20116304" bytesdiscarded="313632" />
  <finalization candidates="2977" enqueued="2956" />
  <ownableSynchronizers candidates="54" cleared="0" />
  <references type="soft" candidates="688" cleared="0" enqueued="0" dynamicThreshold="9" maxThreshold="32" />
  <references type="weak" candidates="345" cleared="13" enqueued="13" />
  <references type="phantom" candidates="148" cleared="0" enqueued="0" />
  <object-monitors candidates="123" cleared="0"  />
</gc-op>
<gc-end id="2739" type="scavenge" contextid="2735" durationms="4.095" usertimems="31.860" systemtimems="0.000" stalltimems="7.836" timestamp="2026-09-06T07:07:20.260" activeThreads="10">
  <mem-info id="2740" free="81764176" total="219283456" percent="37">
    <mem type="nursery" free="54997352" total="102498304" percent="53">
      <mem type="allocate" free="54997352" total="75431936" percent="72" />
      <mem type="survivor" free="0" total="27066368" percent="0" />
    </mem>
    <mem type="tenure" free="26766824" total="116785152" percent="22">
      <mem type="soa" free="25598440" total="115616768" percent="22" />
      <mem type="loa" free="1168384" total="1168384" percent="100" />
    </mem>
    <pending-finalizers system="2" default="2954" reference="13" classloader="0" />
    <remembered-set count="4038" />
  </mem-info>
</gc-end>
<cycle-end id="2741" type="scavenge" contextid="2735" timestamp="2026-09-06T07:07:20.261" />
<allocation-satisfied id="2742" threadId="0000000000768000" bytesRequested="8656" />
<af-end id="2743" timestamp="2026-09-06T07:07:20.261" threadId="0000000000768AC0" success="true" from="nursery"/>
<exclusive-end id="2744" timestamp="2026-09-06T07:07:20.261" durationms="4.821" />

<exclusive-start id="2745" timestamp="2026-09-06T07:07:20.345" intervalms="89.418">
  <response-info timems="0.017" idlems="0.017" threads="0" lastid="0000000000768000" lastname="Default Executor-thread-5" />
</exclusive-start>
<af-start id="2746" threadId="0000000000768AC0" totalBytesRequested="48" timestamp="2026-09-06T07:07:20.345" intervalms="89.408" type="nursery" />
<cycle-start id="2747" type="scavenge" contextid="0" timestamp="2026-09-06T07:07:20.346" intervalms="89.410" />
<gc-start id="2748" type="scavenge" contextid="2747" timestamp="2026-09-06T07:07:20.346">
  <mem-info id="2749" free="26766824" total="219283456" percent="12">
    <mem type="nursery" free="0" total="102498304" percent="0">
      <mem type="allocate" free="0" total="75431936" percent="0" />
      <mem type="survivor" free="0" total="27066368" percent="0" />
    </mem>
    <mem type="tenure" free="26766824" total="116785152" percent="22">
      <mem type="soa" free="25598440" total="115616768" percent="22" />
      <mem type="loa" free="1168384" total="1168384" percent="100" />
    </mem>
    <remembered-set count="4430" />
  </mem-info>
</gc-start>
<allocation-stats totalBytes="54991880" discardedBytes="5472" >
  <allocated-bytes non-tlh="8656" tlh="54983224" />
  <largest-consumer threadName="Default Executor-thread-5" threadId="0000000000768000" bytes="54897672" />
</allocation-stats>
<gc-op id="2750" type="scavenge" timems="4.206" contextid="2747" timestamp="2026-09-06T07:07:20.350">
  <scavenger-info tenureage="6" tenuremask="7fc0" tiltratio="73" />
  <memory-copied type="nursery" objects="143098" bytes="14185776" bytesdiscarded="364488" />
  <memory-copied type="tenure" objects="90510" bytes="3488136" bytesdiscarded="768" />
  <finalization candidates="1170" enqueued="1150" />
  <ownableSynchronizers candidates="62" cleared="6" />
  <references type="soft" candidates="570" cleared="0" enqueued="0" dynamicThreshold="9" maxThreshold="32" />
  <references type="weak" candidates="389" cleared="69" enqueued="69" />
  <references type="phantom" candidates="196" cleared="0" enqueued="0" />
  <object-monitors candidates="123" cleared="0"  />
</gc-op>
<gc-end id="2751" type="scavenge" contextid="2747" durationms="4.440" usertimems="28.375" systemtimems="0.878" stalltimems="9.650" timestamp="2026-09-06T07:07:20.350" activeThreads="10">
  <mem-info id="2752" free="85106664" total="219283456" percent="38">
    <mem type="nursery" free="61725776" total="102498304" percent="60">
      <mem type="allocate" free="61725776" total="76283904" percent="80" />
      <mem type="survivor" free="0" total="26214400" percent="0" />
    </mem>
    <mem type="tenure" free="23380888" total="116785152" percent="20">
      <mem type="soa" free="22212504" total="115616768" percent="19" />
      <mem type="loa" free="1168384" total="1168384" percent="100" />
    </mem>
    <pending-finalizers system="0" default="1150" reference="69" classloader="0" />
    <remembered-set count="3244" />
  </mem-info>
</gc-end>
<cycle-end id="2753" type="scavenge" contextid="2747" timestamp="2026-09-06T07:07:20.350" />
<allocation-satisfied id="2754" threadId="0000000000768000" bytesRequested="48" />
<af-end id="2755" timestamp="2026-09-06T07:07:20.351" threadId="0000000000768AC0" success="true" from="nursery"/>
<exclusive-end id="2756" timestamp="2026-09-06T07:07:20.351" durationms="5.218" />

<exclusive-start id="2757" timestamp="2026-09-06T07:07:20.432" intervalms="87.098">
  <response-info timems="0.014" idlems="0.014" threads="0" lastid="0000000000768000" lastname="Default Executor-thread-5" />
</exclusive-start>
<af-start id="2758" threadId="0000000000768AC0" totalBytesRequested="48" timestamp="2026-09-06T07:07:20.433" intervalms="87.105" type="nursery" />
<cycle-start id="2759" type="scavenge" contextid="0" timestamp="2026-09-06T07:07:20.433" intervalms="87.103" />
<gc-start id="2760" type="scavenge" contextid="2759" timestamp="2026-09-06T07:07:20.433">
  <mem-info id="2761" free="23378800" total="219283456" percent="10">
    <mem type="nursery" free="0" total="102498304" percent="0">
      <mem type="allocate" free="0" total="76283904" percent="0" />
      <mem type="survivor" free="0" total="26214400" percent="0" />
    </mem>
    <mem type="tenure" free="23378800" total="116785152" percent="20">
      <mem type="soa" free="22210416" total="115616768" percent="19" />
      <mem type="loa" free="1168384" total="1168384" percent="100" />
    </mem>
    <remembered-set count="3571" />
  </mem-info>
</gc-start>
<allocation-stats totalBytes="61721280" discardedBytes="6584" >
  <allocated-bytes non-tlh="2136" tlh="61719144" />
  <largest-consumer threadName="Default Executor-thread-5" threadId="0000000000768000" bytes="61659840" />
</allocation-stats>
<gc-op id="2762" type="scavenge" timems="2.735" contextid="2759" timestamp="2026-09-06T07:07:20.436">
  <scavenger-info tenureage="6" tenuremask="7fc0" tiltratio="74" />
  <memory-copied type="nursery" objects="123128" bytes="11316136" bytesdiscarded="232352" />
  <memory-copied type="tenure" objects="10904" bytes="653912" bytesdiscarded="728" />
  <finalization candidates="24" enqueued="4" />
  <ownableSynchronizers candidates="79" cleared="24" />
  <references type="soft" candidates="486" cleared="0" enqueued="0" dynamicThreshold="9" maxThreshold="32" />
  <references type="weak" candidates="327" cleared="55" enqueued="55" />
  <references type="phantom" candidates="174" cleared="0" enqueued="0" />
  <object-monitors candidates="123" cleared="0"  />
</gc-op>
<gc-end id="2763" type="scavenge" contextid="2759" durationms="2.953" usertimems="19.177" systemtimems="0.938" stalltimems="7.526" timestamp="2026-09-06T07:07:20.436" activeThreads="10">
  <mem-info id="2764" free="89455592" total="219283456" percent="40">
    <mem type="nursery" free="66700256" total="102498304" percent="65">
      <mem type="allocate" free="66700256" total="78249984" percent="85" />
      <mem type="survivor" free="0" total="24248320" percent="0" />
    </mem>
    <mem type="tenure" free="22755336" total="116785152" percent="19">
      <mem type="soa" free="21586952" total="115616768" percent="18" />
      <mem type="loa" free="1168384" total="1168384" percent="100" />
    </mem>
    <pending-finalizers system="0" default="4" reference="55" classloader="0" />
    <remembered-set count="2995" />
  </mem-info>
</gc-end>
<cycle-end id="2765" type="scavenge" contextid="2759" timestamp="2026-09-06T07:07:20.436" />
<allocation-satisfied id="2766" threadId="0000000000768000" bytesRequested="48" />
<af-end id="2767" timestamp="2026-09-06T07:07:20.436" threadId="0000000000768AC0" success="true" from="nursery"/>
<exclusive-end id="2768" timestamp="2026-09-06T07:07:20.436" durationms="3.708" />

<exclusive-start id="2769" timestamp="2026-09-06T07:07:20.503" intervalms="71.022">
  <response-info timems="0.014" idlems="0.014" threads="0" lastid="0000000000768000" lastname="Default Executor-thread-5" />
</exclusive-start>
<af-start id="2770" threadId="0000000000768AC0" totalBytesRequested="24" timestamp="2026-09-06T07:07:20.504" intervalms="71.005" type="nursery" />
<cycle-start id="2771" type="scavenge" contextid="0" timestamp="2026-09-06T07:07:20.504" intervalms="71.023" />
<gc-start id="2772" type="scavenge" contextid="2771" timestamp="2026-09-06T07:07:20.504">
  <mem-info id="2773" free="22755336" total="219283456" percent="10">
    <mem type="nursery" free="0" total="102498304" percent="0">
      <mem type="allocate" free="0" total="78249984" percent="0" />
      <mem type="survivor" free="0" total="24248320" percent="0" />
    </mem>
    <mem type="tenure" free="22755336" total="116785152" percent="19">
      <mem type="soa" free="21586952" total="115616768" percent="18" />
      <mem type="loa" free="1168384" total="1168384" percent="100" />
    </mem>
    <remembered-set count="3077" />
  </mem-info>
</gc-start>
<allocation-stats totalBytes="66690712" discardedBytes="9544" >
  <allocated-bytes non-tlh="48" tlh="66690664" />
  <largest-consumer threadName="Default Executor-thread-5" threadId="0000000000768000" bytes="66682520" />
</allocation-stats>
<gc-op id="2774" type="scavenge" timems="2.769" contextid="2771" timestamp="2026-09-06T07:07:20.507">
  <scavenger-info tenureage="6" tenuremask="7fc0" tiltratio="76" />
  <memory-copied type="nursery" objects="93616" bytes="8933536" bytesdiscarded="168808" />
  <memory-copied type="tenure" objects="26199" bytes="1825240" bytesdiscarded="2208" />
  <finalization candidates="164" enqueued="144" />
  <ownableSynchronizers candidates="68" cleared="23" />
  <references type="soft" candidates="61" cleared="0" enqueued="0" dynamicThreshold="9" maxThreshold="32" />
  <references type="weak" candidates="196" cleared="5" enqueued="5" />
  <references type="phantom" candidates="284" cleared="144" enqueued="144" />
  <object-monitors candidates="123" cleared="0"  />
</gc-op>
<gc-end id="2775" type="scavenge" contextid="2771" durationms="2.972" usertimems="19.931" systemtimems="0.000" stalltimems="8.049" timestamp="2026-09-06T07:07:20.507" activeThreads="10">
  <mem-info id="2776" free="92164536" total="219283456" percent="42">
    <mem type="nursery" free="71433568" total="102498304" percent="69">
      <mem type="allocate" free="71433568" total="80543744" percent="88" />
      <mem type="survivor" free="0" total="21954560" percent="0" />
    </mem>
    <mem type="tenure" free="20730968" total="116785152" percent="17">
      <mem type="soa" free="19562584" total="115616768" percent="16" />
      <mem type="loa" free="1168384" total="1168384" percent="100" />
    </mem>
    <pending-finalizers system="0" default="144" reference="149" classloader="0" />
    <remembered-set count="2354" />
  </mem-info>
</gc-end>
<cycle-end id="2777" type="scavenge" contextid="2771" timestamp="2026-09-06T07:07:20.507" />
<allocation-satisfied id="2778" threadId="0000000000768000" bytesRequested="24" />
<af-end id="2779" timestamp="2026-09-06T07:07:20.507" threadId="0000000000768AC0" success="true" from="nursery"/>
<exclusive-end id="2780" timestamp="2026-09-06T07:07:20.507" durationms="3.697" />

<exclusive-start id="2781" timestamp="2026-09-06T07:07:20.688" intervalms="184.303">
  <response-info timems="0.111" idlems="0.111" threads="0" lastid="0000000000764300" lastname="Default Executor-thread-4" />
</exclusive-start>
<af-start id="2782" threadId="0000000000764DC0" totalBytesRequested="40" timestamp="2026-09-06T07:07:20.688" intervalms="184.315" type="nursery" />
<cycle-start id="2783" type="scavenge" contextid="0" timestamp="2026-09-06T07:07:20.688" intervalms="184.293" />
<gc-start id="2784" type="scavenge" contextid="2783" timestamp="2026-09-06T07:07:20.688">
  <mem-info id="2785" free="20711768" total="219283456" percent="9">
    <mem type="nursery" free="0" total="102498304" percent="0">
      <mem type="allocate" free="0" total="80543744" percent="0" />
      <mem type="survivor" free="0" total="21954560" percent="0" />
    </mem>
    <mem type="tenure" free="20711768" total="116785152" percent="17">
      <mem type="soa" free="19543384" total="115616768" percent="16" />
      <mem type="loa" free="1168384" total="1168384" percent="100" />
    </mem>
    <remembered-set count="3291" />
  </mem-info>
</gc-start>
<allocation-stats totalBytes="71441688" discardedBytes="11080" >
  <allocated-bytes non-tlh="19224" tlh="71422464" />
  <largest-consumer threadName="Default Executor-thread-5" threadId="0000000000768000" bytes="67268008" />
</allocation-stats>
<gc-op id="2786" type="scavenge" timems="3.537" contextid="2783" timestamp="2026-09-06T07:07:20.692">
  <scavenger-info tenureage="6" tenuremask="7fc0" tiltratio="78" />
  <memory-copied type="nursery" objects="183682" bytes="11520064" bytesdiscarded="137968" />
  <memory-copied type="tenure" objects="15507" bytes="1059224" bytesdiscarded="1880" />
  <finalization candidates="457" enqueued="449" />
  <ownableSynchronizers candidates="1676" cleared="1518" />
  <references type="soft" candidates="194" cleared="0" enqueued="0" dynamicThreshold="9" maxThreshold="32" />
  <references type="weak" candidates="650" cleared="408" enqueued="408" />
  <references type="phantom" candidates="569" cleared="432" enqueued="432" />
  <object-monitors candidates="125" cleared="0"  />
</gc-op>
<gc-end id="2787" type="scavenge" contextid="2783" durationms="3.741" usertimems="26.482" systemtimems="0.735" stalltimems="8.475" timestamp="2026-09-06T07:07:20.692" activeThreads="10">
  <mem-info id="2788" free="89782064" total="219283456" percent="40">
    <mem type="nursery" free="70032296" total="102498304" percent="68">
      <mem type="allocate" free="70032296" total="81723392" percent="85" />
      <mem type="survivor" free="0" total="20774912" percent="0" />
    </mem>
    <mem type="tenure" free="19749768" total="116785152" percent="16">
      <mem type="soa" free="18581384" total="115616768" percent="16" />
      <mem type="loa" free="1168384" total="1168384" percent="100" />
    </mem>
    <pending-finalizers system="9" default="440" reference="840" classloader="0" />
    <remembered-set count="2647" />
  </mem-info>
</gc-end>
<cycle-end id="2789" type="scavenge" contextid="2783" timestamp="2026-09-06T07:07:20.692" />
<allocation-satisfied id="2790" threadId="0000000000764300" bytesRequested="40" />
<af-end id="2791" timestamp="2026-09-06T07:07:20.692" threadId="0000000000764DC0" success="true" from="nursery"/>
<exclusive-end id="2792" timestamp="2026-09-06T07:07:20.692" durationms="4.430" />

<exclusive-start id="2793" timestamp="2026-09-06T07:07:20.902" intervalms="213.965">
  <response-info timems="0.016" idlems="0.016" threads="0" lastid="0000000000754C00" lastname="Default Executor-thread-2" />
</exclusive-start>
<af-start id="2794" threadId="00000000007556C0" totalBytesRequested="63168" timestamp="2026-09-06T07:07:20.902" intervalms="213.981" type="nursery" />
<cycle-start id="2795" type="scavenge" contextid="0" timestamp="2026-09-06T07:07:20.902" intervalms="213.989" />
<gc-start id="2796" type="scavenge" contextid="2795" timestamp="2026-09-06T07:07:20.902">
  <mem-info id="2797" free="19702432" total="219283456" percent="8">
    <mem type="nursery" free="0" total="102498304" percent="0">
      <mem type="allocate" free="0" total="81723392" percent="0" />
      <mem type="survivor" free="0" total="20774912" percent="0" />
    </mem>
    <mem type="tenure" free="19702432" total="116785152" percent="16">
      <mem type="soa" free="18534048" total="115616768" percent="16" />
      <mem type="loa" free="1168384" total="1168384" percent="100" />
    </mem>
    <remembered-set count="3580" />
  </mem-info>
</gc-start>
<allocation-stats totalBytes="69952176" discardedBytes="127456" >
  <allocated-bytes non-tlh="47376" tlh="69904800" />
  <largest-consumer threadName="Default Executor-thread-5" threadId="0000000000768000" bytes="26651480" />
</allocation-stats>
<gc-op id="2798" type="scavenge" timems="3.138" contextid="2795" timestamp="2026-09-06T07:07:20.905">
  <scavenger-info tenureage="6" tenuremask="7fc0" tiltratio="79" />
  <memory-copied type="nursery" objects="125850" bytes="8477672" bytesdiscarded="153136" />
  <memory-copied type="tenure" objects="22390" bytes="2247400" bytesdiscarded="4208" />
  <finalization candidates="313" enqueued="307" />
  <ownableSynchronizers candidates="9571" cleared="9449" />
  <references type="soft" candidates="259" cleared="0" enqueued="0" dynamicThreshold="9" maxThreshold="32" />
  <references type="weak" candidates="351" cleared="223" enqueued="217" />
  <references type="phantom" candidates="381" cleared="288" enqueued="288" />
  <object-monitors candidates="132" cleared="4"  />
</gc-op>
<gc-end id="2799" type="scavenge" contextid="2795" durationms="3.379" usertimems="22.227" systemtimems="0.018" stalltimems="9.397" timestamp="2026-09-06T07:07:20.906" activeThreads="10">
  <mem-info id="2800" free="92191624" total="219283456" percent="42">
    <mem type="nursery" free="74579112" total="102498304" percent="72">
      <mem type="allocate" free="74579112" total="83230720" percent="89" />
      <mem type="survivor" free="0" total="19267584" percent="0" />
    </mem>
    <mem type="tenure" free="17612512" total="116785152" percent="15">
      <mem type="soa" free="16444128" total="115616768" percent="14" />
      <mem type="loa" free="1168384" total="1168384" percent="100" />
    </mem>
    <pending-finalizers system="19" default="288" reference="505" classloader="0" />
    <remembered-set count="3149" />
  </mem-info>
</gc-end>
<cycle-end id="2801" type="scavenge" contextid="2795" timestamp="2026-09-06T07:07:20.906" />
<allocation-satisfied id="2802" threadId="0000000000754C00" bytesRequested="63168" />
<af-end id="2803" timestamp="2026-09-06T07:07:20.906" threadId="00000000007556C0" success="true" from="nursery"/>
<exclusive-end id="2804" timestamp="2026-09-06T07:07:20.906" durationms="4.157" />

<exclusive-start id="2805" timestamp="2026-09-06T07:07:21.100" intervalms="198.075">
  <response-info timems="0.031" idlems="0.020" threads="1" lastid="0000000000754C00" lastname="Default Executor-thread-2" />
</exclusive-start>
<af-start id="2806" threadId="00000000015020C0" totalBytesRequested="1744" timestamp="2026-09-06T07:07:21.100" intervalms="198.049" type="nursery" />
<cycle-start id="2807" type="scavenge" contextid="0" timestamp="2026-09-06T07:07:21.100" intervalms="198.049" />
<gc-start id="2808" type="scavenge" contextid="2807" timestamp="2026-09-06T07:07:21.100">
  <mem-info id="2809" free="17339624" total="219283456" percent="7">
    <mem type="nursery" free="0" total="102498304" percent="0">
      <mem type="allocate" free="0" total="83230720" percent="0" />
      <mem type="survivor" free="0" total="19267584" percent="0" />
    </mem>
    <mem type="tenure" free="17339624" total="116785152" percent="14">
      <mem type="soa" free="16171240" total="115616768" percent="13" />
      <mem type="loa" free="1168384" total="1168384" percent="100" />
    </mem>
    <remembered-set count="9329" />
  </mem-info>
</gc-start>
<allocation-stats totalBytes="74824024" discardedBytes="27976" >
  <allocated-bytes non-tlh="750064" tlh="74073960" />
  <largest-consumer threadName="Default Executor-thread-2" threadId="0000000000754C00" bytes="58265048" />
</allocation-stats>
<gc-op id="2810" type="scavenge" timems="3.187" contextid="2807" timestamp="2026-09-06T07:07:21.104">
  <scavenger-info tenureage="6" tenuremask="7fc0" tiltratio="81" />
  <memory-copied type="nursery" objects="128739" bytes="8545384" bytesdiscarded="194608" />
  <memory-copied type="tenure" objects="22422" bytes="1915928" bytesdiscarded="1752" />
  <finalization candidates="542" enqueued="531" />
  <ownableSynchronizers candidates="350" cleared="119" />
  <references type="soft" candidates="527" cleared="0" enqueued="0" dynamicThreshold="9" maxThreshold="32" />
  <references type="weak" candidates="3139" cleared="2386" enqueued="2378" />
  <references type="phantom" candidates="292" cleared="144" enqueued="144" />
  <object-monitors candidates="143" cleared="0"  />
</gc-op>
<gc-end id="2811" type="scavenge" contextid="2807" durationms="3.494" usertimems="23.672" systemtimems="0.000" stalltimems="8.537" timestamp="2026-09-06T07:07:21.104" activeThreads="10">
  <mem-info id="2812" free="91583376" total="219283456" percent="41">
    <mem type="nursery" free="76374728" total="102498304" percent="74">
      <mem type="allocate" free="76374728" total="85131264" percent="89" />
      <mem type="survivor" free="0" total="17367040" percent="0" />
    </mem>
    <mem type="tenure" free="15208648" total="116785152" percent="13">
      <mem type="soa" free="14040264" total="115616768" percent="12" />
      <mem type="loa" free="1168384" total="1168384" percent="100" />
    </mem>
    <pending-finalizers system="129" default="402" reference="2522" classloader="0" />
    <remembered-set count="8077" />
  </mem-info>
</gc-end>
<cycle-end id="2813" type="scavenge" contextid="2807" timestamp="2026-09-06T07:07:21.104" />
<allocation-satisfied id="2814" threadId="0000000001501600" bytesRequested="1744" />
<af-end id="2815" timestamp="2026-09-06T07:07:21.104" threadId="00000000015020C0" success="true" from="nursery"/>
<exclusive-end id="2816" timestamp="2026-09-06T07:07:21.104" durationms="4.285" />

<exclusive-start id="2817" timestamp="2026-09-06T07:07:43.746" intervalms="22645.340">
  <response-info timems="0.031" idlems="0.031" threads="0" lastid="000000000049D400" lastname="Active Thread: Equinox Container: 8e9ada42-b0c3-41aa-bc78-f04f9" />
</exclusive-start>
<af-start id="2818" threadId="000000000049DEC0" totalBytesRequested="16" timestamp="2026-09-06T07:07:43.748" intervalms="22647.415" type="nursery" />
<cycle-start id="2819" type="scavenge" contextid="0" timestamp="2026-09-06T07:07:43.748" intervalms="22647.561" />
<gc-start id="2820" type="scavenge" contextid="2819" timestamp="2026-09-06T07:07:43.749">
  <mem-info id="2821" free="14586632" total="219283456" percent="6">
    <mem type="nursery" free="0" total="102498304" percent="0">
      <mem type="allocate" free="0" total="85131264" percent="0" />
      <mem type="survivor" free="0" total="17367040" percent="0" />
    </mem>
    <mem type="tenure" free="14586632" total="116785152" percent="12">
      <mem type="soa" free="13418248" total="115616768" percent="11" />
      <mem type="loa" free="1168384" total="1168384" percent="100" />
    </mem>
    <remembered-set count="22212" />
  </mem-info>
</gc-start>
<allocation-stats totalBytes="76874008" discardedBytes="122736" >
  <allocated-bytes non-tlh="7086536" tlh="69787472" />
  <largest-consumer threadName="Connection worker" threadId="00000000014DA900" bytes="55362592" />
</allocation-stats>
<gc-op id="2822" type="scavenge" timems="5.719" contextid="2819" timestamp="2026-09-06T07:07:43.755">
  <scavenger-info tenureage="4" tenuremask="7fd0" tiltratio="83" />
  <memory-copied type="nursery" objects="169307" bytes="15437312" bytesdiscarded="248776" />
  <memory-copied type="tenure" objects="20484" bytes="3096432" bytesdiscarded="3680" />
  <finalization candidates="833" enqueued="804" />
  <ownableSynchronizers candidates="2002" cleared="1687" />
  <references type="soft" candidates="1434" cleared="0" enqueued="0" dynamicThreshold="9" maxThreshold="32" />
  <references type="weak" candidates="6805" cleared="5504" enqueued="5500" />
  <references type="phantom" candidates="686" cleared="0" enqueued="0" />
  <object-monitors candidates="163" cleared="17"  />
</gc-op>
<gc-end id="2823" type="scavenge" contextid="2819" durationms="9.130" usertimems="35.870" systemtimems="12.097" stalltimems="12.725" timestamp="2026-09-06T07:07:43.758" activeThreads="10">
  <mem-info id="2824" free="74336296" total="219283456" percent="33">
    <mem type="nursery" free="62944552" total="102498304" percent="61">
      <mem type="allocate" free="62944552" total="78643200" percent="80" />
      <mem type="survivor" free="0" total="23855104" percent="0" />
    </mem>
    <mem type="tenure" free="11391744" total="116785152" percent="9" macro-fragmented="8388608">
      <mem type="soa" free="10223360" total="115616768" percent="8" />
      <mem type="loa" free="1168384" total="1168384" percent="100" />
    </mem>
    <pending-finalizers system="473" default="331" reference="5500" classloader="0" />
    <remembered-set count="19495" />
  </mem-info>
</gc-end>
<cycle-end id="2825" type="scavenge" contextid="2819" timestamp="2026-09-06T07:07:43.758" />
<allocation-satisfied id="2826" threadId="000000000049D400" bytesRequested="16" />
<af-end id="2827" timestamp="2026-09-06T07:07:43.758" threadId="000000000049DEC0" success="true" from="nursery"/>
<exclusive-end id="2828" timestamp="2026-09-06T07:07:43.758" durationms="12.337" />

<exclusive-start id="2829" timestamp="2026-09-06T07:09:25.720" intervalms="101974.564">
  <response-info timems="0.019" idlems="0.019" threads="0" lastid="0000000001564F00" lastname="Default Executor-thread-156" />
</exclusive-start>
<af-start id="2830" threadId="00000000015659C0" totalBytesRequested="1040" timestamp="2026-09-06T07:09:25.721" intervalms="101972.666" type="nursery" />
<cycle-start id="2831" type="scavenge" contextid="0" timestamp="2026-09-06T07:09:25.721" intervalms="101972.538" />
<gc-start id="2832" type="scavenge" contextid="2831" timestamp="2026-09-06T07:09:25.721">
  <mem-info id="2833" free="11375600" total="219283456" percent="5">
    <mem type="nursery" free="0" total="102498304" percent="0">
      <mem type="allocate" free="0" total="78643200" percent="0" />
      <mem type="survivor" free="0" total="23855104" percent="0" />
    </mem>
    <mem type="tenure" free="11375600" total="116785152" percent="9">
      <mem type="soa" free="10207216" total="115616768" percent="8" />
      <mem type="loa" free="1168384" total="1168384" percent="100" />
    </mem>
    <remembered-set count="33746" />
  </mem-info>
</gc-start>
<allocation-stats totalBytes="62862480" discardedBytes="98216" >
  <allocated-bytes non-tlh="804208" tlh="62058272" />
  <largest-consumer threadName="Default Executor-thread-156" threadId="0000000001564F00" bytes="16551976" />
</allocation-stats>
<gc-op id="2834" type="scavenge" timems="5.057" contextid="2831" timestamp="2026-09-06T07:09:25.726">
  <scavenger-info tenureage="4" tenuremask="7fd0" tiltratio="76" />
  <memory-copied type="nursery" objects="138075" bytes="13422592" bytesdiscarded="233072" />
  <memory-copied type="tenure" objects="51581" bytes="2009744" bytesdiscarded="1952" />
  <finalization candidates="86" enqueued="55" />
  <ownableSynchronizers candidates="7788" cleared="7435" />
  <references type="soft" candidates="1283" cleared="0" enqueued="0" dynamicThreshold="9" maxThreshold="32" />
  <references type="weak" candidates="1536" cleared="196" enqueued="191" />
  <references type="phantom" candidates="681" cleared="3" enqueued="3" />
  <object-monitors candidates="268" cleared="108"  />
</gc-op>
<gc-end id="2835" type="scavenge" contextid="2831" durationms="19.191" usertimems="35.393" systemtimems="3.518" stalltimems="8.190" timestamp="2026-09-06T07:09:25.740" activeThreads="10">
  <mem-info id="2836" free="75792832" total="219283456" percent="34">
    <mem type="nursery" free="66226640" total="102498304" percent="64">
      <mem type="allocate" free="66226640" total="79888384" percent="82" />
      <mem type="survivor" free="0" total="22609920" percent="0" />
    </mem>
    <mem type="tenure" free="9566192" total="116785152" percent="8" macro-fragmented="8388608">
      <mem type="soa" free="8397808" total="115616768" percent="7" />
      <mem type="loa" free="1168384" total="1168384" percent="100" />
    </mem>
    <pending-finalizers system="30" default="25" reference="194" classloader="0" />
    <remembered-set count="31406" />
  </mem-info>
</gc-end>
<cycle-end id="2837" type="scavenge" contextid="2831" timestamp="2026-09-06T07:09:25.740" />
<allocation-satisfied id="2838" threadId="0000000001564F00" bytesRequested="1040" />
<af-end id="2839" timestamp="2026-09-06T07:09:25.740" threadId="00000000015659C0" success="true" from="nursery"/>
<exclusive-end id="2840" timestamp="2026-09-06T07:09:25.741" durationms="20.222" />

<exclusive-start id="2841" timestamp="2026-09-06T07:09:26.745" intervalms="1024.766">
  <response-info timems="0.026" idlems="0.026" threads="0" lastid="0000000001564F00" lastname="Default Executor-thread-156" />
</exclusive-start>
<af-start id="2842" threadId="00000000015659C0" totalBytesRequested="48" timestamp="2026-09-06T07:09:26.745" intervalms="1024.611" type="nursery" />
<cycle-start id="2843" type="scavenge" contextid="0" timestamp="2026-09-06T07:09:26.745" intervalms="1024.605" />
<gc-start id="2844" type="scavenge" contextid="2843" timestamp="2026-09-06T07:09:26.746">
  <mem-info id="2845" free="9551024" total="219283456" percent="4">
    <mem type="nursery" free="0" total="102498304" percent="0">
      <mem type="allocate" free="0" total="79888384" percent="0" />
      <mem type="survivor" free="0" total="22609920" percent="0" />
    </mem>
    <mem type="tenure" free="9551024" total="116785152" percent="8">
      <mem type="soa" free="8382640" total="115616768" percent="7" />
      <mem type="loa" free="1168384" total="1168384" percent="100" />
    </mem>
    <remembered-set count="32143" />
  </mem-info>
</gc-start>
<allocation-stats totalBytes="66229672" discardedBytes="12136" >
  <allocated-bytes non-tlh="16208" tlh="66213464" />
  <largest-consumer threadName="Default Executor-thread-156" threadId="0000000001564F00" bytes="60970776" />
</allocation-stats>
<gc-op id="2846" type="scavenge" timems="6.792" contextid="2843" timestamp="2026-09-06T07:09:26.753">
  <scavenger-info tenureage="6" tenuremask="7fc0" tiltratio="77" />
  <memory-copied type="nursery" objects="234501" bytes="18489368" bytesdiscarded="196224" />
  <finalization candidates="141" enqueued="110" />
  <ownableSynchronizers candidates="1124" cleared="766" />
  <references type="soft" candidates="1309" cleared="0" enqueued="0" dynamicThreshold="9" maxThreshold="32" />
  <references type="weak" candidates="1997" cleared="382" enqueued="382" />
  <references type="phantom" candidates="790" cleared="0" enqueued="0" />
  <object-monitors candidates="173" cleared="10"  />
</gc-op>
<gc-end id="2847" type="scavenge" contextid="2843" durationms="20.707" usertimems="42.440" systemtimems="1.759" stalltimems="13.504" timestamp="2026-09-06T07:09:26.766" activeThreads="10">
  <mem-info id="2848" free="67327496" total="219283456" percent="30">
    <mem type="nursery" free="57776472" total="102498304" percent="56">
      <mem type="allocate" free="57776472" total="76480512" percent="75" />
      <mem type="survivor" free="0" total="26017792" percent="0" />
    </mem>
    <mem type="tenure" free="9551024" total="116785152" percent="8" macro-fragmented="7340032">
      <mem type="soa" free="8382640" total="115616768" percent="7" />
      <mem type="loa" free="1168384" total="1168384" percent="100" />
    </mem>
    <pending-finalizers system="18" default="92" reference="382" classloader="0" />
    <remembered-set count="27606" />
  </mem-info>
</gc-end>
<cycle-end id="2849" type="scavenge" contextid="2843" timestamp="2026-09-06T07:09:26.767" />
<allocation-satisfied id="2850" threadId="0000000001564F00" bytesRequested="48" />
<af-end id="2851" timestamp="2026-09-06T07:09:26.767" threadId="00000000015659C0" success="true" from="nursery"/>
<exclusive-end id="2852" timestamp="2026-09-06T07:09:26.767" durationms="21.630" />

<concurrent-kickoff id="2853" timestamp="2026-09-06T07:09:27.582">
  <kickoff reason="threshold reached" targetBytes="61004642" thresholdFreeBytes="8407002"  remainingFree="8399744" tenureFreeBytes="9262216" nurseryFreeBytes="8399744" />
</concurrent-kickoff>
<exclusive-start id="2854" timestamp="2026-09-06T07:09:27.583" intervalms="838.248">
  <response-info timems="0.087" idlems="0.051" threads="1" lastid="000000000153AF00" lastname="Default Executor-thread-127" />
</exclusive-start>
<cycle-start id="2855" type="global" contextid="0" timestamp="2026-09-06T07:09:27.583" intervalms="127715.965" />
<concurrent-start id="2856" type="global mark" contextid="2855" timestamp="2026-09-06T07:09:27.583">
</concurrent-start>
<exclusive-end id="2857" timestamp="2026-09-06T07:09:27.583" durationms="0.139" />

<concurrent-end id="2858" type="global mark" contextid="2855" timestamp="2026-09-06T07:09:28.285">
<gc-op id="2859" type="trace" timems="701.959" contextid="2855" timestamp="2026-09-06T07:09:28.285">
  <trace bytesTraced="62437232" workStackOverflowCount="0" />
  <card-cleaning reason="card cleaning threshold reached" bytesTraced="48428" cardsCleaned="154" />
</gc-op>
</concurrent-end>

<exclusive-start id="2860" timestamp="2026-09-06T07:09:28.286" intervalms="702.239">
  <response-info timems="0.034" idlems="0.034" threads="0" lastid="0000000001501600" lastname="TestApiProjectHandler initializer" />
</exclusive-start>
<concurrent-global-final id="2861" timestamp="2026-09-06T07:09:28.286" contextid="2855" intervalms="128399.825" >
  <concurrent-trace-info reason="card cleaning threshold reached" tracedByMutators="8975272" tracedByHelpers="53510388" cardsCleaned="154" workStackOverflowCount="0" />
</concurrent-global-final>
<gc-start id="2862" type="global" contextid="2855" timestamp="2026-09-06T07:09:28.286">
  <mem-info id="2863" free="12553672" total="219283456" percent="5">
    <mem type="nursery" free="3295776" total="102498304" percent="3">
      <mem type="allocate" free="3295776" total="76480512" percent="4" />
      <mem type="survivor" free="0" total="26017792" percent="0" />
    </mem>
    <mem type="tenure" free="9257896" total="116785152" percent="7">
      <mem type="soa" free="8089512" total="115616768" percent="6" />
      <mem type="loa" free="1168384" total="1168384" percent="100" />
    </mem>
    <remembered-set count="32064" />
  </mem-info>
</gc-start>
<allocation-stats totalBytes="54755808" discardedBytes="18016" >
  <allocated-bytes non-tlh="690240" tlh="54065568" />
  <largest-consumer threadName="Default Executor-thread-156" threadId="0000000001564F00" bytes="42917248" />
</allocation-stats>
<gc-op id="2864" type="rs-scan" timems="2.090" contextid="2855" timestamp="2026-09-06T07:09:28.288">
  <scan objectsFound="170669" bytesTraced="6396824" workStackOverflowCount="0" />
</gc-op>
<gc-op id="2865" type="card-cleaning" timems="0.214" contextid="2855" timestamp="2026-09-06T07:09:28.289">
  <card-cleaning cardsCleaned="1" bytesTraced="0" workStackOverflowCount="0" />
</gc-op>
<gc-op id="2866" type="mark" timems="6.464" contextid="2855" timestamp="2026-09-06T07:09:28.295">
  <trace-info objectcount="18488" scancount="17655" scanbytes="568832" />
  <finalization candidates="2051" enqueued="248" />
  <ownableSynchronizers candidates="10665" cleared="1210" />
  <references type="soft" candidates="16912" cleared="0" enqueued="0" dynamicThreshold="9" maxThreshold="32" />
  <references type="weak" candidates="20425" cleared="1224" enqueued="1211" />
  <references type="phantom" candidates="938" cleared="3" enqueued="3" />
  <stringconstants candidates="52208" cleared="101"  />
  <object-monitors candidates="171" cleared="27"  />
</gc-op>
<gc-op id="2867" type="classunload" timems="1.802" contextid="2855" timestamp="2026-09-06T07:09:28.297">
  <classunload-info classloadercandidates="407" classloadersunloaded="2" classesunloaded="1" anonymousclassesunloaded="0" quiescems="0.000" setupms="1.780" scanms="0.010" postms="0.011" />
</gc-op>
<gc-op id="2868" type="sweep" timems="1.236" contextid="2855" timestamp="2026-09-06T07:09:28.298" />
<heap-resize id="2869" type="expand" space="tenure" amount="11206656" count="1" timems="0.279" reason="insufficient free space following gc" timestamp="2026-09-06T07:09:28.299" />
<gc-end id="2870" type="global" contextid="2855" durationms="20.523" usertimems="63.811" systemtimems="5.726" stalltimems="26.964" timestamp="2026-09-06T07:09:28.307" activeThreads="10">
  <mem-info id="2871" free="97022144" total="230490112" percent="42">
    <mem type="nursery" free="58581976" total="102498304" percent="57">
      <mem type="allocate" free="58581976" total="76480512" percent="76" />
      <mem type="survivor" free="0" total="26017792" percent="0" />
    </mem>
    <mem type="tenure" free="38440168" total="127991808" percent="30" micro-fragmented="3720476" macro-fragmented="98328">
      <mem type="soa" free="37160168" total="126711808" percent="29" />
      <mem type="loa" free="1280000" total="1280000" percent="100" />
    </mem>
    <pending-finalizers system="247" default="1" reference="1214" classloader="0" />
    <remembered-set count="28961" />
  </mem-info>
</gc-end>
<cycle-end id="2872" type="global" contextid="2855" timestamp="2026-09-06T07:09:28.307" />
<exclusive-end id="2873" timestamp="2026-09-06T07:09:28.307" durationms="21.531" />

<exclusive-start id="2874" timestamp="2026-09-06T07:09:31.987" intervalms="3701.911">
  <response-info timems="0.019" idlems="0.019" threads="0" lastid="000000000051E900" lastname="Default Executor-thread-115" />
</exclusive-start>
<af-start id="2875" threadId="000000000051F3C0" totalBytesRequested="4112" timestamp="2026-09-06T07:09:31.988" intervalms="5242.395" type="nursery" />
<cycle-start id="2876" type="scavenge" contextid="0" timestamp="2026-09-06T07:09:31.988" intervalms="5242.388" />
<gc-start id="2877" type="scavenge" contextid="2876" timestamp="2026-09-06T07:09:31.988">
  <mem-info id="2878" free="38168184" total="230490112" percent="16">
    <mem type="nursery" free="0" total="102498304" percent="0">
      <mem type="allocate" free="0" total="76480512" percent="0" />
      <mem type="survivor" free="0" total="26017792" percent="0" />
    </mem>
    <mem type="tenure" free="38168184" total="127991808" percent="29">
      <mem type="soa" free="36888184" total="126711808" percent="29" />
      <mem type="loa" free="1280000" total="1280000" percent="100" />
    </mem>
    <remembered-set count="33863" />
  </mem-info>
</gc-start>
<allocation-stats totalBytes="55632616" discardedBytes="3132800" >
  <allocated-bytes non-tlh="25540432" tlh="30092184" />
  <largest-consumer threadName="Default Executor-thread-115" threadId="000000000051E900" bytes="46237960" />
</allocation-stats>
<gc-op id="2879" type="scavenge" timems="6.232" contextid="2876" timestamp="2026-09-06T07:09:31.994">
  <scavenger-info tenureage="3" tenuremask="7fc8" tiltratio="74" />
  <memory-copied type="nursery" objects="157753" bytes="8362368" bytesdiscarded="445816" />
  <memory-copied type="tenure" objects="47752" bytes="9798040" bytesdiscarded="42984" />
  <finalization candidates="239" enqueued="110" />
  <ownableSynchronizers candidates="19236" cleared="18796" />
  <references type="soft" candidates="697" cleared="0" enqueued="0" dynamicThreshold="9" maxThreshold="32" />
  <references type="weak" candidates="2623" cleared="1051" enqueued="1039" />
  <references type="phantom" candidates="264" cleared="0" enqueued="0" />
  <object-monitors candidates="146" cleared="2"  />
</gc-op>
<gc-end id="2880" type="scavenge" contextid="2876" durationms="7.395" usertimems="28.074" systemtimems="3.786" stalltimems="7.090" timestamp="2026-09-06T07:09:31.995" activeThreads="10">
  <mem-info id="2881" free="96674272" total="230490112" percent="41">
    <mem type="nursery" free="68646232" total="102498304" percent="66">
      <mem type="allocate" free="68646232" total="77463552" percent="88" />
      <mem type="survivor" free="0" total="25034752" percent="0" />
    </mem>
    <mem type="tenure" free="28028040" total="127991808" percent="21" macro-fragmented="2097152">
      <mem type="soa" free="26748040" total="126711808" percent="21" />
      <mem type="loa" free="1280000" total="1280000" percent="100" />
    </mem>
    <pending-finalizers system="85" default="25" reference="1039" classloader="0" />
    <remembered-set count="28381" />
  </mem-info>
</gc-end>
<cycle-end id="2882" type="scavenge" contextid="2876" timestamp="2026-09-06T07:09:31.996" />
<allocation-satisfied id="2883" threadId="000000000051E900" bytesRequested="4112" />
<af-end id="2884" timestamp="2026-09-06T07:09:31.996" threadId="000000000051F3C0" success="true" from="nursery"/>
<exclusive-end id="2885" timestamp="2026-09-06T07:09:31.996" durationms="8.277" />

<exclusive-start id="2886" timestamp="2026-09-06T07:09:32.748" intervalms="760.768">
  <response-info timems="0.021" idlems="0.021" threads="0" lastid="0000000001537F00" lastname="Default Executor-thread-158" />
</exclusive-start>
<af-start id="2887" threadId="00000000015389C0" totalBytesRequested="272" timestamp="2026-09-06T07:09:32.748" intervalms="760.833" type="nursery" />
<cycle-start id="2888" type="scavenge" contextid="0" timestamp="2026-09-06T07:09:32.749" intervalms="760.848" />
<gc-start id="2889" type="scavenge" contextid="2888" timestamp="2026-09-06T07:09:32.749">
  <mem-info id="2890" free="27882424" total="230490112" percent="12">
    <mem type="nursery" free="0" total="102498304" percent="0">
      <mem type="allocate" free="0" total="77463552" percent="0" />
      <mem type="survivor" free="0" total="25034752" percent="0" />
    </mem>
    <mem type="tenure" free="27882424" total="127991808" percent="21">
      <mem type="soa" free="26602424" total="126711808" percent="20" />
      <mem type="loa" free="1280000" total="1280000" percent="100" />
    </mem>
    <remembered-set count="30617" />
  </mem-info>
</gc-start>
<allocation-stats totalBytes="68751496" discardedBytes="26424" >
  <allocated-bytes non-tlh="385000" tlh="68366496" />
  <largest-consumer threadName="Default Executor-thread-115" threadId="000000000051E900" bytes="40620040" />
</allocation-stats>
<gc-op id="2891" type="scavenge" timems="3.176" contextid="2888" timestamp="2026-09-06T07:09:32.752">
  <scavenger-info tenureage="6" tenuremask="7fc0" tiltratio="75" />
  <memory-copied type="nursery" objects="154382" bytes="8316400" bytesdiscarded="306992" />
  <memory-copied type="tenure" objects="13335" bytes="489008" bytesdiscarded="3080" />
  <finalization candidates="256" enqueued="146" />
  <ownableSynchronizers candidates="521" cleared="122" />
  <references type="soft" candidates="924" cleared="0" enqueued="0" dynamicThreshold="9" maxThreshold="32" />
  <references type="weak" candidates="2501" cleared="582" enqueued="581" />
  <references type="phantom" candidates="289" cleared="0" enqueued="0" />
  <object-monitors candidates="209" cleared="55"  />
</gc-op>
<gc-end id="2892" type="scavenge" contextid="2888" durationms="3.917" usertimems="21.297" systemtimems="2.378" stalltimems="5.966" timestamp="2026-09-06T07:09:32.753" activeThreads="10">
  <mem-info id="2893" free="99491280" total="230490112" percent="43">
    <mem type="nursery" free="71912984" total="102498304" percent="70">
      <mem type="allocate" free="71912984" total="80543744" percent="89" />
      <mem type="survivor" free="0" total="21954560" percent="0" />
    </mem>
    <mem type="tenure" free="27578296" total="127991808" percent="21" macro-fragmented="12582912">
      <mem type="soa" free="26298296" total="126711808" percent="20" />
      <mem type="loa" free="1280000" total="1280000" percent="100" />
    </mem>
    <pending-finalizers system="146" default="0" reference="581" classloader="0" />
    <remembered-set count="29522" />
  </mem-info>
</gc-end>
<cycle-end id="2894" type="scavenge" contextid="2888" timestamp="2026-09-06T07:09:32.753" />
<allocation-satisfied id="2895" threadId="0000000001537F00" bytesRequested="272" />
<af-end id="2896" timestamp="2026-09-06T07:09:32.753" threadId="00000000015389C0" success="true" from="nursery"/>
<exclusive-end id="2897" timestamp="2026-09-06T07:09:32.753" durationms="5.116" />

<exclusive-start id="2898" timestamp="2026-09-06T07:09:32.835" intervalms="86.713">
  <response-info timems="0.046" idlems="0.046" threads="0" lastid="000000000152F500" lastname="Default Executor-thread-92" />
</exclusive-start>
<af-start id="2899" threadId="000000000152FFC0" totalBytesRequested="2064" timestamp="2026-09-06T07:09:32.835" intervalms="86.619" type="nursery" />
<cycle-start id="2900" type="scavenge" contextid="0" timestamp="2026-09-06T07:09:32.835" intervalms="86.610" />
<gc-start id="2901" type="scavenge" contextid="2900" timestamp="2026-09-06T07:09:32.836">
  <mem-info id="2902" free="27403920" total="230490112" percent="11">
    <mem type="nursery" free="0" total="102498304" percent="0">
      <mem type="allocate" free="0" total="80543744" percent="0" />
      <mem type="survivor" free="0" total="21954560" percent="0" />
    </mem>
    <mem type="tenure" free="27403920" total="127991808" percent="21">
      <mem type="soa" free="26123920" total="126711808" percent="20" />
      <mem type="loa" free="1280000" total="1280000" percent="100" />
    </mem>
    <remembered-set count="31354" />
  </mem-info>
</gc-start>
<allocation-stats totalBytes="71967768" discardedBytes="75344" >
  <allocated-bytes non-tlh="130400" tlh="71837368" />
  <largest-consumer threadName="Default Executor-thread-158" threadId="0000000001537F00" bytes="55192672" />
</allocation-stats>
<gc-op id="2903" type="scavenge" timems="4.213" contextid="2900" timestamp="2026-09-06T07:09:32.840">
  <scavenger-info tenureage="6" tenuremask="7fc0" tiltratio="78" />
  <memory-copied type="nursery" objects="144272" bytes="7989048" bytesdiscarded="368168" />
  <memory-copied type="tenure" objects="18183" bytes="764704" bytesdiscarded="10864" />
  <finalization candidates="519" enqueued="411" />
  <ownableSynchronizers candidates="506" cleared="47" />
  <references type="soft" candidates="850" cleared="0" enqueued="0" dynamicThreshold="9" maxThreshold="32" />
  <references type="weak" candidates="2781" cleared="1150" enqueued="1148" />
  <references type="phantom" candidates="306" cleared="0" enqueued="0" />
  <object-monitors candidates="155" cleared="0"  />
</gc-op>
<gc-end id="2904" type="scavenge" contextid="2900" durationms="4.538" usertimems="25.892" systemtimems="0.063" stalltimems="9.363" timestamp="2026-09-06T07:09:32.840" activeThreads="10">
  <mem-info id="2905" free="101256792" total="230490112" percent="43">
    <mem type="nursery" free="74668464" total="102498304" percent="72">
      <mem type="allocate" free="74668464" total="83034112" percent="89" />
      <mem type="survivor" free="0" total="19464192" percent="0" />
    </mem>
    <mem type="tenure" free="26588328" total="127991808" percent="20" macro-fragmented="10485760">
      <mem type="soa" free="25308328" total="126711808" percent="19" />
      <mem type="loa" free="1280000" total="1280000" percent="100" />
    </mem>
    <pending-finalizers system="324" default="87" reference="1148" classloader="0" />
    <remembered-set count="24155" />
  </mem-info>
</gc-end>
<cycle-end id="2906" type="scavenge" contextid="2900" timestamp="2026-09-06T07:09:32.841" />
<allocation-satisfied id="2907" threadId="000000000152F500" bytesRequested="2064" />
<af-end id="2908" timestamp="2026-09-06T07:09:32.841" threadId="000000000152FFC0" success="true" from="nursery"/>
<exclusive-end id="2909" timestamp="2026-09-06T07:09:32.841" durationms="5.889" />

<exclusive-start id="2910" timestamp="2026-09-06T07:09:32.942" intervalms="107.453">
  <response-info timems="0.029" idlems="0.029" threads="0" lastid="0000000000758900" lastname="Default Executor-thread-149" />
</exclusive-start>
<af-start id="2911" threadId="00000000007593C0" totalBytesRequested="144" timestamp="2026-09-06T07:09:32.943" intervalms="107.495" type="nursery" />
<cycle-start id="2912" type="scavenge" contextid="0" timestamp="2026-09-06T07:09:32.943" intervalms="107.489" />
<gc-start id="2913" type="scavenge" contextid="2912" timestamp="2026-09-06T07:09:32.943">
  <mem-info id="2914" free="26509032" total="230490112" percent="11">
    <mem type="nursery" free="0" total="102498304" percent="0">
      <mem type="allocate" free="0" total="83034112" percent="0" />
      <mem type="survivor" free="0" total="19464192" percent="0" />
    </mem>
    <mem type="tenure" free="26509032" total="127991808" percent="20">
      <mem type="soa" free="25229032" total="126711808" percent="19" />
      <mem type="loa" free="1280000" total="1280000" percent="100" />
    </mem>
    <remembered-set count="25677" />
  </mem-info>
</gc-start>
<allocation-stats totalBytes="74591256" discardedBytes="152056" >
  <allocated-bytes non-tlh="76912" tlh="74514344" />
  <largest-consumer threadName="Default Executor-thread-92" threadId="000000000152F500" bytes="37985328" />
</allocation-stats>
<gc-op id="2915" type="scavenge" timems="3.130" contextid="2912" timestamp="2026-09-06T07:09:32.946">
  <scavenger-info tenureage="4" tenuremask="7f90" tiltratio="81" />
  <memory-copied type="nursery" objects="130857" bytes="8923688" bytesdiscarded="503136" />
  <memory-copied type="tenure" objects="34111" bytes="1172176" bytesdiscarded="5504" />
  <finalization candidates="394" enqueued="276" />
  <ownableSynchronizers candidates="536" cleared="86" />
  <references type="soft" candidates="1020" cleared="0" enqueued="0" dynamicThreshold="9" maxThreshold="32" />
  <references type="weak" candidates="2978" cleared="1349" enqueued="1345" />
  <references type="phantom" candidates="291" cleared="0" enqueued="0" />
  <object-monitors candidates="156" cleared="0"  />
</gc-op>
<gc-end id="2916" type="scavenge" contextid="2912" durationms="3.407" usertimems="22.601" systemtimems="2.294" stalltimems="6.564" timestamp="2026-09-06T07:09:32.947" activeThreads="10">
  <mem-info id="2917" free="100593304" total="230490112" percent="43">
    <mem type="nursery" free="75238432" total="102498304" percent="73">
      <mem type="allocate" free="75238432" total="84672512" percent="88" />
      <mem type="survivor" free="0" total="17825792" percent="0" />
    </mem>
    <mem type="tenure" free="25354872" total="127991808" percent="19" macro-fragmented="57344">
      <mem type="soa" free="24074872" total="126711808" percent="18" />
      <mem type="loa" free="1280000" total="1280000" percent="100" />
    </mem>
    <pending-finalizers system="18" default="258" reference="1345" classloader="0" />
    <remembered-set count="24359" />
  </mem-info>
</gc-end>
<cycle-end id="2918" type="scavenge" contextid="2912" timestamp="2026-09-06T07:09:32.947" />
<allocation-satisfied id="2919" threadId="0000000000758900" bytesRequested="144" />
<af-end id="2920" timestamp="2026-09-06T07:09:32.947" threadId="00000000007593C0" success="true" from="nursery"/>
<exclusive-end id="2921" timestamp="2026-09-06T07:09:32.947" durationms="4.416" />

<exclusive-start id="2922" timestamp="2026-09-06T07:09:34.156" intervalms="1213.625">
  <response-info timems="0.071" idlems="0.071" threads="0" lastid="000000000052A000" lastname="Default Executor-thread-163" />
</exclusive-start>
<af-start id="2923" threadId="000000000052AAC0" totalBytesRequested="16" timestamp="2026-09-06T07:09:34.156" intervalms="1213.762" type="nursery" />
<cycle-start id="2924" type="scavenge" contextid="0" timestamp="2026-09-06T07:09:34.157" intervalms="1213.929" />
<gc-start id="2925" type="scavenge" contextid="2924" timestamp="2026-09-06T07:09:34.157">
  <mem-info id="2926" free="25312424" total="230490112" percent="10">
    <mem type="nursery" free="0" total="102498304" percent="0">
      <mem type="allocate" free="0" total="84672512" percent="0" />
      <mem type="survivor" free="0" total="17825792" percent="0" />
    </mem>
    <mem type="tenure" free="25312424" total="127991808" percent="19">
      <mem type="soa" free="24032424" total="126711808" percent="18" />
      <mem type="loa" free="1280000" total="1280000" percent="100" />
    </mem>
    <remembered-set count="25176" />
  </mem-info>
</gc-start>
<allocation-stats totalBytes="75240920" discardedBytes="28432" >
  <allocated-bytes non-tlh="178384" tlh="75062536" />
  <largest-consumer threadName="Default Executor-thread-97" threadId="00000000014B2900" bytes="43959096" />
</allocation-stats>
<gc-op id="2927" type="scavenge" timems="4.219" contextid="2924" timestamp="2026-09-06T07:09:34.162">
  <scavenger-info tenureage="6" tenuremask="7fc0" tiltratio="82" />
  <memory-copied type="nursery" objects="88619" bytes="6421576" bytesdiscarded="482312" />
  <memory-copied type="tenure" objects="37398" bytes="715144" bytesdiscarded="3568" />
  <finalization candidates="283" enqueued="141" />
  <ownableSynchronizers candidates="608" cleared="158" />
  <references type="soft" candidates="1151" cleared="0" enqueued="0" dynamicThreshold="9" maxThreshold="32" />
  <references type="weak" candidates="2393" cleared="490" enqueued="484" />
  <references type="phantom" candidates="288" cleared="0" enqueued="0" />
  <object-monitors candidates="165" cleared="0"  />
</gc-op>
<gc-end id="2928" type="scavenge" contextid="2924" durationms="4.648" usertimems="25.956" systemtimems="2.097" stalltimems="14.267" timestamp="2026-09-06T07:09:34.162" activeThreads="10">
  <mem-info id="2929" free="103841064" total="230490112" percent="45">
    <mem type="nursery" free="79268192" total="102498304" percent="77">
      <mem type="allocate" free="79268192" total="86179840" percent="91" />
      <mem type="survivor" free="0" total="16318464" percent="0" />
    </mem>
    <mem type="tenure" free="24572872" total="127991808" percent="19" macro-fragmented="12582912">
      <mem type="soa" free="23292872" total="126711808" percent="18" />
      <mem type="loa" free="1280000" total="1280000" percent="100" />
    </mem>
    <pending-finalizers system="102" default="39" reference="484" classloader="0" />
    <remembered-set count="5716" />
  </mem-info>
</gc-end>
<cycle-end id="2930" type="scavenge" contextid="2924" timestamp="2026-09-06T07:09:34.162" />
<allocation-satisfied id="2931" threadId="000000000052A000" bytesRequested="16" />
<af-end id="2932" timestamp="2026-09-06T07:09:34.162" threadId="000000000052AAC0" success="true" from="nursery"/>
<exclusive-end id="2933" timestamp="2026-09-06T07:09:34.162" durationms="6.469" />

<exclusive-start id="2934" timestamp="2026-09-06T07:11:04.990" intervalms="90834.023">
  <response-info timems="0.141" idlems="0.141" threads="0" lastid="00000000014DC200" lastname="Default Executor-thread-256" />
</exclusive-start>
<af-start id="2935" threadId="00000000014DCCC0" totalBytesRequested="64" timestamp="2026-09-06T07:11:04.993" intervalms="90836.593" type="nursery" />
<cycle-start id="2936" type="scavenge" contextid="0" timestamp="2026-09-06T07:11:04.994" intervalms="90836.815" />
<gc-start id="2937" type="scavenge" contextid="2936" timestamp="2026-09-06T07:11:04.995">
  <mem-info id="2938" free="24568632" total="230490112" percent="10">
    <mem type="nursery" free="0" total="102498304" percent="0">
      <mem type="allocate" free="0" total="86179840" percent="0" />
      <mem type="survivor" free="0" total="16318464" percent="0" />
    </mem>
    <mem type="tenure" free="24568632" total="127991808" percent="19">
      <mem type="soa" free="23288632" total="126711808" percent="18" />
      <mem type="loa" free="1280000" total="1280000" percent="100" />
    </mem>
    <remembered-set count="6391" />
  </mem-info>
</gc-start>
<allocation-stats totalBytes="79202040" discardedBytes="68984" >
  <allocated-bytes non-tlh="1507904" tlh="77694136" />
  <largest-consumer threadName="Timer-7" threadId="0000000000DF2500" bytes="10530336" />
</allocation-stats>
<gc-op id="2939" type="scavenge" timems="6.365" contextid="2936" timestamp="2026-09-06T07:11:05.001">
  <scavenger-info tenureage="8" tenuremask="7f00" tiltratio="84" />
  <memory-copied type="nursery" objects="86587" bytes="6320248" bytesdiscarded="398928" />
  <finalization candidates="155" enqueued="9" />
  <ownableSynchronizers candidates="8086" cleared="7652" />
  <references type="soft" candidates="1172" cleared="0" enqueued="0" dynamicThreshold="9" maxThreshold="32" />
  <references type="weak" candidates="2531" cleared="152" enqueued="151" />
  <references type="phantom" candidates="278" cleared="0" enqueued="0" />
  <object-monitors candidates="267" cleared="80"  />
</gc-op>
<gc-end id="2940" type="scavenge" contextid="2936" durationms="21.096" usertimems="33.445" systemtimems="3.767" stalltimems="17.057" timestamp="2026-09-06T07:11:05.016" activeThreads="10">
  <mem-info id="2941" free="105855360" total="230490112" percent="45">
    <mem type="nursery" free="81286728" total="102498304" percent="79">
      <mem type="allocate" free="81286728" total="88014848" percent="92" />
      <mem type="survivor" free="0" total="14483456" percent="0" />
    </mem>
    <mem type="tenure" free="24568632" total="127991808" percent="19" macro-fragmented="10485760">
      <mem type="soa" free="23288632" total="126711808" percent="18" />
      <mem type="loa" free="1280000" total="1280000" percent="100" />
    </mem>
    <pending-finalizers system="9" default="0" reference="151" classloader="0" />
    <remembered-set count="5163" />
  </mem-info>
</gc-end>
<cycle-end id="2942" type="scavenge" contextid="2936" timestamp="2026-09-06T07:11:05.017" />
<allocation-satisfied id="2943" threadId="00000000014DC200" bytesRequested="64" />
<af-end id="2944" timestamp="2026-09-06T07:11:05.017" threadId="00000000014DCCC0" success="true" from="nursery"/>
<exclusive-end id="2945" timestamp="2026-09-06T07:11:05.017" durationms="26.604" />

<exclusive-start id="2946" timestamp="2026-09-06T07:13:51.520" intervalms="166528.883">
  <response-info timems="0.276" idlems="0.168" threads="1" lastid="0000000001564F00" lastname="Default Executor-thread-426" />
</exclusive-start>
<af-start id="2947" threadId="00000000015020C0" totalBytesRequested="120" timestamp="2026-09-06T07:13:51.520" intervalms="166526.462" type="nursery" />
<cycle-start id="2948" type="scavenge" contextid="0" timestamp="2026-09-06T07:13:51.521" intervalms="166526.399" />
<gc-start id="2949" type="scavenge" contextid="2948" timestamp="2026-09-06T07:13:51.522">
  <mem-info id="2950" free="24564848" total="230490112" percent="10">
    <mem type="nursery" free="0" total="102498304" percent="0">
      <mem type="allocate" free="0" total="88014848" percent="0" />
      <mem type="survivor" free="0" total="14483456" percent="0" />
    </mem>
    <mem type="tenure" free="24564848" total="127991808" percent="19">
      <mem type="soa" free="23284848" total="126711808" percent="18" />
      <mem type="loa" free="1280000" total="1280000" percent="100" />
    </mem>
    <remembered-set count="5275" />
  </mem-info>
</gc-start>
<allocation-stats totalBytes="81217576" discardedBytes="71552" >
  <allocated-bytes non-tlh="35240" tlh="81182336" />
  <largest-consumer threadName="Timer-7" threadId="0000000000DF2500" bytes="19578944" />
</allocation-stats>
<gc-op id="2951" type="scavenge" timems="6.608" contextid="2948" timestamp="2026-09-06T07:13:51.529">
  <scavenger-info tenureage="3" tenuremask="7e58" tiltratio="85" />
  <memory-copied type="nursery" objects="26934" bytes="1494776" bytesdiscarded="905920" />
  <memory-copied type="tenure" objects="58703" bytes="4793152" bytesdiscarded="60312" />
  <finalization candidates="165" enqueued="19" />
  <ownableSynchronizers candidates="14478" cleared="14038" />
  <references type="soft" candidates="487" cleared="0" enqueued="0" dynamicThreshold="9" maxThreshold="32" />
  <references type="weak" candidates="1025" cleared="79" enqueued="78" />
  <references type="phantom" candidates="68" cleared="0" enqueued="0" />
  <object-monitors candidates="377" cleared="190"  />
</gc-op>
<gc-end id="2952" type="scavenge" contextid="2948" durationms="12.699" usertimems="35.243" systemtimems="1.376" stalltimems="10.703" timestamp="2026-09-06T07:13:51.535" activeThreads="10">
  <mem-info id="2953" free="106704848" total="230490112" percent="46">
    <mem type="nursery" free="87053784" total="102498304" percent="84">
      <mem type="allocate" free="87053784" total="89456640" percent="97" />
      <mem type="survivor" free="0" total="13041664" percent="0" />
    </mem>
    <mem type="tenure" free="19651064" total="127991808" percent="15" macro-fragmented="10485760">
      <mem type="soa" free="18371064" total="126711808" percent="14" />
      <mem type="loa" free="1280000" total="1280000" percent="100" />
    </mem>
    <pending-finalizers system="19" default="0" reference="78" classloader="0" />
    <remembered-set count="1990" />
  </mem-info>
</gc-end>
<cycle-end id="2954" type="scavenge" contextid="2948" timestamp="2026-09-06T07:13:51.535" />
<allocation-satisfied id="2955" threadId="0000000001501600" bytesRequested="120" />
<af-end id="2956" timestamp="2026-09-06T07:13:51.536" threadId="00000000015020C0" success="true" from="nursery"/>
<exclusive-end id="2957" timestamp="2026-09-06T07:13:51.536" durationms="15.775" />

<exclusive-start id="2958" timestamp="2026-09-06T07:16:27.353" intervalms="155833.142">
  <response-info timems="0.093" idlems="0.093" threads="0" lastid="000000000052A000" lastname="Default Executor-thread-621" />
</exclusive-start>
<af-start id="2959" threadId="000000000052AAC0" totalBytesRequested="136" timestamp="2026-09-06T07:16:27.356" intervalms="155835.227" type="nursery" />
<cycle-start id="2960" type="scavenge" contextid="0" timestamp="2026-09-06T07:16:27.356" intervalms="155835.156" />
<gc-start id="2961" type="scavenge" contextid="2960" timestamp="2026-09-06T07:16:27.357">
  <mem-info id="2962" free="19648176" total="230490112" percent="8">
    <mem type="nursery" free="0" total="102498304" percent="0">
      <mem type="allocate" free="0" total="89456640" percent="0" />
      <mem type="survivor" free="0" total="13041664" percent="0" />
    </mem>
    <mem type="tenure" free="19648176" total="127991808" percent="15">
      <mem type="soa" free="18368176" total="126711808" percent="14" />
      <mem type="loa" free="1280000" total="1280000" percent="100" />
    </mem>
    <remembered-set count="2512" />
  </mem-info>
</gc-start>
<allocation-stats totalBytes="86937552" discardedBytes="118392" >
  <allocated-bytes non-tlh="1051120" tlh="85886432" />
  <largest-consumer threadName="Timer-7" threadId="0000000000DF2500" bytes="17873728" />
</allocation-stats>
<gc-op id="2963" type="scavenge" timems="4.334" contextid="2960" timestamp="2026-09-06T07:16:27.362">
  <scavenger-info tenureage="3" tenuremask="7c48" tiltratio="87" />
  <memory-copied type="nursery" objects="5285" bytes="209080" bytesdiscarded="548728" />
  <memory-copied type="tenure" objects="23023" bytes="1339680" bytesdiscarded="6296" />
  <finalization candidates="48" enqueued="18" />
  <ownableSynchronizers candidates="13320" cleared="13144" />
  <references type="soft" candidates="23" cleared="0" enqueued="0" dynamicThreshold="9" maxThreshold="32" />
  <references type="weak" candidates="682" cleared="255" enqueued="254" />
  <object-monitors candidates="358" cleared="180"  />
</gc-op>
<gc-end id="2964" type="scavenge" contextid="2960" durationms="13.620" usertimems="17.390" systemtimems="4.316" stalltimems="7.853" timestamp="2026-09-06T07:16:27.371" activeThreads="10">
  <mem-info id="2965" free="109228928" total="230490112" percent="47">
    <mem type="nursery" free="90924544" total="102498304" percent="88">
      <mem type="allocate" free="90924544" total="91684864" percent="99" />
      <mem type="survivor" free="0" total="10813440" percent="0" />
    </mem>
    <mem type="tenure" free="18304384" total="127991808" percent="14" macro-fragmented="10485760">
      <mem type="soa" free="17024384" total="126711808" percent="13" />
      <mem type="loa" free="1280000" total="1280000" percent="100" />
    </mem>
    <pending-finalizers system="18" default="0" reference="254" classloader="0" />
    <remembered-set count="647" />
  </mem-info>
</gc-end>
<cycle-end id="2966" type="scavenge" contextid="2960" timestamp="2026-09-06T07:16:27.372" />
<allocation-satisfied id="2967" threadId="000000000052A000" bytesRequested="136" />
<af-end id="2968" timestamp="2026-09-06T07:16:27.372" threadId="000000000052AAC0" success="true" from="nursery"/>
<exclusive-end id="2969" timestamp="2026-09-06T07:16:27.372" durationms="18.812" />

<exclusive-start id="2970" timestamp="2026-09-06T07:19:16.840" intervalms="169486.626">
  <response-info timems="0.050" idlems="0.050" threads="0" lastid="000000000052A000" lastname="Default Executor-thread-818" />
</exclusive-start>
<af-start id="2971" threadId="000000000052AAC0" totalBytesRequested="24" timestamp="2026-09-06T07:19:16.841" intervalms="169484.514" type="nursery" />
<cycle-start id="2972" type="scavenge" contextid="0" timestamp="2026-09-06T07:19:16.841" intervalms="169484.683" />
<gc-start id="2973" type="scavenge" contextid="2972" timestamp="2026-09-06T07:19:16.842">
  <mem-info id="2974" free="18304384" total="230490112" percent="7">
    <mem type="nursery" free="0" total="102498304" percent="0">
      <mem type="allocate" free="0" total="91684864" percent="0" />
      <mem type="survivor" free="0" total="10813440" percent="0" />
    </mem>
    <mem type="tenure" free="18304384" total="127991808" percent="14">
      <mem type="soa" free="17024384" total="126711808" percent="13" />
      <mem type="loa" free="1280000" total="1280000" percent="100" />
    </mem>
    <remembered-set count="1089" />
  </mem-info>
</gc-start>
<allocation-stats totalBytes="90812256" discardedBytes="112288" >
  <allocated-bytes non-tlh="1016192" tlh="89796064" />
  <largest-consumer threadName="Timer-7" threadId="0000000000DF2500" bytes="19453496" />
</allocation-stats>
<gc-op id="2975" type="scavenge" timems="2.472" contextid="2972" timestamp="2026-09-06T07:19:16.845">
  <scavenger-info tenureage="5" tenuremask="ff60" tiltratio="89" />
  <memory-copied type="nursery" objects="5472" bytes="213880" bytesdiscarded="524288" />
  <finalization candidates="6" enqueued="0" />
  <ownableSynchronizers candidates="14357" cleared="14270" />
  <references type="soft" candidates="23" cleared="0" enqueued="0" dynamicThreshold="9" maxThreshold="32" />
  <references type="weak" candidates="799" cleared="214" enqueued="213" />
  <object-monitors candidates="368" cleared="190"  />
</gc-op>
<gc-end id="2976" type="scavenge" contextid="2972" durationms="6.666" usertimems="6.444" systemtimems="4.949" stalltimems="8.748" timestamp="2026-09-06T07:19:16.849" activeThreads="10">
  <mem-info id="2977" free="109773184" total="230490112" percent="47">
    <mem type="nursery" free="91468800" total="102498304" percent="89">
      <mem type="allocate" free="91468800" total="92209152" percent="99" />
      <mem type="survivor" free="0" total="10289152" percent="0" />
    </mem>
    <mem type="tenure" free="18304384" total="127991808" percent="14" macro-fragmented="8388608">
      <mem type="soa" free="17024384" total="126711808" percent="13" />
      <mem type="loa" free="1280000" total="1280000" percent="100" />
    </mem>
    <pending-finalizers system="0" default="0" reference="213" classloader="0" />
    <remembered-set count="654" />
  </mem-info>
</gc-end>
<cycle-end id="2978" type="scavenge" contextid="2972" timestamp="2026-09-06T07:19:16.849" />
<allocation-satisfied id="2979" threadId="000000000052A000" bytesRequested="24" />
<af-end id="2980" timestamp="2026-09-06T07:19:16.850" threadId="000000000052AAC0" success="true" from="nursery"/>
<exclusive-end id="2981" timestamp="2026-09-06T07:19:16.850" durationms="9.427" />

<exclusive-start id="2982" timestamp="2026-09-06T07:22:20.527" intervalms="183719.139">
  <response-info timems="0.097" idlems="0.097" threads="0" lastid="000000000025CF00" lastname="Default Executor-thread-1026" />
</exclusive-start>
<af-start id="2983" threadId="000000000025D9C0" totalBytesRequested="120" timestamp="2026-09-06T07:22:20.527" intervalms="183719.008" type="nursery" />
<cycle-start id="2984" type="scavenge" contextid="0" timestamp="2026-09-06T07:22:20.528" intervalms="183718.785" />
<gc-start id="2985" type="scavenge" contextid="2984" timestamp="2026-09-06T07:22:20.529">
  <mem-info id="2986" free="18304384" total="230490112" percent="7">
    <mem type="nursery" free="0" total="102498304" percent="0">
      <mem type="allocate" free="0" total="92209152" percent="0" />
      <mem type="survivor" free="0" total="10289152" percent="0" />
    </mem>
    <mem type="tenure" free="18304384" total="127991808" percent="14">
      <mem type="soa" free="17024384" total="126711808" percent="13" />
      <mem type="loa" free="1280000" total="1280000" percent="100" />
    </mem>
    <remembered-set count="801" />
  </mem-info>
</gc-start>
<allocation-stats totalBytes="91386336" discardedBytes="82464" >
  <allocated-bytes non-tlh="163904" tlh="91222432" />
  <largest-consumer threadName="Timer-7" threadId="0000000000DF2500" bytes="22493088" />
</allocation-stats>
<gc-op id="2987" type="scavenge" timems="2.077" contextid="2984" timestamp="2026-09-06T07:22:20.531">
  <scavenger-info tenureage="4" tenuremask="fff0" tiltratio="89" />
  <memory-copied type="nursery" objects="2284" bytes="95056" bytesdiscarded="644760" />
  <memory-copied type="tenure" objects="1457" bytes="52464" bytesdiscarded="448" />
  <finalization candidates="6" enqueued="0" />
  <ownableSynchronizers candidates="15590" cleared="15506" />
  <references type="soft" candidates="1" cleared="0" enqueued="0" dynamicThreshold="9" maxThreshold="32" />
  <references type="weak" candidates="126" cleared="104" enqueued="103" />
  <object-monitors candidates="388" cleared="210"  />
</gc-op>
<gc-end id="2988" type="scavenge" contextid="2984" durationms="9.309" usertimems="5.734" systemtimems="3.250" stalltimems="7.553" timestamp="2026-09-06T07:22:20.538" activeThreads="9">
  <mem-info id="2989" free="109686128" total="230490112" percent="47">
    <mem type="nursery" free="91468800" total="102498304" percent="89">
      <mem type="allocate" free="91468800" total="92209152" percent="99" />
      <mem type="survivor" free="0" total="10289152" percent="0" />
    </mem>
    <mem type="tenure" free="18217328" total="127991808" percent="14" macro-fragmented="8388608">
      <mem type="soa" free="16937328" total="126711808" percent="13" />
      <mem type="loa" free="1280000" total="1280000" percent="100" />
    </mem>
    <pending-finalizers system="0" default="0" reference="103" classloader="0" />
    <remembered-set count="497" />
  </mem-info>
</gc-end>
<cycle-end id="2990" type="scavenge" contextid="2984" timestamp="2026-09-06T07:22:20.539" />
<allocation-satisfied id="2991" threadId="000000000025CF00" bytesRequested="120" />
<af-end id="2992" timestamp="2026-09-06T07:22:20.539" threadId="000000000025D9C0" success="true" from="nursery"/>
<exclusive-end id="2993" timestamp="2026-09-06T07:22:20.539" durationms="11.585" />

<exclusive-start id="2994" timestamp="2026-09-06T07:25:11.098" intervalms="170572.060">
  <response-info timems="0.090" idlems="0.090" threads="0" lastid="00000000014DC200" lastname="Default Executor-thread-1219" />
</exclusive-start>
<af-start id="2995" threadId="00000000014DCCC0" totalBytesRequested="24" timestamp="2026-09-06T07:25:11.101" intervalms="170574.379" type="nursery" />
<cycle-start id="2996" type="scavenge" contextid="0" timestamp="2026-09-06T07:25:11.101" intervalms="170574.433" />
<gc-start id="2997" type="scavenge" contextid="2996" timestamp="2026-09-06T07:25:11.103">
  <mem-info id="2998" free="18214000" total="230490112" percent="7">
    <mem type="nursery" free="0" total="102498304" percent="0">
      <mem type="allocate" free="0" total="92209152" percent="0" />
      <mem type="survivor" free="0" total="10289152" percent="0" />
    </mem>
    <mem type="tenure" free="18214000" total="127991808" percent="14">
      <mem type="soa" free="16934000" total="126711808" percent="13" />
      <mem type="loa" free="1280000" total="1280000" percent="100" />
    </mem>
    <remembered-set count="995" />
  </mem-info>
</gc-start>
<allocation-stats totalBytes="91338856" discardedBytes="131192" >
  <allocated-bytes non-tlh="656888" tlh="90681968" />
  <largest-consumer threadName="Timer-7" threadId="0000000000DF2500" bytes="19372360" />
</allocation-stats>
<gc-op id="2999" type="scavenge" timems="2.381" contextid="2996" timestamp="2026-09-06T07:25:11.105">
  <scavenger-info tenureage="4" tenuremask="ffd0" tiltratio="89" />
  <memory-copied type="nursery" objects="3208" bytes="126536" bytesdiscarded="365992" />
  <memory-copied type="tenure" objects="103" bytes="6488" bytesdiscarded="0" />
  <finalization candidates="7" enqueued="7" />
  <ownableSynchronizers candidates="14484" cleared="14400" />
  <references type="soft" candidates="2" cleared="0" enqueued="0" dynamicThreshold="9" maxThreshold="32" />
  <references type="weak" candidates="359" cleared="234" enqueued="233" />
  <object-monitors candidates="368" cleared="190"  />
</gc-op>
<gc-end id="3000" type="scavenge" contextid="2996" durationms="6.667" usertimems="5.754" systemtimems="2.959" stalltimems="4.980" timestamp="2026-09-06T07:25:11.109" activeThreads="8">
  <mem-info id="3001" free="109920624" total="230490112" percent="47">
    <mem type="nursery" free="91714560" total="102498304" percent="89">
      <mem type="allocate" free="91714560" total="92209152" percent="99" />
      <mem type="survivor" free="0" total="10289152" percent="0" />
    </mem>
    <mem type="tenure" free="18206064" total="127991808" percent="14" macro-fragmented="12582912">
      <mem type="soa" free="16926064" total="126711808" percent="13" />
      <mem type="loa" free="1280000" total="1280000" percent="100" />
    </mem>
    <pending-finalizers system="7" default="0" reference="233" classloader="0" />
    <remembered-set count="497" />
  </mem-info>
</gc-end>
<cycle-end id="3002" type="scavenge" contextid="2996" timestamp="2026-09-06T07:25:11.110" />
<allocation-satisfied id="3003" threadId="00000000014DC200" bytesRequested="24" />
<af-end id="3004" timestamp="2026-09-06T07:25:11.110" threadId="00000000014DCCC0" success="true" from="nursery"/>
<exclusive-end id="3005" timestamp="2026-09-06T07:25:11.110" durationms="11.489" />

<exclusive-start id="3006" timestamp="2026-09-06T07:28:17.755" intervalms="186657.456">
  <response-info timems="0.107" idlems="0.107" threads="0" lastid="0000000001537F00" lastname="Default Executor-thread-1408" />
</exclusive-start>
<af-start id="3007" threadId="00000000015389C0" totalBytesRequested="48" timestamp="2026-09-06T07:28:17.758" intervalms="186658.284" type="nursery" />
<cycle-start id="3008" type="scavenge" contextid="0" timestamp="2026-09-06T07:28:17.759" intervalms="186658.311" />
<gc-start id="3009" type="scavenge" contextid="3008" timestamp="2026-09-06T07:28:17.760">
  <mem-info id="3010" free="18206064" total="230490112" percent="7">
    <mem type="nursery" free="0" total="102498304" percent="0">
      <mem type="allocate" free="0" total="92209152" percent="0" />
      <mem type="survivor" free="0" total="10289152" percent="0" />
    </mem>
    <mem type="tenure" free="18206064" total="127991808" percent="14">
      <mem type="soa" free="16926064" total="126711808" percent="13" />
      <mem type="loa" free="1280000" total="1280000" percent="100" />
    </mem>
    <remembered-set count="659" />
  </mem-info>
</gc-start>
<allocation-stats totalBytes="91611616" discardedBytes="102944" >
  <allocated-bytes non-tlh="196680" tlh="91414936" />
  <largest-consumer threadName="Timer-7" threadId="0000000000DF2500" bytes="22507824" />
</allocation-stats>
<gc-op id="3011" type="scavenge" timems="3.089" contextid="3008" timestamp="2026-09-06T07:28:17.763">
  <scavenger-info tenureage="4" tenuremask="ffd0" tiltratio="89" />
  <memory-copied type="nursery" objects="2806" bytes="114320" bytesdiscarded="374824" />
  <memory-copied type="tenure" objects="82" bytes="6096" bytesdiscarded="312" />
  <ownableSynchronizers candidates="15793" cleared="15711" />
  <references type="soft" candidates="1" cleared="0" enqueued="0" dynamicThreshold="9" maxThreshold="32" />
  <references type="weak" candidates="244" cleared="51" enqueued="50" />
  <object-monitors candidates="378" cleared="200"  />
</gc-op>
<gc-end id="3012" type="scavenge" contextid="3008" durationms="4.311" usertimems="3.304" systemtimems="2.822" stalltimems="8.773" timestamp="2026-09-06T07:28:17.764" activeThreads="7">
  <mem-info id="3013" free="109919384" total="230490112" percent="47">
    <mem type="nursery" free="91719168" total="102498304" percent="89">
      <mem type="allocate" free="91719168" total="92209152" percent="99" />
      <mem type="survivor" free="0" total="10289152" percent="0" />
    </mem>
    <mem type="tenure" free="18200216" total="127991808" percent="14" macro-fragmented="12582912">
      <mem type="soa" free="16920216" total="126711808" percent="13" />
      <mem type="loa" free="1280000" total="1280000" percent="100" />
    </mem>
    <pending-finalizers system="0" default="0" reference="50" classloader="0" />
    <remembered-set count="462" />
  </mem-info>
</gc-end>
<cycle-end id="3014" type="scavenge" contextid="3008" timestamp="2026-09-06T07:28:17.765" />
<allocation-satisfied id="3015" threadId="0000000001537F00" bytesRequested="48" />
<af-end id="3016" timestamp="2026-09-06T07:28:17.765" threadId="00000000015389C0" success="true" from="nursery"/>
<exclusive-end id="3017" timestamp="2026-09-06T07:28:17.765" durationms="9.795" />

<exclusive-start id="3018" timestamp="2026-09-06T07:31:03.769" intervalms="166014.964">
  <response-info timems="0.098" idlems="0.098" threads="0" lastid="0000000000754C00" lastname="Default Executor-thread-1585" />
</exclusive-start>
<af-start id="3019" threadId="00000000007556C0" totalBytesRequested="32" timestamp="2026-09-06T07:31:03.772" intervalms="166013.969" type="nursery" />
<cycle-start id="3020" type="scavenge" contextid="0" timestamp="2026-09-06T07:31:03.772" intervalms="166013.903" />
<gc-start id="3021" type="scavenge" contextid="3020" timestamp="2026-09-06T07:31:03.773">
  <mem-info id="3022" free="18200216" total="230490112" percent="7">
    <mem type="nursery" free="0" total="102498304" percent="0">
      <mem type="allocate" free="0" total="92209152" percent="0" />
      <mem type="survivor" free="0" total="10289152" percent="0" />
    </mem>
    <mem type="tenure" free="18200216" total="127991808" percent="14">
      <mem type="soa" free="16920216" total="126711808" percent="13" />
      <mem type="loa" free="1280000" total="1280000" percent="100" />
    </mem>
    <remembered-set count="975" />
  </mem-info>
</gc-start>
<allocation-stats totalBytes="91616440" discardedBytes="102728" >
  <allocated-bytes non-tlh="1212760" tlh="90403680" />
  <largest-consumer threadName="Timer-7" threadId="0000000000DF2500" bytes="19611896" />
</allocation-stats>
<gc-op id="3023" type="scavenge" timems="2.161" contextid="3020" timestamp="2026-09-06T07:31:03.775">
  <scavenger-info tenureage="6" tenuremask="ffc0" tiltratio="89" />
  <memory-copied type="nursery" objects="2706" bytes="105376" bytesdiscarded="185184" />
  <ownableSynchronizers candidates="14093" cleared="14015" />
  <references type="soft" candidates="1" cleared="0" enqueued="0" dynamicThreshold="9" maxThreshold="32" />
  <references type="weak" candidates="314" cleared="290" enqueued="289" />
  <object-monitors candidates="368" cleared="190"  />
</gc-op>
<gc-end id="3024" type="scavenge" contextid="3020" durationms="6.497" usertimems="7.297" systemtimems="0.023" stalltimems="2.174" timestamp="2026-09-06T07:31:03.780" activeThreads="6">
  <mem-info id="3025" free="110116760" total="230490112" percent="47">
    <mem type="nursery" free="91916544" total="102498304" percent="89">
      <mem type="allocate" free="91916544" total="92209152" percent="99" />
      <mem type="survivor" free="0" total="10289152" percent="0" />
    </mem>
    <mem type="tenure" free="18200216" total="127991808" percent="14" macro-fragmented="8388608">
      <mem type="soa" free="16920216" total="126711808" percent="13" />
      <mem type="loa" free="1280000" total="1280000" percent="100" />
    </mem>
    <pending-finalizers system="0" default="0" reference="289" classloader="0" />
    <remembered-set count="464" />
  </mem-info>
</gc-end>
<cycle-end id="3026" type="scavenge" contextid="3020" timestamp="2026-09-06T07:31:03.780" />
<allocation-satisfied id="3027" threadId="0000000000754C00" bytesRequested="32" />
<af-end id="3028" timestamp="2026-09-06T07:31:03.780" threadId="00000000007556C0" success="true" from="nursery"/>
<exclusive-end id="3029" timestamp="2026-09-06T07:31:03.780" durationms="10.818" />

<exclusive-start id="3030" timestamp="2026-09-06T07:34:17.777" intervalms="194008.778">
  <response-info timems="0.081" idlems="0.081" threads="0" lastid="0000000000DF2500" lastname="Timer-7" />
</exclusive-start>
<af-start id="3031" threadId="0000000000DF2FC0" totalBytesRequested="4104" timestamp="2026-09-06T07:34:17.778" intervalms="194006.570" type="nursery" />
<cycle-start id="3032" type="scavenge" contextid="0" timestamp="2026-09-06T07:34:17.778" intervalms="194006.551" />
<gc-start id="3033" type="scavenge" contextid="3032" timestamp="2026-09-06T07:34:17.779">
  <mem-info id="3034" free="18200216" total="230490112" percent="7">
    <mem type="nursery" free="0" total="102498304" percent="0">
      <mem type="allocate" free="0" total="92209152" percent="0" />
      <mem type="survivor" free="0" total="10289152" percent="0" />
    </mem>
    <mem type="tenure" free="18200216" total="127991808" percent="14">
      <mem type="soa" free="16920216" total="126711808" percent="13" />
      <mem type="loa" free="1280000" total="1280000" percent="100" />
    </mem>
    <remembered-set count="573" />
  </mem-info>
</gc-start>
<allocation-stats totalBytes="91840576" discardedBytes="75968" >
  <allocated-bytes non-tlh="65584" tlh="91774992" />
  <largest-consumer threadName="Timer-7" threadId="0000000000DF2500" bytes="21002472" />
</allocation-stats>
<gc-op id="3035" type="scavenge" timems="3.148" contextid="3032" timestamp="2026-09-06T07:34:17.782">
  <scavenger-info tenureage="4" tenuremask="fff0" tiltratio="89" />
  <memory-copied type="nursery" objects="2038" bytes="90232" bytesdiscarded="222672" />
  <memory-copied type="tenure" objects="7" bytes="176" bytesdiscarded="0" />
  <ownableSynchronizers candidates="16424" cleared="16346" />
  <references type="soft" candidates="1" cleared="0" enqueued="0" dynamicThreshold="9" maxThreshold="32" />
  <references type="weak" candidates="46" cleared="20" enqueued="19" />
  <object-monitors candidates="388" cleared="210"  />
</gc-op>
<gc-end id="3036" type="scavenge" contextid="3032" durationms="4.415" usertimems="6.229" systemtimems="0.254" stalltimems="7.523" timestamp="2026-09-06T07:34:17.783" activeThreads="6">
  <mem-info id="3037" free="110093592" total="230490112" percent="47">
    <mem type="nursery" free="91895808" total="102498304" percent="89">
      <mem type="allocate" free="91895808" total="92209152" percent="99" />
      <mem type="survivor" free="0" total="10289152" percent="0" />
    </mem>
    <mem type="tenure" free="18197784" total="127991808" percent="14" macro-fragmented="0">
      <mem type="soa" free="16917784" total="126711808" percent="13" />
      <mem type="loa" free="1280000" total="1280000" percent="100" />
    </mem>
    <pending-finalizers system="0" default="0" reference="19" classloader="0" />
    <remembered-set count="449" />
  </mem-info>
</gc-end>
<cycle-end id="3038" type="scavenge" contextid="3032" timestamp="2026-09-06T07:34:17.784" />
<allocation-satisfied id="3039" threadId="0000000000DF2500" bytesRequested="4104" />
<af-end id="3040" timestamp="2026-09-06T07:34:17.784" threadId="0000000000DF2FC0" success="true" from="nursery"/>
<exclusive-end id="3041" timestamp="2026-09-06T07:34:17.784" durationms="6.544" />

<exclusive-start id="3042" timestamp="2026-09-06T07:37:01.304" intervalms="163527.467">
  <response-info timems="0.105" idlems="0.105" threads="0" lastid="00000000014B6600" lastname="Default Executor-thread-1950" />
</exclusive-start>
<af-start id="3043" threadId="00000000014B70C0" totalBytesRequested="32" timestamp="2026-09-06T07:37:01.305" intervalms="163527.904" type="nursery" />
<cycle-start id="3044" type="scavenge" contextid="0" timestamp="2026-09-06T07:37:01.305" intervalms="163527.980" />
<gc-start id="3045" type="scavenge" contextid="3044" timestamp="2026-09-06T07:37:01.306">
  <mem-info id="3046" free="18192048" total="230490112" percent="7">
    <mem type="nursery" free="0" total="102498304" percent="0">
      <mem type="allocate" free="0" total="92209152" percent="0" />
      <mem type="survivor" free="0" total="10289152" percent="0" />
    </mem>
    <mem type="tenure" free="18192048" total="127991808" percent="14">
      <mem type="soa" free="16912048" total="126711808" percent="13" />
      <mem type="loa" free="1280000" total="1280000" percent="100" />
    </mem>
    <remembered-set count="1165" />
  </mem-info>
</gc-start>
<allocation-stats totalBytes="91754880" discardedBytes="145296" >
  <allocated-bytes non-tlh="1024528" tlh="90730352" />
  <largest-consumer threadName="Timer-7" threadId="0000000000DF2500" bytes="18902800" />
</allocation-stats>
<gc-op id="3047" type="scavenge" timems="2.940" contextid="3044" timestamp="2026-09-06T07:37:01.309">
  <scavenger-info tenureage="4" tenuremask="ff90" tiltratio="89" />
  <memory-copied type="nursery" objects="4818" bytes="184904" bytesdiscarded="297776" />
  <memory-copied type="tenure" objects="154" bytes="5920" bytesdiscarded="0" />
  <finalization candidates="7" enqueued="3" />
  <ownableSynchronizers candidates="13875" cleared="13791" />
  <references type="soft" candidates="38" cleared="0" enqueued="0" dynamicThreshold="9" maxThreshold="32" />
  <references type="weak" candidates="702" cleared="260" enqueued="258" />
  <object-monitors candidates="358" cleared="180"  />
</gc-op>
<gc-end id="3048" type="scavenge" contextid="3044" durationms="7.076" usertimems="8.983" systemtimems="0.000" stalltimems="2.815" timestamp="2026-09-06T07:37:01.313" activeThreads="6">
  <mem-info id="3049" free="109906064" total="230490112" percent="47">
    <mem type="nursery" free="91723776" total="102498304" percent="89">
      <mem type="allocate" free="91723776" total="92209152" percent="99" />
      <mem type="survivor" free="0" total="10289152" percent="0" />
    </mem>
    <mem type="tenure" free="18182288" total="127991808" percent="14" macro-fragmented="0">
      <mem type="soa" free="16902288" total="126711808" percent="13" />
      <mem type="loa" free="1280000" total="1280000" percent="100" />
    </mem>
    <pending-finalizers system="3" default="0" reference="258" classloader="0" />
    <remembered-set count="559" />
  </mem-info>
</gc-end>
<cycle-end id="3050" type="scavenge" contextid="3044" timestamp="2026-09-06T07:37:01.314" />
<allocation-satisfied id="3051" threadId="00000000014B6600" bytesRequested="32" />
<af-end id="3052" timestamp="2026-09-06T07:37:01.314" threadId="00000000014B70C0" success="true" from="nursery"/>
<exclusive-end id="3053" timestamp="2026-09-06T07:37:01.314" durationms="9.995" />

<exclusive-start id="3054" timestamp="2026-09-06T07:39:26.514" intervalms="145210.083">
  <response-info timems="0.088" idlems="0.088" threads="0" lastid="00000000014B0900" lastname="Default Executor-thread-2142" />
</exclusive-start>
<af-start id="3055" threadId="00000000014B13C0" totalBytesRequested="32" timestamp="2026-09-06T07:39:26.517" intervalms="145212.828" type="nursery" />
<cycle-start id="3056" type="scavenge" contextid="0" timestamp="2026-09-06T07:39:26.517" intervalms="145212.861" />
<gc-start id="3057" type="scavenge" contextid="3056" timestamp="2026-09-06T07:39:26.518">
  <mem-info id="3058" free="18182288" total="230490112" percent="7">
    <mem type="nursery" free="0" total="102498304" percent="0">
      <mem type="allocate" free="0" total="92209152" percent="0" />
      <mem type="survivor" free="0" total="10289152" percent="0" />
    </mem>
    <mem type="tenure" free="18182288" total="127991808" percent="14">
      <mem type="soa" free="16902288" total="126711808" percent="13" />
      <mem type="loa" free="1280000" total="1280000" percent="100" />
    </mem>
    <remembered-set count="1391" />
  </mem-info>
</gc-start>
<allocation-stats totalBytes="91542688" discardedBytes="181088" >
  <allocated-bytes non-tlh="2032144" tlh="89510544" />
  <largest-consumer threadName="Timer-7" threadId="0000000000DF2500" bytes="19274424" />
</allocation-stats>
<gc-op id="3059" type="scavenge" timems="4.512" contextid="3056" timestamp="2026-09-06T07:39:26.523">
  <scavenger-info tenureage="4" tenuremask="ffd0" tiltratio="89" />
  <memory-copied type="nursery" objects="5793" bytes="212744" bytesdiscarded="303048" />
  <memory-copied type="tenure" objects="10" bytes="2264" bytesdiscarded="0" />
  <finalization candidates="4" enqueued="0" />
  <ownableSynchronizers candidates="12306" cleared="12225" />
  <references type="soft" candidates="37" cleared="0" enqueued="0" dynamicThreshold="9" maxThreshold="32" />
  <references type="weak" candidates="957" cleared="412" enqueued="411" />
  <object-monitors candidates="338" cleared="160"  />
</gc-op>
<gc-end id="3060" type="scavenge" contextid="3056" durationms="7.154" usertimems="5.941" systemtimems="2.381" stalltimems="10.754" timestamp="2026-09-06T07:39:26.526" activeThreads="6">
  <mem-info id="3061" free="109845688" total="230490112" percent="47">
    <mem type="nursery" free="91689984" total="102498304" percent="89">
      <mem type="allocate" free="91689984" total="92209152" percent="99" />
      <mem type="survivor" free="0" total="10289152" percent="0" />
    </mem>
    <mem type="tenure" free="18155704" total="127991808" percent="14" macro-fragmented="12582912">
      <mem type="soa" free="16875704" total="126711808" percent="13" />
      <mem type="loa" free="1280000" total="1280000" percent="100" />
    </mem>
    <pending-finalizers system="0" default="0" reference="411" classloader="0" />
    <remembered-set count="563" />
  </mem-info>
</gc-end>
<cycle-end id="3062" type="scavenge" contextid="3056" timestamp="2026-09-06T07:39:26.526" />
<allocation-satisfied id="3063" threadId="00000000014B0900" bytesRequested="32" />
<af-end id="3064" timestamp="2026-09-06T07:39:26.526" threadId="00000000014B13C0" success="true" from="nursery"/>
<exclusive-end id="3065" timestamp="2026-09-06T07:39:26.526" durationms="12.660" />

<exclusive-start id="3066" timestamp="2026-09-06T07:42:03.925" intervalms="157411.624">
  <response-info timems="0.150" idlems="0.150" threads="0" lastid="0000000000768000" lastname="Default Executor-thread-2304" />
</exclusive-start>
<af-start id="3067" threadId="0000000000768AC0" totalBytesRequested="24" timestamp="2026-09-06T07:42:03.925" intervalms="157408.556" type="nursery" />
<cycle-start id="3068" type="scavenge" contextid="0" timestamp="2026-09-06T07:42:03.925" intervalms="157408.483" />
<gc-start id="3069" type="scavenge" contextid="3068" timestamp="2026-09-06T07:42:03.926">
  <mem-info id="3070" free="18154512" total="230490112" percent="7">
    <mem type="nursery" free="0" total="102498304" percent="0">
      <mem type="allocate" free="0" total="92209152" percent="0" />
      <mem type="survivor" free="0" total="10289152" percent="0" />
    </mem>
    <mem type="tenure" free="18154512" total="127991808" percent="14">
      <mem type="soa" free="16874512" total="126711808" percent="13" />
      <mem type="loa" free="1280000" total="1280000" percent="100" />
    </mem>
    <remembered-set count="1197" />
  </mem-info>
</gc-start>
<allocation-stats totalBytes="91513544" discardedBytes="176872" >
  <allocated-bytes non-tlh="1540936" tlh="89972608" />
  <largest-consumer threadName="Timer-7" threadId="0000000000DF2500" bytes="20868176" />
</allocation-stats>
<gc-op id="3071" type="scavenge" timems="2.444" contextid="3068" timestamp="2026-09-06T07:42:03.929">
  <scavenger-info tenureage="4" tenuremask="ffd0" tiltratio="89" />
  <memory-copied type="nursery" objects="5483" bytes="208504" bytesdiscarded="356384" />
  <memory-copied type="tenure" objects="1" bytes="16" bytesdiscarded="0" />
  <finalization candidates="9" enqueued="5" />
  <ownableSynchronizers candidates="13334" cleared="13253" />
  <references type="soft" candidates="37" cleared="0" enqueued="0" dynamicThreshold="9" maxThreshold="32" />
  <references type="weak" candidates="806" cleared="332" enqueued="331" />
  <object-monitors candidates="362" cleared="184"  />
</gc-op>
<gc-end id="3072" type="scavenge" contextid="3068" durationms="4.227" usertimems="5.746" systemtimems="2.142" stalltimems="3.966" timestamp="2026-09-06T07:42:03.931" activeThreads="6">
  <mem-info id="3073" free="109795032" total="230490112" percent="47">
    <mem type="nursery" free="91641600" total="102498304" percent="89">
      <mem type="allocate" free="91641600" total="92209152" percent="99" />
      <mem type="survivor" free="0" total="10289152" percent="0" />
    </mem>
    <mem type="tenure" free="18153432" total="127991808" percent="14" macro-fragmented="0">
      <mem type="soa" free="16873432" total="126711808" percent="13" />
      <mem type="loa" free="1280000" total="1280000" percent="100" />
    </mem>
    <pending-finalizers system="5" default="0" reference="331" classloader="0" />
    <remembered-set count="541" />
  </mem-info>
</gc-end>
<cycle-end id="3074" type="scavenge" contextid="3068" timestamp="2026-09-06T07:42:03.931" />
<allocation-satisfied id="3075" threadId="0000000000768000" bytesRequested="24" />
<af-end id="3076" timestamp="2026-09-06T07:42:03.931" threadId="0000000000768AC0" success="true" from="nursery"/>
<exclusive-end id="3077" timestamp="2026-09-06T07:42:03.931" durationms="6.515" />

<exclusive-start id="3078" timestamp="2026-09-06T07:44:58.812" intervalms="174887.860">
  <response-info timems="0.170" idlems="0.170" threads="0" lastid="0000000001504600" lastname="Default Executor-thread-2517" />
</exclusive-start>
<af-start id="3079" threadId="00000000015050C0" totalBytesRequested="72" timestamp="2026-09-06T07:44:58.815" intervalms="174890.390" type="nursery" />
<cycle-start id="3080" type="scavenge" contextid="0" timestamp="2026-09-06T07:44:58.815" intervalms="174890.391" />
<gc-start id="3081" type="scavenge" contextid="3080" timestamp="2026-09-06T07:44:58.816">
  <mem-info id="3082" free="18153432" total="230490112" percent="7">
    <mem type="nursery" free="0" total="102498304" percent="0">
      <mem type="allocate" free="0" total="92209152" percent="0" />
      <mem type="survivor" free="0" total="10289152" percent="0" />
    </mem>
    <mem type="tenure" free="18153432" total="127991808" percent="14">
      <mem type="soa" free="16873432" total="126711808" percent="13" />
      <mem type="loa" free="1280000" total="1280000" percent="100" />
    </mem>
    <remembered-set count="892" />
  </mem-info>
</gc-start>
<allocation-stats totalBytes="91570192" discardedBytes="71408" >
  <allocated-bytes non-tlh="622768" tlh="90947424" />
  <largest-consumer threadName="Timer-7" threadId="0000000000DF2500" bytes="20937064" />
</allocation-stats>
<gc-op id="3083" type="scavenge" timems="2.990" contextid="3080" timestamp="2026-09-06T07:44:58.819">
  <scavenger-info tenureage="4" tenuremask="ffd0" tiltratio="89" />
  <memory-copied type="nursery" objects="3439" bytes="129752" bytesdiscarded="296768" />
  <memory-copied type="tenure" objects="6" bytes="160" bytesdiscarded="0" />
  <finalization candidates="4" enqueued="0" />
  <ownableSynchronizers candidates="14852" cleared="14774" />
  <references type="soft" candidates="37" cleared="0" enqueued="0" dynamicThreshold="9" maxThreshold="32" />
  <references type="weak" candidates="268" cleared="214" enqueued="213" />
  <object-monitors candidates="378" cleared="200"  />
</gc-op>
<gc-end id="3084" type="scavenge" contextid="3080" durationms="4.735" usertimems="3.872" systemtimems="2.855" stalltimems="3.216" timestamp="2026-09-06T07:44:58.821" activeThreads="6">
  <mem-info id="3085" free="109914072" total="230490112" percent="47">
    <mem type="nursery" free="91781376" total="102498304" percent="89">
      <mem type="allocate" free="91781376" total="92209152" percent="99" />
      <mem type="survivor" free="0" total="10289152" percent="0" />
    </mem>
    <mem type="tenure" free="18132696" total="127991808" percent="14" macro-fragmented="10485760">
      <mem type="soa" free="16852696" total="126711808" percent="13" />
      <mem type="loa" free="1280000" total="1280000" percent="100" />
    </mem>
    <pending-finalizers system="0" default="0" reference="213" classloader="0" />
    <remembered-set count="539" />
  </mem-info>
</gc-end>
<cycle-end id="3086" type="scavenge" contextid="3080" timestamp="2026-09-06T07:44:58.821" />
<allocation-satisfied id="3087" threadId="0000000001504600" bytesRequested="72" />
<af-end id="3088" timestamp="2026-09-06T07:44:58.821" threadId="00000000015050C0" success="true" from="nursery"/>
<exclusive-end id="3089" timestamp="2026-09-06T07:44:58.822" durationms="9.540" />

<exclusive-start id="3090" timestamp="2026-09-06T07:45:39.204" intervalms="40391.697">
  <response-info timems="0.024" idlems="0.024" threads="0" lastid="00000000014B0900" lastname="Default Executor-thread-2585" />
</exclusive-start>
<af-start id="3091" threadId="00000000014B13C0" totalBytesRequested="24" timestamp="2026-09-06T07:45:39.204" intervalms="40389.104" type="nursery" />
<cycle-start id="3092" type="scavenge" contextid="0" timestamp="2026-09-06T07:45:39.204" intervalms="40388.922" />
<gc-start id="3093" type="scavenge" contextid="3092" timestamp="2026-09-06T07:45:39.204">
  <mem-info id="3094" free="18084888" total="230490112" percent="7">
    <mem type="nursery" free="0" total="102498304" percent="0">
      <mem type="allocate" free="0" total="92209152" percent="0" />
      <mem type="survivor" free="0" total="10289152" percent="0" />
    </mem>
    <mem type="tenure" free="18084888" total="127991808" percent="14">
      <mem type="soa" free="16804888" total="126711808" percent="13" />
      <mem type="loa" free="1280000" total="1280000" percent="100" />
    </mem>
    <remembered-set count="4286" />
  </mem-info>
</gc-start>
<allocation-stats totalBytes="91746528" discardedBytes="82656" >
  <allocated-bytes non-tlh="93096" tlh="91653432" />
  <largest-consumer threadName="Default Executor-thread-2572" threadId="000000000051E900" bytes="38532888" />
</allocation-stats>
<gc-op id="3095" type="scavenge" timems="3.339" contextid="3092" timestamp="2026-09-06T07:45:39.208">
  <scavenger-info tenureage="6" tenuremask="ffc0" tiltratio="89" />
  <memory-copied type="nursery" objects="107483" bytes="5797056" bytesdiscarded="61248" />
  <finalization candidates="322" enqueued="130" />
  <ownableSynchronizers candidates="5353" cleared="5092" />
  <references type="soft" candidates="340" cleared="0" enqueued="0" dynamicThreshold="9" maxThreshold="32" />
  <references type="weak" candidates="1229" cleared="677" enqueued="639" />
  <references type="phantom" candidates="187" cleared="3" enqueued="3" />
  <object-monitors candidates="236" cleared="48"  />
</gc-op>
<gc-end id="3096" type="scavenge" contextid="3092" durationms="9.774" usertimems="15.201" systemtimems="0.887" stalltimems="2.614" timestamp="2026-09-06T07:45:39.214" activeThreads="6">
  <mem-info id="3097" free="103966088" total="230490112" percent="45">
    <mem type="nursery" free="85881200" total="102498304" percent="83">
      <mem type="allocate" free="85881200" total="91750400" percent="93" />
      <mem type="survivor" free="0" total="10747904" percent="0" />
    </mem>
    <mem type="tenure" free="18084888" total="127991808" percent="14" macro-fragmented="10485760">
      <mem type="soa" free="16804888" total="126711808" percent="13" />
      <mem type="loa" free="1280000" total="1280000" percent="100" />
    </mem>
    <pending-finalizers system="38" default="92" reference="642" classloader="0" />
    <remembered-set count="3337" />
  </mem-info>
</gc-end>
<cycle-end id="3098" type="scavenge" contextid="3092" timestamp="2026-09-06T07:45:39.214" />
<allocation-satisfied id="3099" threadId="00000000014B0900" bytesRequested="24" />
<af-end id="3100" timestamp="2026-09-06T07:45:39.214" threadId="00000000014B13C0" success="true" from="nursery"/>
<exclusive-end id="3101" timestamp="2026-09-06T07:45:39.215" durationms="10.798" />

<exclusive-start id="3102" timestamp="2026-09-06T07:45:39.324" intervalms="120.140">
  <response-info timems="0.019" idlems="0.019" threads="0" lastid="00000000014B0900" lastname="Default Executor-thread-2585" />
</exclusive-start>
<af-start id="3103" threadId="00000000014B13C0" totalBytesRequested="96" timestamp="2026-09-06T07:45:39.324" intervalms="119.969" type="nursery" />
<cycle-start id="3104" type="scavenge" contextid="0" timestamp="2026-09-06T07:45:39.324" intervalms="119.920" />
<gc-start id="3105" type="scavenge" contextid="3104" timestamp="2026-09-06T07:45:39.325">
  <mem-info id="3106" free="18084784" total="230490112" percent="7">
    <mem type="nursery" free="0" total="102498304" percent="0">
      <mem type="allocate" free="0" total="91750400" percent="0" />
      <mem type="survivor" free="0" total="10747904" percent="0" />
    </mem>
    <mem type="tenure" free="18084784" total="127991808" percent="14">
      <mem type="soa" free="16804784" total="126711808" percent="13" />
      <mem type="loa" free="1280000" total="1280000" percent="100" />
    </mem>
    <remembered-set count="3402" />
  </mem-info>
</gc-start>
<allocation-stats totalBytes="85878232" discardedBytes="3072" >
  <allocated-bytes non-tlh="128" tlh="85878104" />
  <largest-consumer threadName="Default Executor-thread-2585" threadId="00000000014B0900" bytes="85870040" />
</allocation-stats>
<gc-op id="3107" type="scavenge" timems="2.506" contextid="3104" timestamp="2026-09-06T07:45:39.328">
  <scavenger-info tenureage="4" tenuremask="ffd0" tiltratio="89" />
  <memory-copied type="nursery" objects="131116" bytes="6521800" bytesdiscarded="127008" />
  <memory-copied type="tenure" objects="7" bytes="272" bytesdiscarded="0" />
  <finalization candidates="192" enqueued="0" />
  <ownableSynchronizers candidates="261" cleared="0" />
  <references type="soft" candidates="340" cleared="0" enqueued="0" dynamicThreshold="9" maxThreshold="32" />
  <references type="weak" candidates="552" cleared="0" enqueued="0" />
  <references type="phantom" candidates="184" cleared="0" enqueued="0" />
  <object-monitors candidates="188" cleared="0"  />
</gc-op>
<gc-end id="3108" type="scavenge" contextid="3104" durationms="2.700" usertimems="13.528" systemtimems="1.807" stalltimems="4.762" timestamp="2026-09-06T07:45:39.328" activeThreads="8">
  <mem-info id="3109" free="103641528" total="230490112" percent="44">
    <mem type="nursery" free="85556744" total="102498304" percent="83">
      <mem type="allocate" free="85556744" total="92209152" percent="92" />
      <mem type="survivor" free="0" total="10289152" percent="0" />
    </mem>
    <mem type="tenure" free="18084784" total="127991808" percent="14" macro-fragmented="12582912">
      <mem type="soa" free="16804784" total="126711808" percent="13" />
      <mem type="loa" free="1280000" total="1280000" percent="100" />
    </mem>
    <remembered-set count="3394" />
  </mem-info>
</gc-end>
<cycle-end id="3110" type="scavenge" contextid="3104" timestamp="2026-09-06T07:45:39.328" />
<allocation-satisfied id="3111" threadId="00000000014B0900" bytesRequested="96" />
<af-end id="3112" timestamp="2026-09-06T07:45:39.328" threadId="00000000014B13C0" success="true" from="nursery"/>
<exclusive-end id="3113" timestamp="2026-09-06T07:45:39.328" durationms="4.126" />

<exclusive-start id="3114" timestamp="2026-09-06T07:45:39.435" intervalms="111.258">
  <response-info timems="0.019" idlems="0.019" threads="0" lastid="00000000014B0900" lastname="Default Executor-thread-2585" />
</exclusive-start>
<af-start id="3115" threadId="00000000014B13C0" totalBytesRequested="40" timestamp="2026-09-06T07:45:39.435" intervalms="111.222" type="nursery" />
<cycle-start id="3116" type="scavenge" contextid="0" timestamp="2026-09-06T07:45:39.435" intervalms="111.193" />
<gc-start id="3117" type="scavenge" contextid="3116" timestamp="2026-09-06T07:45:39.436">
  <mem-info id="3118" free="18084784" total="230490112" percent="7">
    <mem type="nursery" free="0" total="102498304" percent="0">
      <mem type="allocate" free="0" total="92209152" percent="0" />
      <mem type="survivor" free="0" total="10289152" percent="0" />
    </mem>
    <mem type="tenure" free="18084784" total="127991808" percent="14">
      <mem type="soa" free="16804784" total="126711808" percent="13" />
      <mem type="loa" free="1280000" total="1280000" percent="100" />
    </mem>
    <remembered-set count="3396" />
  </mem-info>
</gc-start>
<allocation-stats totalBytes="85555048" discardedBytes="1696" >
  <allocated-bytes non-tlh="96" tlh="85554952" />
  <largest-consumer threadName="Default Executor-thread-2585" threadId="00000000014B0900" bytes="85542768" />
</allocation-stats>
<gc-op id="3119" type="scavenge" timems="2.429" contextid="3116" timestamp="2026-09-06T07:45:39.439">
  <scavenger-info tenureage="3" tenuremask="ffd8" tiltratio="89" />
  <memory-copied type="nursery" objects="139429" bytes="6767560" bytesdiscarded="224816" />
  <memory-copied type="tenure" objects="1246" bytes="49960" bytesdiscarded="960" />
  <finalization candidates="192" enqueued="0" />
  <ownableSynchronizers candidates="264" cleared="0" />
  <references type="soft" candidates="304" cleared="0" enqueued="0" dynamicThreshold="9" maxThreshold="32" />
  <references type="weak" candidates="516" cleared="0" enqueued="0" />
  <references type="phantom" candidates="185" cleared="0" enqueued="0" />
  <object-monitors candidates="188" cleared="0"  />
</gc-op>
<gc-end id="3120" type="scavenge" contextid="3116" durationms="2.617" usertimems="14.962" systemtimems="0.000" stalltimems="4.728" timestamp="2026-09-06T07:45:39.439" activeThreads="8">
  <mem-info id="3121" free="103233208" total="230490112" percent="44">
    <mem type="nursery" free="85213248" total="102498304" percent="83">
      <mem type="allocate" free="85213248" total="92209152" percent="92" />
      <mem type="survivor" free="0" total="10289152" percent="0" />
    </mem>
    <mem type="tenure" free="18019960" total="127991808" percent="14" macro-fragmented="12582912">
      <mem type="soa" free="16739960" total="126711808" percent="13" />
      <mem type="loa" free="1280000" total="1280000" percent="100" />
    </mem>
    <remembered-set count="2510" />
  </mem-info>
</gc-end>
<cycle-end id="3122" type="scavenge" contextid="3116" timestamp="2026-09-06T07:45:39.439" />
<allocation-satisfied id="3123" threadId="00000000014B0900" bytesRequested="40" />
<af-end id="3124" timestamp="2026-09-06T07:45:39.439" threadId="00000000014B13C0" success="true" from="nursery"/>
<exclusive-end id="3125" timestamp="2026-09-06T07:45:39.439" durationms="4.079" />

<exclusive-start id="3126" timestamp="2026-09-06T07:46:05.118" intervalms="25683.734">
  <response-info timems="0.172" idlems="0.172" threads="0" lastid="000000000049AC00" lastname="Default Executor-thread-2607" />
</exclusive-start>
<af-start id="3127" threadId="000000000049B6C0" totalBytesRequested="24" timestamp="2026-09-06T07:46:05.121" intervalms="25686.335" type="nursery" />
<cycle-start id="3128" type="scavenge" contextid="0" timestamp="2026-09-06T07:46:05.122" intervalms="25686.738" />
<gc-start id="3129" type="scavenge" contextid="3128" timestamp="2026-09-06T07:46:05.123">
  <mem-info id="3130" free="17994464" total="230490112" percent="7">
    <mem type="nursery" free="0" total="102498304" percent="0">
      <mem type="allocate" free="0" total="92209152" percent="0" />
      <mem type="survivor" free="0" total="10289152" percent="0" />
    </mem>
    <mem type="tenure" free="17994464" total="127991808" percent="14">
      <mem type="soa" free="16714464" total="126711808" percent="13" />
      <mem type="loa" free="1280000" total="1280000" percent="100" />
    </mem>
    <remembered-set count="3359" />
  </mem-info>
</gc-start>
<allocation-stats totalBytes="85175072" discardedBytes="52424" >
  <allocated-bytes non-tlh="380368" tlh="84794704" />
  <largest-consumer threadName="Active Thread: Equinox Container: 8e9ada42-b0c3-41aa-bc78-f04f94c8c87a" threadId="000000000049D400" bytes="5993088" />
</allocation-stats>
<gc-op id="3131" type="scavenge" timems="6.370" contextid="3128" timestamp="2026-09-06T07:46:05.129">
  <scavenger-info tenureage="3" tenuremask="ff48" tiltratio="89" />
  <memory-copied type="nursery" objects="69645" bytes="2313064" bytesdiscarded="156960" />
  <memory-copied type="tenure" objects="37827" bytes="3051600" bytesdiscarded="23104" />
  <finalization candidates="289" enqueued="97" />
  <ownableSynchronizers candidates="4269" cleared="3945" />
  <references type="soft" candidates="65" cleared="0" enqueued="0" dynamicThreshold="9" maxThreshold="32" />
  <references type="weak" candidates="660" cleared="509" enqueued="499" />
  <references type="phantom" candidates="13" cleared="3" enqueued="3" />
  <object-monitors candidates="217" cleared="34"  />
</gc-op>
<gc-end id="3132" type="scavenge" contextid="3128" durationms="8.508" usertimems="32.683" systemtimems="3.786" stalltimems="9.157" timestamp="2026-09-06T07:46:05.131" activeThreads="8">
  <mem-info id="3133" free="104392080" total="230490112" percent="45">
    <mem type="nursery" free="89729224" total="102498304" percent="87">
      <mem type="allocate" free="89729224" total="92209152" percent="97" />
      <mem type="survivor" free="0" total="10289152" percent="0" />
    </mem>
    <mem type="tenure" free="14662856" total="127991808" percent="11" macro-fragmented="10485760">
      <mem type="soa" free="13382856" total="126711808" percent="10" />
      <mem type="loa" free="1280000" total="1280000" percent="100" />
    </mem>
    <pending-finalizers system="5" default="92" reference="502" classloader="0" />
    <remembered-set count="1060" />
  </mem-info>
</gc-end>
<cycle-end id="3134" type="scavenge" contextid="3128" timestamp="2026-09-06T07:46:05.132" />
<allocation-satisfied id="3135" threadId="000000000049AC00" bytesRequested="24" />
<af-end id="3136" timestamp="2026-09-06T07:46:05.132" threadId="000000000049B6C0" success="true" from="nursery"/>
<exclusive-end id="3137" timestamp="2026-09-06T07:46:05.132" durationms="13.443" />

<exclusive-start id="3138" timestamp="2026-09-06T07:47:38.357" intervalms="93238.253">
  <response-info timems="0.021" idlems="0.021" threads="0" lastid="0000000001537F00" lastname="Framework stop - Equinox Container: 8e9ada42-b0c3-41aa-bc78-f04" />
</exclusive-start>
<af-start id="3139" threadId="00000000015389C0" totalBytesRequested="64" timestamp="2026-09-06T07:47:38.357" intervalms="93235.894" type="nursery" />
<cycle-start id="3140" type="scavenge" contextid="0" timestamp="2026-09-06T07:47:38.357" intervalms="93235.534" />
<gc-start id="3141" type="scavenge" contextid="3140" timestamp="2026-09-06T07:47:38.357">
  <mem-info id="3142" free="14603048" total="230490112" percent="6">
    <mem type="nursery" free="0" total="102498304" percent="0">
      <mem type="allocate" free="0" total="92209152" percent="0" />
      <mem type="survivor" free="0" total="10289152" percent="0" />
    </mem>
    <mem type="tenure" free="14603048" total="127991808" percent="11">
      <mem type="soa" free="13323048" total="126711808" percent="10" />
      <mem type="loa" free="1280000" total="1280000" percent="100" />
    </mem>
    <remembered-set count="8324" />
  </mem-info>
</gc-start>
<allocation-stats totalBytes="89690312" discardedBytes="98720" >
  <allocated-bytes non-tlh="869888" tlh="88820424" />
  <largest-consumer threadName="Framework stop - Equinox Container: 8e9ada42-b0c3-41aa-bc78-f04f94c8c87a" threadId="0000000001537F00" bytes="26088984" />
</allocation-stats>
<gc-op id="3143" type="scavenge" timems="1.964" contextid="3140" timestamp="2026-09-06T07:47:38.359">
  <scavenger-info tenureage="5" tenuremask="ffe0" tiltratio="89" />
  <memory-copied type="nursery" objects="68337" bytes="3257864" bytesdiscarded="173120" />
  <finalization candidates="544" enqueued="322" />
  <ownableSynchronizers candidates="8202" cleared="8006" />
  <references type="soft" candidates="777" cleared="0" enqueued="0" dynamicThreshold="9" maxThreshold="32" />
  <references type="weak" candidates="655" cleared="210" enqueued="181" />
  <references type="phantom" candidates="66" cleared="0" enqueued="0" />
  <object-monitors candidates="304" cleared="92"  />
</gc-op>
<gc-end id="3144" type="scavenge" contextid="3140" durationms="8.485" usertimems="15.174" systemtimems="0.000" stalltimems="7.086" timestamp="2026-09-06T07:47:38.366" activeThreads="9">
  <mem-info id="3145" free="103378816" total="230490112" percent="44">
    <mem type="nursery" free="88775768" total="102498304" percent="86">
      <mem type="allocate" free="88775768" total="92209152" percent="96" />
      <mem type="survivor" free="0" total="10289152" percent="0" />
    </mem>
    <mem type="tenure" free="14603048" total="127991808" percent="11" macro-fragmented="8388608">
      <mem type="soa" free="13323048" total="126711808" percent="10" />
      <mem type="loa" free="1280000" total="1280000" percent="100" />
    </mem>
    <pending-finalizers system="322" default="0" reference="181" classloader="0" />
    <remembered-set count="4055" />
  </mem-info>
</gc-end>
<cycle-end id="3146" type="scavenge" contextid="3140" timestamp="2026-09-06T07:47:38.366" />
<allocation-satisfied id="3147" threadId="0000000001537F00" bytesRequested="64" />
<af-end id="3148" timestamp="2026-09-06T07:47:38.366" threadId="00000000015389C0" success="true" from="nursery"/>
<exclusive-end id="3149" timestamp="2026-09-06T07:47:38.366" durationms="9.408" />

</verbosegc>

