<?xml version="1.0" ?>

<verbosegc xmlns="http://www.ibm.com/j9/verbosegc" version="6426f03fa_CMPRSS">

<initialized id="1" timestamp="2026-09-06T06:50:58.368">
  <attribute name="gcPolicy" value="-Xgcpolicy:gencon" />
  <attribute name="maxHeapSize" value="0x7bf80000" />
  <attribute name="initialHeapSize" value="0x800000" />
  <attribute name="compressedRefs" value="true" />
  <attribute name="compressedRefsDisplacement" value="0x0" />
  <attribute name="compressedRefsShift" value="0x3" />
  <attribute name="pageSize" value="0x1000" />
  <attribute name="pageType" value="not used" />
  <attribute name="requestedPageSize" value="0x1000" />
  <attribute name="requestedPageType" value="not used" />
  <attribute name="gcthreads" value="10" />
  <attribute name="gcthreads Concurrent Mark" value="1" />
  <attribute name="packetListSplit" value="2" />
  <attribute name="cacheListSplit" value="2" />
  <attribute name="splitFreeListSplitAmount" value="2" />
  <attribute name="numaNodes" value="0" />
  <system>
    <attribute name="physicalMemory" value="8319504384" />
    <attribute name="addressablePhysicalMemory" value="8319504384" />
    <attribute name="container memory limit set" value="false" />
    <attribute name="numCPUs" value="10" />
    <attribute name="numCPUs active" value="10" />
    <attribute name="architecture" value="amd64" />
    <attribute name="os" value="Linux" />
    <attribute name="osVersion" value="7.0.12-linuxkit" />
  </system>
  <vmargs>
    <vmarg name="-Xoptionsfile=/opt/java/openjdk/lib/options.default" />
    <vmarg name="-Xlockword:mode=default,noLockword=java/lang/String,noLockword=java/util/MapEntry,noLockword=java/util/HashMap$Entry,noLockword..." />
    <vmarg name="-XX:+EnsureHashed:java/lang/Class,java/lang/Thread" />
    <vmarg name="-Dcom.ibm.oti.vm.bootstrap.library.path=/opt/java/openjdk/lib/default:/opt/java/openjdk/lib" />
    <vmarg name="-Dsun.boot.library.path=/opt/java/openjdk/lib/default:/opt/java/openjdk/lib" />
    <vmarg name="-Djava.library.path=/opt/java/openjdk/lib/default:/opt/java/openjdk/lib:/usr/lib64:/usr/lib" />
    <vmarg name="-Djava.home=/opt/java/openjdk" />
    <vmarg name="-Duser.dir=/opt/ibm/wlp/output/defaultServer" />
    <vmarg name="-XX:+IgnoreUnrecognizedVMOptions" />
    <vmarg name="-XX:+PortableSharedCache" />
    <vmarg name="-XX:+IdleTuningGcOnIdle" />
    <vmarg name="-Xshareclasses:name=openj9_system_scc,cacheDir=/opt/java/.scc,readonly,nonFatal" />
    <vmarg name="-Xverbosegclog:/liberty/logs/verbosegc.%seq.log,10,1024" />
    <vmarg name="-Djdk.nativePBKDF2=true" />
    <vmarg name="-XX:+IgnoreUnrecognizedVMOptions" />
    <vmarg name="-XX:+IdleTuningGcOnIdle" />
    <vmarg name="-Xshareclasses:name=openj9_system_scc,cacheDir=/opt/java/.scc,readonly,nonFatal" />
    <vmarg name="-Dosgi.checkConfiguration=false" />
    <vmarg name="-Djdk.nativePBKDF2=true" />
    <vmarg name="-XX:+IgnoreUnrecognizedVMOptions" />
    <vmarg name="-XX:+IdleTuningGcOnIdle" />
    <vmarg name="-Xshareclasses:name=openj9_system_scc,cacheDir=/opt/java/.scc,readonly,nonFatal" />
    <vmarg name="-Dosgi.checkConfiguration=false" />
    <vmarg name="-javaagent:/opt/ibm/wlp/bin/tools/ws-javaagent.jar" />
    <vmarg name="-Djava.awt.headless=true" />
    <vmarg name="-Djdk.attach.allowAttachSelf=true" />
    <vmarg name="--module-path=/opt/ibm/zosconnect/lib/icu4j-71.1.jar:/opt/ibm/zosconnect/lib/icu4j-charset-71.1.jar" />
    <vmarg name="--add-modules=ALL-MODULE-PATH" />
    <vmarg name="--add-exports=java.naming/com.sun.jndi.ldap=ALL-UNNAMED" />
    <vmarg name="--add-exports=java.naming/com.sun.jndi.url.ldap=ALL-UNNAMED" />
    <vmarg name="--add-exports=jdk.naming.dns/com.sun.jndi.dns=ALL-UNNAMED" />
    <vmarg name="--add-exports=jdk.naming.dns/com.sun.jndi.url.dns=ALL-UNNAMED" />
    <vmarg name="--add-exports=java.security.jgss/sun.security.krb5.internal=ALL-UNNAMED" />
    <vmarg name="--add-exports=jdk.attach/sun.tools.attach=ALL-UNNAMED" />
    <vmarg name="--add-opens=java.base/java.util=ALL-UNNAMED" />
    <vmarg name="--add-opens=java.base/java.lang=ALL-UNNAMED" />
    <vmarg name="--add-opens=java.base/java.util.concurrent=ALL-UNNAMED" />
    <vmarg name="--add-opens=java.base/java.io=ALL-UNNAMED" />
    <vmarg name="--add-opens=java.base/java.nio=ALL-UNNAMED" />
    <vmarg name="--add-opens=java.base/sun.nio.ch=ALL-UNNAMED" />
    <vmarg name="--add-opens=java.naming/javax.naming.spi=ALL-UNNAMED" />
    <vmarg name="--add-opens=java.naming/com.sun.naming.internal=ALL-UNNAMED" />
    <vmarg name="--add-opens=jdk.naming.rmi/com.sun.jndi.url.rmi=ALL-UNNAMED" />
    <vmarg name="--add-opens=java.naming/javax.naming=ALL-UNNAMED" />
    <vmarg name="--add-opens=java.rmi/java.rmi=ALL-UNNAMED" />
    <vmarg name="--add-opens=java.sql/java.sql=ALL-UNNAMED" />
    <vmarg name="--add-opens=java.management/javax.management=ALL-UNNAMED" />
    <vmarg name="--add-opens=java.base/java.lang.reflect=ALL-UNNAMED" />
    <vmarg name="--add-opens=java.desktop/java.awt.image=ALL-UNNAMED" />
    <vmarg name="--add-opens=java.base/java.security=ALL-UNNAMED" />
    <vmarg name="--add-opens=java.base/java.net=ALL-UNNAMED" />
    <vmarg name="--add-opens=java.base/java.text=ALL-UNNAMED" />
    <vmarg name="--add-opens=java.base/sun.net.www.protocol.https=ALL-UNNAMED" />
    <vmarg name="--add-exports=jdk.management.agent/jdk.internal.agent=ALL-UNNAMED" />
    <vmarg name="--add-exports=java.base/jdk.internal.vm=ALL-UNNAMED" />
    <vmarg name="-Djava.class.path=/opt/ibm/wlp/bin/tools/ws-server.jar" />
    <vmarg name="-Dsun.java.command=/opt/ibm/wlp/bin/tools/ws-server.jar defaultServer --clean" />
    <vmarg name="-Dsun.java.launcher=SUN_STANDARD" />
  </vmargs>
</initialized>

<exclusive-start id="2" timestamp="2026-09-06T06:50:58.610" intervalms="241.420">
  <response-info timems="0.008" idlems="0.008" threads="0" lastid="0000000000019700" lastname="(unnamed thread)" />
</exclusive-start>
<af-start id="3" threadId="000000000001A1C0" totalBytesRequested="4104" timestamp="2026-09-06T06:50:58.615" intervalms="246.297" type="nursery" />
<cycle-start id="4" type="scavenge" contextid="0" timestamp="2026-09-06T06:50:58.619" intervalms="250.762" />
<gc-start id="5" type="scavenge" contextid="4" timestamp="2026-09-06T06:50:58.621">
  <mem-info id="6" free="6052432" total="8388608" percent="72">
    <mem type="nursery" free="0" total="2097152" percent="0">
      <mem type="allocate" free="0" total="1048576" percent="0" />
      <mem type="survivor" free="0" total="1048576" percent="0" />
    </mem>
    <mem type="tenure" free="6052432" total="6291456" percent="96">
      <mem type="soa" free="5737040" total="5976064" percent="96" />
      <mem type="loa" free="315392" total="315392" percent="100" />
    </mem>
    <remembered-set count="3320" />
  </mem-info>
</gc-start>
<allocation-stats totalBytes="1255824" discardedBytes="31776" >
  <allocated-bytes non-tlh="255416" tlh="1000408" />
  <largest-consumer threadName="(unnamed thread)" threadId="0000000000019700" bytes="1255824" />
</allocation-stats>
<gc-op id="7" type="scavenge" timems="6.149" contextid="4" timestamp="2026-09-06T06:50:58.628">
  <scavenger-info tenureage="2" tenuremask="fffc" tiltratio="50" />
  <memory-copied type="nursery" objects="6114" bytes="271744" bytesdiscarded="6656" />
  <finalization candidates="177" enqueued="119" />
  <ownableSynchronizers candidates="1" cleared="1" />
  <references type="soft" candidates="17" cleared="0" enqueued="0" dynamicThreshold="32" maxThreshold="32" />
  <references type="weak" candidates="80" cleared="8" enqueued="8" />
  <references type="phantom" candidates="4" cleared="0" enqueued="0" />
  <object-monitors candidates="1" cleared="0"  />
</gc-op>
<gc-end id="8" type="scavenge" contextid="4" durationms="8.081" usertimems="9.650" systemtimems="3.152" stalltimems="0.060" timestamp="2026-09-06T06:50:58.629" activeThreads="1">
  <mem-info id="9" free="6821960" total="8388608" percent="81">
    <mem type="nursery" free="769528" total="2097152" percent="36">
      <mem type="allocate" free="769528" total="1048576" percent="73" />
      <mem type="survivor" free="0" total="1048576" percent="0" />
    </mem>
    <mem type="tenure" free="6052432" total="6291456" percent="96">
      <mem type="soa" free="5737040" total="5976064" percent="96" />
      <mem type="loa" free="315392" total="315392" percent="100" />
    </mem>
    <pending-finalizers system="119" default="0" reference="8" classloader="0" />
    <remembered-set count="3320" />
  </mem-info>
</gc-end>
<cycle-end id="10" type="scavenge" contextid="4" timestamp="2026-09-06T06:50:58.630" />
<allocation-satisfied id="11" threadId="0000000000019700" bytesRequested="4104" />
<af-end id="12" timestamp="2026-09-06T06:50:58.630" threadId="000000000001A1C0" success="true" from="nursery"/>
<exclusive-end id="13" timestamp="2026-09-06T06:50:58.630" durationms="20.412" />

<exclusive-start id="14" timestamp="2026-09-06T06:50:58.657" intervalms="47.246">
  <response-info timems="0.011" idlems="0.011" threads="0" lastid="0000000000019700" lastname="(unnamed thread)" />
</exclusive-start>
<af-start id="15" threadId="000000000001A1C0" totalBytesRequested="482192" timestamp="2026-09-06T06:50:58.657" intervalms="42.429" type="nursery" />
<cycle-start id="16" type="scavenge" contextid="0" timestamp="2026-09-06T06:50:58.657" intervalms="38.022" />
<gc-start id="17" type="scavenge" contextid="16" timestamp="2026-09-06T06:50:58.658">
  <mem-info id="18" free="6125048" total="8388608" percent="73">
    <mem type="nursery" free="85488" total="2097152" percent="4">
      <mem type="allocate" free="85488" total="1048576" percent="8" />
      <mem type="survivor" free="0" total="1048576" percent="0" />
    </mem>
    <mem type="tenure" free="6039560" total="6291456" percent="95">
      <mem type="soa" free="5724168" total="5976064" percent="95" />
      <mem type="loa" free="315392" total="315392" percent="100" />
    </mem>
    <pending-finalizers system="119" default="0" reference="8" classloader="0" />
    <remembered-set count="3457" />
  </mem-info>
</gc-start>
<allocation-stats totalBytes="695272" discardedBytes="1640" >
  <allocated-bytes non-tlh="16976" tlh="678296" />
  <largest-consumer threadName="(unnamed thread)" threadId="0000000000019700" bytes="695272" />
</allocation-stats>
<gc-op id="19" type="scavenge" timems="1.478" contextid="16" timestamp="2026-09-06T06:50:58.659">
  <scavenger-info tenureage="6" tenuremask="7fc0" tiltratio="50" />
  <memory-copied type="nursery" objects="6754" bytes="294392" bytesdiscarded="116408" />
  <finalization candidates="177" enqueued="87" />
  <references type="soft" candidates="25" cleared="0" enqueued="0" dynamicThreshold="32" maxThreshold="32" />
  <references type="weak" candidates="113" cleared="11" enqueued="11" />
  <references type="phantom" candidates="6" cleared="0" enqueued="0" />
  <object-monitors candidates="1" cleared="0"  />
</gc-op>
<gc-end id="20" type="scavenge" contextid="16" durationms="1.706" usertimems="1.971" systemtimems="0.261" stalltimems="0.000" timestamp="2026-09-06T06:50:58.659" activeThreads="1">
  <mem-info id="21" free="6676728" total="8388608" percent="79">
    <mem type="nursery" free="637168" total="2097152" percent="30">
      <mem type="allocate" free="637168" total="1048576" percent="60" />
      <mem type="survivor" free="0" total="1048576" percent="0" />
    </mem>
    <mem type="tenure" free="6039560" total="6291456" percent="95">
      <mem type="soa" free="5724168" total="5976064" percent="95" />
      <mem type="loa" free="315392" total="315392" percent="100" />
    </mem>
    <pending-finalizers system="206" default="0" reference="19" classloader="0" />
    <remembered-set count="3457" />
  </mem-info>
</gc-end>
<cycle-end id="22" type="scavenge" contextid="16" timestamp="2026-09-06T06:50:58.659" />
<allocation-satisfied id="23" threadId="0000000000019700" bytesRequested="482192" />
<af-end id="24" timestamp="2026-09-06T06:50:58.660" threadId="000000000001A1C0" success="true" from="nursery"/>
<exclusive-end id="25" timestamp="2026-09-06T06:50:58.660" durationms="2.655" />

<exclusive-start id="26" timestamp="2026-09-06T06:50:58.768" intervalms="110.755">
  <response-info timems="0.009" idlems="0.009" threads="0" lastid="0000000000019700" lastname="(unnamed thread)" />
</exclusive-start>
<af-start id="27" threadId="000000000001A1C0" totalBytesRequested="16392" timestamp="2026-09-06T06:50:58.768" intervalms="110.809" type="nursery" />
<cycle-start id="28" type="scavenge" contextid="0" timestamp="2026-09-06T06:50:58.768" intervalms="110.822" />
<gc-start id="29" type="scavenge" contextid="28" timestamp="2026-09-06T06:50:58.768">
  <mem-info id="30" free="6031536" total="8388608" percent="71">
    <mem type="nursery" free="0" total="2097152" percent="0">
      <mem type="allocate" free="0" total="1048576" percent="0" />
      <mem type="survivor" free="0" total="1048576" percent="0" />
    </mem>
    <mem type="tenure" free="6031536" total="6291456" percent="95">
      <mem type="soa" free="5716144" total="5976064" percent="95" />
      <mem type="loa" free="315392" total="315392" percent="100" />
    </mem>
    <pending-finalizers system="206" default="0" reference="19" classloader="0" />
    <remembered-set count="3564" />
  </mem-info>
</gc-start>
<allocation-stats totalBytes="630688" discardedBytes="14504" >
  <allocated-bytes non-tlh="553944" tlh="76744" />
  <largest-consumer threadName="(unnamed thread)" threadId="0000000000019700" bytes="630688" />
</allocation-stats>
<gc-op id="31" type="scavenge" timems="1.841" contextid="28" timestamp="2026-09-06T06:50:58.770">
  <scavenger-info tenureage="2" tenuremask="7fc4" tiltratio="50" />
  <memory-copied type="nursery" objects="1007" bytes="597048" bytesdiscarded="16392" />
  <memory-copied type="tenure" objects="6088" bytes="270872" bytesdiscarded="16" />
  <finalization candidates="99" enqueued="6" />
  <ownableSynchronizers candidates="1" cleared="1" />
  <references type="soft" candidates="10" cleared="0" enqueued="0" dynamicThreshold="32" maxThreshold="32" />
  <references type="weak" candidates="40" cleared="0" enqueued="0" />
  <references type="phantom" candidates="9" cleared="0" enqueued="0" />
  <object-monitors candidates="1" cleared="0"  />
</gc-op>
<gc-end id="32" type="scavenge" contextid="28" durationms="2.357" usertimems="2.287" systemtimems="0.068" stalltimems="0.000" timestamp="2026-09-06T06:50:58.770" activeThreads="1">
  <mem-info id="33" free="6171152" total="8388608" percent="73">
    <mem type="nursery" free="435056" total="2097152" percent="20">
      <mem type="allocate" free="435056" total="1048576" percent="41" />
      <mem type="survivor" free="0" total="1048576" percent="0" />
    </mem>
    <mem type="tenure" free="5736096" total="6291456" percent="91">
      <mem type="soa" free="5420704" total="5976064" percent="90" />
      <mem type="loa" free="315392" total="315392" percent="100" />
    </mem>
    <pending-finalizers system="212" default="0" reference="19" classloader="0" />
    <remembered-set count="309" />
  </mem-info>
</gc-end>
<cycle-end id="34" type="scavenge" contextid="28" timestamp="2026-09-06T06:50:58.770" />
<allocation-satisfied id="35" threadId="0000000000019700" bytesRequested="16392" />
<af-end id="36" timestamp="2026-09-06T06:50:58.770" threadId="000000000001A1C0" success="true" from="nursery"/>
<exclusive-end id="37" timestamp="2026-09-06T06:50:58.770" durationms="2.802" />

<exclusive-start id="38" timestamp="2026-09-06T06:50:58.776" intervalms="7.856">
  <response-info timems="0.006" idlems="0.006" threads="0" lastid="0000000000019700" lastname="(unnamed thread)" />
</exclusive-start>
<af-start id="39" threadId="000000000001A1C0" totalBytesRequested="912" timestamp="2026-09-06T06:50:58.776" intervalms="7.785" type="nursery" />
<cycle-start id="40" type="scavenge" contextid="0" timestamp="2026-09-06T06:50:58.776" intervalms="7.746" />
<gc-start id="41" type="scavenge" contextid="40" timestamp="2026-09-06T06:50:58.776">
  <mem-info id="42" free="5731224" total="8388608" percent="68">
    <mem type="nursery" free="0" total="2097152" percent="0">
      <mem type="allocate" free="0" total="1048576" percent="0" />
      <mem type="survivor" free="0" total="1048576" percent="0" />
    </mem>
    <mem type="tenure" free="5731224" total="6291456" percent="91">
      <mem type="soa" free="5415832" total="5976064" percent="90" />
      <mem type="loa" free="315392" total="315392" percent="100" />
    </mem>
    <pending-finalizers system="212" default="0" reference="19" classloader="0" />
    <remembered-set count="361" />
  </mem-info>
</gc-start>
<allocation-stats totalBytes="435832" discardedBytes="4096" >
  <allocated-bytes non-tlh="21264" tlh="414568" />
  <largest-consumer threadName="(unnamed thread)" threadId="0000000000019700" bytes="435832" />
</allocation-stats>
<gc-op id="43" type="scavenge" timems="0.288" contextid="40" timestamp="2026-09-06T06:50:58.776">
  <scavenger-info tenureage="5" tenuremask="7fe0" tiltratio="50" />
  <memory-copied type="nursery" objects="1558" bytes="635864" bytesdiscarded="125288" />
  <finalization candidates="118" enqueued="53" />
  <references type="soft" candidates="21" cleared="0" enqueued="0" dynamicThreshold="32" maxThreshold="32" />
  <references type="weak" candidates="84" cleared="4" enqueued="4" />
  <references type="phantom" candidates="9" cleared="0" enqueued="0" />
  <object-monitors candidates="1" cleared="0"  />
</gc-op>
<heap-resize id="44" type="expand" space="nursery" amount="131072" count="1" timems="0.309" reason="excessive time being spent scavenging" timestamp="2026-09-06T06:50:58.777" />
<gc-end id="45" type="scavenge" contextid="40" durationms="0.922" usertimems="0.831" systemtimems="0.000" stalltimems="0.000" timestamp="2026-09-06T06:50:58.777" activeThreads="1">
  <mem-info id="46" free="6084096" total="8519680" percent="71">
    <mem type="nursery" free="352872" total="2228224" percent="15">
      <mem type="allocate" free="352872" total="1114112" percent="31" />
      <mem type="survivor" free="0" total="1114112" percent="0" />
    </mem>
    <mem type="tenure" free="5731224" total="6291456" percent="91">
      <mem type="soa" free="5415832" total="5976064" percent="90" />
      <mem type="loa" free="315392" total="315392" percent="100" />
    </mem>
    <pending-finalizers system="265" default="0" reference="23" classloader="0" />
    <remembered-set count="253" />
  </mem-info>
</gc-end>
<cycle-end id="47" type="scavenge" contextid="40" timestamp="2026-09-06T06:50:58.777" />
<allocation-satisfied id="48" threadId="0000000000019700" bytesRequested="912" />
<af-end id="49" timestamp="2026-09-06T06:50:58.777" threadId="000000000001A1C0" success="true" from="nursery"/>
<exclusive-end id="50" timestamp="2026-09-06T06:50:58.777" durationms="1.180" />

<exclusive-start id="51" timestamp="2026-09-06T06:50:58.781" intervalms="5.277">
  <response-info timems="0.010" idlems="0.010" threads="0" lastid="0000000000019700" lastname="(unnamed thread)" />
</exclusive-start>
<af-start id="52" threadId="000000000001A1C0" totalBytesRequested="16392" timestamp="2026-09-06T06:50:58.781" intervalms="5.311" type="nursery" />
<cycle-start id="53" type="scavenge" contextid="0" timestamp="2026-09-06T06:50:58.781" intervalms="5.330" />
<gc-start id="54" type="scavenge" contextid="53" timestamp="2026-09-06T06:50:58.781">
  <mem-info id="55" free="5724616" total="8519680" percent="67">
    <mem type="nursery" free="0" total="2228224" percent="0">
      <mem type="allocate" free="0" total="1114112" percent="0" />
      <mem type="survivor" free="0" total="1114112" percent="0" />
    </mem>
    <mem type="tenure" free="5724616" total="6291456" percent="90">
      <mem type="soa" free="5409224" total="5976064" percent="90" />
      <mem type="loa" free="315392" total="315392" percent="100" />
    </mem>
    <pending-finalizers system="265" default="0" reference="23" classloader="0" />
    <remembered-set count="356" />
  </mem-info>
</gc-start>
<allocation-stats totalBytes="343352" discardedBytes="16128" >
  <allocated-bytes non-tlh="7520" tlh="335832" />
  <largest-consumer threadName="(unnamed thread)" threadId="0000000000019700" bytes="343352" />
</allocation-stats>
<gc-op id="56" type="scavenge" timems="0.392" contextid="53" timestamp="2026-09-06T06:50:58.781">
  <scavenger-info tenureage="2" tenuremask="fff4" tiltratio="50" />
  <memory-copied type="nursery" objects="1515" bytes="59880" bytesdiscarded="71328" />
  <memory-copied type="tenure" objects="313" bytes="568464" bytesdiscarded="0" />
  <finalization candidates="131" enqueued="46" />
  <references type="soft" candidates="22" cleared="0" enqueued="0" dynamicThreshold="32" maxThreshold="32" />
  <references type="weak" candidates="101" cleared="8" enqueued="8" />
  <references type="phantom" candidates="2" cleared="0" enqueued="0" />
  <object-monitors candidates="1" cleared="0"  />
</gc-op>
<heap-resize id="57" type="expand" space="nursery" amount="131072" count="1" timems="0.069" reason="excessive time being spent scavenging" timestamp="2026-09-06T06:50:58.782" />
<gc-end id="58" type="scavenge" contextid="53" durationms="0.614" usertimems="1.125" systemtimems="0.000" stalltimems="0.000" timestamp="2026-09-06T06:50:58.782" activeThreads="1">
  <mem-info id="59" free="6227016" total="8650752" percent="71">
    <mem type="nursery" free="1048320" total="2359296" percent="44">
      <mem type="allocate" free="1048320" total="1179648" percent="88" />
      <mem type="survivor" free="0" total="1179648" percent="0" />
    </mem>
    <mem type="tenure" free="5178696" total="6291456" percent="82">
      <mem type="soa" free="4863304" total="5976064" percent="81" />
      <mem type="loa" free="315392" total="315392" percent="100" />
    </mem>
    <pending-finalizers system="311" default="0" reference="31" classloader="0" />
    <remembered-set count="257" />
  </mem-info>
</gc-end>
<cycle-end id="60" type="scavenge" contextid="53" timestamp="2026-09-06T06:50:58.782" />
<allocation-satisfied id="61" threadId="0000000000019700" bytesRequested="16392" />
<af-end id="62" timestamp="2026-09-06T06:50:58.782" threadId="000000000001A1C0" success="true" from="nursery"/>
<exclusive-end id="63" timestamp="2026-09-06T06:50:58.782" durationms="0.890" />

<exclusive-start id="64" timestamp="2026-09-06T06:50:58.808" intervalms="27.664">
  <response-info timems="0.028" idlems="0.028" threads="0" lastid="0000000000019700" lastname="(unnamed thread)" />
</exclusive-start>
<af-start id="65" threadId="000000000001A1C0" totalBytesRequested="104" timestamp="2026-09-06T06:50:58.809" intervalms="27.684" type="nursery" />
<cycle-start id="66" type="scavenge" contextid="0" timestamp="2026-09-06T06:50:58.809" intervalms="27.690" />
<gc-start id="67" type="scavenge" contextid="66" timestamp="2026-09-06T06:50:58.809">
  <mem-info id="68" free="5178448" total="8650752" percent="59">
    <mem type="nursery" free="0" total="2359296" percent="0">
      <mem type="allocate" free="0" total="1179648" percent="0" />
      <mem type="survivor" free="0" total="1179648" percent="0" />
    </mem>
    <mem type="tenure" free="5178448" total="6291456" percent="82">
      <mem type="soa" free="4863056" total="5976064" percent="81" />
      <mem type="loa" free="315392" total="315392" percent="100" />
    </mem>
    <pending-finalizers system="311" default="0" reference="31" classloader="0" />
    <remembered-set count="260" />
  </mem-info>
</gc-start>
<allocation-stats totalBytes="1047984" discardedBytes="584" >
  <allocated-bytes non-tlh="16640" tlh="1031344" />
  <largest-consumer threadName="(unnamed thread)" threadId="0000000000019700" bytes="1047984" />
</allocation-stats>
<gc-op id="69" type="scavenge" timems="0.506" contextid="66" timestamp="2026-09-06T06:50:58.809">
  <scavenger-info tenureage="4" tenuremask="fff0" tiltratio="50" />
  <memory-copied type="nursery" objects="5401" bytes="203672" bytesdiscarded="58944" />
  <memory-copied type="tenure" objects="654" bytes="23000" bytesdiscarded="8" />
  <finalization candidates="86" enqueued="2" />
  <references type="soft" candidates="14" cleared="0" enqueued="0" dynamicThreshold="32" maxThreshold="32" />
  <references type="weak" candidates="64" cleared="1" enqueued="1" />
  <object-monitors candidates="1" cleared="0"  />
</gc-op>
<gc-end id="70" type="scavenge" contextid="66" durationms="0.687" usertimems="0.712" systemtimems="0.129" stalltimems="0.000" timestamp="2026-09-06T06:50:58.809" activeThreads="1">
  <mem-info id="71" free="6095184" total="8650752" percent="70">
    <mem type="nursery" free="1048064" total="2359296" percent="44">
      <mem type="allocate" free="1048064" total="1310720" percent="79" />
      <mem type="survivor" free="0" total="1048576" percent="0" />
    </mem>
    <mem type="tenure" free="5047120" total="6291456" percent="80">
      <mem type="soa" free="4731728" total="5976064" percent="79" />
      <mem type="loa" free="315392" total="315392" percent="100" />
    </mem>
    <pending-finalizers system="313" default="0" reference="32" classloader="0" />
    <remembered-set count="168" />
  </mem-info>
</gc-end>
<cycle-end id="72" type="scavenge" contextid="66" timestamp="2026-09-06T06:50:58.809" />
<allocation-satisfied id="73" threadId="0000000000019700" bytesRequested="104" />
<af-end id="74" timestamp="2026-09-06T06:50:58.810" threadId="000000000001A1C0" success="true" from="nursery"/>
<exclusive-end id="75" timestamp="2026-09-06T06:50:58.810" durationms="1.069" />

<exclusive-start id="76" timestamp="2026-09-06T06:50:58.849" intervalms="40.941">
  <response-info timems="0.011" idlems="0.011" threads="0" lastid="0000000000019700" lastname="(unnamed thread)" />
</exclusive-start>
<af-start id="77" threadId="000000000001A1C0" totalBytesRequested="16392" timestamp="2026-09-06T06:50:58.849" intervalms="40.915" type="nursery" />
<cycle-start id="78" type="scavenge" contextid="0" timestamp="2026-09-06T06:50:58.850" intervalms="40.912" />
<gc-start id="79" type="scavenge" contextid="78" timestamp="2026-09-06T06:50:58.850">
  <mem-info id="80" free="5041272" total="8650752" percent="58">
    <mem type="nursery" free="0" total="2359296" percent="0">
      <mem type="allocate" free="0" total="1310720" percent="0" />
      <mem type="survivor" free="0" total="1048576" percent="0" />
    </mem>
    <mem type="tenure" free="5041272" total="6291456" percent="80">
      <mem type="soa" free="4725880" total="5976064" percent="79" />
      <mem type="loa" free="315392" total="315392" percent="100" />
    </mem>
    <pending-finalizers system="313" default="0" reference="32" classloader="0" />
    <remembered-set count="246" />
  </mem-info>
</gc-start>
<allocation-stats totalBytes="1046648" discardedBytes="7264" >
  <allocated-bytes non-tlh="5952" tlh="1040696" />
  <largest-consumer threadName="(unnamed thread)" threadId="0000000000019700" bytes="1046648" />
</allocation-stats>
<gc-op id="81" type="scavenge" timems="0.236" contextid="78" timestamp="2026-09-06T06:50:58.850">
  <scavenger-info tenureage="3" tenuremask="fff8" tiltratio="55" />
  <memory-copied type="nursery" objects="763" bytes="65984" bytesdiscarded="65272" />
  <memory-copied type="tenure" objects="494" bytes="19016" bytesdiscarded="0" />
  <finalization candidates="104" enqueued="39" />
  <references type="soft" candidates="6" cleared="0" enqueued="0" dynamicThreshold="32" maxThreshold="32" />
  <references type="weak" candidates="38" cleared="6" enqueued="6" />
  <references type="phantom" candidates="3" cleared="0" enqueued="0" />
  <object-monitors candidates="1" cleared="0"  />
</gc-op>
<gc-end id="82" type="scavenge" contextid="78" durationms="0.408" usertimems="0.300" systemtimems="0.049" stalltimems="0.000" timestamp="2026-09-06T06:50:58.850" activeThreads="1">
  <mem-info id="83" free="6351736" total="8650752" percent="73">
    <mem type="nursery" free="1310464" total="2359296" percent="55">
      <mem type="allocate" free="1310464" total="1441792" percent="90" />
      <mem type="survivor" free="0" total="917504" percent="0" />
    </mem>
    <mem type="tenure" free="5041272" total="6291456" percent="80">
      <mem type="soa" free="4725880" total="5976064" percent="79" />
      <mem type="loa" free="315392" total="315392" percent="100" />
    </mem>
    <pending-finalizers system="352" default="0" reference="38" classloader="0" />
    <remembered-set count="146" />
  </mem-info>
</gc-end>
<cycle-end id="84" type="scavenge" contextid="78" timestamp="2026-09-06T06:50:58.850" />
<allocation-satisfied id="85" threadId="0000000000019700" bytesRequested="16392" />
<af-end id="86" timestamp="2026-09-06T06:50:58.850" threadId="000000000001A1C0" success="true" from="nursery"/>
<exclusive-end id="87" timestamp="2026-09-06T06:50:58.850" durationms="0.732" />

<exclusive-start id="88" timestamp="2026-09-06T06:50:58.878" intervalms="28.559">
  <response-info timems="0.008" idlems="0.008" threads="0" lastid="0000000000019700" lastname="(unnamed thread)" />
</exclusive-start>
<af-start id="89" threadId="000000000001A1C0" totalBytesRequested="16392" timestamp="2026-09-06T06:50:58.878" intervalms="28.544" type="nursery" />
<cycle-start id="90" type="scavenge" contextid="0" timestamp="2026-09-06T06:50:58.878" intervalms="28.541" />
<gc-start id="91" type="scavenge" contextid="90" timestamp="2026-09-06T06:50:58.878">
  <mem-info id="92" free="5029104" total="8650752" percent="58">
    <mem type="nursery" free="0" total="2359296" percent="0">
      <mem type="allocate" free="0" total="1441792" percent="0" />
      <mem type="survivor" free="0" total="917504" percent="0" />
    </mem>
    <mem type="tenure" free="5029104" total="6291456" percent="79">
      <mem type="soa" free="4713712" total="5976064" percent="78" />
      <mem type="loa" free="315392" total="315392" percent="100" />
    </mem>
    <pending-finalizers system="352" default="0" reference="38" classloader="0" />
    <remembered-set count="521" />
  </mem-info>
</gc-start>
<allocation-stats totalBytes="1315200" discardedBytes="7432" >
  <allocated-bytes non-tlh="28560" tlh="1286640" />
  <largest-consumer threadName="(unnamed thread)" threadId="0000000000019700" bytes="1315200" />
</allocation-stats>
<gc-op id="93" type="scavenge" timems="0.445" contextid="90" timestamp="2026-09-06T06:50:58.879">
  <scavenger-info tenureage="5" tenuremask="ffe0" tiltratio="61" />
  <memory-copied type="nursery" objects="5482" bytes="181928" bytesdiscarded="80344" />
  <finalization candidates="172" enqueued="93" />
  <references type="soft" candidates="13" cleared="0" enqueued="0" dynamicThreshold="32" maxThreshold="32" />
  <references type="weak" candidates="82" cleared="15" enqueued="15" />
  <object-monitors candidates="1" cleared="0"  />
</gc-op>
<gc-end id="94" type="scavenge" contextid="90" durationms="0.556" usertimems="0.824" systemtimems="0.000" stalltimems="0.000" timestamp="2026-09-06T06:50:58.879" activeThreads="1">
  <mem-info id="95" free="6339312" total="8650752" percent="73">
    <mem type="nursery" free="1310208" total="2359296" percent="55">
      <mem type="allocate" free="1310208" total="1572864" percent="83" />
      <mem type="survivor" free="0" total="786432" percent="0" />
    </mem>
    <mem type="tenure" free="5029104" total="6291456" percent="79">
      <mem type="soa" free="4713712" total="5976064" percent="78" />
      <mem type="loa" free="315392" total="315392" percent="100" />
    </mem>
    <pending-finalizers system="445" default="0" reference="53" classloader="0" />
    <remembered-set count="511" />
  </mem-info>
</gc-end>
<cycle-end id="96" type="scavenge" contextid="90" timestamp="2026-09-06T06:50:58.879" />
<allocation-satisfied id="97" threadId="0000000000019700" bytesRequested="16392" />
<af-end id="98" timestamp="2026-09-06T06:50:58.879" threadId="000000000001A1C0" success="true" from="nursery"/>
<exclusive-end id="99" timestamp="2026-09-06T06:50:58.879" durationms="0.812" />

<exclusive-start id="100" timestamp="2026-09-06T06:50:58.923" intervalms="44.908">
  <response-info timems="0.009" idlems="0.009" threads="0" lastid="0000000000019700" lastname="main" />
</exclusive-start>
<af-start id="101" threadId="000000000001A1C0" totalBytesRequested="11456" timestamp="2026-09-06T06:50:58.923" intervalms="44.905" type="nursery" />
<cycle-start id="102" type="scavenge" contextid="0" timestamp="2026-09-06T06:50:58.923" intervalms="44.913" />
<gc-start id="103" type="scavenge" contextid="102" timestamp="2026-09-06T06:50:58.923">
  <mem-info id="104" free="4966248" total="8650752" percent="57">
    <mem type="nursery" free="0" total="2359296" percent="0">
      <mem type="allocate" free="0" total="1572864" percent="0" />
      <mem type="survivor" free="0" total="786432" percent="0" />
    </mem>
    <mem type="tenure" free="4966248" total="6291456" percent="78">
      <mem type="soa" free="4650856" total="5976064" percent="77" />
      <mem type="loa" free="315392" total="315392" percent="100" />
    </mem>
    <remembered-set count="1584" />
  </mem-info>
</gc-start>
<allocation-stats totalBytes="1308480" discardedBytes="64584" >
  <allocated-bytes non-tlh="79248" tlh="1229232" />
  <largest-consumer threadName="main" threadId="0000000000019700" bytes="1183880" />
</allocation-stats>
<gc-op id="105" type="scavenge" timems="0.588" contextid="102" timestamp="2026-09-06T06:50:58.924">
  <scavenger-info tenureage="3" tenuremask="fff8" tiltratio="66" />
  <memory-copied type="nursery" objects="7975" bytes="326576" bytesdiscarded="70784" />
  <memory-copied type="tenure" objects="263" bytes="9480" bytesdiscarded="0" />
  <finalization candidates="184" enqueued="70" />
  <ownableSynchronizers candidates="4" cleared="3" />
  <references type="soft" candidates="34" cleared="0" enqueued="0" dynamicThreshold="32" maxThreshold="32" />
  <references type="weak" candidates="176" cleared="103" enqueued="103" />
  <references type="phantom" candidates="10" cleared="0" enqueued="0" />
  <object-monitors candidates="1" cleared="0"  />
</gc-op>
<gc-end id="106" type="scavenge" contextid="102" durationms="0.733" usertimems="1.626" systemtimems="0.000" stalltimems="0.194" timestamp="2026-09-06T06:50:58.924" activeThreads="2">
  <mem-info id="107" free="6083424" total="8650752" percent="70">
    <mem type="nursery" free="1174776" total="2359296" percent="49">
      <mem type="allocate" free="1174776" total="1572864" percent="74" />
      <mem type="survivor" free="0" total="786432" percent="0" />
    </mem>
    <mem type="tenure" free="4908648" total="6291456" percent="78">
      <mem type="soa" free="4593256" total="5976064" percent="76" />
      <mem type="loa" free="315392" total="315392" percent="100" />
    </mem>
    <pending-finalizers system="70" default="0" reference="103" classloader="0" />
    <remembered-set count="1490" />
  </mem-info>
</gc-end>
<cycle-end id="108" type="scavenge" contextid="102" timestamp="2026-09-06T06:50:58.924" />
<allocation-satisfied id="109" threadId="0000000000019700" bytesRequested="11456" />
<af-end id="110" timestamp="2026-09-06T06:50:58.924" threadId="000000000001A1C0" success="true" from="nursery"/>
<exclusive-end id="111" timestamp="2026-09-06T06:50:58.924" durationms="1.060" />

<exclusive-start id="112" timestamp="2026-09-06T06:50:58.961" intervalms="38.284">
  <response-info timems="0.009" idlems="0.009" threads="0" lastid="0000000000019700" lastname="main" />
</exclusive-start>
<af-start id="113" threadId="000000000001A1C0" totalBytesRequested="120" timestamp="2026-09-06T06:50:58.961" intervalms="38.285" type="nursery" />
<cycle-start id="114" type="scavenge" contextid="0" timestamp="2026-09-06T06:50:58.961" intervalms="38.290" />
<gc-start id="115" type="scavenge" contextid="114" timestamp="2026-09-06T06:50:58.961">
  <mem-info id="116" free="4885000" total="8650752" percent="56">
    <mem type="nursery" free="0" total="2359296" percent="0">
      <mem type="allocate" free="0" total="1572864" percent="0" />
      <mem type="survivor" free="0" total="786432" percent="0" />
    </mem>
    <mem type="tenure" free="4885000" total="6291456" percent="77">
      <mem type="soa" free="4569608" total="5976064" percent="76" />
      <mem type="loa" free="315392" total="315392" percent="100" />
    </mem>
    <remembered-set count="1811" />
  </mem-info>
</gc-start>
<allocation-stats totalBytes="1197544" discardedBytes="880" >
  <allocated-bytes non-tlh="35104" tlh="1162440" />
  <largest-consumer threadName="main" threadId="0000000000019700" bytes="1197544" />
</allocation-stats>
<gc-op id="117" type="scavenge" timems="0.540" contextid="114" timestamp="2026-09-06T06:50:58.962">
  <scavenger-info tenureage="6" tenuremask="ffc0" tiltratio="66" />
  <memory-copied type="nursery" objects="9517" bytes="401968" bytesdiscarded="78824" />
  <finalization candidates="142" enqueued="30" />
  <ownableSynchronizers candidates="5" cleared="2" />
  <references type="soft" candidates="53" cleared="0" enqueued="0" dynamicThreshold="32" maxThreshold="32" />
  <references type="weak" candidates="175" cleared="95" enqueued="95" />
  <references type="phantom" candidates="10" cleared="0" enqueued="0" />
  <object-monitors candidates="1" cleared="0"  />
</gc-op>
<gc-end id="118" type="scavenge" contextid="114" durationms="0.754" usertimems="1.053" systemtimems="0.000" stalltimems="0.171" timestamp="2026-09-06T06:50:58.962" activeThreads="2">
  <mem-info id="119" free="6172936" total="8650752" percent="71">
    <mem type="nursery" free="1287936" total="2359296" percent="54">
      <mem type="allocate" free="1287936" total="1769472" percent="72" />
      <mem type="survivor" free="0" total="589824" percent="0" />
    </mem>
    <mem type="tenure" free="4885000" total="6291456" percent="77">
      <mem type="soa" free="4569608" total="5976064" percent="76" />
      <mem type="loa" free="315392" total="315392" percent="100" />
    </mem>
    <pending-finalizers system="30" default="0" reference="95" classloader="0" />
    <remembered-set count="1697" />
  </mem-info>
</gc-end>
<cycle-end id="120" type="scavenge" contextid="114" timestamp="2026-09-06T06:50:58.962" />
<allocation-satisfied id="121" threadId="0000000000019700" bytesRequested="120" />
<af-end id="122" timestamp="2026-09-06T06:50:58.962" threadId="000000000001A1C0" success="true" from="nursery"/>
<exclusive-end id="123" timestamp="2026-09-06T06:50:58.962" durationms="1.051" />

<exclusive-start id="124" timestamp="2026-09-06T06:50:59.032" intervalms="70.549">
  <response-info timems="0.010" idlems="0.010" threads="0" lastid="0000000000019700" lastname="main" />
</exclusive-start>
<af-start id="125" threadId="000000000001A1C0" totalBytesRequested="16392" timestamp="2026-09-06T06:50:59.032" intervalms="70.564" type="nursery" />
<cycle-start id="126" type="scavenge" contextid="0" timestamp="2026-09-06T06:50:59.032" intervalms="70.568" />
<gc-start id="127" type="scavenge" contextid="126" timestamp="2026-09-06T06:50:59.032">
  <mem-info id="128" free="4880528" total="8650752" percent="56">
    <mem type="nursery" free="0" total="2359296" percent="0">
      <mem type="allocate" free="0" total="1769472" percent="0" />
      <mem type="survivor" free="0" total="589824" percent="0" />
    </mem>
    <mem type="tenure" free="4880528" total="6291456" percent="77">
      <mem type="soa" free="4565136" total="5976064" percent="76" />
      <mem type="loa" free="315392" total="315392" percent="100" />
    </mem>
    <remembered-set count="1770" />
  </mem-info>
</gc-start>
<allocation-stats totalBytes="1274984" discardedBytes="17424" >
  <allocated-bytes non-tlh="4592" tlh="1270392" />
  <largest-consumer threadName="main" threadId="0000000000019700" bytes="1274984" />
</allocation-stats>
<gc-op id="129" type="scavenge" timems="0.487" contextid="126" timestamp="2026-09-06T06:50:59.032">
  <scavenger-info tenureage="3" tenuremask="ffd8" tiltratio="75" />
  <memory-copied type="nursery" objects="3985" bytes="201944" bytesdiscarded="168328" />
  <memory-copied type="tenure" objects="4888" bytes="154024" bytesdiscarded="40" />
  <finalization candidates="160" enqueued="28" />
  <ownableSynchronizers candidates="3" cleared="0" />
  <references type="soft" candidates="69" cleared="0" enqueued="0" dynamicThreshold="32" maxThreshold="32" />
  <references type="weak" candidates="67" cleared="15" enqueued="15" />
  <references type="phantom" candidates="10" cleared="0" enqueued="0" />
  <object-monitors candidates="1" cleared="0"  />
</gc-op>
<gc-end id="130" type="scavenge" contextid="126" durationms="0.616" usertimems="0.311" systemtimems="0.881" stalltimems="0.341" timestamp="2026-09-06T06:50:59.033" activeThreads="3">
  <mem-info id="131" free="6122632" total="8650752" percent="70">
    <mem type="nursery" free="1398776" total="2359296" percent="59">
      <mem type="allocate" free="1398776" total="1769472" percent="79" />
      <mem type="survivor" free="0" total="589824" percent="0" />
    </mem>
    <mem type="tenure" free="4723856" total="6291456" percent="75">
      <mem type="soa" free="4408464" total="5976064" percent="73" />
      <mem type="loa" free="315392" total="315392" percent="100" />
    </mem>
    <pending-finalizers system="28" default="0" reference="15" classloader="0" />
    <remembered-set count="575" />
  </mem-info>
</gc-end>
<cycle-end id="132" type="scavenge" contextid="126" timestamp="2026-09-06T06:50:59.033" />
<allocation-satisfied id="133" threadId="0000000000019700" bytesRequested="16392" />
<af-end id="134" timestamp="2026-09-06T06:50:59.033" threadId="000000000001A1C0" success="true" from="nursery"/>
<exclusive-end id="135" timestamp="2026-09-06T06:50:59.033" durationms="0.938" />

<exclusive-start id="136" timestamp="2026-09-06T06:50:59.076" intervalms="44.668">
  <response-info timems="0.012" idlems="0.012" threads="0" lastid="0000000000019700" lastname="main" />
</exclusive-start>
<af-start id="137" threadId="000000000001A1C0" totalBytesRequested="482192" timestamp="2026-09-06T06:50:59.076" intervalms="44.697" type="nursery" />
<cycle-start id="138" type="scavenge" contextid="0" timestamp="2026-09-06T06:50:59.077" intervalms="44.700" />
<gc-start id="139" type="scavenge" contextid="138" timestamp="2026-09-06T06:50:59.077">
  <mem-info id="140" free="4528192" total="8650752" percent="52">
    <mem type="nursery" free="0" total="2359296" percent="0">
      <mem type="allocate" free="0" total="1769472" percent="0" />
      <mem type="survivor" free="0" total="589824" percent="0" />
    </mem>
    <mem type="tenure" free="4528192" total="6291456" percent="71">
      <mem type="soa" free="4212800" total="5976064" percent="70" />
      <mem type="loa" free="315392" total="315392" percent="100" />
    </mem>
    <remembered-set count="3792" />
  </mem-info>
</gc-start>
<allocation-stats totalBytes="1593288" discardedBytes="1152" >
  <allocated-bytes non-tlh="212056" tlh="1381232" />
  <largest-consumer threadName="main" threadId="0000000000019700" bytes="1593288" />
</allocation-stats>
<gc-op id="141" type="scavenge" timems="0.744" contextid="138" timestamp="2026-09-06T06:50:59.077">
  <scavenger-info tenureage="3" tenuremask="ffc8" tiltratio="75" />
  <memory-copied type="nursery" objects="11742" bytes="565472" bytesdiscarded="23800" />
  <memory-copied type="tenure" objects="3737" bytes="206088" bytesdiscarded="48" />
  <copy-failed type="nursery" objects="1124" bytes="62032" />
  <finalization candidates="203" enqueued="76" />
  <ownableSynchronizers candidates="5" cleared="0" />
  <references type="soft" candidates="102" cleared="0" enqueued="0" dynamicThreshold="32" maxThreshold="32" />
  <references type="weak" candidates="74" cleared="15" enqueued="15" />
  <references type="phantom" candidates="8" cleared="0" enqueued="0" />
  <object-monitors candidates="1" cleared="0"  />
</gc-op>
<gc-end id="142" type="scavenge" contextid="138" durationms="0.881" usertimems="2.076" systemtimems="0.314" stalltimems="0.383" timestamp="2026-09-06T06:50:59.078" activeThreads="3">
  <mem-info id="143" free="4803416" total="8650752" percent="55">
    <mem type="nursery" free="589824" total="2359296" percent="25">
      <mem type="allocate" free="589824" total="1179648" percent="50" />
      <mem type="survivor" free="0" total="1179648" percent="0" />
    </mem>
    <mem type="tenure" free="4213592" total="6291456" percent="66">
      <mem type="soa" free="3898200" total="5976064" percent="65" />
      <mem type="loa" free="315392" total="315392" percent="100" />
    </mem>
    <pending-finalizers system="76" default="0" reference="15" classloader="0" />
    <remembered-set count="3845" />
  </mem-info>
</gc-end>
<cycle-end id="144" type="scavenge" contextid="138" timestamp="2026-09-06T06:50:59.078" />
<allocation-satisfied id="145" threadId="0000000000019700" bytesRequested="482192" />
<af-end id="146" timestamp="2026-09-06T06:50:59.078" threadId="000000000001A1C0" success="true" from="nursery"/>
<exclusive-end id="147" timestamp="2026-09-06T06:50:59.078" durationms="1.281" />

<exclusive-start id="148" timestamp="2026-09-06T06:50:59.080" intervalms="3.667">
  <response-info timems="0.009" idlems="0.009" threads="0" lastid="0000000000019700" lastname="main" />
</exclusive-start>
<af-start id="149" threadId="000000000001A1C0" totalBytesRequested="16392" timestamp="2026-09-06T06:50:59.080" intervalms="3.620" type="nursery" />
<cycle-start id="150" type="scavenge" contextid="0" timestamp="2026-09-06T06:50:59.080" intervalms="3.585" />
<gc-start id="151" type="scavenge" contextid="150" timestamp="2026-09-06T06:50:59.080">
  <mem-info id="152" free="4212824" total="8650752" percent="48">
    <mem type="nursery" free="0" total="2359296" percent="0">
      <mem type="allocate" free="0" total="1179648" percent="0" />
      <mem type="survivor" free="0" total="1179648" percent="0" />
    </mem>
    <mem type="tenure" free="4212824" total="6291456" percent="66">
      <mem type="soa" free="3897432" total="5976064" percent="65" />
      <mem type="loa" free="315392" total="315392" percent="100" />
    </mem>
    <remembered-set count="3860" />
  </mem-info>
</gc-start>
<allocation-stats totalBytes="576296" discardedBytes="14296" >
  <allocated-bytes non-tlh="546688" tlh="29608" />
  <largest-consumer threadName="main" threadId="0000000000019700" bytes="576296" />
</allocation-stats>
<gc-op id="153" type="scavenge" timems="0.560" contextid="150" timestamp="2026-09-06T06:50:59.081">
  <scavenger-info tenureage="3" tenuremask="ffe8" tiltratio="50" />
  <memory-copied type="nursery" objects="11055" bytes="1036816" bytesdiscarded="142344" />
  <memory-copied type="tenure" objects="742" bytes="91360" bytesdiscarded="0" />
  <copy-failed type="nursery" objects="1" bytes="63728" />
  <finalization candidates="98" enqueued="4" />
  <ownableSynchronizers candidates="4" cleared="0" />
  <references type="soft" candidates="85" cleared="0" enqueued="0" dynamicThreshold="32" maxThreshold="32" />
  <references type="weak" candidates="55" cleared="0" enqueued="0" />
  <references type="phantom" candidates="8" cleared="0" enqueued="0" />
  <object-monitors candidates="1" cleared="0"  />
</gc-op>
<gc-end id="154" type="scavenge" contextid="150" durationms="0.673" usertimems="1.546" systemtimems="0.000" stalltimems="0.762" timestamp="2026-09-06T06:50:59.081" activeThreads="4">
  <mem-info id="155" free="4013160" total="8650752" percent="46">
    <mem type="nursery" free="0" total="2359296" percent="0">
      <mem type="allocate" free="0" total="1179648" percent="0" />
      <mem type="survivor" free="0" total="1179648" percent="0" />
    </mem>
    <mem type="tenure" free="4013160" total="6291456" percent="63">
      <mem type="soa" free="3697768" total="5976064" percent="61" />
      <mem type="loa" free="315392" total="315392" percent="100" />
    </mem>
    <pending-finalizers system="4" default="0" reference="0" classloader="0" />
    <remembered-set count="3730" />
  </mem-info>
</gc-end>
<cycle-end id="156" type="scavenge" contextid="150" timestamp="2026-09-06T06:50:59.081" />
<cycle-start id="157" type="scavenge" contextid="0" timestamp="2026-09-06T06:50:59.081" intervalms="0.790" />
<gc-start id="158" type="scavenge" contextid="157" timestamp="2026-09-06T06:50:59.081">
  <mem-info id="159" free="4013160" total="8650752" percent="46">
    <mem type="nursery" free="0" total="2359296" percent="0">
      <mem type="allocate" free="0" total="1179648" percent="0" />
      <mem type="survivor" free="0" total="1179648" percent="0" />
    </mem>
    <mem type="tenure" free="4013160" total="6291456" percent="63">
      <mem type="soa" free="3697768" total="5976064" percent="61" />
      <mem type="loa" free="315392" total="315392" percent="100" />
    </mem>
    <pending-finalizers system="4" default="0" reference="0" classloader="0" />
    <remembered-set count="3730" />
  </mem-info>
</gc-start>
<allocation-stats totalBytes="0" discardedBytes="0" >
  <allocated-bytes non-tlh="0" tlh="0" />
</allocation-stats>
<gc-op id="160" type="scavenge" timems="0.558" contextid="157" timestamp="2026-09-06T06:50:59.082">
  <scavenger-info tenureage="2" tenuremask="fffc" tiltratio="50" />
  <memory-copied type="nursery" objects="133" bytes="501296" bytesdiscarded="174432" />
  <memory-copied type="tenure" objects="10922" bytes="535520" bytesdiscarded="136" />
  <finalization candidates="73" enqueued="0" />
  <ownableSynchronizers candidates="2" cleared="0" />
  <references type="soft" candidates="2" cleared="0" enqueued="0" dynamicThreshold="32" maxThreshold="32" />
  <references type="weak" candidates="3" cleared="0" enqueued="0" />
  <references type="phantom" candidates="1" cleared="0" enqueued="0" />
  <object-monitors candidates="1" cleared="0"  />
</gc-op>
<heap-resize id="161" type="expand" space="nursery" amount="1048576" count="1" timems="0.023" reason="excessive time being spent scavenging" timestamp="2026-09-06T06:50:59.082" />
<gc-end id="162" type="scavenge" contextid="157" durationms="0.694" usertimems="0.701" systemtimems="0.745" stalltimems="0.787" timestamp="2026-09-06T06:50:59.082" activeThreads="4">
  <mem-info id="163" free="4570072" total="9699328" percent="47">
    <mem type="nursery" free="1028208" total="3407872" percent="30">
      <mem type="allocate" free="1028208" total="1703936" percent="60" />
      <mem type="survivor" free="0" total="1703936" percent="0" />
    </mem>
    <mem type="tenure" free="3541864" total="6291456" percent="56">
      <mem type="soa" free="3226472" total="5976064" percent="53" />
      <mem type="loa" free="315392" total="315392" percent="100" />
    </mem>
    <pending-finalizers system="4" default="0" reference="0" classloader="0" />
    <remembered-set count="121" />
  </mem-info>
</gc-end>
<cycle-end id="164" type="scavenge" contextid="157" timestamp="2026-09-06T06:50:59.082" />
<allocation-satisfied id="165" threadId="0000000000019700" bytesRequested="16392" />
<af-end id="166" timestamp="2026-09-06T06:50:59.082" threadId="000000000001A1C0" success="true" from="nursery"/>
<exclusive-end id="167" timestamp="2026-09-06T06:50:59.082" durationms="1.691" />

<exclusive-start id="168" timestamp="2026-09-06T06:50:59.092" intervalms="12.400">
  <response-info timems="0.013" idlems="0.013" threads="0" lastid="0000000000019700" lastname="main" />
</exclusive-start>
<af-start id="169" threadId="000000000001A1C0" totalBytesRequested="7176" timestamp="2026-09-06T06:50:59.093" intervalms="12.433" type="nursery" />
<cycle-start id="170" type="scavenge" contextid="0" timestamp="2026-09-06T06:50:59.093" intervalms="11.660" />
<gc-start id="171" type="scavenge" contextid="170" timestamp="2026-09-06T06:50:59.093">
  <mem-info id="172" free="3536016" total="9699328" percent="36">
    <mem type="nursery" free="0" total="3407872" percent="0">
      <mem type="allocate" free="0" total="1703936" percent="0" />
      <mem type="survivor" free="0" total="1703936" percent="0" />
    </mem>
    <mem type="tenure" free="3536016" total="6291456" percent="56">
      <mem type="soa" free="3220624" total="5976064" percent="53" />
      <mem type="loa" free="315392" total="315392" percent="100" />
    </mem>
    <remembered-set count="215" />
  </mem-info>
</gc-start>
<allocation-stats totalBytes="1032168" discardedBytes="1888" >
  <allocated-bytes non-tlh="38632" tlh="993536" />
  <largest-consumer threadName="main" threadId="0000000000019700" bytes="1032168" />
</allocation-stats>
<gc-op id="173" type="scavenge" timems="0.438" contextid="170" timestamp="2026-09-06T06:50:59.093">
  <scavenger-info tenureage="2" tenuremask="fff4" tiltratio="50" />
  <memory-copied type="nursery" objects="8780" bytes="358144" bytesdiscarded="119784" />
  <memory-copied type="tenure" objects="103" bytes="496216" bytesdiscarded="0" />
  <finalization candidates="16" enqueued="10" />
  <references type="soft" candidates="3" cleared="0" enqueued="0" dynamicThreshold="32" maxThreshold="32" />
  <references type="weak" candidates="32" cleared="29" enqueued="29" />
  <references type="phantom" candidates="2" cleared="0" enqueued="0" />
  <object-monitors candidates="1" cleared="0"  />
</gc-op>
<gc-end id="174" type="scavenge" contextid="170" durationms="0.551" usertimems="1.023" systemtimems="0.151" stalltimems="0.657" timestamp="2026-09-06T06:50:59.093" activeThreads="4">
  <mem-info id="175" free="4476400" total="9699328" percent="46">
    <mem type="nursery" free="1422576" total="3407872" percent="41">
      <mem type="allocate" free="1422576" total="1900544" percent="74" />
      <mem type="survivor" free="0" total="1507328" percent="0" />
    </mem>
    <mem type="tenure" free="3053824" total="6291456" percent="48">
      <mem type="soa" free="2738432" total="5976064" percent="45" />
      <mem type="loa" free="315392" total="315392" percent="100" />
    </mem>
    <pending-finalizers system="10" default="0" reference="29" classloader="0" />
    <remembered-set count="189" />
  </mem-info>
</gc-end>
<cycle-end id="176" type="scavenge" contextid="170" timestamp="2026-09-06T06:50:59.093" />
<allocation-satisfied id="177" threadId="0000000000019700" bytesRequested="7176" />
<af-end id="178" timestamp="2026-09-06T06:50:59.093" threadId="000000000001A1C0" success="true" from="nursery"/>
<exclusive-end id="179" timestamp="2026-09-06T06:50:59.093" durationms="0.834" />

<exclusive-start id="180" timestamp="2026-09-06T06:50:59.119" intervalms="26.663">
  <response-info timems="0.012" idlems="0.012" threads="0" lastid="0000000000019700" lastname="main" />
</exclusive-start>
<af-start id="181" threadId="000000000001A1C0" totalBytesRequested="11408" timestamp="2026-09-06T06:50:59.119" intervalms="26.670" type="nursery" />
<cycle-start id="182" type="scavenge" contextid="0" timestamp="2026-09-06T06:50:59.119" intervalms="26.692" />
<gc-start id="183" type="scavenge" contextid="182" timestamp="2026-09-06T06:50:59.119">
  <mem-info id="184" free="2988272" total="9699328" percent="30">
    <mem type="nursery" free="0" total="3407872" percent="0">
      <mem type="allocate" free="0" total="1900544" percent="0" />
      <mem type="survivor" free="0" total="1507328" percent="0" />
    </mem>
    <mem type="tenure" free="2988272" total="6291456" percent="47">
      <mem type="soa" free="2672880" total="5976064" percent="44" />
      <mem type="loa" free="315392" total="315392" percent="100" />
    </mem>
    <remembered-set count="982" />
  </mem-info>
</gc-start>
<allocation-stats totalBytes="1484256" discardedBytes="3872" >
  <allocated-bytes non-tlh="200104" tlh="1284152" />
  <largest-consumer threadName="main" threadId="0000000000019700" bytes="1484256" />
</allocation-stats>
<gc-op id="185" type="scavenge" timems="0.356" contextid="182" timestamp="2026-09-06T06:50:59.120">
  <scavenger-info tenureage="4" tenuremask="7ff0" tiltratio="55" />
  <memory-copied type="nursery" objects="1532" bytes="145688" bytesdiscarded="53888" />
  <finalization candidates="42" enqueued="27" />
  <ownableSynchronizers candidates="1" cleared="0" />
  <references type="soft" candidates="16" cleared="0" enqueued="0" dynamicThreshold="32" maxThreshold="32" />
  <references type="weak" candidates="91" cleared="73" enqueued="73" />
  <references type="phantom" candidates="3" cleared="0" enqueued="0" />
  <object-monitors candidates="1" cleared="0"  />
</gc-op>
<gc-end id="186" type="scavenge" contextid="182" durationms="0.502" usertimems="0.687" systemtimems="0.000" stalltimems="0.734" timestamp="2026-09-06T06:50:59.120" activeThreads="4">
  <mem-info id="187" free="4885744" total="9699328" percent="50">
    <mem type="nursery" free="1897472" total="3407872" percent="55">
      <mem type="allocate" free="1897472" total="2097152" percent="90" />
      <mem type="survivor" free="0" total="1310720" percent="0" />
    </mem>
    <mem type="tenure" free="2988272" total="6291456" percent="47">
      <mem type="soa" free="2672880" total="5976064" percent="44" />
      <mem type="loa" free="315392" total="315392" percent="100" />
    </mem>
    <pending-finalizers system="27" default="0" reference="73" classloader="0" />
    <remembered-set count="959" />
  </mem-info>
</gc-end>
<cycle-end id="188" type="scavenge" contextid="182" timestamp="2026-09-06T06:50:59.120" />
<allocation-satisfied id="189" threadId="0000000000019700" bytesRequested="11408" />
<af-end id="190" timestamp="2026-09-06T06:50:59.120" threadId="000000000001A1C0" success="true" from="nursery"/>
<exclusive-end id="191" timestamp="2026-09-06T06:50:59.120" durationms="0.869" />

<exclusive-start id="192" timestamp="2026-09-06T06:50:59.176" intervalms="56.973">
  <response-info timems="0.011" idlems="0.011" threads="0" lastid="0000000000019700" lastname="main" />
</exclusive-start>
<af-start id="193" threadId="000000000001A1C0" totalBytesRequested="16392" timestamp="2026-09-06T06:50:59.176" intervalms="56.952" type="nursery" />
<cycle-start id="194" type="scavenge" contextid="0" timestamp="2026-09-06T06:50:59.176" intervalms="56.945" />
<gc-start id="195" type="scavenge" contextid="194" timestamp="2026-09-06T06:50:59.176">
  <mem-info id="196" free="2883288" total="9699328" percent="29">
    <mem type="nursery" free="0" total="3407872" percent="0">
      <mem type="allocate" free="0" total="2097152" percent="0" />
      <mem type="survivor" free="0" total="1310720" percent="0" />
    </mem>
    <mem type="tenure" free="2883288" total="6291456" percent="45">
      <mem type="soa" free="2567896" total="5976064" percent="42" />
      <mem type="loa" free="315392" total="315392" percent="100" />
    </mem>
    <remembered-set count="2367" />
  </mem-info>
</gc-start>
<allocation-stats totalBytes="1995552" discardedBytes="6904" >
  <allocated-bytes non-tlh="116392" tlh="1879160" />
  <largest-consumer threadName="main" threadId="0000000000019700" bytes="1995552" />
</allocation-stats>
<gc-op id="197" type="scavenge" timems="0.549" contextid="194" timestamp="2026-09-06T06:50:59.177">
  <scavenger-info tenureage="5" tenuremask="7fe0" tiltratio="61" />
  <memory-copied type="nursery" objects="7394" bytes="446120" bytesdiscarded="51080" />
  <finalization candidates="285" enqueued="201" />
  <ownableSynchronizers candidates="9" cleared="2" />
  <references type="soft" candidates="395" cleared="0" enqueued="0" dynamicThreshold="32" maxThreshold="32" />
  <references type="weak" candidates="380" cleared="237" enqueued="237" />
  <references type="phantom" candidates="14" cleared="0" enqueued="0" />
  <object-monitors candidates="4" cleared="0"  />
</gc-op>
<gc-end id="198" type="scavenge" contextid="194" durationms="0.663" usertimems="1.248" systemtimems="0.000" stalltimems="0.460" timestamp="2026-09-06T06:50:59.177" activeThreads="3">
  <mem-info id="199" free="4613688" total="9699328" percent="47">
    <mem type="nursery" free="1730400" total="3407872" percent="50">
      <mem type="allocate" free="1730400" total="2228224" percent="77" />
      <mem type="survivor" free="0" total="1179648" percent="0" />
    </mem>
    <mem type="tenure" free="2883288" total="6291456" percent="45">
      <mem type="soa" free="2567896" total="5976064" percent="42" />
      <mem type="loa" free="315392" total="315392" percent="100" />
    </mem>
    <pending-finalizers system="201" default="0" reference="237" classloader="0" />
    <remembered-set count="2292" />
  </mem-info>
</gc-end>
<cycle-end id="200" type="scavenge" contextid="194" timestamp="2026-09-06T06:50:59.177" />
<allocation-satisfied id="201" threadId="0000000000019700" bytesRequested="16392" />
<af-end id="202" timestamp="2026-09-06T06:50:59.177" threadId="000000000001A1C0" success="true" from="nursery"/>
<exclusive-end id="203" timestamp="2026-09-06T06:50:59.177" durationms="0.989" />

<exclusive-start id="204" timestamp="2026-09-06T06:50:59.214" intervalms="37.836">
  <response-info timems="0.013" idlems="0.013" threads="0" lastid="0000000000019700" lastname="main" />
</exclusive-start>
<af-start id="205" threadId="000000000001A1C0" totalBytesRequested="24" timestamp="2026-09-06T06:50:59.214" intervalms="37.846" type="nursery" />
<cycle-start id="206" type="scavenge" contextid="0" timestamp="2026-09-06T06:50:59.214" intervalms="37.830" />
<gc-start id="207" type="scavenge" contextid="206" timestamp="2026-09-06T06:50:59.214">
  <mem-info id="208" free="2715096" total="9699328" percent="27">
    <mem type="nursery" free="0" total="3407872" percent="0">
      <mem type="allocate" free="0" total="2228224" percent="0" />
      <mem type="survivor" free="0" total="1179648" percent="0" />
    </mem>
    <mem type="tenure" free="2715096" total="6291456" percent="43">
      <mem type="soa" free="2399704" total="5976064" percent="40" />
      <mem type="loa" free="315392" total="315392" percent="100" />
    </mem>
    <remembered-set count="4809" />
  </mem-info>
</gc-start>
<allocation-stats totalBytes="1897936" discardedBytes="656" >
  <allocated-bytes non-tlh="184584" tlh="1713352" />
  <largest-consumer threadName="main" threadId="0000000000019700" bytes="1893840" />
</allocation-stats>
<gc-op id="209" type="scavenge" timems="0.915" contextid="206" timestamp="2026-09-06T06:50:59.215">
  <scavenger-info tenureage="5" tenuremask="7fe0" tiltratio="65" />
  <memory-copied type="nursery" objects="21457" bytes="935672" bytesdiscarded="115280" />
  <finalization candidates="185" enqueued="69" />
  <ownableSynchronizers candidates="11" cleared="1" />
  <references type="soft" candidates="2318" cleared="0" enqueued="0" dynamicThreshold="32" maxThreshold="32" />
  <references type="weak" candidates="313" cleared="128" enqueued="128" />
  <references type="phantom" candidates="15" cleared="1" enqueued="1" />
  <object-monitors candidates="5" cleared="0"  />
</gc-op>
<gc-end id="210" type="scavenge" contextid="206" durationms="1.060" usertimems="4.862" systemtimems="0.000" stalltimems="0.319" timestamp="2026-09-06T06:50:59.215" activeThreads="3">
  <mem-info id="211" free="3498440" total="9699328" percent="36">
    <mem type="nursery" free="783344" total="3407872" percent="22">
      <mem type="allocate" free="783344" total="1835008" percent="42" />
      <mem type="survivor" free="0" total="1572864" percent="0" />
    </mem>
    <mem type="tenure" free="2715096" total="6291456" percent="43">
      <mem type="soa" free="2399704" total="5976064" percent="40" />
      <mem type="loa" free="315392" total="315392" percent="100" />
    </mem>
    <pending-finalizers system="69" default="0" reference="129" classloader="0" />
    <remembered-set count="4058" />
  </mem-info>
</gc-end>
<cycle-end id="212" type="scavenge" contextid="206" timestamp="2026-09-06T06:50:59.215" />
<allocation-satisfied id="213" threadId="0000000000019700" bytesRequested="24" />
<af-end id="214" timestamp="2026-09-06T06:50:59.215" threadId="000000000001A1C0" success="true" from="nursery"/>
<exclusive-end id="215" timestamp="2026-09-06T06:50:59.215" durationms="1.396" />

<exclusive-start id="216" timestamp="2026-09-06T06:50:59.240" intervalms="26.053">
  <response-info timems="0.011" idlems="0.011" threads="0" lastid="0000000000019700" lastname="main" />
</exclusive-start>
<af-start id="217" threadId="000000000001A1C0" totalBytesRequested="584" timestamp="2026-09-06T06:50:59.240" intervalms="26.048" type="nursery" />
<cycle-start id="218" type="scavenge" contextid="0" timestamp="2026-09-06T06:50:59.240" intervalms="26.056" />
<gc-start id="219" type="scavenge" contextid="218" timestamp="2026-09-06T06:50:59.240">
  <mem-info id="220" free="2690592" total="9699328" percent="27">
    <mem type="nursery" free="0" total="3407872" percent="0">
      <mem type="allocate" free="0" total="1835008" percent="0" />
      <mem type="survivor" free="0" total="1572864" percent="0" />
    </mem>
    <mem type="tenure" free="2690592" total="6291456" percent="42">
      <mem type="soa" free="2375200" total="5976064" percent="39" />
      <mem type="loa" free="315392" total="315392" percent="100" />
    </mem>
    <remembered-set count="4382" />
  </mem-info>
</gc-start>
<allocation-stats totalBytes="806760" discardedBytes="1088" >
  <allocated-bytes non-tlh="24528" tlh="782232" />
  <largest-consumer threadName="main" threadId="0000000000019700" bytes="802664" />
</allocation-stats>
<gc-op id="221" type="scavenge" timems="0.938" contextid="218" timestamp="2026-09-06T06:50:59.241">
  <scavenger-info tenureage="3" tenuremask="7ff8" tiltratio="53" />
  <memory-copied type="nursery" objects="20979" bytes="877032" bytesdiscarded="138384" />
  <memory-copied type="tenure" objects="1246" bytes="135488" bytesdiscarded="24" />
  <finalization candidates="173" enqueued="38" />
  <ownableSynchronizers candidates="10" cleared="0" />
  <references type="soft" candidates="2693" cleared="0" enqueued="0" dynamicThreshold="32" maxThreshold="32" />
  <references type="weak" candidates="267" cleared="76" enqueued="75" />
  <references type="phantom" candidates="12" cleared="0" enqueued="0" />
  <object-monitors candidates="5" cleared="0"  />
</gc-op>
<gc-end id="222" type="scavenge" contextid="218" durationms="1.101" usertimems="5.315" systemtimems="0.042" stalltimems="0.569" timestamp="2026-09-06T06:50:59.241" activeThreads="4">
  <mem-info id="223" free="3427576" total="9699328" percent="35">
    <mem type="nursery" free="949968" total="3407872" percent="27">
      <mem type="allocate" free="949968" total="1966080" percent="48" />
      <mem type="survivor" free="0" total="1441792" percent="0" />
    </mem>
    <mem type="tenure" free="2477608" total="6291456" percent="39">
      <mem type="soa" free="2162216" total="5976064" percent="36" />
      <mem type="loa" free="315392" total="315392" percent="100" />
    </mem>
    <pending-finalizers system="38" default="0" reference="75" classloader="0" />
    <remembered-set count="3286" />
  </mem-info>
</gc-end>
<cycle-end id="224" type="scavenge" contextid="218" timestamp="2026-09-06T06:50:59.241" />
<allocation-satisfied id="225" threadId="0000000000019700" bytesRequested="584" />
<af-end id="226" timestamp="2026-09-06T06:50:59.241" threadId="000000000001A1C0" success="true" from="nursery"/>
<exclusive-end id="227" timestamp="2026-09-06T06:50:59.241" durationms="1.412" />

<exclusive-start id="228" timestamp="2026-09-06T06:50:59.261" intervalms="20.885">
  <response-info timems="0.012" idlems="0.012" threads="0" lastid="0000000000019700" lastname="main" />
</exclusive-start>
<af-start id="229" threadId="000000000001A1C0" totalBytesRequested="4104" timestamp="2026-09-06T06:50:59.261" intervalms="20.892" type="nursery" />
<cycle-start id="230" type="scavenge" contextid="0" timestamp="2026-09-06T06:50:59.261" intervalms="20.886" />
<gc-start id="231" type="scavenge" contextid="230" timestamp="2026-09-06T06:50:59.261">
  <mem-info id="232" free="2455024" total="9699328" percent="25">
    <mem type="nursery" free="0" total="3407872" percent="0">
      <mem type="allocate" free="0" total="1966080" percent="0" />
      <mem type="survivor" free="0" total="1441792" percent="0" />
    </mem>
    <mem type="tenure" free="2455024" total="6291456" percent="39">
      <mem type="soa" free="2139632" total="5976064" percent="35" />
      <mem type="loa" free="315392" total="315392" percent="100" />
    </mem>
    <remembered-set count="3630" />
  </mem-info>
</gc-start>
<allocation-stats totalBytes="971952" discardedBytes="600" >
  <allocated-bytes non-tlh="23168" tlh="948784" />
  <largest-consumer threadName="main" threadId="0000000000019700" bytes="971952" />
</allocation-stats>
<gc-op id="233" type="scavenge" timems="0.908" contextid="230" timestamp="2026-09-06T06:50:59.262">
  <scavenger-info tenureage="3" tenuremask="7ff8" tiltratio="57" />
  <memory-copied type="nursery" objects="17541" bytes="619048" bytesdiscarded="144912" />
  <memory-copied type="tenure" objects="5009" bytes="265192" bytesdiscarded="136" />
  <finalization candidates="266" enqueued="90" />
  <ownableSynchronizers candidates="9" cleared="0" />
  <references type="soft" candidates="2343" cleared="0" enqueued="0" dynamicThreshold="32" maxThreshold="32" />
  <references type="weak" candidates="154" cleared="41" enqueued="41" />
  <references type="phantom" candidates="1" cleared="0" enqueued="0" />
  <object-monitors candidates="5" cleared="0"  />
</gc-op>
<gc-end id="234" type="scavenge" contextid="230" durationms="1.027" usertimems="4.679" systemtimems="0.000" stalltimems="0.695" timestamp="2026-09-06T06:50:59.262" activeThreads="4">
  <mem-info id="235" free="3201328" total="9699328" percent="33">
    <mem type="nursery" free="1267304" total="3407872" percent="37">
      <mem type="allocate" free="1267304" total="2031616" percent="62" />
      <mem type="survivor" free="0" total="1376256" percent="0" />
    </mem>
    <mem type="tenure" free="1934024" total="6291456" percent="30">
      <mem type="soa" free="1618632" total="5976064" percent="27" />
      <mem type="loa" free="315392" total="315392" percent="100" />
    </mem>
    <pending-finalizers system="90" default="0" reference="41" classloader="0" />
    <remembered-set count="987" />
  </mem-info>
</gc-end>
<cycle-end id="236" type="scavenge" contextid="230" timestamp="2026-09-06T06:50:59.262" />
<allocation-satisfied id="237" threadId="0000000000019700" bytesRequested="4104" />
<af-end id="238" timestamp="2026-09-06T06:50:59.262" threadId="000000000001A1C0" success="true" from="nursery"/>
<exclusive-end id="239" timestamp="2026-09-06T06:50:59.262" durationms="1.358" />

<exclusive-start id="240" timestamp="2026-09-06T06:50:59.290" intervalms="28.859">
  <response-info timems="0.014" idlems="0.014" threads="0" lastid="0000000000019700" lastname="main" />
</exclusive-start>
<af-start id="241" threadId="000000000001A1C0" totalBytesRequested="72" timestamp="2026-09-06T06:50:59.290" intervalms="28.875" type="nursery" />
<cycle-start id="242" type="scavenge" contextid="0" timestamp="2026-09-06T06:50:59.290" intervalms="28.894" />
<gc-start id="243" type="scavenge" contextid="242" timestamp="2026-09-06T06:50:59.290">
  <mem-info id="244" free="1872928" total="9699328" percent="19">
    <mem type="nursery" free="0" total="3407872" percent="0">
      <mem type="allocate" free="0" total="2031616" percent="0" />
      <mem type="survivor" free="0" total="1376256" percent="0" />
    </mem>
    <mem type="tenure" free="1872928" total="6291456" percent="29">
      <mem type="soa" free="1557536" total="5976064" percent="26" />
      <mem type="loa" free="315392" total="315392" percent="100" />
    </mem>
    <remembered-set count="1763" />
  </mem-info>
</gc-start>
<allocation-stats totalBytes="1327920" discardedBytes="480" >
  <allocated-bytes non-tlh="65200" tlh="1262720" />
  <largest-consumer threadName="main" threadId="0000000000019700" bytes="1327920" />
</allocation-stats>
<gc-op id="245" type="scavenge" timems="0.852" contextid="242" timestamp="2026-09-06T06:50:59.291">
  <scavenger-info tenureage="2" tenuremask="7ffc" tiltratio="59" />
  <memory-copied type="nursery" objects="11037" bytes="337552" bytesdiscarded="148400" />
  <memory-copied type="tenure" objects="15404" bytes="549624" bytesdiscarded="768" />
  <finalization candidates="168" enqueued="40" />
  <ownableSynchronizers candidates="15" cleared="0" />
  <references type="soft" candidates="39" cleared="0" enqueued="0" dynamicThreshold="32" maxThreshold="32" />
  <references type="weak" candidates="291" cleared="236" enqueued="236" />
  <references type="phantom" candidates="2" cleared="0" enqueued="0" />
  <object-monitors candidates="5" cleared="0"  />
</gc-op>
<gc-end id="246" type="scavenge" contextid="242" durationms="0.973" usertimems="3.358" systemtimems="0.000" stalltimems="0.643" timestamp="2026-09-06T06:50:59.291" activeThreads="4">
  <mem-info id="247" free="3154456" total="9699328" percent="32">
    <mem type="nursery" free="1676544" total="3407872" percent="49">
      <mem type="allocate" free="1676544" total="2162688" percent="77" />
      <mem type="survivor" free="0" total="1245184" percent="0" />
    </mem>
    <mem type="tenure" free="1477912" total="6291456" percent="23">
      <mem type="soa" free="1162520" total="5976064" percent="19" />
      <mem type="loa" free="315392" total="315392" percent="100" />
    </mem>
    <pending-finalizers system="40" default="0" reference="236" classloader="0" />
    <remembered-set count="1244" />
  </mem-info>
</gc-end>
<cycle-end id="248" type="scavenge" contextid="242" timestamp="2026-09-06T06:50:59.291" />
<allocation-satisfied id="249" threadId="0000000000019700" bytesRequested="72" />
<af-end id="250" timestamp="2026-09-06T06:50:59.291" threadId="000000000001A1C0" success="true" from="nursery"/>
<exclusive-end id="251" timestamp="2026-09-06T06:50:59.291" durationms="1.353" />

<exclusive-start id="252" timestamp="2026-09-06T06:50:59.333" intervalms="42.954">
  <response-info timems="0.013" idlems="0.013" threads="0" lastid="0000000000019700" lastname="main" />
</exclusive-start>
<af-start id="253" threadId="000000000001A1C0" totalBytesRequested="16392" timestamp="2026-09-06T06:50:59.333" intervalms="42.950" type="nursery" />
<cycle-start id="254" type="scavenge" contextid="0" timestamp="2026-09-06T06:50:59.333" intervalms="42.945" />
<gc-start id="255" type="scavenge" contextid="254" timestamp="2026-09-06T06:50:59.333">
  <mem-info id="256" free="1420912" total="9699328" percent="14">
    <mem type="nursery" free="0" total="3407872" percent="0">
      <mem type="allocate" free="0" total="2162688" percent="0" />
      <mem type="survivor" free="0" total="1245184" percent="0" />
    </mem>
    <mem type="tenure" free="1420912" total="6291456" percent="22">
      <mem type="soa" free="1105520" total="5976064" percent="18" />
      <mem type="loa" free="315392" total="315392" percent="100" />
    </mem>
    <remembered-set count="1921" />
  </mem-info>
</gc-start>
<allocation-stats totalBytes="1724872" discardedBytes="8672" >
  <allocated-bytes non-tlh="57072" tlh="1667800" />
  <largest-consumer threadName="main" threadId="0000000000019700" bytes="1714568" />
</allocation-stats>
<gc-op id="257" type="scavenge" timems="0.727" contextid="254" timestamp="2026-09-06T06:50:59.334">
  <scavenger-info tenureage="2" tenuremask="7ffc" tiltratio="63" />
  <memory-copied type="nursery" objects="13236" bytes="407128" bytesdiscarded="39736" />
  <memory-copied type="tenure" objects="1862" bytes="57384" bytesdiscarded="368" />
  <finalization candidates="246" enqueued="115" />
  <ownableSynchronizers candidates="20" cleared="3" />
  <references type="soft" candidates="32" cleared="0" enqueued="0" dynamicThreshold="32" maxThreshold="32" />
  <references type="weak" candidates="298" cleared="218" enqueued="218" />
  <references type="phantom" candidates="2" cleared="0" enqueued="0" />
  <object-monitors candidates="6" cleared="1"  />
</gc-op>
<gc-end id="258" type="scavenge" contextid="254" durationms="0.833" usertimems="1.169" systemtimems="1.116" stalltimems="1.014" timestamp="2026-09-06T06:50:59.334" activeThreads="4">
  <mem-info id="259" free="3222112" total="9699328" percent="33">
    <mem type="nursery" free="1846512" total="3407872" percent="54">
      <mem type="allocate" free="1846512" total="2293760" percent="80" />
      <mem type="survivor" free="0" total="1114112" percent="0" />
    </mem>
    <mem type="tenure" free="1375600" total="6291456" percent="21">
      <mem type="soa" free="1060208" total="5976064" percent="17" />
      <mem type="loa" free="315392" total="315392" percent="100" />
    </mem>
    <pending-finalizers system="115" default="0" reference="218" classloader="0" />
    <remembered-set count="1583" />
  </mem-info>
</gc-end>
<cycle-end id="260" type="scavenge" contextid="254" timestamp="2026-09-06T06:50:59.334" />
<allocation-satisfied id="261" threadId="0000000000019700" bytesRequested="16392" />
<af-end id="262" timestamp="2026-09-06T06:50:59.334" threadId="000000000001A1C0" success="true" from="nursery"/>
<exclusive-end id="263" timestamp="2026-09-06T06:50:59.334" durationms="1.197" />

<exclusive-start id="264" timestamp="2026-09-06T06:50:59.370" intervalms="37.763">
  <response-info timems="0.012" idlems="0.012" threads="0" lastid="0000000000019700" lastname="main" />
</exclusive-start>
<af-start id="265" threadId="000000000001A1C0" totalBytesRequested="364792" timestamp="2026-09-06T06:50:59.371" intervalms="37.738" type="nursery" />
<cycle-start id="266" type="scavenge" contextid="0" timestamp="2026-09-06T06:50:59.371" intervalms="37.737" />
<gc-start id="267" type="scavenge" contextid="266" timestamp="2026-09-06T06:50:59.371">
  <mem-info id="268" free="1346168" total="9699328" percent="13">
    <mem type="nursery" free="27888" total="3407872" percent="0">
      <mem type="allocate" free="27888" total="2293760" percent="1" />
      <mem type="survivor" free="0" total="1114112" percent="0" />
    </mem>
    <mem type="tenure" free="1318280" total="6291456" percent="20">
      <mem type="soa" free="1002888" total="5976064" percent="16" />
      <mem type="loa" free="315392" total="315392" percent="100" />
    </mem>
    <remembered-set count="2364" />
  </mem-info>
</gc-start>
<allocation-stats totalBytes="1872576" discardedBytes="3368" >
  <allocated-bytes non-tlh="101680" tlh="1770896" />
  <largest-consumer threadName="main" threadId="0000000000019700" bytes="1761280" />
</allocation-stats>
<gc-op id="269" type="scavenge" timems="0.681" contextid="266" timestamp="2026-09-06T06:50:59.371">
  <scavenger-info tenureage="2" tenuremask="7ffc" tiltratio="67" />
  <memory-copied type="nursery" objects="15041" bytes="504496" bytesdiscarded="48264" />
  <memory-copied type="tenure" objects="3939" bytes="123224" bytesdiscarded="8" />
  <finalization candidates="135" enqueued="50" />
  <ownableSynchronizers candidates="23" cleared="2" />
  <references type="soft" candidates="82" cleared="0" enqueued="0" dynamicThreshold="32" maxThreshold="32" />
  <references type="weak" candidates="326" cleared="186" enqueued="186" />
  <references type="phantom" candidates="2" cleared="0" enqueued="0" />
  <object-monitors candidates="5" cleared="0"  />
</gc-op>
<gc-end id="270" type="scavenge" contextid="266" durationms="0.807" usertimems="1.679" systemtimems="0.164" stalltimems="0.923" timestamp="2026-09-06T06:50:59.371" activeThreads="4">
  <mem-info id="271" free="3103112" total="9699328" percent="31">
    <mem type="nursery" free="1805568" total="3407872" percent="52">
      <mem type="allocate" free="1805568" total="2359296" percent="76" />
      <mem type="survivor" free="0" total="1048576" percent="0" />
    </mem>
    <mem type="tenure" free="1297544" total="6291456" percent="20">
      <mem type="soa" free="982152" total="5976064" percent="16" />
      <mem type="loa" free="315392" total="315392" percent="100" />
    </mem>
    <pending-finalizers system="50" default="0" reference="186" classloader="0" />
    <remembered-set count="1598" />
  </mem-info>
</gc-end>
<cycle-end id="272" type="scavenge" contextid="266" timestamp="2026-09-06T06:50:59.372" />
<allocation-satisfied id="273" threadId="0000000000019700" bytesRequested="364792" />
<af-end id="274" timestamp="2026-09-06T06:50:59.372" threadId="000000000001A1C0" success="true" from="nursery"/>
<exclusive-end id="275" timestamp="2026-09-06T06:50:59.372" durationms="1.189" />

<exclusive-start id="276" timestamp="2026-09-06T06:50:59.392" intervalms="22.032">
  <response-info timems="0.011" idlems="0.011" threads="0" lastid="0000000000019700" lastname="main" />
</exclusive-start>
<af-start id="277" threadId="000000000001A1C0" totalBytesRequested="1384" timestamp="2026-09-06T06:50:59.393" intervalms="22.014" type="nursery" />
<cycle-start id="278" type="scavenge" contextid="0" timestamp="2026-09-06T06:50:59.393" intervalms="21.984" />
<gc-start id="279" type="scavenge" contextid="278" timestamp="2026-09-06T06:50:59.393">
  <mem-info id="280" free="1296976" total="9699328" percent="13">
    <mem type="nursery" free="0" total="3407872" percent="0">
      <mem type="allocate" free="0" total="2359296" percent="0" />
      <mem type="survivor" free="0" total="1048576" percent="0" />
    </mem>
    <mem type="tenure" free="1296976" total="6291456" percent="20">
      <mem type="soa" free="981584" total="5976064" percent="16" />
      <mem type="loa" free="315392" total="315392" percent="100" />
    </mem>
    <remembered-set count="1617" />
  </mem-info>
</gc-start>
<allocation-stats totalBytes="1803536" discardedBytes="2600" >
  <allocated-bytes non-tlh="365360" tlh="1438176" />
  <largest-consumer threadName="main" threadId="0000000000019700" bytes="1803536" />
</allocation-stats>
<gc-op id="281" type="scavenge" timems="0.602" contextid="278" timestamp="2026-09-06T06:50:59.393">
  <scavenger-info tenureage="2" tenuremask="7ffc" tiltratio="69" />
  <memory-copied type="nursery" objects="6910" bytes="267112" bytesdiscarded="62680" />
  <memory-copied type="tenure" objects="8264" bytes="241912" bytesdiscarded="104" />
  <finalization candidates="64" enqueued="0" />
  <ownableSynchronizers candidates="11" cleared="0" />
  <references type="soft" candidates="61" cleared="0" enqueued="0" dynamicThreshold="32" maxThreshold="32" />
  <references type="weak" candidates="70" cleared="2" enqueued="2" />
  <references type="phantom" candidates="2" cleared="0" enqueued="0" />
  <object-monitors candidates="5" cleared="0"  />
</gc-op>
<gc-end id="282" type="scavenge" contextid="278" durationms="0.710" usertimems="1.579" systemtimems="0.152" stalltimems="0.750" timestamp="2026-09-06T06:50:59.393" activeThreads="4">
  <mem-info id="283" free="3135056" total="9699328" percent="32">
    <mem type="nursery" free="2094592" total="3407872" percent="61">
      <mem type="allocate" free="2094592" total="2424832" percent="86" />
      <mem type="survivor" free="0" total="983040" percent="0" />
    </mem>
    <mem type="tenure" free="1040464" total="6291456" percent="16">
      <mem type="soa" free="725072" total="5976064" percent="12" />
      <mem type="loa" free="315392" total="315392" percent="100" />
    </mem>
    <pending-finalizers system="0" default="0" reference="2" classloader="0" />
    <remembered-set count="946" />
  </mem-info>
</gc-end>
<cycle-end id="284" type="scavenge" contextid="278" timestamp="2026-09-06T06:50:59.393" />
<allocation-satisfied id="285" threadId="0000000000019700" bytesRequested="1384" />
<af-end id="286" timestamp="2026-09-06T06:50:59.393" threadId="000000000001A1C0" success="true" from="nursery"/>
<exclusive-end id="287" timestamp="2026-09-06T06:50:59.393" durationms="0.948" />

<concurrent-kickoff id="288" timestamp="2026-09-06T06:50:59.412">
  <kickoff reason="threshold reached" targetBytes="1867303" thresholdFreeBytes="258358"  remainingFree="136712" tenureFreeBytes="1040240" nurseryFreeBytes="136712" />
</concurrent-kickoff>
<exclusive-start id="289" timestamp="2026-09-06T06:50:59.412" intervalms="19.670">
  <response-info timems="0.009" idlems="0.009" threads="0" lastid="0000000000019700" lastname="main" />
</exclusive-start>
<cycle-start id="290" type="global" contextid="0" timestamp="2026-09-06T06:50:59.412" intervalms="1043.913" />
<concurrent-start id="291" type="global mark" contextid="290" timestamp="2026-09-06T06:50:59.412">
</concurrent-start>
<exclusive-end id="292" timestamp="2026-09-06T06:50:59.412" durationms="0.200" />

<exclusive-start id="293" timestamp="2026-09-06T06:50:59.414" intervalms="1.937">
  <response-info timems="0.199" idlems="0.105" threads="1" lastid="0000000000200300" lastname="Concurrent Mark Helper" />
</exclusive-start>
<af-start id="294" threadId="000000000001A1C0" totalBytesRequested="7104" timestamp="2026-09-06T06:50:59.414" intervalms="21.583" type="nursery" />
<cycle-start id="295" type="scavenge" contextid="0" timestamp="2026-09-06T06:50:59.414" intervalms="21.583" />
<gc-start id="296" type="scavenge" contextid="295" timestamp="2026-09-06T06:50:59.414">
  <mem-info id="297" free="1040240" total="9699328" percent="10">
    <mem type="nursery" free="0" total="3407872" percent="0">
      <mem type="allocate" free="0" total="2424832" percent="0" />
      <mem type="survivor" free="0" total="983040" percent="0" />
    </mem>
    <mem type="tenure" free="1040240" total="6291456" percent="16">
      <mem type="soa" free="724848" total="5976064" percent="12" />
      <mem type="loa" free="315392" total="315392" percent="100" />
    </mem>
    <remembered-set count="957" />
  </mem-info>
</gc-start>
<allocation-stats totalBytes="2030400" discardedBytes="64416" >
  <allocated-bytes non-tlh="206368" tlh="1824032" />
  <largest-consumer threadName="main" threadId="0000000000019700" bytes="2030400" />
</allocation-stats>
<gc-op id="298" type="scavenge" timems="0.649" contextid="295" timestamp="2026-09-06T06:50:59.415">
  <scavenger-info tenureage="2" tenuremask="7ffc" tiltratio="71" />
  <memory-copied type="nursery" objects="835" bytes="224392" bytesdiscarded="159176" />
  <memory-copied type="tenure" objects="6508" bytes="253312" bytesdiscarded="96" />
  <finalization candidates="10" enqueued="0" />
  <ownableSynchronizers candidates="4" cleared="0" />
  <references type="phantom" candidates="3" cleared="0" enqueued="0" />
  <object-monitors candidates="5" cleared="0"  />
</gc-op>
<gc-end id="299" type="scavenge" contextid="295" durationms="0.752" usertimems="1.508" systemtimems="1.049" stalltimems="0.805" timestamp="2026-09-06T06:50:59.415" activeThreads="4">
  <mem-info id="300" free="3006744" total="9699328" percent="30">
    <mem type="nursery" free="2172328" total="3407872" percent="63">
      <mem type="allocate" free="2172328" total="2555904" percent="84" />
      <mem type="survivor" free="0" total="851968" percent="0" />
    </mem>
    <mem type="tenure" free="834416" total="6291456" percent="13">
      <mem type="soa" free="519024" total="5976064" percent="8" />
      <mem type="loa" free="315392" total="315392" percent="100" />
    </mem>
    <remembered-set count="129" />
  </mem-info>
</gc-end>
<cycle-end id="301" type="scavenge" contextid="295" timestamp="2026-09-06T06:50:59.415" />
<allocation-satisfied id="302" threadId="0000000000019700" bytesRequested="7104" />
<af-end id="303" timestamp="2026-09-06T06:50:59.415" threadId="000000000001A1C0" success="true" from="nursery"/>
<exclusive-end id="304" timestamp="2026-09-06T06:50:59.415" durationms="1.054" />

<exclusive-start id="305" timestamp="2026-09-06T06:50:59.434" intervalms="19.962">
  <response-info timems="0.009" idlems="0.009" threads="0" lastid="0000000000019700" lastname="main" />
</exclusive-start>
<af-start id="306" threadId="000000000001A1C0" totalBytesRequested="243528" timestamp="2026-09-06T06:50:59.434" intervalms="19.976" type="nursery" />
<percolate-collect id="307" from="nursery" to="global" reason="concurrent mark exhausted" timestamp="2026-09-06T06:50:59.434"/>
<concurrent-end id="308" type="global mark" contextid="290" timestamp="2026-09-06T06:50:59.434">
<gc-op id="309" type="trace" timems="21.837" contextid="290" timestamp="2026-09-06T06:50:59.434">
  <trace bytesTraced="2326536" workStackOverflowCount="0" />
  <card-cleaning reason="card cleaning threshold reached" bytesTraced="7800" cardsCleaned="16" />
</gc-op>
</concurrent-end>

<gc-start id="310" type="global" contextid="290" timestamp="2026-09-06T06:50:59.435">
  <mem-info id="311" free="834208" total="9699328" percent="8">
    <mem type="nursery" free="0" total="3407872" percent="0">
      <mem type="allocate" free="0" total="2555904" percent="0" />
      <mem type="survivor" free="0" total="851968" percent="0" />
    </mem>
    <mem type="tenure" free="834208" total="6291456" percent="13">
      <mem type="soa" free="518816" total="5976064" percent="8" />
      <mem type="loa" free="315392" total="315392" percent="100" />
    </mem>
    <remembered-set count="138" />
  </mem-info>
</gc-start>
<allocation-stats totalBytes="2126784" discardedBytes="45752" >
  <allocated-bytes non-tlh="608856" tlh="1517928" />
  <largest-consumer threadName="main" threadId="0000000000019700" bytes="2126784" />
</allocation-stats>
<concurrent-halted id="312" timestamp="2026-09-06T06:50:59.435">
  <halted state="Complete" status="exhausted" />
  <traced bytesTarget="1867303" bytesTotal="2334336" bytesByMutator="27772" bytesByHelper="2306564" percent="125" />
  <cards cleaned="16" thresholdBytes="101777" />
</concurrent-halted>
<gc-op id="313" type="rs-scan" timems="1.196" contextid="290" timestamp="2026-09-06T06:50:59.436">
  <scan objectsFound="865" bytesTraced="30208" workStackOverflowCount="0" />
</gc-op>
<gc-op id="314" type="card-cleaning" timems="1.830" contextid="290" timestamp="2026-09-06T06:50:59.438">
  <card-cleaning cardsCleaned="6" bytesTraced="21988" workStackOverflowCount="0" />
</gc-op>
<gc-op id="315" type="mark" timems="6.627" contextid="290" timestamp="2026-09-06T06:50:59.445">
  <trace-info objectcount="3585" scancount="2438" scanbytes="66112" />
  <finalization candidates="605" enqueued="0" />
  <ownableSynchronizers candidates="36" cleared="0" />
  <references type="soft" candidates="3008" cleared="0" enqueued="0" dynamicThreshold="32" maxThreshold="32" />
  <references type="weak" candidates="754" cleared="3" enqueued="3" />
  <references type="phantom" candidates="45" cleared="0" enqueued="0" />
  <stringconstants candidates="10790" cleared="66"  />
  <object-monitors candidates="5" cleared="0"  />
</gc-op>
<gc-op id="316" type="classunload" timems="0.243" contextid="290" timestamp="2026-09-06T06:50:59.445">
  <classunload-info classloadercandidates="5" classloadersunloaded="0" classesunloaded="0" anonymousclassesunloaded="0" quiescems="0.000" setupms="0.132" scanms="0.079" postms="0.031" />
</gc-op>
<gc-op id="317" type="sweep" timems="2.780" contextid="290" timestamp="2026-09-06T06:50:59.448" />
<heap-resize id="318" type="expand" space="tenure" amount="1048576" count="1" timems="0.290" reason="insufficient free space following gc" timestamp="2026-09-06T06:50:59.449" />
<gc-end id="319" type="global" contextid="290" durationms="14.626" usertimems="12.571" systemtimems="3.956" stalltimems="6.493" timestamp="2026-09-06T06:50:59.449" activeThreads="4">
  <mem-info id="320" free="5361848" total="10747904" percent="49">
    <mem type="nursery" free="2509984" total="3407872" percent="73">
      <mem type="allocate" free="2509984" total="2555904" percent="98" />
      <mem type="survivor" free="0" total="851968" percent="0" />
    </mem>
    <mem type="tenure" free="2851864" total="7340032" percent="38" micro-fragmented="104249" macro-fragmented="0">
      <mem type="soa" free="2484248" total="6972416" percent="35" />
      <mem type="loa" free="367616" total="367616" percent="100" />
    </mem>
    <pending-finalizers system="0" default="0" reference="3" classloader="0" />
    <remembered-set count="119" />
  </mem-info>
</gc-end>
<cycle-end id="321" type="global" contextid="290" timestamp="2026-09-06T06:50:59.449" />
<allocation-satisfied id="322" threadId="0000000000019700" bytesRequested="243528" />
<af-end id="323" timestamp="2026-09-06T06:50:59.449" threadId="000000000001A1C0" success="true" from="nursery"/>
<exclusive-end id="324" timestamp="2026-09-06T06:50:59.449" durationms="15.437" />

<exclusive-start id="325" timestamp="2026-09-06T06:50:59.454" intervalms="20.326">
  <response-info timems="0.010" idlems="0.010" threads="0" lastid="0000000000019700" lastname="main" />
</exclusive-start>
<af-start id="326" threadId="000000000001A1C0" totalBytesRequested="394848" timestamp="2026-09-06T06:50:59.454" intervalms="20.311" type="nursery" />
<cycle-start id="327" type="scavenge" contextid="0" timestamp="2026-09-06T06:50:59.454" intervalms="40.281" />
<gc-start id="328" type="scavenge" contextid="327" timestamp="2026-09-06T06:50:59.454">
  <mem-info id="329" free="4851112" total="10747904" percent="45">
    <mem type="nursery" free="1999608" total="3407872" percent="58">
      <mem type="allocate" free="1999608" total="2555904" percent="78" />
      <mem type="survivor" free="0" total="851968" percent="0" />
    </mem>
    <mem type="tenure" free="2851504" total="7340032" percent="38">
      <mem type="soa" free="2483888" total="6972416" percent="35" />
      <mem type="loa" free="367616" total="367616" percent="100" />
    </mem>
    <remembered-set count="137" />
  </mem-info>
</gc-start>
<allocation-stats totalBytes="505552" discardedBytes="5184" >
  <allocated-bytes non-tlh="264952" tlh="240600" />
  <largest-consumer threadName="main" threadId="0000000000019700" bytes="505552" />
</allocation-stats>
<gc-op id="330" type="scavenge" timems="0.262" contextid="327" timestamp="2026-09-06T06:50:59.455">
  <scavenger-info tenureage="3" tenuremask="7ff8" tiltratio="75" />
  <memory-copied type="nursery" objects="1054" bytes="36904" bytesdiscarded="99016" />
  <finalization candidates="3" enqueued="3" />
  <ownableSynchronizers candidates="72" cleared="72" />
  <references type="weak" candidates="2" cleared="1" enqueued="1" />
  <references type="phantom" candidates="2" cleared="0" enqueued="0" />
  <object-monitors candidates="5" cleared="0"  />
</gc-op>
<gc-end id="331" type="scavenge" contextid="327" durationms="0.369" usertimems="1.336" systemtimems="0.131" stalltimems="0.594" timestamp="2026-09-06T06:50:59.455" activeThreads="4">
  <mem-info id="332" free="5402544" total="10747904" percent="50">
    <mem type="nursery" free="2551040" total="3407872" percent="74">
      <mem type="allocate" free="2551040" total="2686976" percent="94" />
      <mem type="survivor" free="0" total="720896" percent="0" />
    </mem>
    <mem type="tenure" free="2851504" total="7340032" percent="38">
      <mem type="soa" free="2483888" total="6972416" percent="35" />
      <mem type="loa" free="367616" total="367616" percent="100" />
    </mem>
    <pending-finalizers system="3" default="0" reference="1" classloader="0" />
    <remembered-set count="124" />
  </mem-info>
</gc-end>
<cycle-end id="333" type="scavenge" contextid="327" timestamp="2026-09-06T06:50:59.455" />
<allocation-satisfied id="334" threadId="0000000000019700" bytesRequested="394848" />
<af-end id="335" timestamp="2026-09-06T06:50:59.455" threadId="000000000001A1C0" success="true" from="nursery"/>
<exclusive-end id="336" timestamp="2026-09-06T06:50:59.455" durationms="0.597" />

<exclusive-start id="337" timestamp="2026-09-06T06:50:59.470" intervalms="15.735">
  <response-info timems="0.007" idlems="0.007" threads="0" lastid="0000000000019700" lastname="main" />
</exclusive-start>
<af-start id="338" threadId="000000000001A1C0" totalBytesRequested="89600" timestamp="2026-09-06T06:50:59.470" intervalms="15.737" type="nursery" />
<cycle-start id="339" type="scavenge" contextid="0" timestamp="2026-09-06T06:50:59.470" intervalms="15.731" />
<gc-start id="340" type="scavenge" contextid="339" timestamp="2026-09-06T06:50:59.470">
  <mem-info id="341" free="2850600" total="10747904" percent="26">
    <mem type="nursery" free="0" total="3407872" percent="0">
      <mem type="allocate" free="0" total="2686976" percent="0" />
      <mem type="survivor" free="0" total="720896" percent="0" />
    </mem>
    <mem type="tenure" free="2850600" total="7340032" percent="38">
      <mem type="soa" free="2482984" total="6972416" percent="35" />
      <mem type="loa" free="367616" total="367616" percent="100" />
    </mem>
    <remembered-set count="151" />
  </mem-info>
</gc-start>
<allocation-stats totalBytes="2507704" discardedBytes="44240" >
  <allocated-bytes non-tlh="1074152" tlh="1433552" />
  <largest-consumer threadName="main" threadId="0000000000019700" bytes="2507704" />
</allocation-stats>
<gc-op id="342" type="scavenge" timems="0.188" contextid="339" timestamp="2026-09-06T06:50:59.470">
  <scavenger-info tenureage="4" tenuremask="7ff0" tiltratio="78" />
  <memory-copied type="nursery" objects="1302" bytes="45176" bytesdiscarded="95352" />
  <references type="weak" candidates="1" cleared="0" enqueued="0" />
  <references type="phantom" candidates="2" cleared="0" enqueued="0" />
  <object-monitors candidates="5" cleared="0"  />
</gc-op>
<gc-end id="343" type="scavenge" contextid="339" durationms="0.263" usertimems="0.314" systemtimems="0.031" stalltimems="0.230" timestamp="2026-09-06T06:50:59.470" activeThreads="3">
  <mem-info id="344" free="5528104" total="10747904" percent="51">
    <mem type="nursery" free="2677504" total="3407872" percent="78">
      <mem type="allocate" free="2677504" total="2818048" percent="95" />
      <mem type="survivor" free="0" total="589824" percent="0" />
    </mem>
    <mem type="tenure" free="2850600" total="7340032" percent="38">
      <mem type="soa" free="2482984" total="6972416" percent="35" />
      <mem type="loa" free="367616" total="367616" percent="100" />
    </mem>
    <remembered-set count="142" />
  </mem-info>
</gc-end>
<cycle-end id="345" type="scavenge" contextid="339" timestamp="2026-09-06T06:50:59.471" />
<allocation-satisfied id="346" threadId="0000000000019700" bytesRequested="89600" />
<af-end id="347" timestamp="2026-09-06T06:50:59.471" threadId="000000000001A1C0" success="true" from="nursery"/>
<exclusive-end id="348" timestamp="2026-09-06T06:50:59.471" durationms="0.450" />

<exclusive-start id="349" timestamp="2026-09-06T06:50:59.498" intervalms="27.824">
  <response-info timems="0.010" idlems="0.010" threads="0" lastid="0000000000019700" lastname="main" />
</exclusive-start>
<af-start id="350" threadId="000000000001A1C0" totalBytesRequested="2448" timestamp="2026-09-06T06:50:59.498" intervalms="27.838" type="nursery" />
<cycle-start id="351" type="scavenge" contextid="0" timestamp="2026-09-06T06:50:59.498" intervalms="27.849" />
<gc-start id="352" type="scavenge" contextid="351" timestamp="2026-09-06T06:50:59.498">
  <mem-info id="353" free="2850184" total="10747904" percent="26">
    <mem type="nursery" free="0" total="3407872" percent="0">
      <mem type="allocate" free="0" total="2818048" percent="0" />
      <mem type="survivor" free="0" total="589824" percent="0" />
    </mem>
    <mem type="tenure" free="2850184" total="7340032" percent="38">
      <mem type="soa" free="2482568" total="6972416" percent="35" />
      <mem type="loa" free="367616" total="367616" percent="100" />
    </mem>
    <remembered-set count="157" />
  </mem-info>
</gc-start>
<allocation-stats totalBytes="2645768" discardedBytes="32152" >
  <allocated-bytes non-tlh="243664" tlh="2402104" />
  <largest-consumer threadName="main" threadId="0000000000019700" bytes="2645768" />
</allocation-stats>
<gc-op id="354" type="scavenge" timems="0.250" contextid="351" timestamp="2026-09-06T06:50:59.498">
  <scavenger-info tenureage="5" tenuremask="7fe0" tiltratio="82" />
  <memory-copied type="nursery" objects="1928" bytes="66152" bytesdiscarded="95112" />
  <references type="weak" candidates="1" cleared="0" enqueued="0" />
  <references type="phantom" candidates="2" cleared="0" enqueued="0" />
  <object-monitors candidates="5" cleared="0"  />
</gc-op>
<gc-end id="355" type="scavenge" contextid="351" durationms="0.337" usertimems="0.389" systemtimems="0.038" stalltimems="0.330" timestamp="2026-09-06T06:50:59.498" activeThreads="3">
  <mem-info id="356" free="5572488" total="10747904" percent="51">
    <mem type="nursery" free="2722304" total="3407872" percent="79">
      <mem type="allocate" free="2722304" total="2883584" percent="94" />
      <mem type="survivor" free="0" total="524288" percent="0" />
    </mem>
    <mem type="tenure" free="2850184" total="7340032" percent="38">
      <mem type="soa" free="2482568" total="6972416" percent="35" />
      <mem type="loa" free="367616" total="367616" percent="100" />
    </mem>
    <remembered-set count="142" />
  </mem-info>
</gc-end>
<cycle-end id="357" type="scavenge" contextid="351" timestamp="2026-09-06T06:50:59.498" />
<allocation-satisfied id="358" threadId="0000000000019700" bytesRequested="2448" />
<af-end id="359" timestamp="2026-09-06T06:50:59.498" threadId="000000000001A1C0" success="true" from="nursery"/>
<exclusive-end id="360" timestamp="2026-09-06T06:50:59.498" durationms="0.555" />

<exclusive-start id="361" timestamp="2026-09-06T06:50:59.526" intervalms="28.512">
  <response-info timems="0.009" idlems="0.009" threads="0" lastid="0000000000019700" lastname="main" />
</exclusive-start>
<af-start id="362" threadId="000000000001A1C0" totalBytesRequested="82520" timestamp="2026-09-06T06:50:59.526" intervalms="28.511" type="nursery" />
<cycle-start id="363" type="scavenge" contextid="0" timestamp="2026-09-06T06:50:59.527" intervalms="28.513" />
<gc-start id="364" type="scavenge" contextid="363" timestamp="2026-09-06T06:50:59.527">
  <mem-info id="365" free="2849760" total="10747904" percent="26">
    <mem type="nursery" free="0" total="3407872" percent="0">
      <mem type="allocate" free="0" total="2883584" percent="0" />
      <mem type="survivor" free="0" total="524288" percent="0" />
    </mem>
    <mem type="tenure" free="2849760" total="7340032" percent="38">
      <mem type="soa" free="2482144" total="6972416" percent="35" />
      <mem type="loa" free="367616" total="367616" percent="100" />
    </mem>
    <remembered-set count="159" />
  </mem-info>
</gc-start>
<allocation-stats totalBytes="2688472" discardedBytes="34256" >
  <allocated-bytes non-tlh="488376" tlh="2200096" />
  <largest-consumer threadName="main" threadId="0000000000019700" bytes="2688472" />
</allocation-stats>
<gc-op id="366" type="scavenge" timems="0.260" contextid="363" timestamp="2026-09-06T06:50:59.527">
  <scavenger-info tenureage="6" tenuremask="7fc0" tiltratio="84" />
  <memory-copied type="nursery" objects="2500" bytes="87488" bytesdiscarded="94512" />
  <references type="weak" candidates="1" cleared="0" enqueued="0" />
  <references type="phantom" candidates="2" cleared="0" enqueued="0" />
  <object-monitors candidates="5" cleared="0"  />
</gc-op>
<gc-end id="367" type="scavenge" contextid="363" durationms="0.370" usertimems="0.481" systemtimems="0.048" stalltimems="0.360" timestamp="2026-09-06T06:50:59.527" activeThreads="3">
  <mem-info id="368" free="5616864" total="10747904" percent="52">
    <mem type="nursery" free="2767104" total="3407872" percent="81">
      <mem type="allocate" free="2767104" total="2949120" percent="93" />
      <mem type="survivor" free="0" total="458752" percent="0" />
    </mem>
    <mem type="tenure" free="2849760" total="7340032" percent="38">
      <mem type="soa" free="2482144" total="6972416" percent="35" />
      <mem type="loa" free="367616" total="367616" percent="100" />
    </mem>
    <remembered-set count="131" />
  </mem-info>
</gc-end>
<cycle-end id="369" type="scavenge" contextid="363" timestamp="2026-09-06T06:50:59.527" />
<allocation-satisfied id="370" threadId="0000000000019700" bytesRequested="82520" />
<af-end id="371" timestamp="2026-09-06T06:50:59.527" threadId="000000000001A1C0" success="true" from="nursery"/>
<exclusive-end id="372" timestamp="2026-09-06T06:50:59.527" durationms="0.595" />

<exclusive-start id="373" timestamp="2026-09-06T06:50:59.552" intervalms="25.890">
  <response-info timems="0.029" idlems="0.019" threads="1" lastid="000000000001D400" lastname="JIT Compilation Thread-000" />
</exclusive-start>
<af-start id="374" threadId="000000000001A1C0" totalBytesRequested="8200" timestamp="2026-09-06T06:50:59.552" intervalms="25.895" type="nursery" />
<cycle-start id="375" type="scavenge" contextid="0" timestamp="2026-09-06T06:50:59.552" intervalms="25.899" />
<gc-start id="376" type="scavenge" contextid="375" timestamp="2026-09-06T06:50:59.552">
  <mem-info id="377" free="2849408" total="10747904" percent="26">
    <mem type="nursery" free="0" total="3407872" percent="0">
      <mem type="allocate" free="0" total="2949120" percent="0" />
      <mem type="survivor" free="0" total="458752" percent="0" />
    </mem>
    <mem type="tenure" free="2849408" total="7340032" percent="38">
      <mem type="soa" free="2481792" total="6972416" percent="35" />
      <mem type="loa" free="367616" total="367616" percent="100" />
    </mem>
    <remembered-set count="147" />
  </mem-info>
</gc-start>
<allocation-stats totalBytes="2675448" discardedBytes="92008" >
  <allocated-bytes non-tlh="322072" tlh="2353376" />
  <largest-consumer threadName="main" threadId="0000000000019700" bytes="2675448" />
</allocation-stats>
<gc-op id="378" type="scavenge" timems="0.323" contextid="375" timestamp="2026-09-06T06:50:59.553">
  <scavenger-info tenureage="7" tenuremask="7f80" tiltratio="86" />
  <memory-copied type="nursery" objects="3060" bytes="112104" bytesdiscarded="69896" />
  <references type="weak" candidates="1" cleared="0" enqueued="0" />
  <references type="phantom" candidates="3" cleared="0" enqueued="0" />
  <object-monitors candidates="5" cleared="0"  />
</gc-op>
<gc-end id="379" type="scavenge" contextid="375" durationms="0.419" usertimems="0.543" systemtimems="0.053" stalltimems="0.448" timestamp="2026-09-06T06:50:59.553" activeThreads="3">
  <mem-info id="380" free="5682048" total="10747904" percent="52">
    <mem type="nursery" free="2832640" total="3407872" percent="83">
      <mem type="allocate" free="2832640" total="3014656" percent="93" />
      <mem type="survivor" free="0" total="393216" percent="0" />
    </mem>
    <mem type="tenure" free="2849408" total="7340032" percent="38">
      <mem type="soa" free="2481792" total="6972416" percent="35" />
      <mem type="loa" free="367616" total="367616" percent="100" />
    </mem>
    <remembered-set count="132" />
  </mem-info>
</gc-end>
<cycle-end id="381" type="scavenge" contextid="375" timestamp="2026-09-06T06:50:59.553" />
<allocation-satisfied id="382" threadId="0000000000019700" bytesRequested="8200" />
<af-end id="383" timestamp="2026-09-06T06:50:59.553" threadId="000000000001A1C0" success="true" from="nursery"/>
<exclusive-end id="384" timestamp="2026-09-06T06:50:59.553" durationms="0.659" />

<exclusive-start id="385" timestamp="2026-09-06T06:50:59.573" intervalms="21.020">
  <response-info timems="0.009" idlems="0.009" threads="0" lastid="0000000000019700" lastname="main" />
</exclusive-start>
<af-start id="386" threadId="000000000001A1C0" totalBytesRequested="3808" timestamp="2026-09-06T06:50:59.573" intervalms="21.015" type="nursery" />
<cycle-start id="387" type="scavenge" contextid="0" timestamp="2026-09-06T06:50:59.573" intervalms="21.006" />
<gc-start id="388" type="scavenge" contextid="387" timestamp="2026-09-06T06:50:59.573">
  <mem-info id="389" free="2849408" total="10747904" percent="26">
    <mem type="nursery" free="0" total="3407872" percent="0">
      <mem type="allocate" free="0" total="3014656" percent="0" />
      <mem type="survivor" free="0" total="393216" percent="0" />
    </mem>
    <mem type="tenure" free="2849408" total="7340032" percent="38">
      <mem type="soa" free="2481792" total="6972416" percent="35" />
      <mem type="loa" free="367616" total="367616" percent="100" />
    </mem>
    <remembered-set count="140" />
  </mem-info>
</gc-start>
<allocation-stats totalBytes="2823128" discardedBytes="9512" >
  <allocated-bytes non-tlh="1101848" tlh="1721280" />
  <largest-consumer threadName="main" threadId="0000000000019700" bytes="2823128" />
</allocation-stats>
<gc-op id="390" type="scavenge" timems="0.238" contextid="387" timestamp="2026-09-06T06:50:59.574">
  <scavenger-info tenureage="3" tenuremask="7ff8" tiltratio="88" />
  <memory-copied type="nursery" objects="1573" bytes="57048" bytesdiscarded="78880" />
  <memory-copied type="tenure" objects="1869" bytes="62256" bytesdiscarded="160" />
  <references type="phantom" candidates="2" cleared="0" enqueued="0" />
  <object-monitors candidates="5" cleared="0"  />
</gc-op>
<gc-end id="391" type="scavenge" contextid="387" durationms="0.343" usertimems="0.000" systemtimems="0.600" stalltimems="0.174" timestamp="2026-09-06T06:50:59.574" activeThreads="3">
  <mem-info id="392" free="5646912" total="10747904" percent="52">
    <mem type="nursery" free="2878720" total="3407872" percent="84">
      <mem type="allocate" free="2878720" total="3014656" percent="95" />
      <mem type="survivor" free="0" total="393216" percent="0" />
    </mem>
    <mem type="tenure" free="2768192" total="7340032" percent="37">
      <mem type="soa" free="2400576" total="6972416" percent="34" />
      <mem type="loa" free="367616" total="367616" percent="100" />
    </mem>
    <remembered-set count="195" />
  </mem-info>
</gc-end>
<cycle-end id="393" type="scavenge" contextid="387" timestamp="2026-09-06T06:50:59.574" />
<allocation-satisfied id="394" threadId="0000000000019700" bytesRequested="3808" />
<af-end id="395" timestamp="2026-09-06T06:50:59.574" threadId="000000000001A1C0" success="true" from="nursery"/>
<exclusive-end id="396" timestamp="2026-09-06T06:50:59.574" durationms="0.552" />

<exclusive-start id="397" timestamp="2026-09-06T06:50:59.592" intervalms="18.445">
  <response-info timems="0.008" idlems="0.008" threads="0" lastid="0000000000019700" lastname="main" />
</exclusive-start>
<af-start id="398" threadId="000000000001A1C0" totalBytesRequested="1632" timestamp="2026-09-06T06:50:59.592" intervalms="18.434" type="nursery" />
<cycle-start id="399" type="scavenge" contextid="0" timestamp="2026-09-06T06:50:59.592" intervalms="18.428" />
<gc-start id="400" type="scavenge" contextid="399" timestamp="2026-09-06T06:50:59.592">
  <mem-info id="401" free="2768192" total="10747904" percent="25">
    <mem type="nursery" free="0" total="3407872" percent="0">
      <mem type="allocate" free="0" total="3014656" percent="0" />
      <mem type="survivor" free="0" total="393216" percent="0" />
    </mem>
    <mem type="tenure" free="2768192" total="7340032" percent="37">
      <mem type="soa" free="2400576" total="6972416" percent="34" />
      <mem type="loa" free="367616" total="367616" percent="100" />
    </mem>
    <remembered-set count="222" />
  </mem-info>
</gc-start>
<allocation-stats totalBytes="2735112" discardedBytes="143608" >
  <allocated-bytes non-tlh="807704" tlh="1927408" />
  <largest-consumer threadName="main" threadId="0000000000019700" bytes="2735112" />
</allocation-stats>
<gc-op id="402" type="scavenge" timems="0.184" contextid="399" timestamp="2026-09-06T06:50:59.592">
  <scavenger-info tenureage="3" tenuremask="fe08" tiltratio="88" />
  <memory-copied type="nursery" objects="1400" bytes="51368" bytesdiscarded="47696" />
  <memory-copied type="tenure" objects="605" bytes="22160" bytesdiscarded="24" />
  <references type="phantom" candidates="2" cleared="0" enqueued="0" />
  <object-monitors candidates="5" cleared="0"  />
</gc-op>
<gc-end id="403" type="scavenge" contextid="399" durationms="0.264" usertimems="0.371" systemtimems="0.037" stalltimems="0.147" timestamp="2026-09-06T06:50:59.592" activeThreads="3">
  <mem-info id="404" free="5645152" total="10747904" percent="52">
    <mem type="nursery" free="2915584" total="3407872" percent="85">
      <mem type="allocate" free="2915584" total="3014656" percent="96" />
      <mem type="survivor" free="0" total="393216" percent="0" />
    </mem>
    <mem type="tenure" free="2729568" total="7340032" percent="37">
      <mem type="soa" free="2361952" total="6972416" percent="33" />
      <mem type="loa" free="367616" total="367616" percent="100" />
    </mem>
    <remembered-set count="189" />
  </mem-info>
</gc-end>
<cycle-end id="405" type="scavenge" contextid="399" timestamp="2026-09-06T06:50:59.592" />
<allocation-satisfied id="406" threadId="0000000000019700" bytesRequested="1632" />
<af-end id="407" timestamp="2026-09-06T06:50:59.592" threadId="000000000001A1C0" success="true" from="nursery"/>
<exclusive-end id="408" timestamp="2026-09-06T06:50:59.592" durationms="0.447" />

<exclusive-start id="409" timestamp="2026-09-06T06:50:59.617" intervalms="25.226">
  <response-info timems="0.008" idlems="0.008" threads="0" lastid="0000000000019700" lastname="main" />
</exclusive-start>
<af-start id="410" threadId="000000000001A1C0" totalBytesRequested="225984" timestamp="2026-09-06T06:50:59.617" intervalms="25.237" type="nursery" />
<cycle-start id="411" type="scavenge" contextid="0" timestamp="2026-09-06T06:50:59.617" intervalms="25.249" />
<gc-start id="412" type="scavenge" contextid="411" timestamp="2026-09-06T06:50:59.617">
  <mem-info id="413" free="2831104" total="10747904" percent="26">
    <mem type="nursery" free="101632" total="3407872" percent="2">
      <mem type="allocate" free="101632" total="3014656" percent="3" />
      <mem type="survivor" free="0" total="393216" percent="0" />
    </mem>
    <mem type="tenure" free="2729472" total="7340032" percent="37">
      <mem type="soa" free="2361856" total="6972416" percent="33" />
      <mem type="loa" free="367616" total="367616" percent="100" />
    </mem>
    <remembered-set count="223" />
  </mem-info>
</gc-start>
<allocation-stats totalBytes="2793352" discardedBytes="20696" >
  <allocated-bytes non-tlh="105344" tlh="2688008" />
  <largest-consumer threadName="main" threadId="0000000000019700" bytes="2793352" />
</allocation-stats>
<gc-op id="414" type="scavenge" timems="0.208" contextid="411" timestamp="2026-09-06T06:50:59.617">
  <scavenger-info tenureage="3" tenuremask="ffe8" tiltratio="88" />
  <memory-copied type="nursery" objects="1626" bytes="62480" bytesdiscarded="57320" />
  <memory-copied type="tenure" objects="527" bytes="17728" bytesdiscarded="48" />
  <references type="phantom" candidates="2" cleared="0" enqueued="0" />
  <object-monitors candidates="5" cleared="0"  />
</gc-op>
<gc-end id="415" type="scavenge" contextid="411" durationms="0.299" usertimems="0.408" systemtimems="0.041" stalltimems="0.184" timestamp="2026-09-06T06:50:59.617" activeThreads="3">
  <mem-info id="416" free="5601752" total="10747904" percent="52">
    <mem type="nursery" free="2894848" total="3407872" percent="84">
      <mem type="allocate" free="2894848" total="3014656" percent="96" />
      <mem type="survivor" free="0" total="393216" percent="0" />
    </mem>
    <mem type="tenure" free="2706904" total="7340032" percent="36">
      <mem type="soa" free="2339288" total="6972416" percent="33" />
      <mem type="loa" free="367616" total="367616" percent="100" />
    </mem>
    <remembered-set count="198" />
  </mem-info>
</gc-end>
<cycle-end id="417" type="scavenge" contextid="411" timestamp="2026-09-06T06:50:59.617" />
<allocation-satisfied id="418" threadId="0000000000019700" bytesRequested="225984" />
<af-end id="419" timestamp="2026-09-06T06:50:59.618" threadId="000000000001A1C0" success="true" from="nursery"/>
<exclusive-end id="420" timestamp="2026-09-06T06:50:59.618" durationms="0.574" />

<exclusive-start id="421" timestamp="2026-09-06T06:50:59.640" intervalms="22.469">
  <response-info timems="0.008" idlems="0.008" threads="0" lastid="0000000000019700" lastname="main" />
</exclusive-start>
<af-start id="422" threadId="000000000001A1C0" totalBytesRequested="142336" timestamp="2026-09-06T06:50:59.640" intervalms="22.463" type="nursery" />
<cycle-start id="423" type="scavenge" contextid="0" timestamp="2026-09-06T06:50:59.640" intervalms="22.455" />
<gc-start id="424" type="scavenge" contextid="423" timestamp="2026-09-06T06:50:59.640">
  <mem-info id="425" free="2706840" total="10747904" percent="25">
    <mem type="nursery" free="0" total="3407872" percent="0">
      <mem type="allocate" free="0" total="3014656" percent="0" />
      <mem type="survivor" free="0" total="393216" percent="0" />
    </mem>
    <mem type="tenure" free="2706840" total="7340032" percent="36">
      <mem type="soa" free="2339224" total="6972416" percent="33" />
      <mem type="loa" free="367616" total="367616" percent="100" />
    </mem>
    <remembered-set count="235" />
  </mem-info>
</gc-start>
<allocation-stats totalBytes="2858456" discardedBytes="36456" >
  <allocated-bytes non-tlh="424280" tlh="2434176" />
  <largest-consumer threadName="main" threadId="0000000000019700" bytes="2858456" />
</allocation-stats>
<gc-op id="426" type="scavenge" timems="0.218" contextid="423" timestamp="2026-09-06T06:50:59.640">
  <scavenger-info tenureage="3" tenuremask="ffe8" tiltratio="88" />
  <memory-copied type="nursery" objects="1823" bytes="68832" bytesdiscarded="67096" />
  <memory-copied type="tenure" objects="409" bytes="13928" bytesdiscarded="16" />
  <references type="phantom" candidates="2" cleared="0" enqueued="0" />
  <object-monitors candidates="5" cleared="0"  />
</gc-op>
<gc-end id="427" type="scavenge" contextid="423" durationms="0.298" usertimems="0.414" systemtimems="0.042" stalltimems="0.210" timestamp="2026-09-06T06:50:59.640" activeThreads="3">
  <mem-info id="428" free="5486488" total="10747904" percent="51">
    <mem type="nursery" free="2878720" total="3407872" percent="84">
      <mem type="allocate" free="2878720" total="3014656" percent="95" />
      <mem type="survivor" free="0" total="393216" percent="0" />
    </mem>
    <mem type="tenure" free="2607768" total="7340032" percent="35">
      <mem type="soa" free="2240152" total="6972416" percent="32" />
      <mem type="loa" free="367616" total="367616" percent="100" />
    </mem>
    <remembered-set count="210" />
  </mem-info>
</gc-end>
<cycle-end id="429" type="scavenge" contextid="423" timestamp="2026-09-06T06:50:59.640" />
<allocation-satisfied id="430" threadId="0000000000019700" bytesRequested="142336" />
<af-end id="431" timestamp="2026-09-06T06:50:59.640" threadId="000000000001A1C0" success="true" from="nursery"/>
<exclusive-end id="432" timestamp="2026-09-06T06:50:59.640" durationms="0.501" />

<exclusive-start id="433" timestamp="2026-09-06T06:50:59.657" intervalms="17.055">
  <response-info timems="0.009" idlems="0.009" threads="0" lastid="0000000000019700" lastname="main" />
</exclusive-start>
<af-start id="434" threadId="000000000001A1C0" totalBytesRequested="1704" timestamp="2026-09-06T06:50:59.657" intervalms="17.049" type="nursery" />
<cycle-start id="435" type="scavenge" contextid="0" timestamp="2026-09-06T06:50:59.657" intervalms="17.044" />
<gc-start id="436" type="scavenge" contextid="435" timestamp="2026-09-06T06:50:59.657">
  <mem-info id="437" free="2607768" total="10747904" percent="24">
    <mem type="nursery" free="0" total="3407872" percent="0">
      <mem type="allocate" free="0" total="3014656" percent="0" />
      <mem type="survivor" free="0" total="393216" percent="0" />
    </mem>
    <mem type="tenure" free="2607768" total="7340032" percent="35">
      <mem type="soa" free="2240152" total="6972416" percent="32" />
      <mem type="loa" free="367616" total="367616" percent="100" />
    </mem>
    <remembered-set count="243" />
  </mem-info>
</gc-start>
<allocation-stats totalBytes="2863304" discardedBytes="15416" >
  <allocated-bytes non-tlh="946648" tlh="1916656" />
  <largest-consumer threadName="main" threadId="0000000000019700" bytes="2863304" />
</allocation-stats>
<gc-op id="438" type="scavenge" timems="0.187" contextid="435" timestamp="2026-09-06T06:50:59.657">
  <scavenger-info tenureage="3" tenuremask="ffe8" tiltratio="88" />
  <memory-copied type="nursery" objects="1848" bytes="70616" bytesdiscarded="69920" />
  <memory-copied type="tenure" objects="433" bytes="18536" bytesdiscarded="8" />
  <references type="phantom" candidates="3" cleared="0" enqueued="0" />
  <object-monitors candidates="5" cleared="0"  />
</gc-op>
<gc-end id="439" type="scavenge" contextid="435" durationms="0.265" usertimems="0.352" systemtimems="0.035" stalltimems="0.177" timestamp="2026-09-06T06:50:59.657" activeThreads="3">
  <mem-info id="440" free="5459544" total="10747904" percent="50">
    <mem type="nursery" free="2874112" total="3407872" percent="84">
      <mem type="allocate" free="2874112" total="3014656" percent="95" />
      <mem type="survivor" free="0" total="393216" percent="0" />
    </mem>
    <mem type="tenure" free="2585432" total="7340032" percent="35">
      <mem type="soa" free="2217816" total="6972416" percent="31" />
      <mem type="loa" free="367616" total="367616" percent="100" />
    </mem>
    <remembered-set count="224" />
  </mem-info>
</gc-end>
<cycle-end id="441" type="scavenge" contextid="435" timestamp="2026-09-06T06:50:59.657" />
<allocation-satisfied id="442" threadId="0000000000019700" bytesRequested="1704" />
<af-end id="443" timestamp="2026-09-06T06:50:59.657" threadId="000000000001A1C0" success="true" from="nursery"/>
<exclusive-end id="444" timestamp="2026-09-06T06:50:59.657" durationms="0.442" />

<exclusive-start id="445" timestamp="2026-09-06T06:50:59.678" intervalms="21.413">
  <response-info timems="0.008" idlems="0.008" threads="0" lastid="0000000000019700" lastname="main" />
</exclusive-start>
<af-start id="446" threadId="000000000001A1C0" totalBytesRequested="119960" timestamp="2026-09-06T06:50:59.678" intervalms="21.413" type="nursery" />
<cycle-start id="447" type="scavenge" contextid="0" timestamp="2026-09-06T06:50:59.678" intervalms="21.413" />
<gc-start id="448" type="scavenge" contextid="447" timestamp="2026-09-06T06:50:59.678">
  <mem-info id="449" free="2615120" total="10747904" percent="24">
    <mem type="nursery" free="29784" total="3407872" percent="0">
      <mem type="allocate" free="29784" total="3014656" percent="0" />
      <mem type="survivor" free="0" total="393216" percent="0" />
    </mem>
    <mem type="tenure" free="2585336" total="7340032" percent="35">
      <mem type="soa" free="2217720" total="6972416" percent="31" />
      <mem type="loa" free="367616" total="367616" percent="100" />
    </mem>
    <remembered-set count="266" />
  </mem-info>
</gc-start>
<allocation-stats totalBytes="2734376" discardedBytes="110048" >
  <allocated-bytes non-tlh="1800" tlh="2732576" />
  <largest-consumer threadName="main" threadId="0000000000019700" bytes="2734376" />
</allocation-stats>
<gc-op id="450" type="scavenge" timems="0.205" contextid="447" timestamp="2026-09-06T06:50:59.678">
  <scavenger-info tenureage="3" tenuremask="ffe8" tiltratio="88" />
  <memory-copied type="nursery" objects="1749" bytes="58896" bytesdiscarded="73192" />
  <memory-copied type="tenure" objects="759" bytes="28976" bytesdiscarded="8" />
  <references type="phantom" candidates="2" cleared="0" enqueued="0" />
  <object-monitors candidates="5" cleared="0"  />
</gc-op>
<gc-end id="451" type="scavenge" contextid="447" durationms="0.281" usertimems="0.375" systemtimems="0.038" stalltimems="0.217" timestamp="2026-09-06T06:50:59.678" activeThreads="3">
  <mem-info id="452" free="5452152" total="10747904" percent="50">
    <mem type="nursery" free="2882560" total="3407872" percent="84">
      <mem type="allocate" free="2882560" total="3014656" percent="95" />
      <mem type="survivor" free="0" total="393216" percent="0" />
    </mem>
    <mem type="tenure" free="2569592" total="7340032" percent="35">
      <mem type="soa" free="2201976" total="6972416" percent="31" />
      <mem type="loa" free="367616" total="367616" percent="100" />
    </mem>
    <remembered-set count="241" />
  </mem-info>
</gc-end>
<cycle-end id="453" type="scavenge" contextid="447" timestamp="2026-09-06T06:50:59.678" />
<allocation-satisfied id="454" threadId="0000000000019700" bytesRequested="119960" />
<af-end id="455" timestamp="2026-09-06T06:50:59.678" threadId="000000000001A1C0" success="true" from="nursery"/>
<exclusive-end id="456" timestamp="2026-09-06T06:50:59.678" durationms="0.463" />

<exclusive-start id="457" timestamp="2026-09-06T06:50:59.696" intervalms="17.858">
  <response-info timems="0.009" idlems="0.009" threads="0" lastid="0000000000019700" lastname="main" />
</exclusive-start>
<af-start id="458" threadId="000000000001A1C0" totalBytesRequested="6176" timestamp="2026-09-06T06:50:59.696" intervalms="17.861" type="nursery" />
<cycle-start id="459" type="scavenge" contextid="0" timestamp="2026-09-06T06:50:59.696" intervalms="17.860" />
<gc-start id="460" type="scavenge" contextid="459" timestamp="2026-09-06T06:50:59.696">
  <mem-info id="461" free="2569536" total="10747904" percent="23">
    <mem type="nursery" free="0" total="3407872" percent="0">
      <mem type="allocate" free="0" total="3014656" percent="0" />
      <mem type="survivor" free="0" total="393216" percent="0" />
    </mem>
    <mem type="tenure" free="2569536" total="7340032" percent="35">
      <mem type="soa" free="2201920" total="6972416" percent="31" />
      <mem type="loa" free="367616" total="367616" percent="100" />
    </mem>
    <remembered-set count="285" />
  </mem-info>
</gc-start>
<allocation-stats totalBytes="2771640" discardedBytes="110976" >
  <allocated-bytes non-tlh="664120" tlh="2107520" />
  <largest-consumer threadName="main" threadId="0000000000019700" bytes="2771640" />
</allocation-stats>
<gc-op id="462" type="scavenge" timems="0.205" contextid="459" timestamp="2026-09-06T06:50:59.696">
  <scavenger-info tenureage="3" tenuremask="ffe8" tiltratio="88" />
  <memory-copied type="nursery" objects="1633" bytes="64392" bytesdiscarded="79976" />
  <memory-copied type="tenure" objects="606" bytes="20296" bytesdiscarded="480" />
  <references type="weak" candidates="1" cleared="0" enqueued="0" />
  <references type="phantom" candidates="4" cleared="0" enqueued="0" />
  <object-monitors candidates="5" cleared="0"  />
</gc-op>
<gc-end id="463" type="scavenge" contextid="459" durationms="0.282" usertimems="0.370" systemtimems="0.037" stalltimems="0.232" timestamp="2026-09-06T06:50:59.696" activeThreads="3">
  <mem-info id="464" free="5421360" total="10747904" percent="50">
    <mem type="nursery" free="2870272" total="3407872" percent="84">
      <mem type="allocate" free="2870272" total="3014656" percent="95" />
      <mem type="survivor" free="0" total="393216" percent="0" />
    </mem>
    <mem type="tenure" free="2551088" total="7340032" percent="34">
      <mem type="soa" free="2183472" total="6972416" percent="31" />
      <mem type="loa" free="367616" total="367616" percent="100" />
    </mem>
    <remembered-set count="251" />
  </mem-info>
</gc-end>
<cycle-end id="465" type="scavenge" contextid="459" timestamp="2026-09-06T06:50:59.696" />
<allocation-satisfied id="466" threadId="0000000000019700" bytesRequested="6176" />
<af-end id="467" timestamp="2026-09-06T06:50:59.696" threadId="000000000001A1C0" success="true" from="nursery"/>
<exclusive-end id="468" timestamp="2026-09-06T06:50:59.696" durationms="0.463" />

<exclusive-start id="469" timestamp="2026-09-06T06:50:59.716" intervalms="20.560">
  <response-info timems="0.008" idlems="0.008" threads="0" lastid="0000000000019700" lastname="main" />
</exclusive-start>
<af-start id="470" threadId="000000000001A1C0" totalBytesRequested="8200" timestamp="2026-09-06T06:50:59.716" intervalms="20.558" type="nursery" />
<cycle-start id="471" type="scavenge" contextid="0" timestamp="2026-09-06T06:50:59.716" intervalms="20.559" />
<gc-start id="472" type="scavenge" contextid="471" timestamp="2026-09-06T06:50:59.716">
  <mem-info id="473" free="2550944" total="10747904" percent="23">
    <mem type="nursery" free="0" total="3407872" percent="0">
      <mem type="allocate" free="0" total="3014656" percent="0" />
      <mem type="survivor" free="0" total="393216" percent="0" />
    </mem>
    <mem type="tenure" free="2550944" total="7340032" percent="34">
      <mem type="soa" free="2183328" total="6972416" percent="31" />
      <mem type="loa" free="367616" total="367616" percent="100" />
    </mem>
    <remembered-set count="313" />
  </mem-info>
</gc-start>
<allocation-stats totalBytes="2851656" discardedBytes="18760" >
  <allocated-bytes non-tlh="272288" tlh="2579368" />
  <largest-consumer threadName="main" threadId="0000000000019700" bytes="2851656" />
</allocation-stats>
<gc-op id="474" type="scavenge" timems="0.189" contextid="471" timestamp="2026-09-06T06:50:59.717">
  <scavenger-info tenureage="3" tenuremask="ffe8" tiltratio="88" />
  <memory-copied type="nursery" objects="1875" bytes="67648" bytesdiscarded="97464" />
  <memory-copied type="tenure" objects="446" bytes="14896" bytesdiscarded="8" />
  <references type="phantom" candidates="3" cleared="0" enqueued="0" />
  <object-monitors candidates="5" cleared="0"  />
</gc-op>
<gc-end id="475" type="scavenge" contextid="471" durationms="0.269" usertimems="1.394" systemtimems="0.000" stalltimems="0.190" timestamp="2026-09-06T06:50:59.717" activeThreads="3">
  <mem-info id="476" free="5367504" total="10747904" percent="49">
    <mem type="nursery" free="2849536" total="3407872" percent="83">
      <mem type="allocate" free="2849536" total="3014656" percent="94" />
      <mem type="survivor" free="0" total="393216" percent="0" />
    </mem>
    <mem type="tenure" free="2517968" total="7340032" percent="34">
      <mem type="soa" free="2150352" total="6972416" percent="30" />
      <mem type="loa" free="367616" total="367616" percent="100" />
    </mem>
    <remembered-set count="273" />
  </mem-info>
</gc-end>
<cycle-end id="477" type="scavenge" contextid="471" timestamp="2026-09-06T06:50:59.717" />
<allocation-satisfied id="478" threadId="0000000000019700" bytesRequested="8200" />
<af-end id="479" timestamp="2026-09-06T06:50:59.717" threadId="000000000001A1C0" success="true" from="nursery"/>
<exclusive-end id="480" timestamp="2026-09-06T06:50:59.717" durationms="0.453" />

<exclusive-start id="481" timestamp="2026-09-06T06:50:59.736" intervalms="19.748">
  <response-info timems="0.009" idlems="0.009" threads="0" lastid="0000000000019700" lastname="main" />
</exclusive-start>
<af-start id="482" threadId="000000000001A1C0" totalBytesRequested="8864" timestamp="2026-09-06T06:50:59.736" intervalms="19.747" type="nursery" />
<cycle-start id="483" type="scavenge" contextid="0" timestamp="2026-09-06T06:50:59.736" intervalms="19.747" />
<gc-start id="484" type="scavenge" contextid="483" timestamp="2026-09-06T06:50:59.736">
  <mem-info id="485" free="2517968" total="10747904" percent="23">
    <mem type="nursery" free="0" total="3407872" percent="0">
      <mem type="allocate" free="0" total="3014656" percent="0" />
      <mem type="survivor" free="0" total="393216" percent="0" />
    </mem>
    <mem type="tenure" free="2517968" total="7340032" percent="34">
      <mem type="soa" free="2150352" total="6972416" percent="30" />
      <mem type="loa" free="367616" total="367616" percent="100" />
    </mem>
    <remembered-set count="321" />
  </mem-info>
</gc-start>
<allocation-stats totalBytes="2816168" discardedBytes="33368" >
  <allocated-bytes non-tlh="491992" tlh="2324176" />
  <largest-consumer threadName="main" threadId="0000000000019700" bytes="2816168" />
</allocation-stats>
<gc-op id="486" type="scavenge" timems="0.193" contextid="483" timestamp="2026-09-06T06:50:59.736">
  <scavenger-info tenureage="3" tenuremask="ffe8" tiltratio="88" />
  <memory-copied type="nursery" objects="1858" bytes="77832" bytesdiscarded="54256" />
  <memory-copied type="tenure" objects="668" bytes="22576" bytesdiscarded="24" />
  <references type="phantom" candidates="2" cleared="0" enqueued="0" />
  <object-monitors candidates="5" cleared="0"  />
</gc-op>
<gc-end id="487" type="scavenge" contextid="483" durationms="0.272" usertimems="0.409" systemtimems="0.041" stalltimems="0.150" timestamp="2026-09-06T06:50:59.737" activeThreads="3">
  <mem-info id="488" free="5380928" total="10747904" percent="50">
    <mem type="nursery" free="2882560" total="3407872" percent="84">
      <mem type="allocate" free="2882560" total="3014656" percent="95" />
      <mem type="survivor" free="0" total="393216" percent="0" />
    </mem>
    <mem type="tenure" free="2498368" total="7340032" percent="34">
      <mem type="soa" free="2130752" total="6972416" percent="30" />
      <mem type="loa" free="367616" total="367616" percent="100" />
    </mem>
    <remembered-set count="245" />
  </mem-info>
</gc-end>
<cycle-end id="489" type="scavenge" contextid="483" timestamp="2026-09-06T06:50:59.737" />
<allocation-satisfied id="490" threadId="0000000000019700" bytesRequested="8864" />
<af-end id="491" timestamp="2026-09-06T06:50:59.737" threadId="000000000001A1C0" success="true" from="nursery"/>
<exclusive-end id="492" timestamp="2026-09-06T06:50:59.737" durationms="0.507" />

<exclusive-start id="493" timestamp="2026-09-06T06:50:59.757" intervalms="20.871">
  <response-info timems="0.009" idlems="0.009" threads="0" lastid="0000000000019700" lastname="main" />
</exclusive-start>
<af-start id="494" threadId="000000000001A1C0" totalBytesRequested="460896" timestamp="2026-09-06T06:50:59.757" intervalms="20.878" type="nursery" />
<cycle-start id="495" type="scavenge" contextid="0" timestamp="2026-09-06T06:50:59.757" intervalms="20.880" />
<gc-start id="496" type="scavenge" contextid="495" timestamp="2026-09-06T06:50:59.757">
  <mem-info id="497" free="2691328" total="10747904" percent="25">
    <mem type="nursery" free="193016" total="3407872" percent="5">
      <mem type="allocate" free="193016" total="3014656" percent="6" />
      <mem type="survivor" free="0" total="393216" percent="0" />
    </mem>
    <mem type="tenure" free="2498312" total="7340032" percent="34">
      <mem type="soa" free="2130696" total="6972416" percent="30" />
      <mem type="loa" free="367616" total="367616" percent="100" />
    </mem>
    <remembered-set count="269" />
  </mem-info>
</gc-start>
<allocation-stats totalBytes="2660704" discardedBytes="28896" >
  <allocated-bytes non-tlh="551488" tlh="2109216" />
  <largest-consumer threadName="main" threadId="0000000000019700" bytes="2660704" />
</allocation-stats>
<gc-op id="498" type="scavenge" timems="0.230" contextid="495" timestamp="2026-09-06T06:50:59.757">
  <scavenger-info tenureage="3" tenuremask="ffe8" tiltratio="88" />
  <memory-copied type="nursery" objects="1801" bytes="75808" bytesdiscarded="105432" />
  <memory-copied type="tenure" objects="473" bytes="15968" bytesdiscarded="32" />
  <references type="phantom" candidates="2" cleared="0" enqueued="0" />
  <object-monitors candidates="5" cleared="0"  />
</gc-op>
<gc-end id="499" type="scavenge" contextid="495" durationms="0.326" usertimems="0.433" systemtimems="0.044" stalltimems="0.237" timestamp="2026-09-06T06:50:59.757" activeThreads="3">
  <mem-info id="500" free="5279192" total="10747904" percent="49">
    <mem type="nursery" free="2833408" total="3407872" percent="83">
      <mem type="allocate" free="2833408" total="3014656" percent="93" />
      <mem type="survivor" free="0" total="393216" percent="0" />
    </mem>
    <mem type="tenure" free="2445784" total="7340032" percent="33">
      <mem type="soa" free="2078168" total="6972416" percent="29" />
      <mem type="loa" free="367616" total="367616" percent="100" />
    </mem>
    <remembered-set count="226" />
  </mem-info>
</gc-end>
<cycle-end id="501" type="scavenge" contextid="495" timestamp="2026-09-06T06:50:59.757" />
<allocation-satisfied id="502" threadId="0000000000019700" bytesRequested="460896" />
<af-end id="503" timestamp="2026-09-06T06:50:59.758" threadId="000000000001A1C0" success="true" from="nursery"/>
<exclusive-end id="504" timestamp="2026-09-06T06:50:59.758" durationms="0.565" />

<exclusive-start id="505" timestamp="2026-09-06T06:50:59.772" intervalms="15.470">
  <response-info timems="0.008" idlems="0.008" threads="0" lastid="0000000000019700" lastname="main" />
</exclusive-start>
<af-start id="506" threadId="000000000001A1C0" totalBytesRequested="146920" timestamp="2026-09-06T06:50:59.773" intervalms="15.465" type="nursery" />
<cycle-start id="507" type="scavenge" contextid="0" timestamp="2026-09-06T06:50:59.773" intervalms="15.468" />
<gc-start id="508" type="scavenge" contextid="507" timestamp="2026-09-06T06:50:59.773">
  <mem-info id="509" free="2473432" total="10747904" percent="23">
    <mem type="nursery" free="27648" total="3407872" percent="0">
      <mem type="allocate" free="27648" total="3014656" percent="0" />
      <mem type="survivor" free="0" total="393216" percent="0" />
    </mem>
    <mem type="tenure" free="2445784" total="7340032" percent="33">
      <mem type="soa" free="2078168" total="6972416" percent="29" />
      <mem type="loa" free="367616" total="367616" percent="100" />
    </mem>
    <remembered-set count="255" />
  </mem-info>
</gc-start>
<allocation-stats totalBytes="2754288" discardedBytes="51472" >
  <allocated-bytes non-tlh="767976" tlh="1986312" />
  <largest-consumer threadName="main" threadId="0000000000019700" bytes="2754288" />
</allocation-stats>
<gc-op id="510" type="scavenge" timems="0.199" contextid="507" timestamp="2026-09-06T06:50:59.773">
  <scavenger-info tenureage="3" tenuremask="4008" tiltratio="88" />
  <memory-copied type="nursery" objects="1587" bytes="68704" bytesdiscarded="112536" />
  <memory-copied type="tenure" objects="674" bytes="22592" bytesdiscarded="0" />
  <references type="phantom" candidates="2" cleared="0" enqueued="0" />
  <object-monitors candidates="5" cleared="0"  />
</gc-op>
<gc-end id="511" type="scavenge" contextid="507" durationms="0.272" usertimems="0.382" systemtimems="0.038" stalltimems="0.172" timestamp="2026-09-06T06:50:59.773" activeThreads="3">
  <mem-info id="512" free="5221592" total="10747904" percent="48">
    <mem type="nursery" free="2833408" total="3407872" percent="83">
      <mem type="allocate" free="2833408" total="3014656" percent="93" />
      <mem type="survivor" free="0" total="393216" percent="0" />
    </mem>
    <mem type="tenure" free="2388184" total="7340032" percent="32">
      <mem type="soa" free="2020568" total="6972416" percent="28" />
      <mem type="loa" free="367616" total="367616" percent="100" />
    </mem>
    <remembered-set count="201" />
  </mem-info>
</gc-end>
<cycle-end id="513" type="scavenge" contextid="507" timestamp="2026-09-06T06:50:59.773" />
<allocation-satisfied id="514" threadId="0000000000019700" bytesRequested="146920" />
<af-end id="515" timestamp="2026-09-06T06:50:59.773" threadId="000000000001A1C0" success="true" from="nursery"/>
<exclusive-end id="516" timestamp="2026-09-06T06:50:59.773" durationms="0.468" />

<exclusive-start id="517" timestamp="2026-09-06T06:50:59.787" intervalms="14.354">
  <response-info timems="0.008" idlems="0.008" threads="0" lastid="0000000000019700" lastname="main" />
</exclusive-start>
<af-start id="518" threadId="000000000001A1C0" totalBytesRequested="14040" timestamp="2026-09-06T06:50:59.787" intervalms="14.352" type="nursery" />
<cycle-start id="519" type="scavenge" contextid="0" timestamp="2026-09-06T06:50:59.787" intervalms="14.346" />
<gc-start id="520" type="scavenge" contextid="519" timestamp="2026-09-06T06:50:59.787">
  <mem-info id="521" free="2388136" total="10747904" percent="22">
    <mem type="nursery" free="0" total="3407872" percent="0">
      <mem type="allocate" free="0" total="3014656" percent="0" />
      <mem type="survivor" free="0" total="393216" percent="0" />
    </mem>
    <mem type="tenure" free="2388136" total="7340032" percent="32">
      <mem type="soa" free="2020520" total="6972416" percent="28" />
      <mem type="loa" free="367616" total="367616" percent="100" />
    </mem>
    <remembered-set count="231" />
  </mem-info>
</gc-start>
<allocation-stats totalBytes="2753880" discardedBytes="79576" >
  <allocated-bytes non-tlh="934264" tlh="1819616" />
  <largest-consumer threadName="main" threadId="0000000000019700" bytes="2753880" />
</allocation-stats>
<gc-op id="522" type="scavenge" timems="0.207" contextid="519" timestamp="2026-09-06T06:50:59.787">
  <scavenger-info tenureage="3" tenuremask="4008" tiltratio="88" />
  <memory-copied type="nursery" objects="1301" bytes="43808" bytesdiscarded="104408" />
  <memory-copied type="tenure" objects="686" bytes="38248" bytesdiscarded="16" />
  <references type="phantom" candidates="2" cleared="0" enqueued="0" />
  <object-monitors candidates="5" cleared="0"  />
</gc-op>
<gc-end id="523" type="scavenge" contextid="519" durationms="0.299" usertimems="1.018" systemtimems="0.102" stalltimems="0.146" timestamp="2026-09-06T06:50:59.787" activeThreads="3">
  <mem-info id="524" free="5147544" total="10747904" percent="47">
    <mem type="nursery" free="2866432" total="3407872" percent="84">
      <mem type="allocate" free="2866432" total="3014656" percent="95" />
      <mem type="survivor" free="0" total="393216" percent="0" />
    </mem>
    <mem type="tenure" free="2281112" total="7340032" percent="31">
      <mem type="soa" free="1913496" total="6972416" percent="27" />
      <mem type="loa" free="367616" total="367616" percent="100" />
    </mem>
    <remembered-set count="195" />
  </mem-info>
</gc-end>
<cycle-end id="525" type="scavenge" contextid="519" timestamp="2026-09-06T06:50:59.787" />
<allocation-satisfied id="526" threadId="0000000000019700" bytesRequested="14040" />
<af-end id="527" timestamp="2026-09-06T06:50:59.787" threadId="000000000001A1C0" success="true" from="nursery"/>
<exclusive-end id="528" timestamp="2026-09-06T06:50:59.787" durationms="0.490" />

<exclusive-start id="529" timestamp="2026-09-06T06:50:59.807" intervalms="20.355">
  <response-info timems="0.011" idlems="0.011" threads="0" lastid="0000000000019700" lastname="main" />
</exclusive-start>
<af-start id="530" threadId="000000000001A1C0" totalBytesRequested="66944" timestamp="2026-09-06T06:50:59.807" intervalms="20.371" type="nursery" />
<cycle-start id="531" type="scavenge" contextid="0" timestamp="2026-09-06T06:50:59.807" intervalms="20.381" />
<gc-start id="532" type="scavenge" contextid="531" timestamp="2026-09-06T06:50:59.807">
  <mem-info id="533" free="2281112" total="10747904" percent="21">
    <mem type="nursery" free="0" total="3407872" percent="0">
      <mem type="allocate" free="0" total="3014656" percent="0" />
      <mem type="survivor" free="0" total="393216" percent="0" />
    </mem>
    <mem type="tenure" free="2281112" total="7340032" percent="31">
      <mem type="soa" free="1913496" total="6972416" percent="27" />
      <mem type="loa" free="367616" total="367616" percent="100" />
    </mem>
    <remembered-set count="236" />
  </mem-info>
</gc-start>
<allocation-stats totalBytes="2819992" discardedBytes="46440" >
  <allocated-bytes non-tlh="814328" tlh="2005664" />
  <largest-consumer threadName="main" threadId="0000000000019700" bytes="2819992" />
</allocation-stats>
<gc-op id="534" type="scavenge" timems="0.202" contextid="531" timestamp="2026-09-06T06:50:59.808">
  <scavenger-info tenureage="14" tenuremask="4000" tiltratio="88" />
  <memory-copied type="nursery" objects="1833" bytes="61704" bytesdiscarded="119536" />
  <references type="phantom" candidates="2" cleared="0" enqueued="0" />
  <object-monitors candidates="5" cleared="0"  />
</gc-op>
<gc-end id="535" type="scavenge" contextid="531" durationms="0.314" usertimems="0.421" systemtimems="0.042" stalltimems="0.175" timestamp="2026-09-06T06:50:59.808" activeThreads="3">
  <mem-info id="536" free="5114520" total="10747904" percent="47">
    <mem type="nursery" free="2833408" total="3407872" percent="83">
      <mem type="allocate" free="2833408" total="3014656" percent="93" />
      <mem type="survivor" free="0" total="393216" percent="0" />
    </mem>
    <mem type="tenure" free="2281112" total="7340032" percent="31">
      <mem type="soa" free="1913496" total="6972416" percent="27" />
      <mem type="loa" free="367616" total="367616" percent="100" />
    </mem>
    <remembered-set count="227" />
  </mem-info>
</gc-end>
<cycle-end id="537" type="scavenge" contextid="531" timestamp="2026-09-06T06:50:59.808" />
<allocation-satisfied id="538" threadId="0000000000019700" bytesRequested="66944" />
<af-end id="539" timestamp="2026-09-06T06:50:59.808" threadId="000000000001A1C0" success="true" from="nursery"/>
<exclusive-end id="540" timestamp="2026-09-06T06:50:59.808" durationms="0.552" />

<exclusive-start id="541" timestamp="2026-09-06T06:50:59.836" intervalms="28.418">
  <response-info timems="0.010" idlems="0.010" threads="0" lastid="0000000000019700" lastname="main" />
</exclusive-start>
<af-start id="542" threadId="000000000001A1C0" totalBytesRequested="32776" timestamp="2026-09-06T06:50:59.836" intervalms="28.433" type="nursery" />
<cycle-start id="543" type="scavenge" contextid="0" timestamp="2026-09-06T06:50:59.836" intervalms="28.449" />
<gc-start id="544" type="scavenge" contextid="543" timestamp="2026-09-06T06:50:59.836">
  <mem-info id="545" free="2281112" total="10747904" percent="21">
    <mem type="nursery" free="0" total="3407872" percent="0">
      <mem type="allocate" free="0" total="3014656" percent="0" />
      <mem type="survivor" free="0" total="393216" percent="0" />
    </mem>
    <mem type="tenure" free="2281112" total="7340032" percent="31">
      <mem type="soa" free="1913496" total="6972416" percent="27" />
      <mem type="loa" free="367616" total="367616" percent="100" />
    </mem>
    <remembered-set count="266" />
  </mem-info>
</gc-start>
<allocation-stats totalBytes="2759072" discardedBytes="74336" >
  <allocated-bytes non-tlh="573448" tlh="2185624" />
  <largest-consumer threadName="main" threadId="0000000000019700" bytes="2759072" />
</allocation-stats>
<gc-op id="546" type="scavenge" timems="0.225" contextid="543" timestamp="2026-09-06T06:50:59.836">
  <scavenger-info tenureage="2" tenuremask="4014" tiltratio="88" />
  <memory-copied type="nursery" objects="1616" bytes="216776" bytesdiscarded="94224" />
  <memory-copied type="tenure" objects="816" bytes="27312" bytesdiscarded="8" />
  <references type="phantom" candidates="3" cleared="0" enqueued="0" />
  <object-monitors candidates="5" cleared="0"  />
</gc-op>
<gc-end id="547" type="scavenge" contextid="543" durationms="0.337" usertimems="0.495" systemtimems="0.050" stalltimems="0.139" timestamp="2026-09-06T06:50:59.836" activeThreads="3">
  <mem-info id="548" free="4939448" total="10747904" percent="45">
    <mem type="nursery" free="2703648" total="3407872" percent="79">
      <mem type="allocate" free="2703648" total="3014656" percent="89" />
      <mem type="survivor" free="0" total="393216" percent="0" />
    </mem>
    <mem type="tenure" free="2235800" total="7340032" percent="30">
      <mem type="soa" free="1868184" total="6972416" percent="26" />
      <mem type="loa" free="367616" total="367616" percent="100" />
    </mem>
    <remembered-set count="214" />
  </mem-info>
</gc-end>
<cycle-end id="549" type="scavenge" contextid="543" timestamp="2026-09-06T06:50:59.836" />
<allocation-satisfied id="550" threadId="0000000000019700" bytesRequested="32776" />
<af-end id="551" timestamp="2026-09-06T06:50:59.836" threadId="000000000001A1C0" success="true" from="nursery"/>
<exclusive-end id="552" timestamp="2026-09-06T06:50:59.836" durationms="0.624" />

<exclusive-start id="553" timestamp="2026-09-06T06:50:59.852" intervalms="16.129">
  <response-info timems="0.008" idlems="0.008" threads="0" lastid="0000000000019700" lastname="main" />
</exclusive-start>
<af-start id="554" threadId="000000000001A1C0" totalBytesRequested="12752" timestamp="2026-09-06T06:50:59.852" intervalms="16.097" type="nursery" />
<cycle-start id="555" type="scavenge" contextid="0" timestamp="2026-09-06T06:50:59.852" intervalms="16.069" />
<gc-start id="556" type="scavenge" contextid="555" timestamp="2026-09-06T06:50:59.852">
  <mem-info id="557" free="2235696" total="10747904" percent="20">
    <mem type="nursery" free="0" total="3407872" percent="0">
      <mem type="allocate" free="0" total="3014656" percent="0" />
      <mem type="survivor" free="0" total="393216" percent="0" />
    </mem>
    <mem type="tenure" free="2235696" total="7340032" percent="30">
      <mem type="soa" free="1868080" total="6972416" percent="26" />
      <mem type="loa" free="367616" total="367616" percent="100" />
    </mem>
    <remembered-set count="260" />
  </mem-info>
</gc-start>
<allocation-stats totalBytes="2582384" discardedBytes="121368" >
  <allocated-bytes non-tlh="32880" tlh="2549504" />
  <largest-consumer threadName="main" threadId="0000000000019700" bytes="2582384" />
</allocation-stats>
<gc-op id="558" type="scavenge" timems="0.187" contextid="555" timestamp="2026-09-06T06:50:59.852">
  <scavenger-info tenureage="2" tenuremask="ffd4" tiltratio="88" />
  <memory-copied type="nursery" objects="1093" bytes="36848" bytesdiscarded="123656" />
  <memory-copied type="tenure" objects="992" bytes="33376" bytesdiscarded="16" />
  <references type="phantom" candidates="2" cleared="0" enqueued="0" />
  <object-monitors candidates="5" cleared="0"  />
</gc-op>
<gc-end id="559" type="scavenge" contextid="555" durationms="0.266" usertimems="0.371" systemtimems="0.037" stalltimems="0.146" timestamp="2026-09-06T06:50:59.852" activeThreads="3">
  <mem-info id="560" free="5056816" total="10747904" percent="47">
    <mem type="nursery" free="2854144" total="3407872" percent="83">
      <mem type="allocate" free="2854144" total="3014656" percent="94" />
      <mem type="survivor" free="0" total="393216" percent="0" />
    </mem>
    <mem type="tenure" free="2202672" total="7340032" percent="30">
      <mem type="soa" free="1835056" total="6972416" percent="26" />
      <mem type="loa" free="367616" total="367616" percent="100" />
    </mem>
    <remembered-set count="194" />
  </mem-info>
</gc-end>
<cycle-end id="561" type="scavenge" contextid="555" timestamp="2026-09-06T06:50:59.852" />
<allocation-satisfied id="562" threadId="0000000000019700" bytesRequested="12752" />
<af-end id="563" timestamp="2026-09-06T06:50:59.852" threadId="000000000001A1C0" success="true" from="nursery"/>
<exclusive-end id="564" timestamp="2026-09-06T06:50:59.852" durationms="0.441" />

<exclusive-start id="565" timestamp="2026-09-06T06:50:59.868" intervalms="16.750">
  <response-info timems="0.008" idlems="0.008" threads="0" lastid="0000000000019700" lastname="main" />
</exclusive-start>
<af-start id="566" threadId="000000000001A1C0" totalBytesRequested="8200" timestamp="2026-09-06T06:50:59.869" intervalms="16.754" type="nursery" />
<cycle-start id="567" type="scavenge" contextid="0" timestamp="2026-09-06T06:50:59.869" intervalms="16.754" />
<gc-start id="568" type="scavenge" contextid="567" timestamp="2026-09-06T06:50:59.869">
  <mem-info id="569" free="2202624" total="10747904" percent="20">
    <mem type="nursery" free="0" total="3407872" percent="0">
      <mem type="allocate" free="0" total="3014656" percent="0" />
      <mem type="survivor" free="0" total="393216" percent="0" />
    </mem>
    <mem type="tenure" free="2202624" total="7340032" percent="30">
      <mem type="soa" free="1835008" total="6972416" percent="26" />
      <mem type="loa" free="367616" total="367616" percent="100" />
    </mem>
    <remembered-set count="245" />
  </mem-info>
</gc-start>
<allocation-stats totalBytes="2808056" discardedBytes="46136" >
  <allocated-bytes non-tlh="347640" tlh="2460416" />
  <largest-consumer threadName="main" threadId="0000000000019700" bytes="2808056" />
</allocation-stats>
<gc-op id="570" type="scavenge" timems="0.160" contextid="567" timestamp="2026-09-06T06:50:59.869">
  <scavenger-info tenureage="2" tenuremask="ffd4" tiltratio="88" />
  <memory-copied type="nursery" objects="1192" bytes="59776" bytesdiscarded="121464" />
  <memory-copied type="tenure" objects="507" bytes="16992" bytesdiscarded="0" />
  <references type="phantom" candidates="3" cleared="0" enqueued="0" />
  <object-monitors candidates="5" cleared="0"  />
</gc-op>
<gc-end id="571" type="scavenge" contextid="567" durationms="0.240" usertimems="0.327" systemtimems="0.033" stalltimems="0.134" timestamp="2026-09-06T06:50:59.869" activeThreads="3">
  <mem-info id="572" free="5036032" total="10747904" percent="46">
    <mem type="nursery" free="2833408" total="3407872" percent="83">
      <mem type="allocate" free="2833408" total="3014656" percent="93" />
      <mem type="survivor" free="0" total="393216" percent="0" />
    </mem>
    <mem type="tenure" free="2202624" total="7340032" percent="30">
      <mem type="soa" free="1835008" total="6972416" percent="26" />
      <mem type="loa" free="367616" total="367616" percent="100" />
    </mem>
    <remembered-set count="199" />
  </mem-info>
</gc-end>
<cycle-end id="573" type="scavenge" contextid="567" timestamp="2026-09-06T06:50:59.869" />
<allocation-satisfied id="574" threadId="0000000000019700" bytesRequested="8200" />
<af-end id="575" timestamp="2026-09-06T06:50:59.869" threadId="000000000001A1C0" success="true" from="nursery"/>
<exclusive-end id="576" timestamp="2026-09-06T06:50:59.869" durationms="0.415" />

<exclusive-start id="577" timestamp="2026-09-06T06:50:59.882" intervalms="13.659">
  <response-info timems="0.007" idlems="0.007" threads="0" lastid="0000000000019700" lastname="main" />
</exclusive-start>
<af-start id="578" threadId="000000000001A1C0" totalBytesRequested="235952" timestamp="2026-09-06T06:50:59.882" intervalms="13.659" type="nursery" />
<cycle-start id="579" type="scavenge" contextid="0" timestamp="2026-09-06T06:50:59.882" intervalms="13.659" />
<gc-start id="580" type="scavenge" contextid="579" timestamp="2026-09-06T06:50:59.882">
  <mem-info id="581" free="2590184" total="10747904" percent="24">
    <mem type="nursery" free="387616" total="3407872" percent="11">
      <mem type="allocate" free="387616" total="3014656" percent="12" />
      <mem type="survivor" free="0" total="393216" percent="0" />
    </mem>
    <mem type="tenure" free="2202568" total="7340032" percent="30">
      <mem type="soa" free="1834952" total="6972416" percent="26" />
      <mem type="loa" free="367616" total="367616" percent="100" />
    </mem>
    <remembered-set count="260" />
  </mem-info>
</gc-start>
<allocation-stats totalBytes="2443448" discardedBytes="2400" >
  <allocated-bytes non-tlh="332312" tlh="2111136" />
  <largest-consumer threadName="main" threadId="0000000000019700" bytes="2443448" />
</allocation-stats>
<gc-op id="582" type="scavenge" timems="0.158" contextid="579" timestamp="2026-09-06T06:50:59.882">
  <scavenger-info tenureage="2" tenuremask="fff4" tiltratio="88" />
  <memory-copied type="nursery" objects="1159" bytes="38984" bytesdiscarded="121520" />
  <memory-copied type="tenure" objects="561" bytes="18840" bytesdiscarded="0" />
  <references type="phantom" candidates="2" cleared="0" enqueued="0" />
  <object-monitors candidates="5" cleared="0"  />
</gc-op>
<gc-end id="583" type="scavenge" contextid="579" durationms="0.242" usertimems="0.319" systemtimems="0.032" stalltimems="0.127" timestamp="2026-09-06T06:50:59.882" activeThreads="3">
  <mem-info id="584" free="5056712" total="10747904" percent="47">
    <mem type="nursery" free="2854144" total="3407872" percent="83">
      <mem type="allocate" free="2854144" total="3014656" percent="94" />
      <mem type="survivor" free="0" total="393216" percent="0" />
    </mem>
    <mem type="tenure" free="2202568" total="7340032" percent="30">
      <mem type="soa" free="1834952" total="6972416" percent="26" />
      <mem type="loa" free="367616" total="367616" percent="100" />
    </mem>
    <remembered-set count="210" />
  </mem-info>
</gc-end>
<cycle-end id="585" type="scavenge" contextid="579" timestamp="2026-09-06T06:50:59.883" />
<allocation-satisfied id="586" threadId="0000000000019700" bytesRequested="235952" />
<af-end id="587" timestamp="2026-09-06T06:50:59.883" threadId="000000000001A1C0" success="true" from="nursery"/>
<exclusive-end id="588" timestamp="2026-09-06T06:50:59.883" durationms="0.464" />

<exclusive-start id="589" timestamp="2026-09-06T06:50:59.909" intervalms="26.562">
  <response-info timems="0.009" idlems="0.009" threads="0" lastid="0000000000019700" lastname="main" />
</exclusive-start>
<af-start id="590" threadId="000000000001A1C0" totalBytesRequested="16392" timestamp="2026-09-06T06:50:59.909" intervalms="26.603" type="nursery" />
<cycle-start id="591" type="scavenge" contextid="0" timestamp="2026-09-06T06:50:59.909" intervalms="26.642" />
<gc-start id="592" type="scavenge" contextid="591" timestamp="2026-09-06T06:50:59.909">
  <mem-info id="593" free="2189096" total="10747904" percent="20">
    <mem type="nursery" free="0" total="3407872" percent="0">
      <mem type="allocate" free="0" total="3014656" percent="0" />
      <mem type="survivor" free="0" total="393216" percent="0" />
    </mem>
    <mem type="tenure" free="2189096" total="7340032" percent="29">
      <mem type="soa" free="1821480" total="6972416" percent="26" />
      <mem type="loa" free="367616" total="367616" percent="100" />
    </mem>
    <remembered-set count="520" />
  </mem-info>
</gc-start>
<allocation-stats totalBytes="2845216" discardedBytes="22400" >
  <allocated-bytes non-tlh="514456" tlh="2330760" />
  <largest-consumer threadName="main" threadId="0000000000019700" bytes="2841120" />
</allocation-stats>
<gc-op id="594" type="scavenge" timems="0.405" contextid="591" timestamp="2026-09-06T06:50:59.909">
  <scavenger-info tenureage="2" tenuremask="fff4" tiltratio="88" />
  <memory-copied type="nursery" objects="4407" bytes="266256" bytesdiscarded="39480" />
  <memory-copied type="tenure" objects="578" bytes="19320" bytesdiscarded="40" />
  <finalization candidates="59" enqueued="57" />
  <ownableSynchronizers candidates="36" cleared="21" />
  <references type="soft" candidates="6" cleared="0" enqueued="0" dynamicThreshold="12" maxThreshold="32" />
  <references type="weak" candidates="74" cleared="33" enqueued="33" />
  <references type="phantom" candidates="21" cleared="0" enqueued="0" />
  <object-monitors candidates="6" cleared="0"  />
</gc-op>
<gc-end id="595" type="scavenge" contextid="591" durationms="0.521" usertimems="0.770" systemtimems="0.077" stalltimems="0.395" timestamp="2026-09-06T06:50:59.909" activeThreads="3">
  <mem-info id="596" free="4733440" total="10747904" percent="44">
    <mem type="nursery" free="2577368" total="3407872" percent="75">
      <mem type="allocate" free="2577368" total="2883584" percent="89" />
      <mem type="survivor" free="0" total="524288" percent="0" />
    </mem>
    <mem type="tenure" free="2156072" total="7340032" percent="29">
      <mem type="soa" free="1788456" total="6972416" percent="25" />
      <mem type="loa" free="367616" total="367616" percent="100" />
    </mem>
    <pending-finalizers system="57" default="0" reference="33" classloader="0" />
    <remembered-set count="452" />
  </mem-info>
</gc-end>
<cycle-end id="597" type="scavenge" contextid="591" timestamp="2026-09-06T06:50:59.909" />
<allocation-satisfied id="598" threadId="0000000000019700" bytesRequested="16392" />
<af-end id="599" timestamp="2026-09-06T06:50:59.910" threadId="000000000001A1C0" success="true" from="nursery"/>
<exclusive-end id="600" timestamp="2026-09-06T06:50:59.910" durationms="0.878" />

<exclusive-start id="601" timestamp="2026-09-06T06:50:59.929" intervalms="20.551">
  <response-info timems="0.009" idlems="0.009" threads="0" lastid="0000000000019700" lastname="main" />
</exclusive-start>
<af-start id="602" threadId="000000000001A1C0" totalBytesRequested="24" timestamp="2026-09-06T06:50:59.929" intervalms="20.551" type="nursery" />
<cycle-start id="603" type="scavenge" contextid="0" timestamp="2026-09-06T06:50:59.929" intervalms="20.533" />
<gc-start id="604" type="scavenge" contextid="603" timestamp="2026-09-06T06:50:59.929">
  <mem-info id="605" free="2149080" total="10747904" percent="19">
    <mem type="nursery" free="0" total="3407872" percent="0">
      <mem type="allocate" free="0" total="2883584" percent="0" />
      <mem type="survivor" free="0" total="524288" percent="0" />
    </mem>
    <mem type="tenure" free="2149080" total="7340032" percent="29">
      <mem type="soa" free="1781464" total="6972416" percent="25" />
      <mem type="loa" free="367616" total="367616" percent="100" />
    </mem>
    <remembered-set count="620" />
  </mem-info>
</gc-start>
<allocation-stats totalBytes="2583232" discardedBytes="1128" >
  <allocated-bytes non-tlh="23384" tlh="2559848" />
  <largest-consumer threadName="main" threadId="0000000000019700" bytes="2579136" />
</allocation-stats>
<gc-op id="606" type="scavenge" timems="0.661" contextid="603" timestamp="2026-09-06T06:50:59.930">
  <scavenger-info tenureage="2" tenuremask="fff4" tiltratio="84" />
  <memory-copied type="nursery" objects="6794" bytes="492168" bytesdiscarded="31200" />
  <memory-copied type="tenure" objects="4718" bytes="189656" bytesdiscarded="264" />
  <copy-failed type="nursery" objects="4162" bytes="171192" />
  <finalization candidates="18" enqueued="16" />
  <ownableSynchronizers candidates="89" cleared="40" />
  <references type="soft" candidates="9" cleared="0" enqueued="0" dynamicThreshold="12" maxThreshold="32" />
  <references type="weak" candidates="89" cleared="37" enqueued="37" />
  <references type="phantom" candidates="65" cleared="0" enqueued="0" />
  <object-monitors candidates="6" cleared="0"  />
</gc-op>
<gc-end id="607" type="scavenge" contextid="603" durationms="0.787" usertimems="1.238" systemtimems="0.024" stalltimems="0.755" timestamp="2026-09-06T06:50:59.930" activeThreads="3">
  <mem-info id="608" free="3663064" total="10747904" percent="34">
    <mem type="nursery" free="1638400" total="3407872" percent="48">
      <mem type="allocate" free="1638400" total="2162688" percent="75" />
      <mem type="survivor" free="0" total="1245184" percent="0" />
    </mem>
    <mem type="tenure" free="2024664" total="7340032" percent="27">
      <mem type="soa" free="1657048" total="6972416" percent="23" />
      <mem type="loa" free="367616" total="367616" percent="100" />
    </mem>
    <pending-finalizers system="16" default="0" reference="37" classloader="0" />
    <remembered-set count="1241" />
  </mem-info>
</gc-end>
<cycle-end id="609" type="scavenge" contextid="603" timestamp="2026-09-06T06:50:59.930" />
<allocation-satisfied id="610" threadId="0000000000019700" bytesRequested="24" />
<af-end id="611" timestamp="2026-09-06T06:50:59.930" threadId="000000000001A1C0" success="true" from="nursery"/>
<exclusive-end id="612" timestamp="2026-09-06T06:50:59.930" durationms="1.072" />

<exclusive-start id="613" timestamp="2026-09-06T06:50:59.947" intervalms="17.730">
  <response-info timems="0.009" idlems="0.009" threads="0" lastid="0000000000019700" lastname="main" />
</exclusive-start>
<af-start id="614" threadId="000000000001A1C0" totalBytesRequested="16" timestamp="2026-09-06T06:50:59.947" intervalms="17.725" type="nursery" />
<cycle-start id="615" type="scavenge" contextid="0" timestamp="2026-09-06T06:50:59.947" intervalms="17.734" />
<gc-start id="616" type="scavenge" contextid="615" timestamp="2026-09-06T06:50:59.947">
  <mem-info id="617" free="2021568" total="10747904" percent="18">
    <mem type="nursery" free="0" total="3407872" percent="0">
      <mem type="allocate" free="0" total="2162688" percent="0" />
      <mem type="survivor" free="0" total="1245184" percent="0" />
    </mem>
    <mem type="tenure" free="2021568" total="7340032" percent="27">
      <mem type="soa" free="1653952" total="6972416" percent="23" />
      <mem type="loa" free="367616" total="367616" percent="100" />
    </mem>
    <remembered-set count="1329" />
  </mem-info>
</gc-start>
<allocation-stats totalBytes="1640864" discardedBytes="632" >
  <allocated-bytes non-tlh="3120" tlh="1637744" />
  <largest-consumer threadName="main" threadId="0000000000019700" bytes="1636768" />
</allocation-stats>
<gc-op id="618" type="scavenge" timems="0.644" contextid="615" timestamp="2026-09-06T06:50:59.948">
  <scavenger-info tenureage="2" tenuremask="fff4" tiltratio="63" />
  <memory-copied type="nursery" objects="8225" bytes="476744" bytesdiscarded="176680" />
  <memory-copied type="tenure" objects="2160" bytes="175696" bytesdiscarded="32" />
  <finalization candidates="2" enqueued="0" />
  <ownableSynchronizers candidates="61" cleared="9" />
  <references type="soft" candidates="3" cleared="0" enqueued="0" dynamicThreshold="12" maxThreshold="32" />
  <references type="weak" candidates="26" cleared="15" enqueued="15" />
  <references type="phantom" candidates="50" cleared="0" enqueued="0" />
  <object-monitors candidates="6" cleared="0"  />
</gc-op>
<gc-end id="619" type="scavenge" contextid="615" durationms="0.789" usertimems="0.601" systemtimems="0.862" stalltimems="0.695" timestamp="2026-09-06T06:50:59.948" activeThreads="3">
  <mem-info id="620" free="3410040" total="10747904" percent="31">
    <mem type="nursery" free="1573128" total="3407872" percent="46">
      <mem type="allocate" free="1573128" total="2228224" percent="70" />
      <mem type="survivor" free="0" total="1179648" percent="0" />
    </mem>
    <mem type="tenure" free="1836912" total="7340032" percent="25">
      <mem type="soa" free="1469296" total="6972416" percent="21" />
      <mem type="loa" free="367616" total="367616" percent="100" />
    </mem>
    <pending-finalizers system="0" default="0" reference="15" classloader="0" />
    <remembered-set count="901" />
  </mem-info>
</gc-end>
<cycle-end id="621" type="scavenge" contextid="615" timestamp="2026-09-06T06:50:59.948" />
<allocation-satisfied id="622" threadId="0000000000019700" bytesRequested="16" />
<af-end id="623" timestamp="2026-09-06T06:50:59.948" threadId="000000000001A1C0" success="true" from="nursery"/>
<exclusive-end id="624" timestamp="2026-09-06T06:50:59.948" durationms="1.113" />

<exclusive-start id="625" timestamp="2026-09-06T06:50:59.972" intervalms="24.793">
  <response-info timems="0.041" idlems="0.041" threads="0" lastid="0000000000019700" lastname="main" />
</exclusive-start>
<af-start id="626" threadId="000000000001A1C0" totalBytesRequested="4112" timestamp="2026-09-06T06:50:59.972" intervalms="24.834" type="nursery" />
<cycle-start id="627" type="scavenge" contextid="0" timestamp="2026-09-06T06:50:59.972" intervalms="24.842" />
<gc-start id="628" type="scavenge" contextid="627" timestamp="2026-09-06T06:50:59.972">
  <mem-info id="629" free="1835424" total="10747904" percent="17">
    <mem type="nursery" free="0" total="3407872" percent="0">
      <mem type="allocate" free="0" total="2228224" percent="0" />
      <mem type="survivor" free="0" total="1179648" percent="0" />
    </mem>
    <mem type="tenure" free="1835424" total="7340032" percent="25">
      <mem type="soa" free="1467808" total="6972416" percent="21" />
      <mem type="loa" free="367616" total="367616" percent="100" />
    </mem>
    <remembered-set count="953" />
  </mem-info>
</gc-start>
<allocation-stats totalBytes="1570584" discardedBytes="4032" >
  <allocated-bytes non-tlh="1504" tlh="1569080" />
  <largest-consumer threadName="main" threadId="0000000000019700" bytes="1570584" />
</allocation-stats>
<gc-op id="630" type="scavenge" timems="0.569" contextid="627" timestamp="2026-09-06T06:50:59.973">
  <scavenger-info tenureage="2" tenuremask="fff4" tiltratio="65" />
  <memory-copied type="nursery" objects="4986" bytes="254536" bytesdiscarded="159440" />
  <memory-copied type="tenure" objects="4289" bytes="306128" bytesdiscarded="112" />
  <finalization candidates="10" enqueued="10" />
  <ownableSynchronizers candidates="38" cleared="0" />
  <references type="weak" candidates="5" cleared="2" enqueued="2" />
  <references type="phantom" candidates="6" cleared="0" enqueued="0" />
  <object-monitors candidates="6" cleared="0"  />
</gc-op>
<gc-end id="631" type="scavenge" contextid="627" durationms="0.754" usertimems="1.268" systemtimems="1.030" stalltimems="0.465" timestamp="2026-09-06T06:50:59.973" activeThreads="3">
  <mem-info id="632" free="3329248" total="10747904" percent="30">
    <mem type="nursery" free="1945216" total="3407872" percent="57">
      <mem type="allocate" free="1945216" total="2359296" percent="82" />
      <mem type="survivor" free="0" total="1048576" percent="0" />
    </mem>
    <mem type="tenure" free="1384032" total="7340032" percent="18">
      <mem type="soa" free="1016416" total="6972416" percent="14" />
      <mem type="loa" free="367616" total="367616" percent="100" />
    </mem>
    <pending-finalizers system="10" default="0" reference="2" classloader="0" />
    <remembered-set count="340" />
  </mem-info>
</gc-end>
<cycle-end id="633" type="scavenge" contextid="627" timestamp="2026-09-06T06:50:59.973" />
<allocation-satisfied id="634" threadId="0000000000019700" bytesRequested="4112" />
<af-end id="635" timestamp="2026-09-06T06:50:59.973" threadId="000000000001A1C0" success="true" from="nursery"/>
<exclusive-end id="636" timestamp="2026-09-06T06:50:59.973" durationms="1.121" />

<exclusive-start id="637" timestamp="2026-09-06T06:51:00.003" intervalms="31.040">
  <response-info timems="0.038" idlems="0.038" threads="0" lastid="0000000000019700" lastname="main" />
</exclusive-start>
<af-start id="638" threadId="000000000001A1C0" totalBytesRequested="1040" timestamp="2026-09-06T06:51:00.003" intervalms="31.050" type="nursery" />
<cycle-start id="639" type="scavenge" contextid="0" timestamp="2026-09-06T06:51:00.003" intervalms="31.044" />
<gc-start id="640" type="scavenge" contextid="639" timestamp="2026-09-06T06:51:00.003">
  <mem-info id="641" free="1383912" total="10747904" percent="12">
    <mem type="nursery" free="0" total="3407872" percent="0">
      <mem type="allocate" free="0" total="2359296" percent="0" />
      <mem type="survivor" free="0" total="1048576" percent="0" />
    </mem>
    <mem type="tenure" free="1383912" total="7340032" percent="18">
      <mem type="soa" free="1016296" total="6972416" percent="14" />
      <mem type="loa" free="367616" total="367616" percent="100" />
    </mem>
    <remembered-set count="364" />
  </mem-info>
</gc-start>
<allocation-stats totalBytes="1943016" discardedBytes="2320" >
  <allocated-bytes non-tlh="4232" tlh="1938784" />
  <largest-consumer threadName="main" threadId="0000000000019700" bytes="1943016" />
</allocation-stats>
<gc-op id="642" type="scavenge" timems="0.553" contextid="639" timestamp="2026-09-06T06:51:00.004">
  <scavenger-info tenureage="2" tenuremask="fff4" tiltratio="69" />
  <memory-copied type="nursery" objects="2988" bytes="110288" bytesdiscarded="49216" />
  <memory-copied type="tenure" objects="2843" bytes="135312" bytesdiscarded="72" />
  <finalization candidates="1" enqueued="1" />
  <ownableSynchronizers candidates="6" cleared="0" />
  <references type="weak" candidates="3" cleared="0" enqueued="0" />
  <object-monitors candidates="6" cleared="0"  />
</gc-op>
<gc-end id="643" type="scavenge" contextid="639" durationms="0.682" usertimems="2.042" systemtimems="0.100" stalltimems="0.728" timestamp="2026-09-06T06:51:00.004" activeThreads="3">
  <mem-info id="644" free="3652568" total="10747904" percent="33">
    <mem type="nursery" free="2330864" total="3407872" percent="68">
      <mem type="allocate" free="2330864" total="2490368" percent="93" />
      <mem type="survivor" free="0" total="917504" percent="0" />
    </mem>
    <mem type="tenure" free="1321704" total="7340032" percent="18">
      <mem type="soa" free="954088" total="6972416" percent="13" />
      <mem type="loa" free="367616" total="367616" percent="100" />
    </mem>
    <pending-finalizers system="1" default="0" reference="0" classloader="0" />
    <remembered-set count="235" />
  </mem-info>
</gc-end>
<cycle-end id="645" type="scavenge" contextid="639" timestamp="2026-09-06T06:51:00.004" />
<allocation-satisfied id="646" threadId="0000000000019700" bytesRequested="1040" />
<af-end id="647" timestamp="2026-09-06T06:51:00.004" threadId="000000000001A1C0" success="true" from="nursery"/>
<exclusive-end id="648" timestamp="2026-09-06T06:51:00.004" durationms="1.111" />

<exclusive-start id="649" timestamp="2026-09-06T06:51:00.079" intervalms="76.354">
  <response-info timems="0.015" idlems="0.015" threads="0" lastid="0000000000532200" lastname="Equinox start level thread - Equinox Container: 6067a48d-7b8f-4" />
</exclusive-start>
<af-start id="650" threadId="0000000000532CC0" totalBytesRequested="264" timestamp="2026-09-06T06:51:00.079" intervalms="76.310" type="nursery" />
<cycle-start id="651" type="scavenge" contextid="0" timestamp="2026-09-06T06:51:00.079" intervalms="76.319" />
<gc-start id="652" type="scavenge" contextid="651" timestamp="2026-09-06T06:51:00.079">
  <mem-info id="653" free="1179208" total="10747904" percent="10">
    <mem type="nursery" free="0" total="3407872" percent="0">
      <mem type="allocate" free="0" total="2490368" percent="0" />
      <mem type="survivor" free="0" total="917504" percent="0" />
    </mem>
    <mem type="tenure" free="1179208" total="7340032" percent="16">
      <mem type="soa" free="811592" total="6972416" percent="11" />
      <mem type="loa" free="367616" total="367616" percent="100" />
    </mem>
    <remembered-set count="2436" />
  </mem-info>
</gc-start>
<allocation-stats totalBytes="2399992" discardedBytes="73368" >
  <allocated-bytes non-tlh="241888" tlh="2158104" />
  <largest-consumer threadName="Equinox start level thread - Equinox Container: 6067a48d-7b8f-47e3-87ea-0c1144ca6b94" threadId="000000000052E500" bytes="802480" />
</allocation-stats>
<gc-op id="654" type="scavenge" timems="0.602" contextid="651" timestamp="2026-09-06T06:51:00.080">
  <scavenger-info tenureage="2" tenuremask="fff4" tiltratio="73" />
  <memory-copied type="nursery" objects="7767" bytes="278792" bytesdiscarded="54776" />
  <memory-copied type="tenure" objects="1208" bytes="35272" bytesdiscarded="8" />
  <finalization candidates="65" enqueued="65" />
  <ownableSynchronizers candidates="12" cleared="0" />
  <references type="soft" candidates="12" cleared="0" enqueued="0" dynamicThreshold="12" maxThreshold="32" />
  <references type="weak" candidates="330" cleared="233" enqueued="233" />
  <references type="phantom" candidates="2" cleared="0" enqueued="0" />
  <object-monitors candidates="10" cleared="2"  />
</gc-op>
<gc-end id="655" type="scavenge" contextid="651" durationms="0.757" usertimems="1.313" systemtimems="0.000" stalltimems="0.604" timestamp="2026-09-06T06:51:00.080" activeThreads="3">
  <mem-info id="656" free="3359296" total="10747904" percent="31">
    <mem type="nursery" free="2221560" total="3407872" percent="65">
      <mem type="allocate" free="2221560" total="2555904" percent="86" />
      <mem type="survivor" free="0" total="851968" percent="0" />
    </mem>
    <mem type="tenure" free="1137736" total="7340032" percent="15">
      <mem type="soa" free="770120" total="6972416" percent="11" />
      <mem type="loa" free="367616" total="367616" percent="100" />
    </mem>
    <pending-finalizers system="65" default="0" reference="233" classloader="0" />
    <remembered-set count="2346" />
  </mem-info>
</gc-end>
<cycle-end id="657" type="scavenge" contextid="651" timestamp="2026-09-06T06:51:00.080" />
<allocation-satisfied id="658" threadId="0000000000532200" bytesRequested="264" />
<af-end id="659" timestamp="2026-09-06T06:51:00.080" threadId="0000000000532CC0" success="true" from="nursery"/>
<exclusive-end id="660" timestamp="2026-09-06T06:51:00.080" durationms="1.068" />

<exclusive-start id="661" timestamp="2026-09-06T06:51:00.135" intervalms="56.218">
  <response-info timems="0.014" idlems="0.014" threads="0" lastid="0000000000526B00" lastname="Equinox start level thread - Equinox Container: 6067a48d-7b8f-4" />
</exclusive-start>
<af-start id="662" threadId="00000000005275C0" totalBytesRequested="24" timestamp="2026-09-06T06:51:00.136" intervalms="56.289" type="nursery" />
<cycle-start id="663" type="scavenge" contextid="0" timestamp="2026-09-06T06:51:00.136" intervalms="56.318" />
<gc-start id="664" type="scavenge" contextid="663" timestamp="2026-09-06T06:51:00.136">
  <mem-info id="665" free="1018944" total="10747904" percent="9">
    <mem type="nursery" free="0" total="3407872" percent="0">
      <mem type="allocate" free="0" total="2555904" percent="0" />
      <mem type="survivor" free="0" total="851968" percent="0" />
    </mem>
    <mem type="tenure" free="1018944" total="7340032" percent="13">
      <mem type="soa" free="651328" total="6972416" percent="9" />
      <mem type="loa" free="367616" total="367616" percent="100" />
    </mem>
    <remembered-set count="4037" />
  </mem-info>
</gc-start>
<allocation-stats totalBytes="2338344" discardedBytes="2008" >
  <allocated-bytes non-tlh="184600" tlh="2153744" />
  <largest-consumer threadName="Equinox start level thread - Equinox Container: 6067a48d-7b8f-47e3-87ea-0c1144ca6b94" threadId="000000000052E500" bytes="1257184" />
</allocation-stats>
<gc-op id="666" type="scavenge" timems="0.852" contextid="663" timestamp="2026-09-06T06:51:00.137">
  <scavenger-info tenureage="4" tenuremask="fff0" tiltratio="75" />
  <memory-copied type="nursery" objects="14862" bytes="592248" bytesdiscarded="20032" />
  <finalization candidates="107" enqueued="53" />
  <ownableSynchronizers candidates="47" cleared="7" />
  <references type="soft" candidates="93" cleared="0" enqueued="0" dynamicThreshold="12" maxThreshold="32" />
  <references type="weak" candidates="638" cleared="420" enqueued="420" />
  <references type="phantom" candidates="4" cleared="0" enqueued="0" />
  <object-monitors candidates="9" cleared="0"  />
</gc-op>
<gc-end id="667" type="scavenge" contextid="663" durationms="1.027" usertimems="2.660" systemtimems="0.152" stalltimems="0.613" timestamp="2026-09-06T06:51:00.137" activeThreads="3">
  <mem-info id="668" free="2764344" total="10747904" percent="25">
    <mem type="nursery" free="1745400" total="3407872" percent="51">
      <mem type="allocate" free="1745400" total="2359296" percent="73" />
      <mem type="survivor" free="0" total="1048576" percent="0" />
    </mem>
    <mem type="tenure" free="1018944" total="7340032" percent="13">
      <mem type="soa" free="651328" total="6972416" percent="9" />
      <mem type="loa" free="367616" total="367616" percent="100" />
    </mem>
    <pending-finalizers system="53" default="0" reference="420" classloader="0" />
    <remembered-set count="3971" />
  </mem-info>
</gc-end>
<cycle-end id="669" type="scavenge" contextid="663" timestamp="2026-09-06T06:51:00.137" />
<allocation-satisfied id="670" threadId="0000000000526B00" bytesRequested="24" />
<af-end id="671" timestamp="2026-09-06T06:51:00.137" threadId="00000000005275C0" success="true" from="nursery"/>
<exclusive-end id="672" timestamp="2026-09-06T06:51:00.137" durationms="1.544" />

<exclusive-start id="673" timestamp="2026-09-06T06:51:00.182" intervalms="46.364">
  <response-info timems="0.022" idlems="0.022" threads="0" lastid="000000000052E500" lastname="Equinox start level thread - Equinox Container: 6067a48d-7b8f-4" />
</exclusive-start>
<af-start id="674" threadId="000000000052EFC0" totalBytesRequested="48" timestamp="2026-09-06T06:51:00.182" intervalms="46.358" type="nursery" />
<cycle-start id="675" type="scavenge" contextid="0" timestamp="2026-09-06T06:51:00.182" intervalms="46.342" />
<gc-start id="676" type="scavenge" contextid="675" timestamp="2026-09-06T06:51:00.182">
  <mem-info id="677" free="939408" total="10747904" percent="8">
    <mem type="nursery" free="0" total="3407872" percent="0">
      <mem type="allocate" free="0" total="2359296" percent="0" />
      <mem type="survivor" free="0" total="1048576" percent="0" />
    </mem>
    <mem type="tenure" free="939408" total="7340032" percent="12">
      <mem type="soa" free="571792" total="6972416" percent="8" />
      <mem type="loa" free="367616" total="367616" percent="100" />
    </mem>
    <remembered-set count="4974" />
  </mem-info>
</gc-start>
<allocation-stats totalBytes="1823280" discardedBytes="1656" >
  <allocated-bytes non-tlh="79560" tlh="1743720" />
  <largest-consumer threadName="Equinox start level thread - Equinox Container: 6067a48d-7b8f-47e3-87ea-0c1144ca6b94" threadId="000000000052E500" bytes="909696" />
</allocation-stats>
<gc-op id="678" type="scavenge" timems="0.893" contextid="675" timestamp="2026-09-06T06:51:00.183">
  <scavenger-info tenureage="3" tenuremask="fff8" tiltratio="69" />
  <memory-copied type="nursery" objects="17787" bytes="728144" bytesdiscarded="199232" />
  <memory-copied type="tenure" objects="975" bytes="27744" bytesdiscarded="0" />
  <finalization candidates="105" enqueued="49" />
  <ownableSynchronizers candidates="151" cleared="42" />
  <references type="soft" candidates="224" cleared="0" enqueued="0" dynamicThreshold="12" maxThreshold="32" />
  <references type="weak" candidates="526" cleared="214" enqueued="211" />
  <references type="phantom" candidates="4" cleared="0" enqueued="0" />
  <object-monitors candidates="9" cleared="0"  />
</gc-op>
<gc-end id="679" type="scavenge" contextid="675" durationms="1.068" usertimems="4.399" systemtimems="0.035" stalltimems="0.305" timestamp="2026-09-06T06:51:00.183" activeThreads="3">
  <mem-info id="680" free="2348928" total="10747904" percent="21">
    <mem type="nursery" free="1430256" total="3407872" percent="41">
      <mem type="allocate" free="1430256" total="2359296" percent="60" />
      <mem type="survivor" free="0" total="1048576" percent="0" />
    </mem>
    <mem type="tenure" free="918672" total="7340032" percent="12">
      <mem type="soa" free="551056" total="6972416" percent="7" />
      <mem type="loa" free="367616" total="367616" percent="100" />
    </mem>
    <pending-finalizers system="49" default="0" reference="211" classloader="0" />
    <remembered-set count="3102" />
  </mem-info>
</gc-end>
<cycle-end id="681" type="scavenge" contextid="675" timestamp="2026-09-06T06:51:00.183" />
<allocation-satisfied id="682" threadId="000000000052E500" bytesRequested="48" />
<af-end id="683" timestamp="2026-09-06T06:51:00.183" threadId="000000000052EFC0" success="true" from="nursery"/>
<exclusive-end id="684" timestamp="2026-09-06T06:51:00.183" durationms="1.525" />

<exclusive-start id="685" timestamp="2026-09-06T06:51:00.221" intervalms="39.413">
  <response-info timems="0.048" idlems="0.048" threads="0" lastid="0000000000526B00" lastname="Equinox start level thread - Equinox Container: 6067a48d-7b8f-4" />
</exclusive-start>
<af-start id="686" threadId="00000000005275C0" totalBytesRequested="40" timestamp="2026-09-06T06:51:00.221" intervalms="39.383" type="nursery" />
<cycle-start id="687" type="scavenge" contextid="0" timestamp="2026-09-06T06:51:00.221" intervalms="39.377" />
<gc-start id="688" type="scavenge" contextid="687" timestamp="2026-09-06T06:51:00.221">
  <mem-info id="689" free="888880" total="10747904" percent="8">
    <mem type="nursery" free="0" total="3407872" percent="0">
      <mem type="allocate" free="0" total="2359296" percent="0" />
      <mem type="survivor" free="0" total="1048576" percent="0" />
    </mem>
    <mem type="tenure" free="888880" total="7340032" percent="12">
      <mem type="soa" free="521264" total="6972416" percent="7" />
      <mem type="loa" free="367616" total="367616" percent="100" />
    </mem>
    <remembered-set count="3522" />
  </mem-info>
</gc-start>
<allocation-stats totalBytes="1443392" discardedBytes="15920" >
  <allocated-bytes non-tlh="29104" tlh="1414288" />
  <largest-consumer threadName="Equinox start level thread - Equinox Container: 6067a48d-7b8f-47e3-87ea-0c1144ca6b94" threadId="0000000000526B00" bytes="1149968" />
</allocation-stats>
<gc-op id="690" type="scavenge" timems="1.061" contextid="687" timestamp="2026-09-06T06:51:00.223">
  <scavenger-info tenureage="3" tenuremask="6008" tiltratio="69" />
  <memory-copied type="nursery" objects="14366" bytes="641032" bytesdiscarded="93936" />
  <memory-copied type="tenure" objects="5793" bytes="193592" bytesdiscarded="200" />
  <finalization candidates="67" enqueued="11" />
  <ownableSynchronizers candidates="132" cleared="9" />
  <references type="soft" candidates="225" cleared="0" enqueued="0" dynamicThreshold="12" maxThreshold="32" />
  <references type="weak" candidates="388" cleared="140" enqueued="140" />
  <references type="phantom" candidates="2" cleared="0" enqueued="0" />
  <object-monitors candidates="10" cleared="0"  />
</gc-op>
<gc-end id="691" type="scavenge" contextid="687" durationms="1.252" usertimems="5.012" systemtimems="0.264" stalltimems="1.078" timestamp="2026-09-06T06:51:00.223" activeThreads="4">
  <mem-info id="692" free="2408744" total="10747904" percent="22">
    <mem type="nursery" free="1688824" total="3407872" percent="49">
      <mem type="allocate" free="1688824" total="2424832" percent="69" />
      <mem type="survivor" free="0" total="983040" percent="0" />
    </mem>
    <mem type="tenure" free="719920" total="7340032" percent="9">
      <mem type="soa" free="352304" total="6972416" percent="5" />
      <mem type="loa" free="367616" total="367616" percent="100" />
    </mem>
    <pending-finalizers system="11" default="0" reference="140" classloader="0" />
    <remembered-set count="1999" />
  </mem-info>
</gc-end>
<cycle-end id="693" type="scavenge" contextid="687" timestamp="2026-09-06T06:51:00.223" />
<allocation-satisfied id="694" threadId="0000000000526B00" bytesRequested="40" />
<af-end id="695" timestamp="2026-09-06T06:51:00.223" threadId="00000000005275C0" success="true" from="nursery"/>
<exclusive-end id="696" timestamp="2026-09-06T06:51:00.223" durationms="1.690" />

<concurrent-kickoff id="697" timestamp="2026-09-06T06:51:00.275">
  <kickoff reason="threshold reached" targetBytes="2279140" thresholdFreeBytes="315462"  remainingFree="312568" tenureFreeBytes="712360" nurseryFreeBytes="312568" />
</concurrent-kickoff>
<exclusive-start id="698" timestamp="2026-09-06T06:51:00.278" intervalms="56.485">
  <response-info timems="0.077" idlems="0.069" threads="1" lastid="000000000001D400" lastname="JIT Compilation Thread-000" />
</exclusive-start>
<cycle-start id="699" type="global" contextid="0" timestamp="2026-09-06T06:51:00.278" intervalms="865.534" />
<concurrent-start id="700" type="global mark" contextid="699" timestamp="2026-09-06T06:51:00.278">
</concurrent-start>
<exclusive-end id="701" timestamp="2026-09-06T06:51:00.278" durationms="0.115" />

<concurrent-end id="702" type="global mark" contextid="699" timestamp="2026-09-06T06:51:00.284">
<gc-op id="703" type="trace" timems="6.278" contextid="699" timestamp="2026-09-06T06:51:00.284">
  <trace bytesTraced="3251204" workStackOverflowCount="0" />
  <card-cleaning reason="card cleaning threshold reached" bytesTraced="18684" cardsCleaned="45" />
</gc-op>
</concurrent-end>

<exclusive-start id="704" timestamp="2026-09-06T06:51:00.284" intervalms="6.524">
  <response-info timems="0.187" idlems="0.101" threads="1" lastid="0000000000532200" lastname="Equinox start level thread - Equinox Container: 6067a48d-7b8f-4" />
</exclusive-start>
<af-start id="705" threadId="000000000052B2C0" totalBytesRequested="24" timestamp="2026-09-06T06:51:00.284" intervalms="62.955" type="nursery" />
<percolate-collect id="706" from="nursery" to="global" reason="concurrent mark exhausted" timestamp="2026-09-06T06:51:00.284"/>
<gc-start id="707" type="global" contextid="699" timestamp="2026-09-06T06:51:00.284">
  <mem-info id="708" free="709880" total="10747904" percent="6">
    <mem type="nursery" free="0" total="3407872" percent="0">
      <mem type="allocate" free="0" total="2424832" percent="0" />
      <mem type="survivor" free="0" total="983040" percent="0" />
    </mem>
    <mem type="tenure" free="709880" total="7340032" percent="9">
      <mem type="soa" free="342264" total="6972416" percent="4" />
      <mem type="loa" free="367616" total="367616" percent="100" />
    </mem>
    <remembered-set count="2216" />
  </mem-info>
</gc-start>
<allocation-stats totalBytes="1697504" discardedBytes="1360" >
  <allocated-bytes non-tlh="10080" tlh="1687424" />
  <largest-consumer threadName="Equinox start level thread - Equinox Container: 6067a48d-7b8f-47e3-87ea-0c1144ca6b94" threadId="0000000000526B00" bytes="1508424" />
</allocation-stats>
<gc-op id="709" type="rs-scan" timems="0.764" contextid="699" timestamp="2026-09-06T06:51:00.285">
  <scan objectsFound="15858" bytesTraced="623504" workStackOverflowCount="0" />
</gc-op>
<gc-op id="710" type="card-cleaning" timems="0.098" contextid="699" timestamp="2026-09-06T06:51:00.285">
  <card-cleaning cardsCleaned="14" bytesTraced="34940" workStackOverflowCount="0" />
</gc-op>
<gc-op id="711" type="mark" timems="1.624" contextid="699" timestamp="2026-09-06T06:51:00.287">
  <trace-info objectcount="2348" scancount="2112" scanbytes="75324" />
  <finalization candidates="675" enqueued="12" />
  <ownableSynchronizers candidates="317" cleared="45" />
  <references type="soft" candidates="3280" cleared="0" enqueued="0" dynamicThreshold="12" maxThreshold="32" />
  <references type="weak" candidates="1255" cleared="43" enqueued="43" />
  <references type="phantom" candidates="122" cleared="0" enqueued="0" />
  <stringconstants candidates="13961" cleared="81"  />
  <object-monitors candidates="11" cleared="0"  />
</gc-op>
<gc-op id="712" type="classunload" timems="0.007" contextid="699" timestamp="2026-09-06T06:51:00.287">
  <classunload-info classloadercandidates="19" classloadersunloaded="0" classesunloaded="0" anonymousclassesunloaded="0" quiescems="0.000" setupms="0.007" scanms="0.000" postms="0.000" />
</gc-op>
<gc-op id="713" type="sweep" timems="0.433" contextid="699" timestamp="2026-09-06T06:51:00.288" />
<heap-resize id="714" type="expand" space="tenure" amount="1572864" count="1" timems="0.020" reason="insufficient free space following gc" timestamp="2026-09-06T06:51:00.288" />
<gc-end id="715" type="global" contextid="699" durationms="3.332" usertimems="5.307" systemtimems="0.942" stalltimems="4.788" timestamp="2026-09-06T06:51:00.288" activeThreads="5">
  <mem-info id="716" free="4194896" total="12320768" percent="34">
    <mem type="nursery" free="1502360" total="3407872" percent="44">
      <mem type="allocate" free="1502360" total="2424832" percent="61" />
      <mem type="survivor" free="0" total="983040" percent="0" />
    </mem>
    <mem type="tenure" free="2692536" total="8912896" percent="30" micro-fragmented="197101" macro-fragmented="0">
      <mem type="soa" free="2246072" total="8466432" percent="26" />
      <mem type="loa" free="446464" total="446464" percent="100" />
    </mem>
    <pending-finalizers system="12" default="0" reference="43" classloader="0" />
    <remembered-set count="1946" />
  </mem-info>
</gc-end>
<cycle-end id="717" type="global" contextid="699" timestamp="2026-09-06T06:51:00.288" />
<allocation-satisfied id="718" threadId="000000000052A800" bytesRequested="24" />
<af-end id="719" timestamp="2026-09-06T06:51:00.288" threadId="000000000052B2C0" success="true" from="nursery"/>
<exclusive-end id="720" timestamp="2026-09-06T06:51:00.288" durationms="3.703" />

<exclusive-start id="721" timestamp="2026-09-06T06:51:00.320" intervalms="35.796">
  <response-info timems="0.036" idlems="0.036" threads="0" lastid="000000000052A800" lastname="Equinox start level thread - Equinox Container: 6067a48d-7b8f-4" />
</exclusive-start>
<af-start id="722" threadId="000000000052B2C0" totalBytesRequested="40" timestamp="2026-09-06T06:51:00.320" intervalms="35.866" type="nursery" />
<cycle-start id="723" type="scavenge" contextid="0" timestamp="2026-09-06T06:51:00.320" intervalms="98.825" />
<gc-start id="724" type="scavenge" contextid="723" timestamp="2026-09-06T06:51:00.320">
  <mem-info id="725" free="2680776" total="12320768" percent="21">
    <mem type="nursery" free="0" total="3407872" percent="0">
      <mem type="allocate" free="0" total="2424832" percent="0" />
      <mem type="survivor" free="0" total="983040" percent="0" />
    </mem>
    <mem type="tenure" free="2680776" total="8912896" percent="30">
      <mem type="soa" free="2234312" total="8466432" percent="26" />
      <mem type="loa" free="446464" total="446464" percent="100" />
    </mem>
    <remembered-set count="2082" />
  </mem-info>
</gc-start>
<allocation-stats totalBytes="1504088" discardedBytes="6368" >
  <allocated-bytes non-tlh="65496" tlh="1438592" />
  <largest-consumer threadName="Equinox start level thread - Equinox Container: 6067a48d-7b8f-47e3-87ea-0c1144ca6b94" threadId="000000000052A800" bytes="567704" />
</allocation-stats>
<gc-op id="726" type="scavenge" timems="1.135" contextid="723" timestamp="2026-09-06T06:51:00.321">
  <scavenger-info tenureage="3" tenuremask="6008" tiltratio="71" />
  <memory-copied type="nursery" objects="15045" bytes="608600" bytesdiscarded="163136" />
  <memory-copied type="tenure" objects="6320" bytes="311248" bytesdiscarded="888" />
  <finalization candidates="62" enqueued="6" />
  <ownableSynchronizers candidates="533" cleared="274" />
  <references type="soft" candidates="223" cleared="0" enqueued="0" dynamicThreshold="9" maxThreshold="32" />
  <references type="weak" candidates="245" cleared="49" enqueued="49" />
  <references type="phantom" candidates="1" cleared="0" enqueued="0" />
  <object-monitors candidates="11" cleared="0"  />
</gc-op>
<gc-end id="727" type="scavenge" contextid="723" durationms="1.330" usertimems="6.852" systemtimems="0.000" stalltimems="1.068" timestamp="2026-09-06T06:51:00.322" activeThreads="4">
  <mem-info id="728" free="3908408" total="12320768" percent="31">
    <mem type="nursery" free="1717224" total="3407872" percent="50">
      <mem type="allocate" free="1717224" total="2490368" percent="68" />
      <mem type="survivor" free="0" total="917504" percent="0" />
    </mem>
    <mem type="tenure" free="2191184" total="8912896" percent="24">
      <mem type="soa" free="1744720" total="8466432" percent="20" />
      <mem type="loa" free="446464" total="446464" percent="100" />
    </mem>
    <pending-finalizers system="6" default="0" reference="49" classloader="0" />
    <remembered-set count="1107" />
  </mem-info>
</gc-end>
<cycle-end id="729" type="scavenge" contextid="723" timestamp="2026-09-06T06:51:00.322" />
<allocation-satisfied id="730" threadId="000000000052A800" bytesRequested="40" />
<af-end id="731" timestamp="2026-09-06T06:51:00.322" threadId="000000000052B2C0" success="true" from="nursery"/>
<exclusive-end id="732" timestamp="2026-09-06T06:51:00.322" durationms="1.826" />

<exclusive-start id="733" timestamp="2026-09-06T06:51:00.346" intervalms="25.916">
  <response-info timems="0.019" idlems="0.019" threads="0" lastid="000000000052A800" lastname="Equinox start level thread - Equinox Container: 6067a48d-7b8f-4" />
</exclusive-start>
<af-start id="734" threadId="000000000052B2C0" totalBytesRequested="256" timestamp="2026-09-06T06:51:00.346" intervalms="25.922" type="nursery" />
<cycle-start id="735" type="scavenge" contextid="0" timestamp="2026-09-06T06:51:00.346" intervalms="25.920" />
<gc-start id="736" type="scavenge" contextid="735" timestamp="2026-09-06T06:51:00.346">
  <mem-info id="737" free="2157104" total="12320768" percent="17">
    <mem type="nursery" free="0" total="3407872" percent="0">
      <mem type="allocate" free="0" total="2490368" percent="0" />
      <mem type="survivor" free="0" total="917504" percent="0" />
    </mem>
    <mem type="tenure" free="2157104" total="8912896" percent="24">
      <mem type="soa" free="1710640" total="8466432" percent="20" />
      <mem type="loa" free="446464" total="446464" percent="100" />
    </mem>
    <remembered-set count="1626" />
  </mem-info>
</gc-start>
<allocation-stats totalBytes="1750128" discardedBytes="1176" >
  <allocated-bytes non-tlh="34120" tlh="1716008" />
  <largest-consumer threadName="Equinox start level thread - Equinox Container: 6067a48d-7b8f-47e3-87ea-0c1144ca6b94" threadId="000000000052A800" bytes="897736" />
</allocation-stats>
<gc-op id="738" type="scavenge" timems="1.072" contextid="735" timestamp="2026-09-06T06:51:00.347">
  <scavenger-info tenureage="13" tenuremask="6000" tiltratio="73" />
  <memory-copied type="nursery" objects="20506" bytes="788760" bytesdiscarded="59904" />
  <finalization candidates="53" enqueued="51" />
  <ownableSynchronizers candidates="522" cleared="110" />
  <references type="soft" candidates="377" cleared="0" enqueued="0" dynamicThreshold="9" maxThreshold="32" />
  <references type="weak" candidates="502" cleared="202" enqueued="202" />
  <references type="phantom" candidates="1" cleared="0" enqueued="0" />
  <object-monitors candidates="14" cleared="2"  />
</gc-op>
<gc-end id="739" type="scavenge" contextid="735" durationms="1.286" usertimems="5.699" systemtimems="0.000" stalltimems="1.964" timestamp="2026-09-06T06:51:00.347" activeThreads="5">
  <mem-info id="740" free="3600408" total="12320768" percent="29">
    <mem type="nursery" free="1443304" total="3407872" percent="42">
      <mem type="allocate" free="1443304" total="2293760" percent="62" />
      <mem type="survivor" free="0" total="1114112" percent="0" />
    </mem>
    <mem type="tenure" free="2157104" total="8912896" percent="24">
      <mem type="soa" free="1710640" total="8466432" percent="20" />
      <mem type="loa" free="446464" total="446464" percent="100" />
    </mem>
    <pending-finalizers system="51" default="0" reference="202" classloader="0" />
    <remembered-set count="1345" />
  </mem-info>
</gc-end>
<cycle-end id="741" type="scavenge" contextid="735" timestamp="2026-09-06T06:51:00.348" />
<allocation-satisfied id="742" threadId="000000000052A800" bytesRequested="256" />
<af-end id="743" timestamp="2026-09-06T06:51:00.348" threadId="000000000052B2C0" success="true" from="nursery"/>
<exclusive-end id="744" timestamp="2026-09-06T06:51:00.348" durationms="1.788" />

<exclusive-start id="745" timestamp="2026-09-06T06:51:00.396" intervalms="50.314">
  <response-info timems="0.043" idlems="0.043" threads="0" lastid="0000000000728900" lastname="Default Executor-thread-1" />
</exclusive-start>
<af-start id="746" threadId="00000000007293C0" totalBytesRequested="24" timestamp="2026-09-06T06:51:00.396" intervalms="50.279" type="nursery" />
<cycle-start id="747" type="scavenge" contextid="0" timestamp="2026-09-06T06:51:00.396" intervalms="50.281" />
<gc-start id="748" type="scavenge" contextid="747" timestamp="2026-09-06T06:51:00.396">
  <mem-info id="749" free="2114904" total="12320768" percent="17">
    <mem type="nursery" free="0" total="3407872" percent="0">
      <mem type="allocate" free="0" total="2293760" percent="0" />
      <mem type="survivor" free="0" total="1114112" percent="0" />
    </mem>
    <mem type="tenure" free="2114904" total="8912896" percent="23">
      <mem type="soa" free="1668440" total="8466432" percent="19" />
      <mem type="loa" free="446464" total="446464" percent="100" />
    </mem>
    <remembered-set count="1961" />
  </mem-info>
</gc-start>
<allocation-stats totalBytes="1484368" discardedBytes="384" >
  <allocated-bytes non-tlh="41704" tlh="1442664" />
  <largest-consumer threadName="Equinox start level thread - Equinox Container: 6067a48d-7b8f-47e3-87ea-0c1144ca6b94" threadId="000000000052A800" bytes="898400" />
</allocation-stats>
<gc-op id="750" type="scavenge" timems="0.948" contextid="747" timestamp="2026-09-06T06:51:00.398">
  <scavenger-info tenureage="3" tenuremask="7018" tiltratio="67" />
  <memory-copied type="nursery" objects="18008" bytes="708112" bytesdiscarded="64736" />
  <memory-copied type="tenure" objects="6948" bytes="238080" bytesdiscarded="240" />
  <finalization candidates="39" enqueued="35" />
  <ownableSynchronizers candidates="550" cleared="59" />
  <references type="soft" candidates="375" cleared="0" enqueued="0" dynamicThreshold="9" maxThreshold="32" />
  <references type="weak" candidates="477" cleared="212" enqueued="211" />
  <references type="phantom" candidates="1" cleared="0" enqueued="0" />
  <object-monitors candidates="15" cleared="0"  />
</gc-op>
<gc-end id="751" type="scavenge" contextid="747" durationms="1.157" usertimems="3.208" systemtimems="0.184" stalltimems="1.302" timestamp="2026-09-06T06:51:00.398" activeThreads="5">
  <mem-info id="752" free="3075352" total="12320768" percent="24">
    <mem type="nursery" free="1584888" total="3407872" percent="46">
      <mem type="allocate" free="1584888" total="2359296" percent="67" />
      <mem type="survivor" free="0" total="1048576" percent="0" />
    </mem>
    <mem type="tenure" free="1490464" total="8912896" percent="16">
      <mem type="soa" free="1044000" total="8466432" percent="12" />
      <mem type="loa" free="446464" total="446464" percent="100" />
    </mem>
    <pending-finalizers system="35" default="0" reference="211" classloader="0" />
    <remembered-set count="1488" />
  </mem-info>
</gc-end>
<cycle-end id="753" type="scavenge" contextid="747" timestamp="2026-09-06T06:51:00.398" />
<allocation-satisfied id="754" threadId="0000000000728900" bytesRequested="24" />
<af-end id="755" timestamp="2026-09-06T06:51:00.398" threadId="00000000007293C0" success="true" from="nursery"/>
<exclusive-end id="756" timestamp="2026-09-06T06:51:00.398" durationms="1.595" />

<exclusive-start id="757" timestamp="2026-09-06T06:51:00.416" intervalms="20.268">
  <response-info timems="0.014" idlems="0.014" threads="0" lastid="0000000000728900" lastname="Default Executor-thread-1" />
</exclusive-start>
<af-start id="758" threadId="00000000007293C0" totalBytesRequested="8200" timestamp="2026-09-06T06:51:00.417" intervalms="20.249" type="nursery" />
<cycle-start id="759" type="scavenge" contextid="0" timestamp="2026-09-06T06:51:00.417" intervalms="20.247" />
<gc-start id="760" type="scavenge" contextid="759" timestamp="2026-09-06T06:51:00.417">
  <mem-info id="761" free="1484624" total="12320768" percent="12">
    <mem type="nursery" free="0" total="3407872" percent="0">
      <mem type="allocate" free="0" total="2359296" percent="0" />
      <mem type="survivor" free="0" total="1048576" percent="0" />
    </mem>
    <mem type="tenure" free="1484624" total="8912896" percent="16">
      <mem type="soa" free="1038160" total="8466432" percent="12" />
      <mem type="loa" free="446464" total="446464" percent="100" />
    </mem>
    <remembered-set count="1583" />
  </mem-info>
</gc-start>
<allocation-stats totalBytes="1580752" discardedBytes="9976" >
  <allocated-bytes non-tlh="5864" tlh="1574888" />
  <largest-consumer threadName="Default Executor-thread-1" threadId="0000000000728900" bytes="1576656" />
</allocation-stats>
<gc-op id="762" type="scavenge" timems="0.849" contextid="759" timestamp="2026-09-06T06:51:00.418">
  <scavenger-info tenureage="11" tenuremask="7800" tiltratio="69" />
  <memory-copied type="nursery" objects="23694" bytes="930088" bytesdiscarded="85240" />
  <finalization candidates="5" enqueued="3" />
  <ownableSynchronizers candidates="409" cleared="0" />
  <references type="soft" candidates="381" cleared="0" enqueued="0" dynamicThreshold="9" maxThreshold="32" />
  <references type="weak" candidates="328" cleared="54" enqueued="54" />
  <references type="phantom" candidates="2" cleared="0" enqueued="0" />
  <object-monitors candidates="15" cleared="0"  />
</gc-op>
<gc-end id="763" type="scavenge" contextid="759" durationms="1.027" usertimems="1.725" systemtimems="1.151" stalltimems="1.424" timestamp="2026-09-06T06:51:00.418" activeThreads="5">
  <mem-info id="764" free="2565128" total="12320768" percent="20">
    <mem type="nursery" free="1080504" total="3407872" percent="31">
      <mem type="allocate" free="1080504" total="2097152" percent="51" />
      <mem type="survivor" free="0" total="1310720" percent="0" />
    </mem>
    <mem type="tenure" free="1484624" total="8912896" percent="16">
      <mem type="soa" free="1038160" total="8466432" percent="12" />
      <mem type="loa" free="446464" total="446464" percent="100" />
    </mem>
    <pending-finalizers system="3" default="0" reference="54" classloader="0" />
    <remembered-set count="1216" />
  </mem-info>
</gc-end>
<cycle-end id="765" type="scavenge" contextid="759" timestamp="2026-09-06T06:51:00.418" />
<allocation-satisfied id="766" threadId="0000000000728900" bytesRequested="8200" />
<af-end id="767" timestamp="2026-09-06T06:51:00.418" threadId="00000000007293C0" success="true" from="nursery"/>
<exclusive-end id="768" timestamp="2026-09-06T06:51:00.418" durationms="1.427" />

<exclusive-start id="769" timestamp="2026-09-06T06:51:00.424" intervalms="7.606">
  <response-info timems="0.011" idlems="0.011" threads="0" lastid="0000000000728900" lastname="Default Executor-thread-1" />
</exclusive-start>
<af-start id="770" threadId="00000000007293C0" totalBytesRequested="8200" timestamp="2026-09-06T06:51:00.424" intervalms="7.583" type="nursery" />
<cycle-start id="771" type="scavenge" contextid="0" timestamp="2026-09-06T06:51:00.424" intervalms="7.575" />
<gc-start id="772" type="scavenge" contextid="771" timestamp="2026-09-06T06:51:00.424">
  <mem-info id="773" free="1484352" total="12320768" percent="12">
    <mem type="nursery" free="0" total="3407872" percent="0">
      <mem type="allocate" free="0" total="2097152" percent="0" />
      <mem type="survivor" free="0" total="1310720" percent="0" />
    </mem>
    <mem type="tenure" free="1484352" total="8912896" percent="16">
      <mem type="soa" free="1037888" total="8466432" percent="12" />
      <mem type="loa" free="446464" total="446464" percent="100" />
    </mem>
    <remembered-set count="1226" />
  </mem-info>
</gc-start>
<allocation-stats totalBytes="1069720" discardedBytes="11056" >
  <allocated-bytes non-tlh="8472" tlh="1061248" />
  <largest-consumer threadName="Default Executor-thread-1" threadId="0000000000728900" bytes="1065624" />
</allocation-stats>
<gc-op id="774" type="scavenge" timems="0.866" contextid="771" timestamp="2026-09-06T06:51:00.425">
  <scavenger-info tenureage="3" tenuremask="7c18" tiltratio="61" />
  <memory-copied type="nursery" objects="13549" bytes="509168" bytesdiscarded="75648" />
  <memory-copied type="tenure" objects="12408" bytes="516464" bytesdiscarded="32" />
  <finalization candidates="2" enqueued="0" />
  <ownableSynchronizers candidates="409" cleared="0" />
  <references type="soft" candidates="148" cleared="0" enqueued="0" dynamicThreshold="9" maxThreshold="32" />
  <references type="weak" candidates="102" cleared="1" enqueued="1" />
  <references type="phantom" candidates="1" cleared="0" enqueued="0" />
  <object-monitors candidates="15" cleared="0"  />
</gc-op>
<heap-resize id="775" type="expand" space="nursery" amount="393216" count="1" timems="0.016" reason="excessive time being spent scavenging" timestamp="2026-09-06T06:51:00.425" />
<gc-end id="776" type="scavenge" contextid="771" durationms="1.073" usertimems="2.250" systemtimems="0.858" stalltimems="1.342" timestamp="2026-09-06T06:51:00.425" activeThreads="5">
  <mem-info id="777" free="2838816" total="12713984" percent="22">
    <mem type="nursery" free="1774080" total="3801088" percent="46">
      <mem type="allocate" free="1774080" total="2359296" percent="75" />
      <mem type="survivor" free="0" total="1441792" percent="0" />
    </mem>
    <mem type="tenure" free="1064736" total="8912896" percent="11">
      <mem type="soa" free="618272" total="8466432" percent="7" />
      <mem type="loa" free="446464" total="446464" percent="100" />
    </mem>
    <pending-finalizers system="0" default="0" reference="1" classloader="0" />
    <remembered-set count="566" />
  </mem-info>
</gc-end>
<cycle-end id="778" type="scavenge" contextid="771" timestamp="2026-09-06T06:51:00.425" />
<allocation-satisfied id="779" threadId="0000000000728900" bytesRequested="8200" />
<af-end id="780" timestamp="2026-09-06T06:51:00.425" threadId="00000000007293C0" success="true" from="nursery"/>
<exclusive-end id="781" timestamp="2026-09-06T06:51:00.426" durationms="1.434" />

<concurrent-kickoff id="782" timestamp="2026-09-06T06:51:00.433">
  <kickoff reason="threshold reached" targetBytes="2983913" thresholdFreeBytes="412748"  remainingFree="307712" tenureFreeBytes="1064736" nurseryFreeBytes="307712" />
</concurrent-kickoff>
<exclusive-start id="783" timestamp="2026-09-06T06:51:00.433" intervalms="9.278">
  <response-info timems="0.012" idlems="0.012" threads="0" lastid="0000000000728900" lastname="Default Executor-thread-1" />
</exclusive-start>
<cycle-start id="784" type="global" contextid="0" timestamp="2026-09-06T06:51:00.433" intervalms="155.688" />
<concurrent-start id="785" type="global mark" contextid="784" timestamp="2026-09-06T06:51:00.433">
</concurrent-start>
<exclusive-end id="786" timestamp="2026-09-06T06:51:00.433" durationms="0.075" />

<exclusive-start id="787" timestamp="2026-09-06T06:51:00.436" intervalms="2.885">
  <response-info timems="0.008" idlems="0.008" threads="0" lastid="0000000000728900" lastname="Default Executor-thread-1" />
</exclusive-start>
<af-start id="788" threadId="00000000007293C0" totalBytesRequested="8200" timestamp="2026-09-06T06:51:00.436" intervalms="12.143" type="nursery" />
<cycle-start id="789" type="scavenge" contextid="0" timestamp="2026-09-06T06:51:00.436" intervalms="12.125" />
<gc-start id="790" type="scavenge" contextid="789" timestamp="2026-09-06T06:51:00.436">
  <mem-info id="791" free="1064736" total="12713984" percent="8">
    <mem type="nursery" free="0" total="3801088" percent="0">
      <mem type="allocate" free="0" total="2359296" percent="0" />
      <mem type="survivor" free="0" total="1441792" percent="0" />
    </mem>
    <mem type="tenure" free="1064736" total="8912896" percent="11">
      <mem type="soa" free="618272" total="8466432" percent="7" />
      <mem type="loa" free="446464" total="446464" percent="100" />
    </mem>
    <remembered-set count="566" />
  </mem-info>
</gc-start>
<allocation-stats totalBytes="1759376" discardedBytes="14704" >
  <allocated-bytes non-tlh="8200" tlh="1751176" />
  <largest-consumer threadName="Default Executor-thread-1" threadId="0000000000728900" bytes="1759376" />
</allocation-stats>
<gc-op id="792" type="scavenge" timems="0.929" contextid="789" timestamp="2026-09-06T06:51:00.437">
  <scavenger-info tenureage="3" tenuremask="7c08" tiltratio="62" />
  <memory-copied type="nursery" objects="13239" bytes="499776" bytesdiscarded="56528" />
  <memory-copied type="tenure" objects="4937" bytes="169304" bytesdiscarded="144" />
  <finalization candidates="2" enqueued="0" />
  <ownableSynchronizers candidates="85" cleared="0" />
  <references type="soft" candidates="6" cleared="0" enqueued="0" dynamicThreshold="9" maxThreshold="32" />
  <references type="weak" candidates="9" cleared="0" enqueued="0" />
  <references type="phantom" candidates="1" cleared="0" enqueued="0" />
  <object-monitors candidates="15" cleared="0"  />
</gc-op>
<heap-resize id="793" type="expand" space="nursery" amount="262144" count="1" timems="0.059" reason="excessive time being spent scavenging" timestamp="2026-09-06T06:51:00.438" />
<gc-end id="794" type="scavenge" contextid="789" durationms="1.193" usertimems="4.351" systemtimems="0.028" stalltimems="2.428" timestamp="2026-09-06T06:51:00.438" activeThreads="5">
  <mem-info id="795" free="3218928" total="12976128" percent="24">
    <mem type="nursery" free="2261712" total="4063232" percent="55">
      <mem type="allocate" free="2261712" total="2818048" percent="80" />
      <mem type="survivor" free="0" total="1245184" percent="0" />
    </mem>
    <mem type="tenure" free="957216" total="8912896" percent="10">
      <mem type="soa" free="510752" total="8466432" percent="6" />
      <mem type="loa" free="446464" total="446464" percent="100" />
    </mem>
    <remembered-set count="230" />
  </mem-info>
</gc-end>
<cycle-end id="796" type="scavenge" contextid="789" timestamp="2026-09-06T06:51:00.438" />
<allocation-satisfied id="797" threadId="0000000000728900" bytesRequested="8200" />
<af-end id="798" timestamp="2026-09-06T06:51:00.438" threadId="00000000007293C0" success="true" from="nursery"/>
<exclusive-end id="799" timestamp="2026-09-06T06:51:00.438" durationms="1.532" />

<exclusive-start id="800" timestamp="2026-09-06T06:51:00.453" intervalms="16.372">
  <response-info timems="0.014" idlems="0.014" threads="0" lastid="0000000000728900" lastname="Default Executor-thread-1" />
</exclusive-start>
<af-start id="801" threadId="00000000007293C0" totalBytesRequested="944" timestamp="2026-09-06T06:51:00.453" intervalms="16.401" type="nursery" />
<percolate-collect id="802" from="nursery" to="global" reason="concurrent mark exhausted" timestamp="2026-09-06T06:51:00.453"/>
<concurrent-end id="803" type="global mark" contextid="784" timestamp="2026-09-06T06:51:00.453">
<gc-op id="804" type="trace" timems="19.192" contextid="784" timestamp="2026-09-06T06:51:00.453">
  <trace bytesTraced="4241908" workStackOverflowCount="0" />
  <card-cleaning reason="card cleaning threshold reached" bytesTraced="43832" cardsCleaned="86" />
</gc-op>
</concurrent-end>

<gc-start id="805" type="global" contextid="784" timestamp="2026-09-06T06:51:00.453">
  <mem-info id="806" free="957216" total="12976128" percent="7">
    <mem type="nursery" free="0" total="4063232" percent="0">
      <mem type="allocate" free="0" total="2818048" percent="0" />
      <mem type="survivor" free="0" total="1245184" percent="0" />
    </mem>
    <mem type="tenure" free="957216" total="8912896" percent="10">
      <mem type="soa" free="510752" total="8466432" percent="6" />
      <mem type="loa" free="446464" total="446464" percent="100" />
    </mem>
    <remembered-set count="230" />
  </mem-info>
</gc-start>
<allocation-stats totalBytes="2260232" discardedBytes="1480" >
  <allocated-bytes non-tlh="8200" tlh="2252032" />
  <largest-consumer threadName="Default Executor-thread-1" threadId="0000000000728900" bytes="2260232" />
</allocation-stats>
<concurrent-halted id="807" timestamp="2026-09-06T06:51:00.453">
  <halted state="Complete" status="exhausted" />
  <traced bytesTarget="2967844" bytesTotal="4285740" bytesByMutator="712780" bytesByHelper="3572960" percent="144" />
  <cards cleaned="86" thresholdBytes="162597" />
</concurrent-halted>
<gc-op id="808" type="rs-scan" timems="0.436" contextid="784" timestamp="2026-09-06T06:51:00.453">
  <scan objectsFound="13220" bytesTraced="396532" workStackOverflowCount="0" />
</gc-op>
<gc-op id="809" type="card-cleaning" timems="0.149" contextid="784" timestamp="2026-09-06T06:51:00.454">
  <card-cleaning cardsCleaned="1" bytesTraced="16496" workStackOverflowCount="0" />
</gc-op>
<gc-op id="810" type="mark" timems="1.692" contextid="784" timestamp="2026-09-06T06:51:00.455">
  <trace-info objectcount="3100" scancount="1709" scanbytes="53388" />
  <finalization candidates="665" enqueued="0" />
  <ownableSynchronizers candidates="617" cleared="0" />
  <references type="soft" candidates="3631" cleared="0" enqueued="0" dynamicThreshold="9" maxThreshold="32" />
  <references type="weak" candidates="1424" cleared="0" enqueued="0" />
  <references type="phantom" candidates="120" cleared="0" enqueued="0" />
  <stringconstants candidates="14514" cleared="3"  />
  <object-monitors candidates="15" cleared="1"  />
</gc-op>
<gc-op id="811" type="classunload" timems="0.006" contextid="784" timestamp="2026-09-06T06:51:00.455">
  <classunload-info classloadercandidates="25" classloadersunloaded="0" classesunloaded="0" anonymousclassesunloaded="0" quiescems="0.000" setupms="0.005" scanms="0.000" postms="0.000" />
</gc-op>
<gc-op id="812" type="sweep" timems="0.276" contextid="784" timestamp="2026-09-06T06:51:00.456" />
<heap-resize id="813" type="expand" space="tenure" amount="1900544" count="1" timems="0.021" reason="insufficient free space following gc" timestamp="2026-09-06T06:51:00.456" />
<gc-end id="814" type="global" contextid="784" durationms="2.952" usertimems="5.170" systemtimems="2.362" stalltimems="6.558" timestamp="2026-09-06T06:51:00.456" activeThreads="6">
  <mem-info id="815" free="4973904" total="14876672" percent="33">
    <mem type="nursery" free="1700488" total="4063232" percent="41">
      <mem type="allocate" free="1700488" total="2818048" percent="60" />
      <mem type="survivor" free="0" total="1245184" percent="0" />
    </mem>
    <mem type="tenure" free="3273416" total="10813440" percent="30" micro-fragmented="241106" macro-fragmented="0">
      <mem type="soa" free="2732744" total="10272768" percent="26" />
      <mem type="loa" free="540672" total="540672" percent="100" />
    </mem>
    <remembered-set count="229" />
  </mem-info>
</gc-end>
<cycle-end id="816" type="global" contextid="784" timestamp="2026-09-06T06:51:00.456" />
<allocation-satisfied id="817" threadId="0000000000728900" bytesRequested="944" />
<af-end id="818" timestamp="2026-09-06T06:51:00.456" threadId="00000000007293C0" success="true" from="nursery"/>
<exclusive-end id="819" timestamp="2026-09-06T06:51:00.456" durationms="3.420" />

<exclusive-start id="820" timestamp="2026-09-06T06:51:00.467" intervalms="13.991">
  <response-info timems="0.012" idlems="0.012" threads="0" lastid="0000000000728900" lastname="Default Executor-thread-1" />
</exclusive-start>
<af-start id="821" threadId="00000000007293C0" totalBytesRequested="16392" timestamp="2026-09-06T06:51:00.467" intervalms="13.982" type="nursery" />
<cycle-start id="822" type="scavenge" contextid="0" timestamp="2026-09-06T06:51:00.467" intervalms="30.389" />
<gc-start id="823" type="scavenge" contextid="822" timestamp="2026-09-06T06:51:00.467">
  <mem-info id="824" free="3280176" total="14876672" percent="22">
    <mem type="nursery" free="6760" total="4063232" percent="0">
      <mem type="allocate" free="6760" total="2818048" percent="0" />
      <mem type="survivor" free="0" total="1245184" percent="0" />
    </mem>
    <mem type="tenure" free="3273416" total="10813440" percent="30">
      <mem type="soa" free="2732744" total="10272768" percent="26" />
      <mem type="loa" free="540672" total="540672" percent="100" />
    </mem>
    <remembered-set count="229" />
  </mem-info>
</gc-start>
<allocation-stats totalBytes="1672296" discardedBytes="13112" >
  <allocated-bytes non-tlh="681288" tlh="991008" />
  <largest-consumer threadName="Default Executor-thread-1" threadId="0000000000728900" bytes="1672296" />
</allocation-stats>
<gc-op id="825" type="scavenge" timems="0.785" contextid="822" timestamp="2026-09-06T06:51:00.468">
  <scavenger-info tenureage="3" tenuremask="7c08" tiltratio="69" />
  <memory-copied type="nursery" objects="17440" bytes="626664" bytesdiscarded="59920" />
  <memory-copied type="tenure" objects="6152" bytes="237768" bytesdiscarded="432" />
  <ownableSynchronizers candidates="1234" cleared="1234" />
  <references type="phantom" candidates="1" cleared="0" enqueued="0" />
  <object-monitors candidates="14" cleared="0"  />
</gc-op>
<gc-end id="826" type="scavenge" contextid="822" durationms="0.926" usertimems="1.194" systemtimems="1.023" stalltimems="0.963" timestamp="2026-09-06T06:51:00.468" activeThreads="4">
  <mem-info id="827" free="5303360" total="14876672" percent="35">
    <mem type="nursery" free="2328064" total="4063232" percent="57">
      <mem type="allocate" free="2328064" total="3014656" percent="77" />
      <mem type="survivor" free="0" total="1048576" percent="0" />
    </mem>
    <mem type="tenure" free="2975296" total="10813440" percent="27">
      <mem type="soa" free="2434624" total="10272768" percent="23" />
      <mem type="loa" free="540672" total="540672" percent="100" />
    </mem>
    <remembered-set count="210" />
  </mem-info>
</gc-end>
<cycle-end id="828" type="scavenge" contextid="822" timestamp="2026-09-06T06:51:00.468" />
<allocation-satisfied id="829" threadId="0000000000728900" bytesRequested="16392" />
<af-end id="830" timestamp="2026-09-06T06:51:00.468" threadId="00000000007293C0" success="true" from="nursery"/>
<exclusive-end id="831" timestamp="2026-09-06T06:51:00.468" durationms="1.244" />

<exclusive-start id="832" timestamp="2026-09-06T06:51:00.480" intervalms="13.368">
  <response-info timems="0.016" idlems="0.016" threads="0" lastid="0000000000728900" lastname="Default Executor-thread-1" />
</exclusive-start>
<af-start id="833" threadId="00000000007293C0" totalBytesRequested="16" timestamp="2026-09-06T06:51:00.480" intervalms="13.374" type="nursery" />
<cycle-start id="834" type="scavenge" contextid="0" timestamp="2026-09-06T06:51:00.480" intervalms="13.392" />
<gc-start id="835" type="scavenge" contextid="834" timestamp="2026-09-06T06:51:00.480">
  <mem-info id="836" free="2975296" total="14876672" percent="19">
    <mem type="nursery" free="0" total="4063232" percent="0">
      <mem type="allocate" free="0" total="3014656" percent="0" />
      <mem type="survivor" free="0" total="1048576" percent="0" />
    </mem>
    <mem type="tenure" free="2975296" total="10813440" percent="27">
      <mem type="soa" free="2434624" total="10272768" percent="23" />
      <mem type="loa" free="540672" total="540672" percent="100" />
    </mem>
    <remembered-set count="212" />
  </mem-info>
</gc-start>
<allocation-stats totalBytes="2327056" discardedBytes="1008" >
  <allocated-bytes non-tlh="16392" tlh="2310664" />
  <largest-consumer threadName="Default Executor-thread-1" threadId="0000000000728900" bytes="2327056" />
</allocation-stats>
<gc-op id="837" type="scavenge" timems="0.615" contextid="834" timestamp="2026-09-06T06:51:00.481">
  <scavenger-info tenureage="10" tenuremask="7c00" tiltratio="74" />
  <memory-copied type="nursery" objects="23508" bytes="831072" bytesdiscarded="112440" />
  <object-monitors candidates="14" cleared="0"  />
</gc-op>
<gc-end id="838" type="scavenge" contextid="834" durationms="0.771" usertimems="1.971" systemtimems="0.000" stalltimems="0.494" timestamp="2026-09-06T06:51:00.481" activeThreads="4">
  <mem-info id="839" free="4915368" total="14876672" percent="33">
    <mem type="nursery" free="1940072" total="4063232" percent="47">
      <mem type="allocate" free="1940072" total="2883584" percent="67" />
      <mem type="survivor" free="0" total="1179648" percent="0" />
    </mem>
    <mem type="tenure" free="2975296" total="10813440" percent="27">
      <mem type="soa" free="2434624" total="10272768" percent="23" />
      <mem type="loa" free="540672" total="540672" percent="100" />
    </mem>
    <remembered-set count="211" />
  </mem-info>
</gc-end>
<cycle-end id="840" type="scavenge" contextid="834" timestamp="2026-09-06T06:51:00.481" />
<allocation-satisfied id="841" threadId="0000000000728900" bytesRequested="16" />
<af-end id="842" timestamp="2026-09-06T06:51:00.481" threadId="00000000007293C0" success="true" from="nursery"/>
<exclusive-end id="843" timestamp="2026-09-06T06:51:00.481" durationms="1.149" />

<exclusive-start id="844" timestamp="2026-09-06T06:51:00.487" intervalms="7.485">
  <response-info timems="0.011" idlems="0.011" threads="0" lastid="0000000000728900" lastname="Default Executor-thread-1" />
</exclusive-start>
<af-start id="845" threadId="00000000007293C0" totalBytesRequested="16392" timestamp="2026-09-06T06:51:00.488" intervalms="7.470" type="nursery" />
<cycle-start id="846" type="scavenge" contextid="0" timestamp="2026-09-06T06:51:00.488" intervalms="7.443" />
<gc-start id="847" type="scavenge" contextid="846" timestamp="2026-09-06T06:51:00.488">
  <mem-info id="848" free="2975248" total="14876672" percent="19">
    <mem type="nursery" free="0" total="4063232" percent="0">
      <mem type="allocate" free="0" total="2883584" percent="0" />
      <mem type="survivor" free="0" total="1179648" percent="0" />
    </mem>
    <mem type="tenure" free="2975248" total="10813440" percent="27">
      <mem type="soa" free="2434576" total="10272768" percent="23" />
      <mem type="loa" free="540672" total="540672" percent="100" />
    </mem>
    <remembered-set count="217" />
  </mem-info>
</gc-start>
<allocation-stats totalBytes="1926840" discardedBytes="13280" >
  <allocated-bytes non-tlh="64" tlh="1926776" />
  <largest-consumer threadName="Default Executor-thread-1" threadId="0000000000728900" bytes="1926840" />
</allocation-stats>
<gc-op id="849" type="scavenge" timems="0.786" contextid="846" timestamp="2026-09-06T06:51:00.488">
  <scavenger-info tenureage="3" tenuremask="7c18" tiltratio="70" />
  <memory-copied type="nursery" objects="21448" bytes="755200" bytesdiscarded="102584" />
  <memory-copied type="tenure" objects="7074" bytes="258984" bytesdiscarded="264" />
  <references type="phantom" candidates="1" cleared="0" enqueued="0" />
  <object-monitors candidates="14" cleared="0"  />
</gc-op>
<heap-resize id="850" type="expand" space="nursery" amount="393216" count="1" timems="0.026" reason="excessive time being spent scavenging" timestamp="2026-09-06T06:51:00.489" />
<gc-end id="851" type="scavenge" contextid="846" durationms="0.979" usertimems="2.268" systemtimems="0.106" stalltimems="1.589" timestamp="2026-09-06T06:51:00.489" activeThreads="5">
  <mem-info id="852" free="4980864" total="15269888" percent="32">
    <mem type="nursery" free="2353472" total="4456448" percent="52">
      <mem type="allocate" free="2353472" total="3211264" percent="73" />
      <mem type="survivor" free="0" total="1245184" percent="0" />
    </mem>
    <mem type="tenure" free="2627392" total="10813440" percent="24">
      <mem type="soa" free="2086720" total="10272768" percent="20" />
      <mem type="loa" free="540672" total="540672" percent="100" />
    </mem>
    <remembered-set count="263" />
  </mem-info>
</gc-end>
<cycle-end id="853" type="scavenge" contextid="846" timestamp="2026-09-06T06:51:00.489" />
<allocation-satisfied id="854" threadId="0000000000728900" bytesRequested="16392" />
<af-end id="855" timestamp="2026-09-06T06:51:00.489" threadId="00000000007293C0" success="true" from="nursery"/>
<exclusive-end id="856" timestamp="2026-09-06T06:51:00.489" durationms="1.283" />

<exclusive-start id="857" timestamp="2026-09-06T06:51:00.496" intervalms="8.148">
  <response-info timems="0.009" idlems="0.009" threads="0" lastid="0000000000728900" lastname="Default Executor-thread-1" />
</exclusive-start>
<af-start id="858" threadId="00000000007293C0" totalBytesRequested="16392" timestamp="2026-09-06T06:51:00.496" intervalms="8.143" type="nursery" />
<cycle-start id="859" type="scavenge" contextid="0" timestamp="2026-09-06T06:51:00.496" intervalms="8.145" />
<gc-start id="860" type="scavenge" contextid="859" timestamp="2026-09-06T06:51:00.496">
  <mem-info id="861" free="2627392" total="15269888" percent="17">
    <mem type="nursery" free="0" total="4456448" percent="0">
      <mem type="allocate" free="0" total="3211264" percent="0" />
      <mem type="survivor" free="0" total="1245184" percent="0" />
    </mem>
    <mem type="tenure" free="2627392" total="10813440" percent="24">
      <mem type="soa" free="2086720" total="10272768" percent="20" />
      <mem type="loa" free="540672" total="540672" percent="100" />
    </mem>
    <remembered-set count="277" />
  </mem-info>
</gc-start>
<allocation-stats totalBytes="2289488" discardedBytes="63984" >
  <allocated-bytes non-tlh="16392" tlh="2273096" />
  <largest-consumer threadName="Default Executor-thread-1" threadId="0000000000728900" bytes="2289488" />
</allocation-stats>
<gc-op id="862" type="scavenge" timems="0.866" contextid="859" timestamp="2026-09-06T06:51:00.497">
  <scavenger-info tenureage="2" tenuremask="7c0c" tiltratio="72" />
  <memory-copied type="nursery" objects="10930" bytes="393312" bytesdiscarded="28312" />
  <memory-copied type="tenure" objects="16429" bytes="570784" bytesdiscarded="784" />
  <references type="phantom" candidates="1" cleared="0" enqueued="0" />
  <object-monitors candidates="14" cleared="0"  />
</gc-op>
<heap-resize id="863" type="expand" space="nursery" amount="262144" count="1" timems="0.012" reason="excessive time being spent scavenging" timestamp="2026-09-06T06:51:00.497" />
<gc-end id="864" type="scavenge" contextid="859" durationms="1.049" usertimems="2.394" systemtimems="0.116" stalltimems="2.078" timestamp="2026-09-06T06:51:00.497" activeThreads="5">
  <mem-info id="865" free="5091720" total="15532032" percent="32">
    <mem type="nursery" free="3117312" total="4718592" percent="66">
      <mem type="allocate" free="3117312" total="3538944" percent="88" />
      <mem type="survivor" free="0" total="1179648" percent="0" />
    </mem>
    <mem type="tenure" free="1974408" total="10813440" percent="18">
      <mem type="soa" free="1433736" total="10272768" percent="13" />
      <mem type="loa" free="540672" total="540672" percent="100" />
    </mem>
    <remembered-set count="279" />
  </mem-info>
</gc-end>
<cycle-end id="866" type="scavenge" contextid="859" timestamp="2026-09-06T06:51:00.497" />
<allocation-satisfied id="867" threadId="0000000000728900" bytesRequested="16392" />
<af-end id="868" timestamp="2026-09-06T06:51:00.497" threadId="00000000007293C0" success="true" from="nursery"/>
<exclusive-end id="869" timestamp="2026-09-06T06:51:00.497" durationms="1.350" />

<exclusive-start id="870" timestamp="2026-09-06T06:51:00.512" intervalms="16.122">
  <response-info timems="0.009" idlems="0.009" threads="0" lastid="0000000000728900" lastname="Default Executor-thread-1" />
</exclusive-start>
<af-start id="871" threadId="00000000007293C0" totalBytesRequested="8200" timestamp="2026-09-06T06:51:00.512" intervalms="16.124" type="nursery" />
<cycle-start id="872" type="scavenge" contextid="0" timestamp="2026-09-06T06:51:00.512" intervalms="16.144" />
<gc-start id="873" type="scavenge" contextid="872" timestamp="2026-09-06T06:51:00.512">
  <mem-info id="874" free="1974408" total="15532032" percent="12">
    <mem type="nursery" free="0" total="4718592" percent="0">
      <mem type="allocate" free="0" total="3538944" percent="0" />
      <mem type="survivor" free="0" total="1179648" percent="0" />
    </mem>
    <mem type="tenure" free="1974408" total="10813440" percent="18">
      <mem type="soa" free="1433736" total="10272768" percent="13" />
      <mem type="loa" free="540672" total="540672" percent="100" />
    </mem>
    <remembered-set count="324" />
  </mem-info>
</gc-start>
<allocation-stats totalBytes="3096616" discardedBytes="20696" >
  <allocated-bytes non-tlh="16392" tlh="3080224" />
  <largest-consumer threadName="Default Executor-thread-1" threadId="0000000000728900" bytes="3096616" />
</allocation-stats>
<gc-op id="875" type="scavenge" timems="0.672" contextid="872" timestamp="2026-09-06T06:51:00.513">
  <scavenger-info tenureage="10" tenuremask="7c00" tiltratio="75" />
  <memory-copied type="nursery" objects="19003" bytes="678552" bytesdiscarded="140504" />
  <references type="phantom" candidates="1" cleared="0" enqueued="0" />
  <object-monitors candidates="14" cleared="0"  />
</gc-op>
<gc-end id="876" type="scavenge" contextid="872" durationms="0.821" usertimems="1.893" systemtimems="0.075" stalltimems="1.377" timestamp="2026-09-06T06:51:00.513" activeThreads="5">
  <mem-info id="877" free="4759824" total="15532032" percent="30">
    <mem type="nursery" free="2785416" total="4718592" percent="59">
      <mem type="allocate" free="2785416" total="3604480" percent="77" />
      <mem type="survivor" free="0" total="1114112" percent="0" />
    </mem>
    <mem type="tenure" free="1974408" total="10813440" percent="18">
      <mem type="soa" free="1433736" total="10272768" percent="13" />
      <mem type="loa" free="540672" total="540672" percent="100" />
    </mem>
    <remembered-set count="276" />
  </mem-info>
</gc-end>
<cycle-end id="878" type="scavenge" contextid="872" timestamp="2026-09-06T06:51:00.513" />
<allocation-satisfied id="879" threadId="0000000000728900" bytesRequested="8200" />
<af-end id="880" timestamp="2026-09-06T06:51:00.513" threadId="00000000007293C0" success="true" from="nursery"/>
<exclusive-end id="881" timestamp="2026-09-06T06:51:00.513" durationms="1.155" />

<exclusive-start id="882" timestamp="2026-09-06T06:51:00.523" intervalms="11.239">
  <response-info timems="0.008" idlems="0.008" threads="0" lastid="0000000000728900" lastname="Default Executor-thread-1" />
</exclusive-start>
<af-start id="883" threadId="00000000007293C0" totalBytesRequested="16392" timestamp="2026-09-06T06:51:00.523" intervalms="11.236" type="nursery" />
<cycle-start id="884" type="scavenge" contextid="0" timestamp="2026-09-06T06:51:00.523" intervalms="11.210" />
<gc-start id="885" type="scavenge" contextid="884" timestamp="2026-09-06T06:51:00.523">
  <mem-info id="886" free="1974408" total="15532032" percent="12">
    <mem type="nursery" free="0" total="4718592" percent="0">
      <mem type="allocate" free="0" total="3604480" percent="0" />
      <mem type="survivor" free="0" total="1114112" percent="0" />
    </mem>
    <mem type="tenure" free="1974408" total="10813440" percent="18">
      <mem type="soa" free="1433736" total="10272768" percent="13" />
      <mem type="loa" free="540672" total="540672" percent="100" />
    </mem>
    <remembered-set count="312" />
  </mem-info>
</gc-start>
<allocation-stats totalBytes="2717312" discardedBytes="68104" >
  <allocated-bytes non-tlh="8200" tlh="2709112" />
  <largest-consumer threadName="Default Executor-thread-1" threadId="0000000000728900" bytes="2717312" />
</allocation-stats>
<gc-op id="887" type="scavenge" timems="0.731" contextid="884" timestamp="2026-09-06T06:51:00.524">
  <scavenger-info tenureage="3" tenuremask="7c08" tiltratio="76" />
  <memory-copied type="nursery" objects="21153" bytes="761688" bytesdiscarded="65992" />
  <memory-copied type="tenure" objects="5007" bytes="174536" bytesdiscarded="720" />
  <references type="phantom" candidates="1" cleared="0" enqueued="0" />
  <object-monitors candidates="14" cleared="0"  />
</gc-op>
<heap-resize id="888" type="expand" space="nursery" amount="262144" count="1" timems="0.012" reason="excessive time being spent scavenging" timestamp="2026-09-06T06:51:00.524" />
<gc-end id="889" type="scavenge" contextid="884" durationms="0.917" usertimems="2.504" systemtimems="0.000" stalltimems="1.154" timestamp="2026-09-06T06:51:00.524" activeThreads="5">
  <mem-info id="890" free="4892608" total="15794176" percent="30">
    <mem type="nursery" free="3038936" total="4980736" percent="61">
      <mem type="allocate" free="3038936" total="3866624" percent="78" />
      <mem type="survivor" free="0" total="1114112" percent="0" />
    </mem>
    <mem type="tenure" free="1853672" total="10813440" percent="17">
      <mem type="soa" free="1313000" total="10272768" percent="12" />
      <mem type="loa" free="540672" total="540672" percent="100" />
    </mem>
    <remembered-set count="292" />
  </mem-info>
</gc-end>
<cycle-end id="891" type="scavenge" contextid="884" timestamp="2026-09-06T06:51:00.524" />
<allocation-satisfied id="892" threadId="0000000000728900" bytesRequested="16392" />
<af-end id="893" timestamp="2026-09-06T06:51:00.524" threadId="00000000007293C0" success="true" from="nursery"/>
<exclusive-end id="894" timestamp="2026-09-06T06:51:00.524" durationms="1.210" />

<exclusive-start id="895" timestamp="2026-09-06T06:51:00.534" intervalms="11.043">
  <response-info timems="0.009" idlems="0.009" threads="0" lastid="0000000000728900" lastname="Default Executor-thread-1" />
</exclusive-start>
<af-start id="896" threadId="00000000007293C0" totalBytesRequested="800" timestamp="2026-09-06T06:51:00.534" intervalms="11.051" type="nursery" />
<cycle-start id="897" type="scavenge" contextid="0" timestamp="2026-09-06T06:51:00.534" intervalms="11.057" />
<gc-start id="898" type="scavenge" contextid="897" timestamp="2026-09-06T06:51:00.534">
  <mem-info id="899" free="1853672" total="15794176" percent="11">
    <mem type="nursery" free="0" total="4980736" percent="0">
      <mem type="allocate" free="0" total="3866624" percent="0" />
      <mem type="survivor" free="0" total="1114112" percent="0" />
    </mem>
    <mem type="tenure" free="1853672" total="10813440" percent="17">
      <mem type="soa" free="1313000" total="10272768" percent="12" />
      <mem type="loa" free="540672" total="540672" percent="100" />
    </mem>
    <remembered-set count="332" />
  </mem-info>
</gc-start>
<allocation-stats totalBytes="3015432" discardedBytes="23504" >
  <allocated-bytes non-tlh="16392" tlh="2999040" />
  <largest-consumer threadName="Default Executor-thread-1" threadId="0000000000728900" bytes="3015432" />
</allocation-stats>
<gc-op id="900" type="scavenge" timems="0.835" contextid="897" timestamp="2026-09-06T06:51:00.535">
  <scavenger-info tenureage="2" tenuremask="7c0c" tiltratio="77" />
  <memory-copied type="nursery" objects="14987" bytes="547416" bytesdiscarded="76824" />
  <memory-copied type="tenure" objects="13988" bytes="503720" bytesdiscarded="552" />
  <references type="phantom" candidates="1" cleared="0" enqueued="0" />
  <object-monitors candidates="14" cleared="0"  />
</gc-op>
<heap-resize id="901" type="expand" space="nursery" amount="262144" count="1" timems="0.012" reason="excessive time being spent scavenging" timestamp="2026-09-06T06:51:00.535" />
<gc-end id="902" type="scavenge" contextid="897" durationms="1.028" usertimems="2.602" systemtimems="0.000" stalltimems="1.553" timestamp="2026-09-06T06:51:00.535" activeThreads="5">
  <mem-info id="903" free="4895104" total="16056320" percent="30">
    <mem type="nursery" free="3570056" total="5242880" percent="68">
      <mem type="allocate" free="3570056" total="4194304" percent="85" />
      <mem type="survivor" free="0" total="1048576" percent="0" />
    </mem>
    <mem type="tenure" free="1325048" total="10813440" percent="12">
      <mem type="soa" free="784376" total="10272768" percent="7" />
      <mem type="loa" free="540672" total="540672" percent="100" />
    </mem>
    <remembered-set count="305" />
  </mem-info>
</gc-end>
<cycle-end id="904" type="scavenge" contextid="897" timestamp="2026-09-06T06:51:00.535" />
<allocation-satisfied id="905" threadId="0000000000728900" bytesRequested="800" />
<af-end id="906" timestamp="2026-09-06T06:51:00.535" threadId="00000000007293C0" success="true" from="nursery"/>
<exclusive-end id="907" timestamp="2026-09-06T06:51:00.535" durationms="1.313" />

<concurrent-kickoff id="908" timestamp="2026-09-06T06:51:00.543">
  <kickoff reason="threshold reached" targetBytes="3909300" thresholdFreeBytes="541027"  remainingFree="477576" tenureFreeBytes="1325048" nurseryFreeBytes="477576" />
</concurrent-kickoff>
<exclusive-start id="909" timestamp="2026-09-06T06:51:00.543" intervalms="9.094">
  <response-info timems="0.009" idlems="0.009" threads="0" lastid="0000000000728900" lastname="Default Executor-thread-1" />
</exclusive-start>
<cycle-start id="910" type="global" contextid="0" timestamp="2026-09-06T06:51:00.543" intervalms="109.753" />
<concurrent-start id="911" type="global mark" contextid="910" timestamp="2026-09-06T06:51:00.543">
</concurrent-start>
<exclusive-end id="912" timestamp="2026-09-06T06:51:00.543" durationms="0.082" />

<exclusive-start id="913" timestamp="2026-09-06T06:51:00.547" intervalms="3.682">
  <response-info timems="0.009" idlems="0.009" threads="0" lastid="0000000000728900" lastname="Default Executor-thread-1" />
</exclusive-start>
<af-start id="914" threadId="00000000007293C0" totalBytesRequested="16392" timestamp="2026-09-06T06:51:00.547" intervalms="12.777" type="nursery" />
<cycle-start id="915" type="scavenge" contextid="0" timestamp="2026-09-06T06:51:00.547" intervalms="12.774" />
<gc-start id="916" type="scavenge" contextid="915" timestamp="2026-09-06T06:51:00.547">
  <mem-info id="917" free="1325048" total="16056320" percent="8">
    <mem type="nursery" free="0" total="5242880" percent="0">
      <mem type="allocate" free="0" total="4194304" percent="0" />
      <mem type="survivor" free="0" total="1048576" percent="0" />
    </mem>
    <mem type="tenure" free="1325048" total="10813440" percent="12">
      <mem type="soa" free="784376" total="10272768" percent="7" />
      <mem type="loa" free="540672" total="540672" percent="100" />
    </mem>
    <remembered-set count="370" />
  </mem-info>
</gc-start>
<allocation-stats totalBytes="3508440" discardedBytes="61616" >
  <allocated-bytes non-tlh="800" tlh="3507640" />
  <largest-consumer threadName="Default Executor-thread-1" threadId="0000000000728900" bytes="3508440" />
</allocation-stats>
<gc-op id="918" type="scavenge" timems="0.759" contextid="915" timestamp="2026-09-06T06:51:00.548">
  <scavenger-info tenureage="10" tenuremask="7c00" tiltratio="80" />
  <memory-copied type="nursery" objects="23984" bytes="856616" bytesdiscarded="87600" />
  <references type="phantom" candidates="1" cleared="0" enqueued="0" />
  <object-monitors candidates="14" cleared="0"  />
</gc-op>
<gc-end id="919" type="scavenge" contextid="915" durationms="0.895" usertimems="2.080" systemtimems="0.000" stalltimems="1.712" timestamp="2026-09-06T06:51:00.548" activeThreads="5">
  <mem-info id="920" free="4312984" total="16056320" percent="26">
    <mem type="nursery" free="2987936" total="5242880" percent="56">
      <mem type="allocate" free="2987936" total="3932160" percent="75" />
      <mem type="survivor" free="0" total="1310720" percent="0" />
    </mem>
    <mem type="tenure" free="1325048" total="10813440" percent="12">
      <mem type="soa" free="784376" total="10272768" percent="7" />
      <mem type="loa" free="540672" total="540672" percent="100" />
    </mem>
    <remembered-set count="350" />
  </mem-info>
</gc-end>
<cycle-end id="921" type="scavenge" contextid="915" timestamp="2026-09-06T06:51:00.548" />
<allocation-satisfied id="922" threadId="0000000000728900" bytesRequested="16392" />
<af-end id="923" timestamp="2026-09-06T06:51:00.548" threadId="00000000007293C0" success="true" from="nursery"/>
<exclusive-end id="924" timestamp="2026-09-06T06:51:00.548" durationms="1.284" />

<concurrent-end id="925" type="global mark" contextid="910" timestamp="2026-09-06T06:51:00.550">
<gc-op id="926" type="trace" timems="7.138" contextid="910" timestamp="2026-09-06T06:51:00.550">
  <trace bytesTraced="5305600" workStackOverflowCount="0" />
  <card-cleaning reason="card cleaning threshold reached" bytesTraced="10980" cardsCleaned="27" />
</gc-op>
</concurrent-end>

<exclusive-start id="927" timestamp="2026-09-06T06:51:00.550" intervalms="3.585">
  <response-info timems="0.010" idlems="0.010" threads="0" lastid="0000000000728900" lastname="Default Executor-thread-1" />
</exclusive-start>
<concurrent-global-final id="928" timestamp="2026-09-06T06:51:00.551" contextid="910" intervalms="2182.219" >
  <concurrent-trace-info reason="card cleaning threshold reached" tracedByMutators="1587584" tracedByHelpers="3728996" cardsCleaned="27" workStackOverflowCount="0" />
</concurrent-global-final>
<gc-start id="929" type="global" contextid="910" timestamp="2026-09-06T06:51:00.551">
  <mem-info id="930" free="3903376" total="16056320" percent="24">
    <mem type="nursery" free="2578328" total="5242880" percent="49">
      <mem type="allocate" free="2578328" total="3932160" percent="65" />
      <mem type="survivor" free="0" total="1310720" percent="0" />
    </mem>
    <mem type="tenure" free="1325048" total="10813440" percent="12">
      <mem type="soa" free="784376" total="10272768" percent="7" />
      <mem type="loa" free="540672" total="540672" percent="100" />
    </mem>
    <remembered-set count="357" />
  </mem-info>
</gc-start>
<allocation-stats totalBytes="403144" discardedBytes="6464" >
  <allocated-bytes non-tlh="16392" tlh="386752" />
  <largest-consumer threadName="Default Executor-thread-1" threadId="0000000000728900" bytes="403144" />
</allocation-stats>
<gc-op id="931" type="rs-scan" timems="0.336" contextid="910" timestamp="2026-09-06T06:51:00.551">
  <scan objectsFound="11249" bytesTraced="331204" workStackOverflowCount="0" />
</gc-op>
<gc-op id="932" type="card-cleaning" timems="0.184" contextid="910" timestamp="2026-09-06T06:51:00.551">
  <card-cleaning cardsCleaned="10" bytesTraced="269780" workStackOverflowCount="0" />
</gc-op>
<gc-op id="933" type="mark" timems="1.304" contextid="910" timestamp="2026-09-06T06:51:00.553">
  <trace-info objectcount="295" scancount="267" scanbytes="13224" />
  <finalization candidates="665" enqueued="0" />
  <ownableSynchronizers candidates="617" cleared="0" />
  <references type="soft" candidates="3631" cleared="0" enqueued="0" dynamicThreshold="9" maxThreshold="32" />
  <references type="weak" candidates="1424" cleared="0" enqueued="0" />
  <references type="phantom" candidates="120" cleared="0" enqueued="0" />
  <stringconstants candidates="14512" cleared="0"  />
  <object-monitors candidates="14" cleared="0"  />
</gc-op>
<gc-op id="934" type="sweep" timems="0.251" contextid="910" timestamp="2026-09-06T06:51:00.553" />
<heap-resize id="935" type="expand" space="tenure" amount="2490368" count="1" timems="0.016" reason="insufficient free space following gc" timestamp="2026-09-06T06:51:00.553" />
<gc-end id="936" type="global" contextid="910" durationms="2.372" usertimems="5.954" systemtimems="0.000" stalltimems="3.505" timestamp="2026-09-06T06:51:00.553" activeThreads="7">
  <mem-info id="937" free="7018176" total="18546688" percent="37">
    <mem type="nursery" free="2998896" total="5242880" percent="57">
      <mem type="allocate" free="2998896" total="3932160" percent="76" />
      <mem type="survivor" free="0" total="1310720" percent="0" />
    </mem>
    <mem type="tenure" free="4019280" total="13303808" percent="30" micro-fragmented="272245" macro-fragmented="0">
      <mem type="soa" free="3353680" total="12638208" percent="26" />
      <mem type="loa" free="665600" total="665600" percent="100" />
    </mem>
    <remembered-set count="356" />
  </mem-info>
</gc-end>
<cycle-end id="938" type="global" contextid="910" timestamp="2026-09-06T06:51:00.553" />
<exclusive-end id="939" timestamp="2026-09-06T06:51:00.553" durationms="2.704" />

<exclusive-start id="940" timestamp="2026-09-06T06:51:00.559" intervalms="8.908">
  <response-info timems="0.009" idlems="0.009" threads="0" lastid="0000000000728900" lastname="Default Executor-thread-1" />
</exclusive-start>
<af-start id="941" threadId="00000000007293C0" totalBytesRequested="8200" timestamp="2026-09-06T06:51:00.559" intervalms="12.508" type="nursery" />
<cycle-start id="942" type="scavenge" contextid="0" timestamp="2026-09-06T06:51:00.559" intervalms="12.507" />
<gc-start id="943" type="scavenge" contextid="942" timestamp="2026-09-06T06:51:00.559">
  <mem-info id="944" free="4019280" total="18546688" percent="21">
    <mem type="nursery" free="0" total="5242880" percent="0">
      <mem type="allocate" free="0" total="3932160" percent="0" />
      <mem type="survivor" free="0" total="1310720" percent="0" />
    </mem>
    <mem type="tenure" free="4019280" total="13303808" percent="30">
      <mem type="soa" free="3353680" total="12638208" percent="26" />
      <mem type="loa" free="665600" total="665600" percent="100" />
    </mem>
    <remembered-set count="415" />
  </mem-info>
</gc-start>
<allocation-stats totalBytes="2969352" discardedBytes="28944" >
  <allocated-bytes non-tlh="100072" tlh="2869280" />
  <largest-consumer threadName="Default Executor-thread-1" threadId="0000000000728900" bytes="2969352" />
</allocation-stats>
<gc-op id="945" type="scavenge" timems="0.787" contextid="942" timestamp="2026-09-06T06:51:00.560">
  <scavenger-info tenureage="3" tenuremask="7c08" tiltratio="75" />
  <memory-copied type="nursery" objects="25184" bytes="898408" bytesdiscarded="60312" />
  <memory-copied type="tenure" objects="7155" bytes="249424" bytesdiscarded="464" />
  <ownableSynchronizers candidates="1234" cleared="1234" />
  <references type="phantom" candidates="1" cleared="0" enqueued="0" />
  <object-monitors candidates="14" cleared="0"  />
</gc-op>
<heap-resize id="946" type="expand" space="nursery" amount="262144" count="1" timems="0.010" reason="excessive time being spent scavenging" timestamp="2026-09-06T06:51:00.560" />
<gc-end id="947" type="scavenge" contextid="942" durationms="0.956" usertimems="2.621" systemtimems="0.000" stalltimems="1.305" timestamp="2026-09-06T06:51:00.560" activeThreads="5">
  <mem-info id="948" free="7046312" total="18808832" percent="37">
    <mem type="nursery" free="3366648" total="5505024" percent="61">
      <mem type="allocate" free="3366648" total="4325376" percent="77" />
      <mem type="survivor" free="0" total="1179648" percent="0" />
    </mem>
    <mem type="tenure" free="3679664" total="13303808" percent="27">
      <mem type="soa" free="3014064" total="12638208" percent="23" />
      <mem type="loa" free="665600" total="665600" percent="100" />
    </mem>
    <remembered-set count="382" />
  </mem-info>
</gc-end>
<cycle-end id="949" type="scavenge" contextid="942" timestamp="2026-09-06T06:51:00.560" />
<allocation-satisfied id="950" threadId="0000000000728900" bytesRequested="8200" />
<af-end id="951" timestamp="2026-09-06T06:51:00.561" threadId="00000000007293C0" success="true" from="nursery"/>
<exclusive-end id="952" timestamp="2026-09-06T06:51:00.561" durationms="1.275" />

<exclusive-start id="953" timestamp="2026-09-06T06:51:00.568" intervalms="8.518">
  <response-info timems="0.011" idlems="0.011" threads="0" lastid="0000000000728900" lastname="Default Executor-thread-1" />
</exclusive-start>
<af-start id="954" threadId="00000000007293C0" totalBytesRequested="2216" timestamp="2026-09-06T06:51:00.568" intervalms="8.565" type="nursery" />
<cycle-start id="955" type="scavenge" contextid="0" timestamp="2026-09-06T06:51:00.568" intervalms="8.571" />
<gc-start id="956" type="scavenge" contextid="955" timestamp="2026-09-06T06:51:00.568">
  <mem-info id="957" free="3679368" total="18808832" percent="19">
    <mem type="nursery" free="0" total="5505024" percent="0">
      <mem type="allocate" free="0" total="4325376" percent="0" />
      <mem type="survivor" free="0" total="1179648" percent="0" />
    </mem>
    <mem type="tenure" free="3679368" total="13303808" percent="27">
      <mem type="soa" free="3013768" total="12638208" percent="23" />
      <mem type="loa" free="665600" total="665600" percent="100" />
    </mem>
    <remembered-set count="447" />
  </mem-info>
</gc-start>
<allocation-stats totalBytes="3357352" discardedBytes="9592" >
  <allocated-bytes non-tlh="8496" tlh="3348856" />
  <largest-consumer threadName="Default Executor-thread-1" threadId="0000000000728900" bytes="3357352" />
</allocation-stats>
<gc-op id="958" type="scavenge" timems="0.894" contextid="955" timestamp="2026-09-06T06:51:00.569">
  <scavenger-info tenureage="3" tenuremask="7c08" tiltratio="78" />
  <memory-copied type="nursery" objects="26038" bytes="969216" bytesdiscarded="37880" />
  <memory-copied type="tenure" objects="7815" bytes="272336" bytesdiscarded="1280" />
  <references type="phantom" candidates="1" cleared="0" enqueued="0" />
  <object-monitors candidates="14" cleared="0"  />
</gc-op>
<heap-resize id="959" type="expand" space="nursery" amount="393216" count="1" timems="0.010" reason="excessive time being spent scavenging" timestamp="2026-09-06T06:51:00.569" />
<gc-end id="960" type="scavenge" contextid="955" durationms="1.057" usertimems="3.045" systemtimems="0.000" stalltimems="1.425" timestamp="2026-09-06T06:51:00.569" activeThreads="5">
  <mem-info id="961" free="6831856" total="19202048" percent="35">
    <mem type="nursery" free="3580416" total="5898240" percent="60">
      <mem type="allocate" free="3580416" total="4587520" percent="78" />
      <mem type="survivor" free="0" total="1310720" percent="0" />
    </mem>
    <mem type="tenure" free="3251440" total="13303808" percent="24">
      <mem type="soa" free="2585840" total="12638208" percent="20" />
      <mem type="loa" free="665600" total="665600" percent="100" />
    </mem>
    <remembered-set count="349" />
  </mem-info>
</gc-end>
<cycle-end id="962" type="scavenge" contextid="955" timestamp="2026-09-06T06:51:00.569" />
<allocation-satisfied id="963" threadId="0000000000728900" bytesRequested="2216" />
<af-end id="964" timestamp="2026-09-06T06:51:00.569" threadId="00000000007293C0" success="true" from="nursery"/>
<exclusive-end id="965" timestamp="2026-09-06T06:51:00.569" durationms="1.410" />

<exclusive-start id="966" timestamp="2026-09-06T06:51:00.577" intervalms="9.271">
  <response-info timems="0.007" idlems="0.007" threads="0" lastid="0000000000728900" lastname="Default Executor-thread-1" />
</exclusive-start>
<af-start id="967" threadId="00000000007293C0" totalBytesRequested="8200" timestamp="2026-09-06T06:51:00.577" intervalms="9.198" type="nursery" />
<cycle-start id="968" type="scavenge" contextid="0" timestamp="2026-09-06T06:51:00.577" intervalms="9.191" />
<gc-start id="969" type="scavenge" contextid="968" timestamp="2026-09-06T06:51:00.577">
  <mem-info id="970" free="3251440" total="19202048" percent="16">
    <mem type="nursery" free="0" total="5898240" percent="0">
      <mem type="allocate" free="0" total="4587520" percent="0" />
      <mem type="survivor" free="0" total="1310720" percent="0" />
    </mem>
    <mem type="tenure" free="3251440" total="13303808" percent="24">
      <mem type="soa" free="2585840" total="12638208" percent="20" />
      <mem type="loa" free="665600" total="665600" percent="100" />
    </mem>
    <remembered-set count="401" />
  </mem-info>
</gc-start>
<allocation-stats totalBytes="3546208" discardedBytes="34208" >
  <allocated-bytes non-tlh="2216" tlh="3543992" />
  <largest-consumer threadName="Default Executor-thread-1" threadId="0000000000728900" bytes="3546208" />
</allocation-stats>
<gc-op id="971" type="scavenge" timems="0.849" contextid="968" timestamp="2026-09-06T06:51:00.578">
  <scavenger-info tenureage="2" tenuremask="7c0c" tiltratio="77" />
  <memory-copied type="nursery" objects="18190" bytes="644664" bytesdiscarded="157888" />
  <memory-copied type="tenure" objects="17360" bytes="625112" bytesdiscarded="952" />
  <references type="phantom" candidates="1" cleared="0" enqueued="0" />
  <object-monitors candidates="14" cleared="0"  />
</gc-op>
<heap-resize id="972" type="expand" space="nursery" amount="393216" count="1" timems="0.010" reason="excessive time being spent scavenging" timestamp="2026-09-06T06:51:00.578" />
<gc-end id="973" type="scavenge" contextid="968" durationms="1.019" usertimems="3.021" systemtimems="0.000" stalltimems="1.200" timestamp="2026-09-06T06:51:00.578" activeThreads="5">
  <mem-info id="974" free="6743864" total="19595264" percent="34">
    <mem type="nursery" free="4178176" total="6291456" percent="66">
      <mem type="allocate" free="4178176" total="4980736" percent="83" />
      <mem type="survivor" free="0" total="1310720" percent="0" />
    </mem>
    <mem type="tenure" free="2565688" total="13303808" percent="19">
      <mem type="soa" free="1900088" total="12638208" percent="15" />
      <mem type="loa" free="665600" total="665600" percent="100" />
    </mem>
    <remembered-set count="325" />
  </mem-info>
</gc-end>
<cycle-end id="975" type="scavenge" contextid="968" timestamp="2026-09-06T06:51:00.578" />
<allocation-satisfied id="976" threadId="0000000000728900" bytesRequested="8200" />
<af-end id="977" timestamp="2026-09-06T06:51:00.578" threadId="00000000007293C0" success="true" from="nursery"/>
<exclusive-end id="978" timestamp="2026-09-06T06:51:00.578" durationms="1.280" />

<exclusive-start id="979" timestamp="2026-09-06T06:51:00.586" intervalms="8.934">
  <response-info timems="0.011" idlems="0.011" threads="0" lastid="0000000000728900" lastname="Default Executor-thread-1" />
</exclusive-start>
<af-start id="980" threadId="00000000007293C0" totalBytesRequested="8200" timestamp="2026-09-06T06:51:00.586" intervalms="8.953" type="nursery" />
<cycle-start id="981" type="scavenge" contextid="0" timestamp="2026-09-06T06:51:00.586" intervalms="8.963" />
<gc-start id="982" type="scavenge" contextid="981" timestamp="2026-09-06T06:51:00.586">
  <mem-info id="983" free="2565688" total="19595264" percent="13">
    <mem type="nursery" free="0" total="6291456" percent="0">
      <mem type="allocate" free="0" total="4980736" percent="0" />
      <mem type="survivor" free="0" total="1310720" percent="0" />
    </mem>
    <mem type="tenure" free="2565688" total="13303808" percent="19">
      <mem type="soa" free="1900088" total="12638208" percent="15" />
      <mem type="loa" free="665600" total="665600" percent="100" />
    </mem>
    <remembered-set count="393" />
  </mem-info>
</gc-start>
<allocation-stats totalBytes="4141712" discardedBytes="36464" >
  <allocated-bytes non-tlh="8200" tlh="4133512" />
  <largest-consumer threadName="Default Executor-thread-1" threadId="0000000000728900" bytes="4141712" />
</allocation-stats>
<gc-op id="984" type="scavenge" timems="0.902" contextid="981" timestamp="2026-09-06T06:51:00.587">
  <scavenger-info tenureage="2" tenuremask="7c04" tiltratio="79" />
  <memory-copied type="nursery" objects="20587" bytes="705256" bytesdiscarded="79752" />
  <memory-copied type="tenure" objects="8659" bytes="316992" bytesdiscarded="672" />
  <references type="phantom" candidates="1" cleared="0" enqueued="0" />
  <object-monitors candidates="14" cleared="0"  />
</gc-op>
<heap-resize id="985" type="expand" space="nursery" amount="393216" count="1" timems="0.011" reason="excessive time being spent scavenging" timestamp="2026-09-06T06:51:00.587" />
<gc-end id="986" type="scavenge" contextid="981" durationms="1.091" usertimems="2.811" systemtimems="0.000" stalltimems="2.434" timestamp="2026-09-06T06:51:00.587" activeThreads="6">
  <mem-info id="987" free="6975936" total="19988480" percent="34">
    <mem type="nursery" free="4654472" total="6684672" percent="69">
      <mem type="allocate" free="4654472" total="5439488" percent="85" />
      <mem type="survivor" free="0" total="1245184" percent="0" />
    </mem>
    <mem type="tenure" free="2321464" total="13303808" percent="17">
      <mem type="soa" free="1655864" total="12638208" percent="13" />
      <mem type="loa" free="665600" total="665600" percent="100" />
    </mem>
    <remembered-set count="342" />
  </mem-info>
</gc-end>
<cycle-end id="988" type="scavenge" contextid="981" timestamp="2026-09-06T06:51:00.587" />
<allocation-satisfied id="989" threadId="0000000000728900" bytesRequested="8200" />
<af-end id="990" timestamp="2026-09-06T06:51:00.587" threadId="00000000007293C0" success="true" from="nursery"/>
<exclusive-end id="991" timestamp="2026-09-06T06:51:00.587" durationms="1.397" />

<exclusive-start id="992" timestamp="2026-09-06T06:51:00.599" intervalms="12.845">
  <response-info timems="0.011" idlems="0.011" threads="0" lastid="0000000000728900" lastname="Default Executor-thread-1" />
</exclusive-start>
<af-start id="993" threadId="00000000007293C0" totalBytesRequested="16392" timestamp="2026-09-06T06:51:00.599" intervalms="12.844" type="nursery" />
<cycle-start id="994" type="scavenge" contextid="0" timestamp="2026-09-06T06:51:00.599" intervalms="12.851" />
<gc-start id="995" type="scavenge" contextid="994" timestamp="2026-09-06T06:51:00.599">
  <mem-info id="996" free="2321464" total="19988480" percent="11">
    <mem type="nursery" free="0" total="6684672" percent="0">
      <mem type="allocate" free="0" total="5439488" percent="0" />
      <mem type="survivor" free="0" total="1245184" percent="0" />
    </mem>
    <mem type="tenure" free="2321464" total="13303808" percent="17">
      <mem type="soa" free="1655864" total="12638208" percent="13" />
      <mem type="loa" free="665600" total="665600" percent="100" />
    </mem>
    <remembered-set count="425" />
  </mem-info>
</gc-start>
<allocation-stats totalBytes="4550088" discardedBytes="104384" >
  <allocated-bytes non-tlh="8200" tlh="4541888" />
  <largest-consumer threadName="Default Executor-thread-1" threadId="0000000000728900" bytes="4550088" />
</allocation-stats>
<gc-op id="997" type="scavenge" timems="0.840" contextid="994" timestamp="2026-09-06T06:51:00.600">
  <scavenger-info tenureage="2" tenuremask="7c04" tiltratio="81" />
  <memory-copied type="nursery" objects="22937" bytes="801352" bytesdiscarded="52656" />
  <memory-copied type="tenure" objects="9523" bytes="327376" bytesdiscarded="128" />
  <references type="phantom" candidates="1" cleared="0" enqueued="0" />
  <object-monitors candidates="14" cleared="0"  />
</gc-op>
<gc-end id="998" type="scavenge" contextid="994" durationms="0.989" usertimems="1.669" systemtimems="1.896" stalltimems="1.487" timestamp="2026-09-06T06:51:00.600" activeThreads="6">
  <mem-info id="999" free="6634808" total="19988480" percent="33">
    <mem type="nursery" free="4716544" total="6684672" percent="70">
      <mem type="allocate" free="4716544" total="5570560" percent="84" />
      <mem type="survivor" free="0" total="1114112" percent="0" />
    </mem>
    <mem type="tenure" free="1918264" total="13303808" percent="14">
      <mem type="soa" free="1252664" total="12638208" percent="9" />
      <mem type="loa" free="665600" total="665600" percent="100" />
    </mem>
    <remembered-set count="363" />
  </mem-info>
</gc-end>
<cycle-end id="1000" type="scavenge" contextid="994" timestamp="2026-09-06T06:51:00.600" />
<allocation-satisfied id="1001" threadId="0000000000728900" bytesRequested="16392" />
<af-end id="1002" timestamp="2026-09-06T06:51:00.600" threadId="00000000007293C0" success="true" from="nursery"/>
<exclusive-end id="1003" timestamp="2026-09-06T06:51:00.600" durationms="1.336" />

<exclusive-start id="1004" timestamp="2026-09-06T06:51:00.618" intervalms="18.642">
  <response-info timems="0.011" idlems="0.011" threads="0" lastid="0000000000728900" lastname="Default Executor-thread-1" />
</exclusive-start>
<af-start id="1005" threadId="00000000007293C0" totalBytesRequested="8200" timestamp="2026-09-06T06:51:00.618" intervalms="18.652" type="nursery" />
<cycle-start id="1006" type="scavenge" contextid="0" timestamp="2026-09-06T06:51:00.618" intervalms="18.651" />
<gc-start id="1007" type="scavenge" contextid="1006" timestamp="2026-09-06T06:51:00.618">
  <mem-info id="1008" free="1918264" total="19988480" percent="9">
    <mem type="nursery" free="0" total="6684672" percent="0">
      <mem type="allocate" free="0" total="5570560" percent="0" />
      <mem type="survivor" free="0" total="1114112" percent="0" />
    </mem>
    <mem type="tenure" free="1918264" total="13303808" percent="14">
      <mem type="soa" free="1252664" total="12638208" percent="9" />
      <mem type="loa" free="665600" total="665600" percent="100" />
    </mem>
    <remembered-set count="462" />
  </mem-info>
</gc-start>
<allocation-stats totalBytes="4713744" discardedBytes="2800" >
  <allocated-bytes non-tlh="16392" tlh="4697352" />
  <largest-consumer threadName="Default Executor-thread-1" threadId="0000000000728900" bytes="4713744" />
</allocation-stats>
<gc-op id="1009" type="scavenge" timems="0.894" contextid="1006" timestamp="2026-09-06T06:51:00.619">
  <scavenger-info tenureage="2" tenuremask="7c04" tiltratio="83" />
  <memory-copied type="nursery" objects="23725" bytes="845368" bytesdiscarded="165584" />
  <memory-copied type="tenure" objects="11056" bytes="377584" bytesdiscarded="80" />
  <references type="phantom" candidates="1" cleared="0" enqueued="0" />
  <object-monitors candidates="14" cleared="0"  />
</gc-op>
<heap-resize id="1010" type="expand" space="nursery" amount="262144" count="1" timems="0.014" reason="excessive time being spent scavenging" timestamp="2026-09-06T06:51:00.619" />
<gc-end id="1011" type="scavenge" contextid="1006" durationms="1.089" usertimems="3.278" systemtimems="0.196" stalltimems="1.887" timestamp="2026-09-06T06:51:00.619" activeThreads="6">
  <mem-info id="1012" free="6217768" total="20250624" percent="30">
    <mem type="nursery" free="4821744" total="6946816" percent="69">
      <mem type="allocate" free="4821744" total="5832704" percent="82" />
      <mem type="survivor" free="0" total="1114112" percent="0" />
    </mem>
    <mem type="tenure" free="1396024" total="13303808" percent="10">
      <mem type="soa" free="730424" total="12638208" percent="5" />
      <mem type="loa" free="665600" total="665600" percent="100" />
    </mem>
    <remembered-set count="404" />
  </mem-info>
</gc-end>
<cycle-end id="1013" type="scavenge" contextid="1006" timestamp="2026-09-06T06:51:00.619" />
<allocation-satisfied id="1014" threadId="0000000000728900" bytesRequested="8200" />
<af-end id="1015" timestamp="2026-09-06T06:51:00.619" threadId="00000000007293C0" success="true" from="nursery"/>
<exclusive-end id="1016" timestamp="2026-09-06T06:51:00.619" durationms="1.423" />

<concurrent-kickoff id="1017" timestamp="2026-09-06T06:51:00.625">
  <kickoff reason="threshold reached" targetBytes="5127455" thresholdFreeBytes="709801"  remainingFree="520936" tenureFreeBytes="1396024" nurseryFreeBytes="520936" />
</concurrent-kickoff>
<exclusive-start id="1018" timestamp="2026-09-06T06:51:00.625" intervalms="7.812">
  <response-info timems="0.008" idlems="0.008" threads="0" lastid="0000000000728900" lastname="Default Executor-thread-1" />
</exclusive-start>
<cycle-start id="1019" type="global" contextid="0" timestamp="2026-09-06T06:51:00.625" intervalms="82.203" />
<concurrent-start id="1020" type="global mark" contextid="1019" timestamp="2026-09-06T06:51:00.625">
</concurrent-start>
<exclusive-end id="1021" timestamp="2026-09-06T06:51:00.625" durationms="0.086" />

<exclusive-start id="1022" timestamp="2026-09-06T06:51:00.627" intervalms="1.521">
  <response-info timems="0.007" idlems="0.007" threads="0" lastid="0000000000728900" lastname="Default Executor-thread-1" />
</exclusive-start>
<af-start id="1023" threadId="00000000007293C0" totalBytesRequested="8200" timestamp="2026-09-06T06:51:00.627" intervalms="9.301" type="nursery" />
<cycle-start id="1024" type="scavenge" contextid="0" timestamp="2026-09-06T06:51:00.627" intervalms="9.284" />
<gc-start id="1025" type="scavenge" contextid="1024" timestamp="2026-09-06T06:51:00.627">
  <mem-info id="1026" free="1396024" total="20250624" percent="6">
    <mem type="nursery" free="0" total="6946816" percent="0">
      <mem type="allocate" free="0" total="5832704" percent="0" />
      <mem type="survivor" free="0" total="1114112" percent="0" />
    </mem>
    <mem type="tenure" free="1396024" total="13303808" percent="10">
      <mem type="soa" free="730424" total="12638208" percent="5" />
      <mem type="loa" free="665600" total="665600" percent="100" />
    </mem>
    <remembered-set count="522" />
  </mem-info>
</gc-start>
<allocation-stats totalBytes="4778976" discardedBytes="42768" >
  <allocated-bytes non-tlh="8200" tlh="4770776" />
  <largest-consumer threadName="Default Executor-thread-1" threadId="0000000000728900" bytes="4778976" />
</allocation-stats>
<gc-op id="1027" type="scavenge" timems="0.886" contextid="1024" timestamp="2026-09-06T06:51:00.628">
  <scavenger-info tenureage="2" tenuremask="7c04" tiltratio="83" />
  <memory-copied type="nursery" objects="24254" bytes="875096" bytesdiscarded="110424" />
  <memory-copied type="tenure" objects="11871" bytes="415224" bytesdiscarded="712" />
  <references type="phantom" candidates="1" cleared="0" enqueued="0" />
  <object-monitors candidates="14" cleared="0"  />
</gc-op>
<heap-resize id="1028" type="expand" space="nursery" amount="393216" count="1" timems="0.013" reason="excessive time being spent scavenging" timestamp="2026-09-06T06:51:00.628" />
<gc-end id="1029" type="scavenge" contextid="1024" durationms="1.077" usertimems="3.284" systemtimems="0.023" stalltimems="1.808" timestamp="2026-09-06T06:51:00.628" activeThreads="6">
  <mem-info id="1030" free="6362824" total="20643840" percent="30">
    <mem type="nursery" free="5240392" total="7340032" percent="71">
      <mem type="allocate" free="5240392" total="6225920" percent="84" />
      <mem type="survivor" free="0" total="1114112" percent="0" />
    </mem>
    <mem type="tenure" free="1122432" total="13303808" percent="8">
      <mem type="soa" free="456832" total="12638208" percent="3" />
      <mem type="loa" free="665600" total="665600" percent="100" />
    </mem>
    <remembered-set count="416" />
  </mem-info>
</gc-end>
<cycle-end id="1031" type="scavenge" contextid="1024" timestamp="2026-09-06T06:51:00.628" />
<allocation-satisfied id="1032" threadId="0000000000728900" bytesRequested="8200" />
<af-end id="1033" timestamp="2026-09-06T06:51:00.629" threadId="00000000007293C0" success="true" from="nursery"/>
<exclusive-end id="1034" timestamp="2026-09-06T06:51:00.629" durationms="2.636" />

<exclusive-start id="1035" timestamp="2026-09-06T06:51:00.682" intervalms="55.284">
  <response-info timems="0.011" idlems="0.011" threads="0" lastid="0000000000728900" lastname="Default Executor-thread-1" />
</exclusive-start>
<af-start id="1036" threadId="00000000007293C0" totalBytesRequested="24" timestamp="2026-09-06T06:51:00.682" intervalms="55.338" type="nursery" />
<percolate-collect id="1037" from="nursery" to="global" reason="concurrent mark exhausted" timestamp="2026-09-06T06:51:00.682"/>
<concurrent-end id="1038" type="global mark" contextid="1019" timestamp="2026-09-06T06:51:00.682">
<gc-op id="1039" type="trace" timems="56.737" contextid="1019" timestamp="2026-09-06T06:51:00.682">
  <trace bytesTraced="6931456" workStackOverflowCount="0" />
  <card-cleaning reason="card cleaning threshold reached" bytesTraced="54356" cardsCleaned="254" />
</gc-op>
</concurrent-end>

<gc-start id="1040" type="global" contextid="1019" timestamp="2026-09-06T06:51:00.682">
  <mem-info id="1041" free="1091256" total="20643840" percent="5">
    <mem type="nursery" free="0" total="7340032" percent="0">
      <mem type="allocate" free="0" total="6225920" percent="0" />
      <mem type="survivor" free="0" total="1114112" percent="0" />
    </mem>
    <mem type="tenure" free="1091256" total="13303808" percent="8">
      <mem type="soa" free="425656" total="12638208" percent="3" />
      <mem type="loa" free="665600" total="665600" percent="100" />
    </mem>
    <remembered-set count="888" />
  </mem-info>
</gc-start>
<allocation-stats totalBytes="5270920" discardedBytes="648" >
  <allocated-bytes non-tlh="39376" tlh="5231544" />
  <largest-consumer threadName="Default Executor-thread-1" threadId="0000000000728900" bytes="5270920" />
</allocation-stats>
<concurrent-halted id="1042" timestamp="2026-09-06T06:51:00.683">
  <halted state="Complete" status="exhausted" />
  <traced bytesTarget="5113753" bytesTotal="6985812" bytesByMutator="2640920" bytesByHelper="4344892" percent="136" />
  <cards cleaned="254" thresholdBytes="279618" />
</concurrent-halted>
<gc-op id="1043" type="rs-scan" timems="0.546" contextid="1019" timestamp="2026-09-06T06:51:00.683">
  <scan objectsFound="34749" bytesTraced="1059036" workStackOverflowCount="0" />
</gc-op>
<gc-op id="1044" type="card-cleaning" timems="0.147" contextid="1019" timestamp="2026-09-06T06:51:00.683">
  <card-cleaning cardsCleaned="7" bytesTraced="15436" workStackOverflowCount="0" />
</gc-op>
<gc-op id="1045" type="mark" timems="0.980" contextid="1019" timestamp="2026-09-06T06:51:00.684">
  <trace-info objectcount="1351" scancount="1202" scanbytes="39364" />
  <finalization candidates="670" enqueued="5" />
  <ownableSynchronizers candidates="617" cleared="0" />
  <references type="soft" candidates="3638" cleared="0" enqueued="0" dynamicThreshold="9" maxThreshold="32" />
  <references type="weak" candidates="1493" cleared="41" enqueued="40" />
  <references type="phantom" candidates="119" cleared="0" enqueued="0" />
  <stringconstants candidates="14769" cleared="0"  />
  <object-monitors candidates="14" cleared="0"  />
</gc-op>
<gc-op id="1046" type="sweep" timems="0.340" contextid="1019" timestamp="2026-09-06T06:51:00.685" />
<heap-resize id="1047" type="expand" space="tenure" amount="3735552" count="1" timems="0.039" reason="insufficient free space following gc" timestamp="2026-09-06T06:51:00.685" />
<gc-end id="1048" type="global" contextid="1019" durationms="2.456" usertimems="8.383" systemtimems="0.685" stalltimems="6.349" timestamp="2026-09-06T06:51:00.685" activeThreads="9">
  <mem-info id="1049" free="8452088" total="24379392" percent="34">
    <mem type="nursery" free="3301712" total="7340032" percent="44">
      <mem type="allocate" free="3301712" total="6225920" percent="53" />
      <mem type="survivor" free="0" total="1114112" percent="0" />
    </mem>
    <mem type="tenure" free="5150376" total="17039360" percent="30" micro-fragmented="241019" macro-fragmented="0">
      <mem type="soa" free="4298408" total="16187392" percent="26" />
      <mem type="loa" free="851968" total="851968" percent="100" />
    </mem>
    <pending-finalizers system="5" default="0" reference="40" classloader="0" />
    <remembered-set count="831" />
  </mem-info>
</gc-end>
<cycle-end id="1050" type="global" contextid="1019" timestamp="2026-09-06T06:51:00.685" />
<allocation-satisfied id="1051" threadId="0000000000728900" bytesRequested="24" />
<af-end id="1052" timestamp="2026-09-06T06:51:00.685" threadId="00000000007293C0" success="true" from="nursery"/>
<exclusive-end id="1053" timestamp="2026-09-06T06:51:00.685" durationms="2.897" />

<exclusive-start id="1054" timestamp="2026-09-06T06:51:00.701" intervalms="18.429">
  <response-info timems="0.010" idlems="0.010" threads="0" lastid="0000000000728900" lastname="Default Executor-thread-1" />
</exclusive-start>
<af-start id="1055" threadId="00000000007293C0" totalBytesRequested="64" timestamp="2026-09-06T06:51:00.701" intervalms="18.429" type="nursery" />
<cycle-start id="1056" type="scavenge" contextid="0" timestamp="2026-09-06T06:51:00.701" intervalms="73.791" />
<gc-start id="1057" type="scavenge" contextid="1056" timestamp="2026-09-06T06:51:00.701">
  <mem-info id="1058" free="5150376" total="24379392" percent="21">
    <mem type="nursery" free="0" total="7340032" percent="0">
      <mem type="allocate" free="0" total="6225920" percent="0" />
      <mem type="survivor" free="0" total="1114112" percent="0" />
    </mem>
    <mem type="tenure" free="5150376" total="17039360" percent="30">
      <mem type="soa" free="4298408" total="16187392" percent="26" />
      <mem type="loa" free="851968" total="851968" percent="100" />
    </mem>
    <remembered-set count="842" />
  </mem-info>
</gc-start>
<allocation-stats totalBytes="3291336" discardedBytes="10376" >
  <allocated-bytes non-tlh="24" tlh="3291312" />
  <largest-consumer threadName="Default Executor-thread-1" threadId="0000000000728900" bytes="3291336" />
</allocation-stats>
<gc-op id="1059" type="scavenge" timems="1.087" contextid="1056" timestamp="2026-09-06T06:51:00.702">
  <scavenger-info tenureage="2" tenuremask="7c04" tiltratio="84" />
  <memory-copied type="nursery" objects="29678" bytes="984616" bytesdiscarded="129360" />
  <memory-copied type="tenure" objects="15767" bytes="545104" bytesdiscarded="888" />
  <copy-failed type="nursery" objects="3924" bytes="115424" />
  <ownableSynchronizers candidates="1234" cleared="1234" />
  <references type="soft" candidates="7" cleared="0" enqueued="0" dynamicThreshold="9" maxThreshold="32" />
  <references type="weak" candidates="29" cleared="1" enqueued="1" />
  <object-monitors candidates="14" cleared="0"  />
</gc-op>
<gc-end id="1060" type="scavenge" contextid="1056" durationms="1.253" usertimems="4.627" systemtimems="0.000" stalltimems="1.840" timestamp="2026-09-06T06:51:00.702" activeThreads="6">
  <mem-info id="1061" free="9029672" total="24379392" percent="37">
    <mem type="nursery" free="4653056" total="7340032" percent="63">
      <mem type="allocate" free="4653056" total="5767168" percent="80" />
      <mem type="survivor" free="0" total="1572864" percent="0" />
    </mem>
    <mem type="tenure" free="4376616" total="17039360" percent="25">
      <mem type="soa" free="3524648" total="16187392" percent="21" />
      <mem type="loa" free="851968" total="851968" percent="100" />
    </mem>
    <pending-finalizers system="0" default="0" reference="1" classloader="0" />
    <remembered-set count="1685" />
  </mem-info>
</gc-end>
<cycle-end id="1062" type="scavenge" contextid="1056" timestamp="2026-09-06T06:51:00.702" />
<allocation-satisfied id="1063" threadId="0000000000728900" bytesRequested="64" />
<af-end id="1064" timestamp="2026-09-06T06:51:00.702" threadId="00000000007293C0" success="true" from="nursery"/>
<exclusive-end id="1065" timestamp="2026-09-06T06:51:00.702" durationms="1.698" />

<exclusive-start id="1066" timestamp="2026-09-06T06:51:00.709" intervalms="8.803">
  <response-info timems="0.009" idlems="0.009" threads="0" lastid="0000000000728900" lastname="Default Executor-thread-1" />
</exclusive-start>
<af-start id="1067" threadId="00000000007293C0" totalBytesRequested="48" timestamp="2026-09-06T06:51:00.709" intervalms="8.776" type="nursery" />
<cycle-start id="1068" type="scavenge" contextid="0" timestamp="2026-09-06T06:51:00.709" intervalms="8.763" />
<gc-start id="1069" type="scavenge" contextid="1068" timestamp="2026-09-06T06:51:00.710">
  <mem-info id="1070" free="4376616" total="24379392" percent="17">
    <mem type="nursery" free="0" total="7340032" percent="0">
      <mem type="allocate" free="0" total="5767168" percent="0" />
      <mem type="survivor" free="0" total="1572864" percent="0" />
    </mem>
    <mem type="tenure" free="4376616" total="17039360" percent="25">
      <mem type="soa" free="3524648" total="16187392" percent="21" />
      <mem type="loa" free="851968" total="851968" percent="100" />
    </mem>
    <remembered-set count="1687" />
  </mem-info>
</gc-start>
<allocation-stats totalBytes="4652960" discardedBytes="96" >
  <allocated-bytes non-tlh="64" tlh="4652896" />
  <largest-consumer threadName="Default Executor-thread-1" threadId="0000000000728900" bytes="4652960" />
</allocation-stats>
<gc-op id="1071" type="scavenge" timems="0.821" contextid="1068" timestamp="2026-09-06T06:51:00.710">
  <scavenger-info tenureage="2" tenuremask="7c04" tiltratio="78" />
  <memory-copied type="nursery" objects="20233" bytes="639872" bytesdiscarded="152888" />
  <memory-copied type="tenure" objects="10444" bytes="387136" bytesdiscarded="64" />
  <references type="soft" candidates="7" cleared="0" enqueued="0" dynamicThreshold="9" maxThreshold="32" />
  <references type="weak" candidates="28" cleared="0" enqueued="0" />
  <object-monitors candidates="14" cleared="0"  />
</gc-op>
<heap-resize id="1072" type="expand" space="nursery" amount="393216" count="1" timems="0.015" reason="excessive time being spent scavenging" timestamp="2026-09-06T06:51:00.711" />
<gc-end id="1073" type="scavenge" contextid="1068" durationms="1.039" usertimems="1.930" systemtimems="1.076" stalltimems="1.745" timestamp="2026-09-06T06:51:00.711" activeThreads="6">
  <mem-info id="1074" free="9217368" total="24772608" percent="37">
    <mem type="nursery" free="5302072" total="7733248" percent="68">
      <mem type="allocate" free="5302072" total="6094848" percent="86" />
      <mem type="survivor" free="0" total="1638400" percent="0" />
    </mem>
    <mem type="tenure" free="3915296" total="17039360" percent="22">
      <mem type="soa" free="3063328" total="16187392" percent="18" />
      <mem type="loa" free="851968" total="851968" percent="100" />
    </mem>
    <remembered-set count="810" />
  </mem-info>
</gc-end>
<cycle-end id="1075" type="scavenge" contextid="1068" timestamp="2026-09-06T06:51:00.711" />
<allocation-satisfied id="1076" threadId="0000000000728900" bytesRequested="48" />
<af-end id="1077" timestamp="2026-09-06T06:51:00.711" threadId="00000000007293C0" success="true" from="nursery"/>
<exclusive-end id="1078" timestamp="2026-09-06T06:51:00.711" durationms="1.360" />

<exclusive-start id="1079" timestamp="2026-09-06T06:51:00.720" intervalms="10.224">
  <response-info timems="0.010" idlems="0.010" threads="0" lastid="0000000000728900" lastname="Default Executor-thread-1" />
</exclusive-start>
<af-start id="1080" threadId="00000000007293C0" totalBytesRequested="24" timestamp="2026-09-06T06:51:00.720" intervalms="10.209" type="nursery" />
<cycle-start id="1081" type="scavenge" contextid="0" timestamp="2026-09-06T06:51:00.720" intervalms="10.204" />
<gc-start id="1082" type="scavenge" contextid="1081" timestamp="2026-09-06T06:51:00.720">
  <mem-info id="1083" free="3915096" total="24772608" percent="15">
    <mem type="nursery" free="0" total="7733248" percent="0">
      <mem type="allocate" free="0" total="6094848" percent="0" />
      <mem type="survivor" free="0" total="1638400" percent="0" />
    </mem>
    <mem type="tenure" free="3915096" total="17039360" percent="22">
      <mem type="soa" free="3063128" total="16187392" percent="18" />
      <mem type="loa" free="851968" total="851968" percent="100" />
    </mem>
    <remembered-set count="826" />
  </mem-info>
</gc-start>
<allocation-stats totalBytes="5301960" discardedBytes="312" >
  <allocated-bytes non-tlh="248" tlh="5301712" />
  <largest-consumer threadName="Default Executor-thread-1" threadId="0000000000728900" bytes="5301960" />
</allocation-stats>
<gc-op id="1084" type="scavenge" timems="0.695" contextid="1081" timestamp="2026-09-06T06:51:00.720">
  <scavenger-info tenureage="2" tenuremask="7c04" tiltratio="78" />
  <memory-copied type="nursery" objects="2990" bytes="107800" bytesdiscarded="127208" />
  <memory-copied type="tenure" objects="19025" bytes="590520" bytesdiscarded="248" />
  <object-monitors candidates="14" cleared="0"  />
</gc-op>
<heap-resize id="1085" type="expand" space="nursery" amount="393216" count="1" timems="0.013" reason="excessive time being spent scavenging" timestamp="2026-09-06T06:51:00.721" />
<gc-end id="1086" type="scavenge" contextid="1081" durationms="0.903" usertimems="2.415" systemtimems="0.210" stalltimems="1.398" timestamp="2026-09-06T06:51:00.721" activeThreads="6">
  <mem-info id="1087" free="9760856" total="25165824" percent="38">
    <mem type="nursery" free="6384128" total="8126464" percent="78">
      <mem type="allocate" free="6384128" total="6619136" percent="96" />
      <mem type="survivor" free="0" total="1507328" percent="0" />
    </mem>
    <mem type="tenure" free="3376728" total="17039360" percent="19">
      <mem type="soa" free="2524760" total="16187392" percent="15" />
      <mem type="loa" free="851968" total="851968" percent="100" />
    </mem>
    <remembered-set count="285" />
  </mem-info>
</gc-end>
<cycle-end id="1088" type="scavenge" contextid="1081" timestamp="2026-09-06T06:51:00.721" />
<allocation-satisfied id="1089" threadId="0000000000728900" bytesRequested="24" />
<af-end id="1090" timestamp="2026-09-06T06:51:00.721" threadId="00000000007293C0" success="true" from="nursery"/>
<exclusive-end id="1091" timestamp="2026-09-06T06:51:00.721" durationms="1.207" />

<exclusive-start id="1092" timestamp="2026-09-06T06:51:00.731" intervalms="11.133">
  <response-info timems="0.012" idlems="0.012" threads="0" lastid="0000000000728900" lastname="Default Executor-thread-1" />
</exclusive-start>
<af-start id="1093" threadId="00000000007293C0" totalBytesRequested="40" timestamp="2026-09-06T06:51:00.731" intervalms="11.140" type="nursery" />
<cycle-start id="1094" type="scavenge" contextid="0" timestamp="2026-09-06T06:51:00.731" intervalms="11.138" />
<gc-start id="1095" type="scavenge" contextid="1094" timestamp="2026-09-06T06:51:00.731">
  <mem-info id="1096" free="3376480" total="25165824" percent="13">
    <mem type="nursery" free="0" total="8126464" percent="0">
      <mem type="allocate" free="0" total="6619136" percent="0" />
      <mem type="survivor" free="0" total="1507328" percent="0" />
    </mem>
    <mem type="tenure" free="3376480" total="17039360" percent="19">
      <mem type="soa" free="2524512" total="16187392" percent="15" />
      <mem type="loa" free="851968" total="851968" percent="100" />
    </mem>
    <remembered-set count="301" />
  </mem-info>
</gc-start>
<allocation-stats totalBytes="6384088" discardedBytes="288" >
  <allocated-bytes non-tlh="272" tlh="6383816" />
  <largest-consumer threadName="Default Executor-thread-1" threadId="0000000000728900" bytes="6384088" />
</allocation-stats>
<gc-op id="1097" type="scavenge" timems="0.434" contextid="1094" timestamp="2026-09-06T06:51:00.731">
  <scavenger-info tenureage="2" tenuremask="7804" tiltratio="81" />
  <memory-copied type="nursery" objects="2451" bytes="79648" bytesdiscarded="24024" />
  <memory-copied type="tenure" objects="1032" bytes="43328" bytesdiscarded="136" />
  <references type="weak" candidates="1" cleared="0" enqueued="0" />
  <object-monitors candidates="14" cleared="0"  />
</gc-op>
<gc-end id="1098" type="scavenge" contextid="1094" durationms="0.565" usertimems="0.928" systemtimems="0.054" stalltimems="1.422" timestamp="2026-09-06T06:51:00.731" activeThreads="6">
  <mem-info id="1099" free="10243680" total="25165824" percent="40">
    <mem type="nursery" free="6908672" total="8126464" percent="85">
      <mem type="allocate" free="6908672" total="7012352" percent="98" />
      <mem type="survivor" free="0" total="1114112" percent="0" />
    </mem>
    <mem type="tenure" free="3335008" total="17039360" percent="19">
      <mem type="soa" free="2483040" total="16187392" percent="15" />
      <mem type="loa" free="851968" total="851968" percent="100" />
    </mem>
    <remembered-set count="295" />
  </mem-info>
</gc-end>
<cycle-end id="1100" type="scavenge" contextid="1094" timestamp="2026-09-06T06:51:00.731" />
<allocation-satisfied id="1101" threadId="0000000000728900" bytesRequested="40" />
<af-end id="1102" timestamp="2026-09-06T06:51:00.732" threadId="00000000007293C0" success="true" from="nursery"/>
<exclusive-end id="1103" timestamp="2026-09-06T06:51:00.732" durationms="0.875" />

<exclusive-start id="1104" timestamp="2026-09-06T06:51:00.745" intervalms="14.288">
  <response-info timems="0.010" idlems="0.010" threads="0" lastid="0000000000728900" lastname="Default Executor-thread-1" />
</exclusive-start>
<af-start id="1105" threadId="00000000007293C0" totalBytesRequested="24" timestamp="2026-09-06T06:51:00.745" intervalms="14.297" type="nursery" />
<cycle-start id="1106" type="scavenge" contextid="0" timestamp="2026-09-06T06:51:00.745" intervalms="14.301" />
<gc-start id="1107" type="scavenge" contextid="1106" timestamp="2026-09-06T06:51:00.745">
  <mem-info id="1108" free="3334736" total="25165824" percent="13">
    <mem type="nursery" free="0" total="8126464" percent="0">
      <mem type="allocate" free="0" total="7012352" percent="0" />
      <mem type="survivor" free="0" total="1114112" percent="0" />
    </mem>
    <mem type="tenure" free="3334736" total="17039360" percent="19">
      <mem type="soa" free="2482768" total="16187392" percent="15" />
      <mem type="loa" free="851968" total="851968" percent="100" />
    </mem>
    <remembered-set count="417" />
  </mem-info>
</gc-start>
<allocation-stats totalBytes="6908312" discardedBytes="632" >
  <allocated-bytes non-tlh="312" tlh="6908000" />
  <largest-consumer threadName="Default Executor-thread-1" threadId="0000000000728900" bytes="6908312" />
</allocation-stats>
<gc-op id="1109" type="scavenge" timems="0.361" contextid="1106" timestamp="2026-09-06T06:51:00.746">
  <scavenger-info tenureage="2" tenuremask="7004" tiltratio="86" />
  <memory-copied type="nursery" objects="4018" bytes="113376" bytesdiscarded="44064" />
  <memory-copied type="tenure" objects="1392" bytes="42336" bytesdiscarded="24" />
  <references type="weak" candidates="4" cleared="3" enqueued="3" />
  <object-monitors candidates="14" cleared="0"  />
</gc-op>
<gc-end id="1110" type="scavenge" contextid="1106" durationms="0.503" usertimems="0.642" systemtimems="0.000" stalltimems="0.822" timestamp="2026-09-06T06:51:00.746" activeThreads="4">
  <mem-info id="1111" free="10344784" total="25165824" percent="41">
    <mem type="nursery" free="7051520" total="8126464" percent="86">
      <mem type="allocate" free="7051520" total="7208960" percent="97" />
      <mem type="survivor" free="0" total="917504" percent="0" />
    </mem>
    <mem type="tenure" free="3293264" total="17039360" percent="19">
      <mem type="soa" free="2441296" total="16187392" percent="15" />
      <mem type="loa" free="851968" total="851968" percent="100" />
    </mem>
    <pending-finalizers system="0" default="0" reference="3" classloader="0" />
    <remembered-set count="342" />
  </mem-info>
</gc-end>
<cycle-end id="1112" type="scavenge" contextid="1106" timestamp="2026-09-06T06:51:00.746" />
<allocation-satisfied id="1113" threadId="0000000000728900" bytesRequested="24" />
<af-end id="1114" timestamp="2026-09-06T06:51:00.746" threadId="00000000007293C0" success="true" from="nursery"/>
<exclusive-end id="1115" timestamp="2026-09-06T06:51:00.746" durationms="0.804" />

<exclusive-start id="1116" timestamp="2026-09-06T06:51:00.758" intervalms="13.377">
  <response-info timems="0.011" idlems="0.011" threads="0" lastid="0000000000728900" lastname="Default Executor-thread-1" />
</exclusive-start>
<af-start id="1117" threadId="00000000007293C0" totalBytesRequested="56" timestamp="2026-09-06T06:51:00.758" intervalms="13.386" type="nursery" />
<cycle-start id="1118" type="scavenge" contextid="0" timestamp="2026-09-06T06:51:00.759" intervalms="13.391" />
<gc-start id="1119" type="scavenge" contextid="1118" timestamp="2026-09-06T06:51:00.759">
  <mem-info id="1120" free="3293264" total="25165824" percent="13">
    <mem type="nursery" free="0" total="8126464" percent="0">
      <mem type="allocate" free="0" total="7208960" percent="0" />
      <mem type="survivor" free="0" total="917504" percent="0" />
    </mem>
    <mem type="tenure" free="3293264" total="17039360" percent="19">
      <mem type="soa" free="2441296" total="16187392" percent="15" />
      <mem type="loa" free="851968" total="851968" percent="100" />
    </mem>
    <remembered-set count="511" />
  </mem-info>
</gc-start>
<allocation-stats totalBytes="7050456" discardedBytes="1064" >
  <allocated-bytes non-tlh="24" tlh="7050432" />
  <largest-consumer threadName="Default Executor-thread-1" threadId="0000000000728900" bytes="7050456" />
</allocation-stats>
<gc-op id="1121" type="scavenge" timems="0.455" contextid="1118" timestamp="2026-09-06T06:51:00.759">
  <scavenger-info tenureage="13" tenuremask="6000" tiltratio="88" />
  <memory-copied type="nursery" objects="9776" bytes="268800" bytesdiscarded="33792" />
  <references type="weak" candidates="1" cleared="0" enqueued="0" />
  <object-monitors candidates="14" cleared="0"  />
</gc-op>
<gc-end id="1122" type="scavenge" contextid="1118" durationms="0.605" usertimems="0.822" systemtimems="0.071" stalltimems="0.484" timestamp="2026-09-06T06:51:00.759" activeThreads="3">
  <mem-info id="1123" free="10265168" total="25165824" percent="40">
    <mem type="nursery" free="6971904" total="8126464" percent="85">
      <mem type="allocate" free="6971904" total="7274496" percent="95" />
      <mem type="survivor" free="0" total="851968" percent="0" />
    </mem>
    <mem type="tenure" free="3293264" total="17039360" percent="19">
      <mem type="soa" free="2441296" total="16187392" percent="15" />
      <mem type="loa" free="851968" total="851968" percent="100" />
    </mem>
    <remembered-set count="491" />
  </mem-info>
</gc-end>
<cycle-end id="1124" type="scavenge" contextid="1118" timestamp="2026-09-06T06:51:00.759" />
<allocation-satisfied id="1125" threadId="0000000000728900" bytesRequested="56" />
<af-end id="1126" timestamp="2026-09-06T06:51:00.759" threadId="00000000007293C0" success="true" from="nursery"/>
<exclusive-end id="1127" timestamp="2026-09-06T06:51:00.759" durationms="0.944" />

<exclusive-start id="1128" timestamp="2026-09-06T06:51:00.769" intervalms="10.721">
  <response-info timems="0.009" idlems="0.009" threads="0" lastid="0000000000728900" lastname="Default Executor-thread-1" />
</exclusive-start>
<af-start id="1129" threadId="00000000007293C0" totalBytesRequested="32" timestamp="2026-09-06T06:51:00.769" intervalms="10.694" type="nursery" />
<cycle-start id="1130" type="scavenge" contextid="0" timestamp="2026-09-06T06:51:00.769" intervalms="10.695" />
<gc-start id="1131" type="scavenge" contextid="1130" timestamp="2026-09-06T06:51:00.769">
  <mem-info id="1132" free="3293264" total="25165824" percent="13">
    <mem type="nursery" free="0" total="8126464" percent="0">
      <mem type="allocate" free="0" total="7274496" percent="0" />
      <mem type="survivor" free="0" total="851968" percent="0" />
    </mem>
    <mem type="tenure" free="3293264" total="17039360" percent="19">
      <mem type="soa" free="2441296" total="16187392" percent="15" />
      <mem type="loa" free="851968" total="851968" percent="100" />
    </mem>
    <remembered-set count="495" />
  </mem-info>
</gc-start>
<allocation-stats totalBytes="6971568" discardedBytes="336" >
  <allocated-bytes non-tlh="56" tlh="6971512" />
  <largest-consumer threadName="Default Executor-thread-1" threadId="0000000000728900" bytes="6971568" />
</allocation-stats>
<gc-op id="1133" type="scavenge" timems="0.416" contextid="1130" timestamp="2026-09-06T06:51:00.770">
  <scavenger-info tenureage="14" tenuremask="4000" tiltratio="89" />
  <memory-copied type="nursery" objects="10149" bytes="279208" bytesdiscarded="23384" />
  <references type="weak" candidates="1" cleared="0" enqueued="0" />
  <object-monitors candidates="14" cleared="0"  />
</gc-op>
<gc-end id="1134" type="scavenge" contextid="1130" durationms="0.545" usertimems="0.000" systemtimems="0.770" stalltimems="0.527" timestamp="2026-09-06T06:51:00.770" activeThreads="3">
  <mem-info id="1135" free="10265168" total="25165824" percent="40">
    <mem type="nursery" free="6971904" total="8126464" percent="85">
      <mem type="allocate" free="6971904" total="7274496" percent="95" />
      <mem type="survivor" free="0" total="851968" percent="0" />
    </mem>
    <mem type="tenure" free="3293264" total="17039360" percent="19">
      <mem type="soa" free="2441296" total="16187392" percent="15" />
      <mem type="loa" free="851968" total="851968" percent="100" />
    </mem>
    <remembered-set count="489" />
  </mem-info>
</gc-end>
<cycle-end id="1136" type="scavenge" contextid="1130" timestamp="2026-09-06T06:51:00.770" />
<allocation-satisfied id="1137" threadId="0000000000728900" bytesRequested="32" />
<af-end id="1138" timestamp="2026-09-06T06:51:00.770" threadId="00000000007293C0" success="true" from="nursery"/>
<exclusive-end id="1139" timestamp="2026-09-06T06:51:00.770" durationms="0.849" />

<exclusive-start id="1140" timestamp="2026-09-06T06:51:00.780" intervalms="10.481">
  <response-info timems="0.006" idlems="0.006" threads="0" lastid="0000000000728900" lastname="Default Executor-thread-1" />
</exclusive-start>
<af-start id="1141" threadId="00000000007293C0" totalBytesRequested="48" timestamp="2026-09-06T06:51:00.780" intervalms="10.484" type="nursery" />
<cycle-start id="1142" type="scavenge" contextid="0" timestamp="2026-09-06T06:51:00.780" intervalms="10.470" />
<gc-start id="1143" type="scavenge" contextid="1142" timestamp="2026-09-06T06:51:00.780">
  <mem-info id="1144" free="3293264" total="25165824" percent="13">
    <mem type="nursery" free="0" total="8126464" percent="0">
      <mem type="allocate" free="0" total="7274496" percent="0" />
      <mem type="survivor" free="0" total="851968" percent="0" />
    </mem>
    <mem type="tenure" free="3293264" total="17039360" percent="19">
      <mem type="soa" free="2441296" total="16187392" percent="15" />
      <mem type="loa" free="851968" total="851968" percent="100" />
    </mem>
    <remembered-set count="515" />
  </mem-info>
</gc-start>
<allocation-stats totalBytes="6971592" discardedBytes="312" >
  <allocated-bytes non-tlh="32" tlh="6971560" />
  <largest-consumer threadName="Default Executor-thread-1" threadId="0000000000728900" bytes="6971592" />
</allocation-stats>
<gc-op id="1145" type="scavenge" timems="0.411" contextid="1142" timestamp="2026-09-06T06:51:00.780">
  <scavenger-info tenureage="3" tenuremask="4008" tiltratio="89" />
  <memory-copied type="nursery" objects="8894" bytes="247728" bytesdiscarded="54096" />
  <memory-copied type="tenure" objects="3365" bytes="91920" bytesdiscarded="24" />
  <references type="weak" candidates="1" cleared="0" enqueued="0" />
  <object-monitors candidates="14" cleared="0"  />
</gc-op>
<gc-end id="1146" type="scavenge" contextid="1142" durationms="0.547" usertimems="0.880" systemtimems="0.076" stalltimems="0.328" timestamp="2026-09-06T06:51:00.780" activeThreads="3">
  <mem-info id="1147" free="10121552" total="25165824" percent="40">
    <mem type="nursery" free="6972672" total="8126464" percent="85">
      <mem type="allocate" free="6972672" total="7274496" percent="95" />
      <mem type="survivor" free="0" total="851968" percent="0" />
    </mem>
    <mem type="tenure" free="3148880" total="17039360" percent="18">
      <mem type="soa" free="2296912" total="16187392" percent="14" />
      <mem type="loa" free="851968" total="851968" percent="100" />
    </mem>
    <remembered-set count="422" />
  </mem-info>
</gc-end>
<cycle-end id="1148" type="scavenge" contextid="1142" timestamp="2026-09-06T06:51:00.780" />
<allocation-satisfied id="1149" threadId="0000000000728900" bytesRequested="48" />
<af-end id="1150" timestamp="2026-09-06T06:51:00.780" threadId="00000000007293C0" success="true" from="nursery"/>
<exclusive-end id="1151" timestamp="2026-09-06T06:51:00.780" durationms="0.822" />

<exclusive-start id="1152" timestamp="2026-09-06T06:51:00.790" intervalms="10.564">
  <response-info timems="0.006" idlems="0.006" threads="0" lastid="0000000000728900" lastname="Default Executor-thread-1" />
</exclusive-start>
<af-start id="1153" threadId="00000000007293C0" totalBytesRequested="16" timestamp="2026-09-06T06:51:00.790" intervalms="10.559" type="nursery" />
<cycle-start id="1154" type="scavenge" contextid="0" timestamp="2026-09-06T06:51:00.790" intervalms="10.557" />
<gc-start id="1155" type="scavenge" contextid="1154" timestamp="2026-09-06T06:51:00.790">
  <mem-info id="1156" free="3148880" total="25165824" percent="12">
    <mem type="nursery" free="0" total="8126464" percent="0">
      <mem type="allocate" free="0" total="7274496" percent="0" />
      <mem type="survivor" free="0" total="851968" percent="0" />
    </mem>
    <mem type="tenure" free="3148880" total="17039360" percent="18">
      <mem type="soa" free="2296912" total="16187392" percent="14" />
      <mem type="loa" free="851968" total="851968" percent="100" />
    </mem>
    <remembered-set count="422" />
  </mem-info>
</gc-start>
<allocation-stats totalBytes="6972272" discardedBytes="400" >
  <allocated-bytes non-tlh="48" tlh="6972224" />
  <largest-consumer threadName="Default Executor-thread-1" threadId="0000000000728900" bytes="6972272" />
</allocation-stats>
<gc-op id="1157" type="scavenge" timems="0.347" contextid="1154" timestamp="2026-09-06T06:51:00.791">
  <scavenger-info tenureage="5" tenuremask="4020" tiltratio="89" />
  <memory-copied type="nursery" objects="8400" bytes="232024" bytesdiscarded="41384" />
  <memory-copied type="tenure" objects="522" bytes="17064" bytesdiscarded="0" />
  <object-monitors candidates="14" cleared="0"  />
</gc-op>
<gc-end id="1158" type="scavenge" contextid="1154" durationms="0.468" usertimems="0.814" systemtimems="0.000" stalltimems="0.314" timestamp="2026-09-06T06:51:00.791" activeThreads="3">
  <mem-info id="1159" free="10149968" total="25165824" percent="40">
    <mem type="nursery" free="7001088" total="8126464" percent="86">
      <mem type="allocate" free="7001088" total="7274496" percent="96" />
      <mem type="survivor" free="0" total="851968" percent="0" />
    </mem>
    <mem type="tenure" free="3148880" total="17039360" percent="18">
      <mem type="soa" free="2296912" total="16187392" percent="14" />
      <mem type="loa" free="851968" total="851968" percent="100" />
    </mem>
    <remembered-set count="399" />
  </mem-info>
</gc-end>
<cycle-end id="1160" type="scavenge" contextid="1154" timestamp="2026-09-06T06:51:00.791" />
<allocation-satisfied id="1161" threadId="0000000000728900" bytesRequested="16" />
<af-end id="1162" timestamp="2026-09-06T06:51:00.791" threadId="00000000007293C0" success="true" from="nursery"/>
<exclusive-end id="1163" timestamp="2026-09-06T06:51:00.791" durationms="0.727" />

<exclusive-start id="1164" timestamp="2026-09-06T06:51:00.801" intervalms="10.491">
  <response-info timems="0.006" idlems="0.006" threads="0" lastid="0000000000728900" lastname="Default Executor-thread-1" />
</exclusive-start>
<af-start id="1165" threadId="00000000007293C0" totalBytesRequested="24" timestamp="2026-09-06T06:51:00.801" intervalms="10.488" type="nursery" />
<cycle-start id="1166" type="scavenge" contextid="0" timestamp="2026-09-06T06:51:00.801" intervalms="10.489" />
<gc-start id="1167" type="scavenge" contextid="1166" timestamp="2026-09-06T06:51:00.801">
  <mem-info id="1168" free="3148880" total="25165824" percent="12">
    <mem type="nursery" free="0" total="8126464" percent="0">
      <mem type="allocate" free="0" total="7274496" percent="0" />
      <mem type="survivor" free="0" total="851968" percent="0" />
    </mem>
    <mem type="tenure" free="3148880" total="17039360" percent="18">
      <mem type="soa" free="2296912" total="16187392" percent="14" />
      <mem type="loa" free="851968" total="851968" percent="100" />
    </mem>
    <remembered-set count="400" />
  </mem-info>
</gc-start>
<allocation-stats totalBytes="7000648" discardedBytes="440" >
  <allocated-bytes non-tlh="16" tlh="7000632" />
  <largest-consumer threadName="Default Executor-thread-1" threadId="0000000000728900" bytes="7000648" />
</allocation-stats>
<gc-op id="1169" type="scavenge" timems="0.352" contextid="1166" timestamp="2026-09-06T06:51:00.801">
  <scavenger-info tenureage="4" tenuremask="4010" tiltratio="89" />
  <memory-copied type="nursery" objects="3016" bytes="89248" bytesdiscarded="47456" />
  <memory-copied type="tenure" objects="5626" bytes="150472" bytesdiscarded="24" />
  <object-monitors candidates="14" cleared="0"  />
</gc-op>
<gc-end id="1170" type="scavenge" contextid="1166" durationms="0.485" usertimems="0.883" systemtimems="0.000" stalltimems="0.232" timestamp="2026-09-06T06:51:00.801" activeThreads="3">
  <mem-info id="1171" free="10149968" total="25165824" percent="40">
    <mem type="nursery" free="7137792" total="8126464" percent="87">
      <mem type="allocate" free="7137792" total="7274496" percent="98" />
      <mem type="survivor" free="0" total="851968" percent="0" />
    </mem>
    <mem type="tenure" free="3012176" total="17039360" percent="17">
      <mem type="soa" free="2160208" total="16187392" percent="13" />
      <mem type="loa" free="851968" total="851968" percent="100" />
    </mem>
    <remembered-set count="259" />
  </mem-info>
</gc-end>
<cycle-end id="1172" type="scavenge" contextid="1166" timestamp="2026-09-06T06:51:00.801" />
<allocation-satisfied id="1173" threadId="0000000000728900" bytesRequested="24" />
<af-end id="1174" timestamp="2026-09-06T06:51:00.801" threadId="00000000007293C0" success="true" from="nursery"/>
<exclusive-end id="1175" timestamp="2026-09-06T06:51:00.801" durationms="0.748" />

<exclusive-start id="1176" timestamp="2026-09-06T06:51:00.811" intervalms="10.746">
  <response-info timems="0.006" idlems="0.006" threads="0" lastid="0000000000728900" lastname="Default Executor-thread-1" />
</exclusive-start>
<af-start id="1177" threadId="00000000007293C0" totalBytesRequested="64" timestamp="2026-09-06T06:51:00.811" intervalms="10.748" type="nursery" />
<cycle-start id="1178" type="scavenge" contextid="0" timestamp="2026-09-06T06:51:00.811" intervalms="10.748" />
<gc-start id="1179" type="scavenge" contextid="1178" timestamp="2026-09-06T06:51:00.812">
  <mem-info id="1180" free="3012176" total="25165824" percent="11">
    <mem type="nursery" free="0" total="8126464" percent="0">
      <mem type="allocate" free="0" total="7274496" percent="0" />
      <mem type="survivor" free="0" total="851968" percent="0" />
    </mem>
    <mem type="tenure" free="3012176" total="17039360" percent="17">
      <mem type="soa" free="2160208" total="16187392" percent="13" />
      <mem type="loa" free="851968" total="851968" percent="100" />
    </mem>
    <remembered-set count="260" />
  </mem-info>
</gc-start>
<allocation-stats totalBytes="7137280" discardedBytes="512" >
  <allocated-bytes non-tlh="24" tlh="7137256" />
  <largest-consumer threadName="Default Executor-thread-1" threadId="0000000000728900" bytes="7137280" />
</allocation-stats>
<gc-op id="1181" type="scavenge" timems="0.229" contextid="1178" timestamp="2026-09-06T06:51:00.812">
  <scavenger-info tenureage="4" tenuremask="4010" tiltratio="89" />
  <memory-copied type="nursery" objects="2795" bytes="84256" bytesdiscarded="19424" />
  <memory-copied type="tenure" objects="361" bytes="10176" bytesdiscarded="0" />
  <object-monitors candidates="14" cleared="0"  />
</gc-op>
<gc-end id="1182" type="scavenge" contextid="1178" durationms="0.382" usertimems="0.476" systemtimems="0.000" stalltimems="0.293" timestamp="2026-09-06T06:51:00.812" activeThreads="3">
  <mem-info id="1183" free="10182992" total="25165824" percent="40">
    <mem type="nursery" free="7170816" total="8126464" percent="88">
      <mem type="allocate" free="7170816" total="7274496" percent="98" />
      <mem type="survivor" free="0" total="851968" percent="0" />
    </mem>
    <mem type="tenure" free="3012176" total="17039360" percent="17">
      <mem type="soa" free="2160208" total="16187392" percent="13" />
      <mem type="loa" free="851968" total="851968" percent="100" />
    </mem>
    <remembered-set count="254" />
  </mem-info>
</gc-end>
<cycle-end id="1184" type="scavenge" contextid="1178" timestamp="2026-09-06T06:51:00.812" />
<allocation-satisfied id="1185" threadId="0000000000728900" bytesRequested="64" />
<af-end id="1186" timestamp="2026-09-06T06:51:00.812" threadId="00000000007293C0" success="true" from="nursery"/>
<exclusive-end id="1187" timestamp="2026-09-06T06:51:00.812" durationms="0.693" />

<exclusive-start id="1188" timestamp="2026-09-06T06:51:00.822" intervalms="10.666">
  <response-info timems="0.007" idlems="0.007" threads="0" lastid="0000000000728900" lastname="Default Executor-thread-1" />
</exclusive-start>
<af-start id="1189" threadId="00000000007293C0" totalBytesRequested="16" timestamp="2026-09-06T06:51:00.822" intervalms="10.664" type="nursery" />
<cycle-start id="1190" type="scavenge" contextid="0" timestamp="2026-09-06T06:51:00.822" intervalms="10.666" />
<gc-start id="1191" type="scavenge" contextid="1190" timestamp="2026-09-06T06:51:00.822">
  <mem-info id="1192" free="3012176" total="25165824" percent="11">
    <mem type="nursery" free="0" total="8126464" percent="0">
      <mem type="allocate" free="0" total="7274496" percent="0" />
      <mem type="survivor" free="0" total="851968" percent="0" />
    </mem>
    <mem type="tenure" free="3012176" total="17039360" percent="17">
      <mem type="soa" free="2160208" total="16187392" percent="13" />
      <mem type="loa" free="851968" total="851968" percent="100" />
    </mem>
    <remembered-set count="254" />
  </mem-info>
</gc-start>
<allocation-stats totalBytes="7170248" discardedBytes="568" >
  <allocated-bytes non-tlh="64" tlh="7170184" />
  <largest-consumer threadName="Default Executor-thread-1" threadId="0000000000728900" bytes="7170248" />
</allocation-stats>
<gc-op id="1193" type="scavenge" timems="0.224" contextid="1190" timestamp="2026-09-06T06:51:00.822">
  <scavenger-info tenureage="3" tenuremask="ffd8" tiltratio="89" />
  <memory-copied type="nursery" objects="652" bytes="22112" bytesdiscarded="19360" />
  <memory-copied type="tenure" objects="2162" bytes="62616" bytesdiscarded="40" />
  <object-monitors candidates="14" cleared="0"  />
</gc-op>
<gc-end id="1194" type="scavenge" contextid="1190" durationms="0.371" usertimems="0.472" systemtimems="0.000" stalltimems="0.265" timestamp="2026-09-06T06:51:00.823" activeThreads="3">
  <mem-info id="1195" free="10182992" total="25165824" percent="40">
    <mem type="nursery" free="7233024" total="8126464" percent="89">
      <mem type="allocate" free="7233024" total="7274496" percent="99" />
      <mem type="survivor" free="0" total="851968" percent="0" />
    </mem>
    <mem type="tenure" free="2949968" total="17039360" percent="17">
      <mem type="soa" free="2098000" total="16187392" percent="12" />
      <mem type="loa" free="851968" total="851968" percent="100" />
    </mem>
    <remembered-set count="194" />
  </mem-info>
</gc-end>
<cycle-end id="1196" type="scavenge" contextid="1190" timestamp="2026-09-06T06:51:00.823" />
<allocation-satisfied id="1197" threadId="0000000000728900" bytesRequested="16" />
<af-end id="1198" timestamp="2026-09-06T06:51:00.823" threadId="00000000007293C0" success="true" from="nursery"/>
<exclusive-end id="1199" timestamp="2026-09-06T06:51:00.823" durationms="0.638" />

<exclusive-start id="1200" timestamp="2026-09-06T06:51:00.833" intervalms="10.791">
  <response-info timems="0.008" idlems="0.008" threads="0" lastid="0000000000728900" lastname="Default Executor-thread-1" />
</exclusive-start>
<af-start id="1201" threadId="00000000007293C0" totalBytesRequested="16" timestamp="2026-09-06T06:51:00.833" intervalms="10.804" type="nursery" />
<cycle-start id="1202" type="scavenge" contextid="0" timestamp="2026-09-06T06:51:00.833" intervalms="10.807" />
<gc-start id="1203" type="scavenge" contextid="1202" timestamp="2026-09-06T06:51:00.833">
  <mem-info id="1204" free="2949968" total="25165824" percent="11">
    <mem type="nursery" free="0" total="8126464" percent="0">
      <mem type="allocate" free="0" total="7274496" percent="0" />
      <mem type="survivor" free="0" total="851968" percent="0" />
    </mem>
    <mem type="tenure" free="2949968" total="17039360" percent="17">
      <mem type="soa" free="2098000" total="16187392" percent="12" />
      <mem type="loa" free="851968" total="851968" percent="100" />
    </mem>
    <remembered-set count="196" />
  </mem-info>
</gc-start>
<allocation-stats totalBytes="7232464" discardedBytes="560" >
  <allocated-bytes non-tlh="16" tlh="7232448" />
  <largest-consumer threadName="Default Executor-thread-1" threadId="0000000000728900" bytes="7232464" />
</allocation-stats>
<gc-op id="1205" type="scavenge" timems="0.123" contextid="1202" timestamp="2026-09-06T06:51:00.833">
  <scavenger-info tenureage="6" tenuremask="ffc0" tiltratio="89" />
  <memory-copied type="nursery" objects="781" bytes="27032" bytesdiscarded="14440" />
  <object-monitors candidates="14" cleared="0"  />
</gc-op>
<gc-end id="1206" type="scavenge" contextid="1202" durationms="0.257" usertimems="0.287" systemtimems="0.000" stalltimems="0.103" timestamp="2026-09-06T06:51:00.833" activeThreads="3">
  <mem-info id="1207" free="10182992" total="25165824" percent="40">
    <mem type="nursery" free="7233024" total="8126464" percent="89">
      <mem type="allocate" free="7233024" total="7274496" percent="99" />
      <mem type="survivor" free="0" total="851968" percent="0" />
    </mem>
    <mem type="tenure" free="2949968" total="17039360" percent="17">
      <mem type="soa" free="2098000" total="16187392" percent="12" />
      <mem type="loa" free="851968" total="851968" percent="100" />
    </mem>
    <remembered-set count="194" />
  </mem-info>
</gc-end>
<cycle-end id="1208" type="scavenge" contextid="1202" timestamp="2026-09-06T06:51:00.833" />
<allocation-satisfied id="1209" threadId="0000000000728900" bytesRequested="16" />
<af-end id="1210" timestamp="2026-09-06T06:51:00.833" threadId="00000000007293C0" success="true" from="nursery"/>
<exclusive-end id="1211" timestamp="2026-09-06T06:51:00.833" durationms="0.550" />

<exclusive-start id="1212" timestamp="2026-09-06T06:51:00.843" intervalms="10.614">
  <response-info timems="0.006" idlems="0.006" threads="0" lastid="0000000000728900" lastname="Default Executor-thread-1" />
</exclusive-start>
<af-start id="1213" threadId="00000000007293C0" totalBytesRequested="48" timestamp="2026-09-06T06:51:00.844" intervalms="10.603" type="nursery" />
<cycle-start id="1214" type="scavenge" contextid="0" timestamp="2026-09-06T06:51:00.844" intervalms="10.613" />
<gc-start id="1215" type="scavenge" contextid="1214" timestamp="2026-09-06T06:51:00.844">
  <mem-info id="1216" free="2949968" total="25165824" percent="11">
    <mem type="nursery" free="0" total="8126464" percent="0">
      <mem type="allocate" free="0" total="7274496" percent="0" />
      <mem type="survivor" free="0" total="851968" percent="0" />
    </mem>
    <mem type="tenure" free="2949968" total="17039360" percent="17">
      <mem type="soa" free="2098000" total="16187392" percent="12" />
      <mem type="loa" free="851968" total="851968" percent="100" />
    </mem>
    <remembered-set count="198" />
  </mem-info>
</gc-start>
<allocation-stats totalBytes="7232600" discardedBytes="424" >
  <allocated-bytes non-tlh="16" tlh="7232584" />
  <largest-consumer threadName="Default Executor-thread-1" threadId="0000000000728900" bytes="7232600" />
</allocation-stats>
<gc-op id="1217" type="scavenge" timems="0.188" contextid="1214" timestamp="2026-09-06T06:51:00.844">
  <scavenger-info tenureage="4" tenuremask="fff0" tiltratio="89" />
  <memory-copied type="nursery" objects="824" bytes="28352" bytesdiscarded="13120" />
  <memory-copied type="tenure" objects="212" bytes="6768" bytesdiscarded="0" />
  <object-monitors candidates="14" cleared="0"  />
</gc-op>
<gc-end id="1218" type="scavenge" contextid="1214" durationms="0.333" usertimems="0.346" systemtimems="0.000" stalltimems="0.198" timestamp="2026-09-06T06:51:00.844" activeThreads="3">
  <mem-info id="1219" free="10182992" total="25165824" percent="40">
    <mem type="nursery" free="7233024" total="8126464" percent="89">
      <mem type="allocate" free="7233024" total="7274496" percent="99" />
      <mem type="survivor" free="0" total="851968" percent="0" />
    </mem>
    <mem type="tenure" free="2949968" total="17039360" percent="17">
      <mem type="soa" free="2098000" total="16187392" percent="12" />
      <mem type="loa" free="851968" total="851968" percent="100" />
    </mem>
    <remembered-set count="194" />
  </mem-info>
</gc-end>
<cycle-end id="1220" type="scavenge" contextid="1214" timestamp="2026-09-06T06:51:00.844" />
<allocation-satisfied id="1221" threadId="0000000000728900" bytesRequested="48" />
<af-end id="1222" timestamp="2026-09-06T06:51:00.844" threadId="00000000007293C0" success="true" from="nursery"/>
<exclusive-end id="1223" timestamp="2026-09-06T06:51:00.844" durationms="0.627" />

<exclusive-start id="1224" timestamp="2026-09-06T06:51:00.854" intervalms="10.818">
  <response-info timems="0.007" idlems="0.007" threads="0" lastid="0000000000728900" lastname="Default Executor-thread-1" />
</exclusive-start>
<af-start id="1225" threadId="00000000007293C0" totalBytesRequested="24" timestamp="2026-09-06T06:51:00.854" intervalms="10.821" type="nursery" />
<cycle-start id="1226" type="scavenge" contextid="0" timestamp="2026-09-06T06:51:00.854" intervalms="10.808" />
<gc-start id="1227" type="scavenge" contextid="1226" timestamp="2026-09-06T06:51:00.854">
  <mem-info id="1228" free="2948920" total="25165824" percent="11">
    <mem type="nursery" free="0" total="8126464" percent="0">
      <mem type="allocate" free="0" total="7274496" percent="0" />
      <mem type="survivor" free="0" total="851968" percent="0" />
    </mem>
    <mem type="tenure" free="2948920" total="17039360" percent="17">
      <mem type="soa" free="2096952" total="16187392" percent="12" />
      <mem type="loa" free="851968" total="851968" percent="100" />
    </mem>
    <remembered-set count="235" />
  </mem-info>
</gc-start>
<allocation-stats totalBytes="7233584" discardedBytes="488" >
  <allocated-bytes non-tlh="1096" tlh="7232488" />
  <largest-consumer threadName="Default Executor-thread-1" threadId="0000000000728900" bytes="7212056" />
</allocation-stats>
<gc-op id="1229" type="scavenge" timems="0.176" contextid="1226" timestamp="2026-09-06T06:51:00.855">
  <scavenger-info tenureage="4" tenuremask="ffd0" tiltratio="89" />
  <memory-copied type="nursery" objects="786" bytes="27256" bytesdiscarded="59480" />
  <memory-copied type="tenure" objects="203" bytes="6928" bytesdiscarded="8" />
  <ownableSynchronizers candidates="4" cleared="0" />
  <references type="weak" candidates="20" cleared="4" enqueued="4" />
  <object-monitors candidates="16" cleared="0"  />
</gc-op>
<gc-end id="1230" type="scavenge" contextid="1226" durationms="0.319" usertimems="0.388" systemtimems="0.000" stalltimems="0.168" timestamp="2026-09-06T06:51:00.855" activeThreads="3">
  <mem-info id="1231" free="10115896" total="25165824" percent="40">
    <mem type="nursery" free="7187712" total="8126464" percent="88">
      <mem type="allocate" free="7187712" total="7274496" percent="98" />
      <mem type="survivor" free="0" total="851968" percent="0" />
    </mem>
    <mem type="tenure" free="2928184" total="17039360" percent="17">
      <mem type="soa" free="2076216" total="16187392" percent="12" />
      <mem type="loa" free="851968" total="851968" percent="100" />
    </mem>
    <pending-finalizers system="0" default="0" reference="4" classloader="0" />
    <remembered-set count="221" />
  </mem-info>
</gc-end>
<cycle-end id="1232" type="scavenge" contextid="1226" timestamp="2026-09-06T06:51:00.855" />
<allocation-satisfied id="1233" threadId="0000000000728900" bytesRequested="24" />
<af-end id="1234" timestamp="2026-09-06T06:51:00.855" threadId="00000000007293C0" success="true" from="nursery"/>
<exclusive-end id="1235" timestamp="2026-09-06T06:51:00.855" durationms="0.603" />

<exclusive-start id="1236" timestamp="2026-09-06T06:51:00.864" intervalms="9.738">
  <response-info timems="0.006" idlems="0.006" threads="0" lastid="0000000000728900" lastname="Default Executor-thread-1" />
</exclusive-start>
<af-start id="1237" threadId="00000000007293C0" totalBytesRequested="72" timestamp="2026-09-06T06:51:00.864" intervalms="9.744" type="nursery" />
<cycle-start id="1238" type="scavenge" contextid="0" timestamp="2026-09-06T06:51:00.864" intervalms="9.747" />
<gc-start id="1239" type="scavenge" contextid="1238" timestamp="2026-09-06T06:51:00.864">
  <mem-info id="1240" free="2928184" total="25165824" percent="11">
    <mem type="nursery" free="0" total="8126464" percent="0">
      <mem type="allocate" free="0" total="7274496" percent="0" />
      <mem type="survivor" free="0" total="851968" percent="0" />
    </mem>
    <mem type="tenure" free="2928184" total="17039360" percent="17">
      <mem type="soa" free="2076216" total="16187392" percent="12" />
      <mem type="loa" free="851968" total="851968" percent="100" />
    </mem>
    <remembered-set count="225" />
  </mem-info>
</gc-start>
<allocation-stats totalBytes="7187152" discardedBytes="560" >
  <allocated-bytes non-tlh="24" tlh="7187128" />
  <largest-consumer threadName="Default Executor-thread-1" threadId="0000000000728900" bytes="7187152" />
</allocation-stats>
<gc-op id="1241" type="scavenge" timems="0.170" contextid="1238" timestamp="2026-09-06T06:51:00.864">
  <scavenger-info tenureage="3" tenuremask="ffd8" tiltratio="89" />
  <memory-copied type="nursery" objects="748" bytes="24888" bytesdiscarded="37304" />
  <memory-copied type="tenure" objects="10" bytes="504" bytesdiscarded="0" />
  <ownableSynchronizers candidates="4" cleared="0" />
  <references type="weak" candidates="16" cleared="0" enqueued="0" />
  <object-monitors candidates="16" cleared="0"  />
</gc-op>
<gc-end id="1242" type="scavenge" contextid="1238" durationms="0.314" usertimems="0.342" systemtimems="0.000" stalltimems="0.178" timestamp="2026-09-06T06:51:00.864" activeThreads="3">
  <mem-info id="1243" free="10140472" total="25165824" percent="40">
    <mem type="nursery" free="7212288" total="8126464" percent="88">
      <mem type="allocate" free="7212288" total="7274496" percent="99" />
      <mem type="survivor" free="0" total="851968" percent="0" />
    </mem>
    <mem type="tenure" free="2928184" total="17039360" percent="17">
      <mem type="soa" free="2076216" total="16187392" percent="12" />
      <mem type="loa" free="851968" total="851968" percent="100" />
    </mem>
    <remembered-set count="222" />
  </mem-info>
</gc-end>
<cycle-end id="1244" type="scavenge" contextid="1238" timestamp="2026-09-06T06:51:00.865" />
<allocation-satisfied id="1245" threadId="0000000000728900" bytesRequested="72" />
<af-end id="1246" timestamp="2026-09-06T06:51:00.865" threadId="00000000007293C0" success="true" from="nursery"/>
<exclusive-end id="1247" timestamp="2026-09-06T06:51:00.865" durationms="0.612" />

<exclusive-start id="1248" timestamp="2026-09-06T06:51:00.872" intervalms="7.656">
  <response-info timems="0.006" idlems="0.006" threads="0" lastid="0000000000728900" lastname="Default Executor-thread-1" />
</exclusive-start>
<af-start id="1249" threadId="00000000007293C0" totalBytesRequested="72" timestamp="2026-09-06T06:51:00.872" intervalms="7.643" type="nursery" />
<cycle-start id="1250" type="scavenge" contextid="0" timestamp="2026-09-06T06:51:00.872" intervalms="7.638" />
<gc-start id="1251" type="scavenge" contextid="1250" timestamp="2026-09-06T06:51:00.872">
  <mem-info id="1252" free="2928184" total="25165824" percent="11">
    <mem type="nursery" free="0" total="8126464" percent="0">
      <mem type="allocate" free="0" total="7274496" percent="0" />
      <mem type="survivor" free="0" total="851968" percent="0" />
    </mem>
    <mem type="tenure" free="2928184" total="17039360" percent="17">
      <mem type="soa" free="2076216" total="16187392" percent="12" />
      <mem type="loa" free="851968" total="851968" percent="100" />
    </mem>
    <remembered-set count="234" />
  </mem-info>
</gc-start>
<allocation-stats totalBytes="7211608" discardedBytes="680" >
  <allocated-bytes non-tlh="72" tlh="7211536" />
  <largest-consumer threadName="Default Executor-thread-1" threadId="0000000000728900" bytes="7211608" />
</allocation-stats>
<gc-op id="1253" type="scavenge" timems="0.171" contextid="1250" timestamp="2026-09-06T06:51:00.872">
  <scavenger-info tenureage="5" tenuremask="ffe0" tiltratio="89" />
  <memory-copied type="nursery" objects="1257" bytes="40888" bytesdiscarded="42040" />
  <ownableSynchronizers candidates="4" cleared="0" />
  <references type="weak" candidates="16" cleared="0" enqueued="0" />
  <object-monitors candidates="16" cleared="0"  />
</gc-op>
<gc-end id="1254" type="scavenge" contextid="1250" durationms="0.303" usertimems="0.316" systemtimems="0.026" stalltimems="0.168" timestamp="2026-09-06T06:51:00.872" activeThreads="3">
  <mem-info id="1255" free="10119736" total="25165824" percent="40">
    <mem type="nursery" free="7191552" total="8126464" percent="88">
      <mem type="allocate" free="7191552" total="7274496" percent="98" />
      <mem type="survivor" free="0" total="851968" percent="0" />
    </mem>
    <mem type="tenure" free="2928184" total="17039360" percent="17">
      <mem type="soa" free="2076216" total="16187392" percent="12" />
      <mem type="loa" free="851968" total="851968" percent="100" />
    </mem>
    <remembered-set count="224" />
  </mem-info>
</gc-end>
<cycle-end id="1256" type="scavenge" contextid="1250" timestamp="2026-09-06T06:51:00.872" />
<allocation-satisfied id="1257" threadId="0000000000728900" bytesRequested="72" />
<af-end id="1258" timestamp="2026-09-06T06:51:00.872" threadId="00000000007293C0" success="true" from="nursery"/>
<exclusive-end id="1259" timestamp="2026-09-06T06:51:00.872" durationms="0.568" />

<exclusive-start id="1260" timestamp="2026-09-06T06:51:00.911" intervalms="38.886">
  <response-info timems="0.010" idlems="0.010" threads="0" lastid="0000000000728900" lastname="Default Executor-thread-1" />
</exclusive-start>
<af-start id="1261" threadId="00000000007293C0" totalBytesRequested="120" timestamp="2026-09-06T06:51:00.911" intervalms="38.913" type="nursery" />
<cycle-start id="1262" type="scavenge" contextid="0" timestamp="2026-09-06T06:51:00.911" intervalms="38.927" />
<gc-start id="1263" type="scavenge" contextid="1262" timestamp="2026-09-06T06:51:00.911">
  <mem-info id="1264" free="2917472" total="25165824" percent="11">
    <mem type="nursery" free="0" total="8126464" percent="0">
      <mem type="allocate" free="0" total="7274496" percent="0" />
      <mem type="survivor" free="0" total="851968" percent="0" />
    </mem>
    <mem type="tenure" free="2917472" total="17039360" percent="17">
      <mem type="soa" free="2065504" total="16187392" percent="12" />
      <mem type="loa" free="851968" total="851968" percent="100" />
    </mem>
    <remembered-set count="2287" />
  </mem-info>
</gc-start>
<allocation-stats totalBytes="7201728" discardedBytes="536" >
  <allocated-bytes non-tlh="10784" tlh="7190944" />
  <largest-consumer threadName="Default Executor-thread-1" threadId="0000000000728900" bytes="7201728" />
</allocation-stats>
<gc-op id="1265" type="scavenge" timems="0.567" contextid="1262" timestamp="2026-09-06T06:51:00.911">
  <scavenger-info tenureage="3" tenuremask="fff8" tiltratio="89" />
  <memory-copied type="nursery" objects="18490" bytes="561032" bytesdiscarded="125280" />
  <memory-copied type="tenure" objects="213" bytes="7304" bytesdiscarded="0" />
  <finalization candidates="1" enqueued="1" />
  <ownableSynchronizers candidates="4" cleared="0" />
  <references type="soft" candidates="2" cleared="0" enqueued="0" dynamicThreshold="9" maxThreshold="32" />
  <references type="weak" candidates="42" cleared="32" enqueued="32" />
  <object-monitors candidates="16" cleared="0"  />
</gc-op>
<gc-end id="1266" type="scavenge" contextid="1262" durationms="0.715" usertimems="1.348" systemtimems="0.114" stalltimems="0.281" timestamp="2026-09-06T06:51:00.911" activeThreads="3">
  <mem-info id="1267" free="9308840" total="25165824" percent="36">
    <mem type="nursery" free="6391368" total="8126464" percent="78">
      <mem type="allocate" free="6391368" total="7077888" percent="90" />
      <mem type="survivor" free="0" total="1048576" percent="0" />
    </mem>
    <mem type="tenure" free="2917472" total="17039360" percent="17">
      <mem type="soa" free="2065504" total="16187392" percent="12" />
      <mem type="loa" free="851968" total="851968" percent="100" />
    </mem>
    <pending-finalizers system="1" default="0" reference="32" classloader="0" />
    <remembered-set count="1900" />
  </mem-info>
</gc-end>
<cycle-end id="1268" type="scavenge" contextid="1262" timestamp="2026-09-06T06:51:00.912" />
<allocation-satisfied id="1269" threadId="0000000000728900" bytesRequested="120" />
<af-end id="1270" timestamp="2026-09-06T06:51:00.912" threadId="00000000007293C0" success="true" from="nursery"/>
<exclusive-end id="1271" timestamp="2026-09-06T06:51:00.912" durationms="1.118" />

<exclusive-start id="1272" timestamp="2026-09-06T06:51:00.962" intervalms="51.433">
  <response-info timems="0.013" idlems="0.013" threads="0" lastid="0000000000728900" lastname="Default Executor-thread-1" />
</exclusive-start>
<af-start id="1273" threadId="00000000007293C0" totalBytesRequested="8200" timestamp="2026-09-06T06:51:00.962" intervalms="51.434" type="nursery" />
<cycle-start id="1274" type="scavenge" contextid="0" timestamp="2026-09-06T06:51:00.962" intervalms="51.458" />
<gc-start id="1275" type="scavenge" contextid="1274" timestamp="2026-09-06T06:51:00.962">
  <mem-info id="1276" free="2915816" total="25165824" percent="11">
    <mem type="nursery" free="0" total="8126464" percent="0">
      <mem type="allocate" free="0" total="7077888" percent="0" />
      <mem type="survivor" free="0" total="1048576" percent="0" />
    </mem>
    <mem type="tenure" free="2915816" total="17039360" percent="17">
      <mem type="soa" free="2063848" total="16187392" percent="12" />
      <mem type="loa" free="851968" total="851968" percent="100" />
    </mem>
    <remembered-set count="2166" />
  </mem-info>
</gc-start>
<allocation-stats totalBytes="6295976" discardedBytes="97048" >
  <allocated-bytes non-tlh="434176" tlh="5861800" />
  <largest-consumer threadName="Default Executor-thread-1" threadId="0000000000728900" bytes="6255024" />
</allocation-stats>
<gc-op id="1277" type="scavenge" timems="0.958" contextid="1274" timestamp="2026-09-06T06:51:00.963">
  <scavenger-info tenureage="6" tenuremask="ffc0" tiltratio="87" />
  <memory-copied type="nursery" objects="18617" bytes="1047256" bytesdiscarded="656" />
  <memory-copied type="tenure" objects="16999" bytes="537328" bytesdiscarded="944" />
  <copy-failed type="nursery" objects="16999" bytes="537624" />
  <ownableSynchronizers candidates="85" cleared="51" />
  <references type="soft" candidates="2" cleared="0" enqueued="0" dynamicThreshold="9" maxThreshold="32" />
  <references type="weak" candidates="27" cleared="13" enqueued="13" />
  <references type="phantom" candidates="55" cleared="0" enqueued="0" />
  <object-monitors candidates="16" cleared="0"  />
</gc-op>
<gc-end id="1278" type="scavenge" contextid="1274" durationms="1.110" usertimems="2.913" systemtimems="0.261" stalltimems="0.698" timestamp="2026-09-06T06:51:00.963" activeThreads="4">
  <mem-info id="1279" free="6480944" total="25165824" percent="25">
    <mem type="nursery" free="4063232" total="8126464" percent="50">
      <mem type="allocate" free="4063232" total="5111808" percent="79" />
      <mem type="survivor" free="0" total="3014656" percent="0" />
    </mem>
    <mem type="tenure" free="2417712" total="17039360" percent="14">
      <mem type="soa" free="1565744" total="16187392" percent="9" />
      <mem type="loa" free="851968" total="851968" percent="100" />
    </mem>
    <pending-finalizers system="0" default="0" reference="13" classloader="0" />
    <remembered-set count="2863" />
  </mem-info>
</gc-end>
<cycle-end id="1280" type="scavenge" contextid="1274" timestamp="2026-09-06T06:51:00.963" />
<allocation-satisfied id="1281" threadId="0000000000728900" bytesRequested="8200" />
<af-end id="1282" timestamp="2026-09-06T06:51:00.963" threadId="00000000007293C0" success="true" from="nursery"/>
<exclusive-end id="1283" timestamp="2026-09-06T06:51:00.964" durationms="1.506" />

<exclusive-start id="1284" timestamp="2026-09-06T06:51:00.993" intervalms="31.217">
  <response-info timems="0.011" idlems="0.011" threads="0" lastid="0000000000728900" lastname="Default Executor-thread-1" />
</exclusive-start>
<af-start id="1285" threadId="00000000007293C0" totalBytesRequested="24" timestamp="2026-09-06T06:51:00.993" intervalms="31.215" type="nursery" />
<cycle-start id="1286" type="scavenge" contextid="0" timestamp="2026-09-06T06:51:00.993" intervalms="31.202" />
<gc-start id="1287" type="scavenge" contextid="1286" timestamp="2026-09-06T06:51:00.993">
  <mem-info id="1288" free="2417608" total="25165824" percent="9">
    <mem type="nursery" free="0" total="8126464" percent="0">
      <mem type="allocate" free="0" total="5111808" percent="0" />
      <mem type="survivor" free="0" total="3014656" percent="0" />
    </mem>
    <mem type="tenure" free="2417608" total="17039360" percent="14">
      <mem type="soa" free="1565640" total="16187392" percent="9" />
      <mem type="loa" free="851968" total="851968" percent="100" />
    </mem>
    <remembered-set count="2972" />
  </mem-info>
</gc-start>
<allocation-stats totalBytes="4061240" discardedBytes="2096" >
  <allocated-bytes non-tlh="8304" tlh="4052936" />
  <largest-consumer threadName="Default Executor-thread-1" threadId="0000000000728900" bytes="4032576" />
</allocation-stats>
<gc-op id="1289" type="scavenge" timems="0.699" contextid="1286" timestamp="2026-09-06T06:51:00.994">
  <scavenger-info tenureage="3" tenuremask="fff8" tiltratio="62" />
  <memory-copied type="nursery" objects="23232" bytes="1265296" bytesdiscarded="95912" />
  <memory-copied type="tenure" objects="336" bytes="10112" bytesdiscarded="0" />
  <ownableSynchronizers candidates="83" cleared="33" />
  <references type="soft" candidates="2" cleared="0" enqueued="0" dynamicThreshold="9" maxThreshold="32" />
  <references type="weak" candidates="15" cleared="0" enqueued="0" />
  <references type="phantom" candidates="88" cleared="0" enqueued="0" />
  <object-monitors candidates="16" cleared="0"  />
</gc-op>
<gc-end id="1290" type="scavenge" contextid="1286" durationms="0.836" usertimems="2.546" systemtimems="0.000" stalltimems="0.932" timestamp="2026-09-06T06:51:00.994" activeThreads="5">
  <mem-info id="1291" free="6429216" total="25165824" percent="25">
    <mem type="nursery" free="4011608" total="8126464" percent="49">
      <mem type="allocate" free="4011608" total="5373952" percent="74" />
      <mem type="survivor" free="0" total="2752512" percent="0" />
    </mem>
    <mem type="tenure" free="2417608" total="17039360" percent="14">
      <mem type="soa" free="1565640" total="16187392" percent="9" />
      <mem type="loa" free="851968" total="851968" percent="100" />
    </mem>
    <remembered-set count="2811" />
  </mem-info>
</gc-end>
<cycle-end id="1292" type="scavenge" contextid="1286" timestamp="2026-09-06T06:51:00.994" />
<allocation-satisfied id="1293" threadId="0000000000728900" bytesRequested="24" />
<af-end id="1294" timestamp="2026-09-06T06:51:00.994" threadId="00000000007293C0" success="true" from="nursery"/>
<exclusive-end id="1295" timestamp="2026-09-06T06:51:00.994" durationms="1.182" />

<exclusive-start id="1296" timestamp="2026-09-06T06:51:01.008" intervalms="14.968">
  <response-info timems="0.011" idlems="0.011" threads="0" lastid="0000000000728900" lastname="Default Executor-thread-1" />
</exclusive-start>
<af-start id="1297" threadId="00000000007293C0" totalBytesRequested="24" timestamp="2026-09-06T06:51:01.008" intervalms="14.977" type="nursery" />
<cycle-start id="1298" type="scavenge" contextid="0" timestamp="2026-09-06T06:51:01.008" intervalms="14.962" />
<gc-start id="1299" type="scavenge" contextid="1298" timestamp="2026-09-06T06:51:01.008">
  <mem-info id="1300" free="2417496" total="25165824" percent="9">
    <mem type="nursery" free="0" total="8126464" percent="0">
      <mem type="allocate" free="0" total="5373952" percent="0" />
      <mem type="survivor" free="0" total="2752512" percent="0" />
    </mem>
    <mem type="tenure" free="2417496" total="17039360" percent="14">
      <mem type="soa" free="1565528" total="16187392" percent="9" />
      <mem type="loa" free="851968" total="851968" percent="100" />
    </mem>
    <remembered-set count="2923" />
  </mem-info>
</gc-start>
<allocation-stats totalBytes="4011208" discardedBytes="512" >
  <allocated-bytes non-tlh="136" tlh="4011072" />
  <largest-consumer threadName="Default Executor-thread-1" threadId="0000000000728900" bytes="3962088" />
</allocation-stats>
<gc-op id="1301" type="scavenge" timems="0.964" contextid="1298" timestamp="2026-09-06T06:51:01.009">
  <scavenger-info tenureage="3" tenuremask="ffc8" tiltratio="66" />
  <memory-copied type="nursery" objects="25929" bytes="1804128" bytesdiscarded="95872" />
  <memory-copied type="tenure" objects="8602" bytes="254112" bytesdiscarded="456" />
  <ownableSynchronizers candidates="140" cleared="57" />
  <references type="weak" candidates="4" cleared="0" enqueued="0" />
  <references type="phantom" candidates="142" cleared="0" enqueued="0" />
  <object-monitors candidates="16" cleared="0"  />
</gc-op>
<heap-resize id="1302" type="expand" space="nursery" amount="393216" count="1" timems="0.015" reason="excessive time being spent scavenging" timestamp="2026-09-06T06:51:01.010" />
<gc-end id="1303" type="scavenge" contextid="1298" durationms="1.232" usertimems="3.613" systemtimems="0.000" stalltimems="1.192" timestamp="2026-09-06T06:51:01.010" activeThreads="5">
  <mem-info id="1304" free="5805608" total="25559040" percent="22">
    <mem type="nursery" free="3799784" total="8519680" percent="44">
      <mem type="allocate" free="3799784" total="5701632" percent="66" />
      <mem type="survivor" free="0" total="2818048" percent="0" />
    </mem>
    <mem type="tenure" free="2005824" total="17039360" percent="11">
      <mem type="soa" free="1153856" total="16187392" percent="7" />
      <mem type="loa" free="851968" total="851968" percent="100" />
    </mem>
    <remembered-set count="931" />
  </mem-info>
</gc-end>
<cycle-end id="1305" type="scavenge" contextid="1298" timestamp="2026-09-06T06:51:01.010" />
<allocation-satisfied id="1306" threadId="0000000000728900" bytesRequested="24" />
<af-end id="1307" timestamp="2026-09-06T06:51:01.010" threadId="00000000007293C0" success="true" from="nursery"/>
<exclusive-end id="1308" timestamp="2026-09-06T06:51:01.010" durationms="1.605" />

<exclusive-start id="1309" timestamp="2026-09-06T06:51:01.021" intervalms="13.104">
  <response-info timems="0.012" idlems="0.012" threads="0" lastid="0000000000728900" lastname="Default Executor-thread-1" />
</exclusive-start>
<af-start id="1310" threadId="00000000007293C0" totalBytesRequested="90192" timestamp="2026-09-06T06:51:01.021" intervalms="13.117" type="nursery" />
<cycle-start id="1311" type="scavenge" contextid="0" timestamp="2026-09-06T06:51:01.021" intervalms="13.130" />
<gc-start id="1312" type="scavenge" contextid="1311" timestamp="2026-09-06T06:51:01.022">
  <mem-info id="1313" free="2005664" total="25559040" percent="7">
    <mem type="nursery" free="0" total="8519680" percent="0">
      <mem type="allocate" free="0" total="5701632" percent="0" />
      <mem type="survivor" free="0" total="2818048" percent="0" />
    </mem>
    <mem type="tenure" free="2005664" total="17039360" percent="11">
      <mem type="soa" free="1153696" total="16187392" percent="7" />
      <mem type="loa" free="851968" total="851968" percent="100" />
    </mem>
    <remembered-set count="1046" />
  </mem-info>
</gc-start>
<allocation-stats totalBytes="3744744" discardedBytes="55200" >
  <allocated-bytes non-tlh="184" tlh="3744560" />
  <largest-consumer threadName="Default Executor-thread-1" threadId="0000000000728900" bytes="3716080" />
</allocation-stats>
<gc-op id="1314" type="scavenge" timems="1.084" contextid="1311" timestamp="2026-09-06T06:51:01.023">
  <scavenger-info tenureage="2" tenuremask="ffec" tiltratio="66" />
  <memory-copied type="nursery" objects="20589" bytes="1430384" bytesdiscarded="208480" />
  <memory-copied type="tenure" objects="14548" bytes="1008368" bytesdiscarded="1536" />
  <ownableSynchronizers candidates="155" cleared="42" />
  <references type="weak" candidates="1" cleared="0" enqueued="0" />
  <references type="phantom" candidates="98" cleared="0" enqueued="0" />
  <object-monitors candidates="16" cleared="0"  />
</gc-op>
<heap-resize id="1315" type="expand" space="nursery" amount="393216" count="1" timems="0.014" reason="excessive time being spent scavenging" timestamp="2026-09-06T06:51:01.023" />
<gc-end id="1316" type="scavenge" contextid="1311" durationms="1.315" usertimems="3.071" systemtimems="1.183" stalltimems="2.251" timestamp="2026-09-06T06:51:01.023" activeThreads="6">
  <mem-info id="1317" free="5385376" total="25952256" percent="20">
    <mem type="nursery" free="4520216" total="8912896" percent="50">
      <mem type="allocate" free="4520216" total="6160384" percent="73" />
      <mem type="survivor" free="0" total="2752512" percent="0" />
    </mem>
    <mem type="tenure" free="865160" total="17039360" percent="5">
      <mem type="soa" free="13192" total="16187392" percent="0" />
      <mem type="loa" free="851968" total="851968" percent="100" />
    </mem>
    <remembered-set count="475" />
  </mem-info>
</gc-end>
<cycle-end id="1318" type="scavenge" contextid="1311" timestamp="2026-09-06T06:51:01.023" />
<allocation-satisfied id="1319" threadId="0000000000728900" bytesRequested="90192" />
<af-end id="1320" timestamp="2026-09-06T06:51:01.023" threadId="00000000007293C0" success="true" from="nursery"/>
<exclusive-end id="1321" timestamp="2026-09-06T06:51:01.023" durationms="1.715" />

<concurrent-kickoff id="1322" timestamp="2026-09-06T06:51:01.033">
  <kickoff reason="threshold reached" targetBytes="7008925" thresholdFreeBytes="970107"  remainingFree="876392" tenureFreeBytes="865000" nurseryFreeBytes="876392" />
</concurrent-kickoff>
<exclusive-start id="1323" timestamp="2026-09-06T06:51:01.033" intervalms="11.847">
  <response-info timems="0.012" idlems="0.012" threads="0" lastid="0000000000728900" lastname="Default Executor-thread-1" />
</exclusive-start>
<cycle-start id="1324" type="global" contextid="0" timestamp="2026-09-06T06:51:01.033" intervalms="407.817" />
<concurrent-start id="1325" type="global mark" contextid="1324" timestamp="2026-09-06T06:51:01.033">
</concurrent-start>
<exclusive-end id="1326" timestamp="2026-09-06T06:51:01.033" durationms="0.103" />

<exclusive-start id="1327" timestamp="2026-09-06T06:51:01.046" intervalms="13.134">
  <response-info timems="0.010" idlems="0.010" threads="0" lastid="0000000000728900" lastname="Default Executor-thread-1" />
</exclusive-start>
<af-start id="1328" threadId="00000000007293C0" totalBytesRequested="1240" timestamp="2026-09-06T06:51:01.046" intervalms="24.949" type="nursery" />
<percolate-collect id="1329" from="nursery" to="global" reason="concurrent mark exhausted" timestamp="2026-09-06T06:51:01.046"/>
<concurrent-end id="1330" type="global mark" contextid="1324" timestamp="2026-09-06T06:51:01.046">
<gc-op id="1331" type="trace" timems="13.056" contextid="1324" timestamp="2026-09-06T06:51:01.046">
  <trace bytesTraced="8882944" workStackOverflowCount="0" />
  <card-cleaning reason="card cleaning threshold reached" bytesTraced="27972" cardsCleaned="74" />
</gc-op>
</concurrent-end>

<gc-start id="1332" type="global" contextid="1324" timestamp="2026-09-06T06:51:01.047">
  <mem-info id="1333" free="864896" total="25952256" percent="3">
    <mem type="nursery" free="0" total="8912896" percent="0">
      <mem type="allocate" free="0" total="6160384" percent="0" />
      <mem type="survivor" free="0" total="2752512" percent="0" />
    </mem>
    <mem type="tenure" free="864896" total="17039360" percent="5">
      <mem type="soa" free="12928" total="16187392" percent="0" />
      <mem type="loa" free="851968" total="851968" percent="100" />
    </mem>
    <remembered-set count="627" />
  </mem-info>
</gc-start>
<allocation-stats totalBytes="4494888" discardedBytes="25592" >
  <allocated-bytes non-tlh="326408" tlh="4168480" />
  <largest-consumer threadName="Default Executor-thread-1" threadId="0000000000728900" bytes="4466224" />
</allocation-stats>
<concurrent-halted id="1334" timestamp="2026-09-06T06:51:01.047">
  <halted state="Complete" status="exhausted" />
  <traced bytesTarget="7008925" bytesTotal="8910916" bytesByMutator="2501420" bytesByHelper="6409496" percent="127" />
  <cards cleaned="74" thresholdBytes="382163" />
</concurrent-halted>
<gc-op id="1335" type="rs-scan" timems="0.645" contextid="1324" timestamp="2026-09-06T06:51:01.047">
  <scan objectsFound="29043" bytesTraced="848012" workStackOverflowCount="0" />
</gc-op>
<gc-op id="1336" type="card-cleaning" timems="0.239" contextid="1324" timestamp="2026-09-06T06:51:01.048">
  <card-cleaning cardsCleaned="45" bytesTraced="52472" workStackOverflowCount="0" />
</gc-op>
<gc-op id="1337" type="mark" timems="1.113" contextid="1324" timestamp="2026-09-06T06:51:01.049">
  <trace-info objectcount="461" scancount="380" scanbytes="16312" />
  <finalization candidates="665" enqueued="0" />
  <ownableSynchronizers candidates="818" cleared="47" />
  <references type="soft" candidates="3639" cleared="0" enqueued="0" dynamicThreshold="9" maxThreshold="32" />
  <references type="weak" candidates="1483" cleared="0" enqueued="0" />
  <references type="phantom" candidates="350" cleared="0" enqueued="0" />
  <stringconstants candidates="14872" cleared="4"  />
  <object-monitors candidates="16" cleared="0"  />
</gc-op>
<gc-op id="1338" type="sweep" timems="0.590" contextid="1324" timestamp="2026-09-06T06:51:01.049" />
<heap-resize id="1339" type="expand" space="tenure" amount="5046272" count="1" timems="0.019" reason="insufficient free space following gc" timestamp="2026-09-06T06:51:01.049" />
<gc-end id="1340" type="global" contextid="1324" durationms="2.987" usertimems="8.064" systemtimems="2.440" stalltimems="10.468" timestamp="2026-09-06T06:51:01.050" activeThreads="10">
  <mem-info id="1341" free="9871824" total="30998528" percent="31">
    <mem type="nursery" free="3210224" total="8912896" percent="36">
      <mem type="allocate" free="3210224" total="6160384" percent="52" />
      <mem type="survivor" free="0" total="2752512" percent="0" />
    </mem>
    <mem type="tenure" free="6661600" total="22085632" percent="30" micro-fragmented="292075" macro-fragmented="0">
      <mem type="soa" free="5556704" total="20980736" percent="26" />
      <mem type="loa" free="1104896" total="1104896" percent="100" />
    </mem>
    <remembered-set count="624" />
  </mem-info>
</gc-end>
<cycle-end id="1342" type="global" contextid="1324" timestamp="2026-09-06T06:51:01.050" />
<allocation-satisfied id="1343" threadId="0000000000728900" bytesRequested="1240" />
<af-end id="1344" timestamp="2026-09-06T06:51:01.050" threadId="00000000007293C0" success="true" from="nursery"/>
<exclusive-end id="1345" timestamp="2026-09-06T06:51:01.050" durationms="3.452" />

<exclusive-start id="1346" timestamp="2026-09-06T06:51:01.068" intervalms="22.025">
  <response-info timems="0.014" idlems="0.014" threads="0" lastid="0000000000728900" lastname="Default Executor-thread-1" />
</exclusive-start>
<af-start id="1347" threadId="00000000007293C0" totalBytesRequested="48" timestamp="2026-09-06T06:51:01.068" intervalms="22.042" type="nursery" />
<cycle-start id="1348" type="scavenge" contextid="0" timestamp="2026-09-06T06:51:01.068" intervalms="47.004" />
<gc-start id="1349" type="scavenge" contextid="1348" timestamp="2026-09-06T06:51:01.069">
  <mem-info id="1350" free="6661456" total="30998528" percent="21">
    <mem type="nursery" free="0" total="8912896" percent="0">
      <mem type="allocate" free="0" total="6160384" percent="0" />
      <mem type="survivor" free="0" total="2752512" percent="0" />
    </mem>
    <mem type="tenure" free="6661456" total="22085632" percent="30">
      <mem type="soa" free="5556560" total="20980736" percent="26" />
      <mem type="loa" free="1104896" total="1104896" percent="100" />
    </mem>
    <remembered-set count="734" />
  </mem-info>
</gc-start>
<allocation-stats totalBytes="3146832" discardedBytes="53864" >
  <allocated-bytes non-tlh="715224" tlh="2431608" />
  <largest-consumer threadName="Default Executor-thread-1" threadId="0000000000728900" bytes="3133352" />
</allocation-stats>
<gc-op id="1351" type="scavenge" timems="1.061" contextid="1348" timestamp="2026-09-06T06:51:01.070">
  <scavenger-info tenureage="2" tenuremask="ffe4" tiltratio="69" />
  <memory-copied type="nursery" objects="25796" bytes="2060120" bytesdiscarded="206360" />
  <memory-copied type="tenure" objects="11375" bytes="795032" bytesdiscarded="3832" />
  <ownableSynchronizers candidates="1569" cleared="1463" />
  <references type="weak" candidates="2" cleared="0" enqueued="0" />
  <references type="phantom" candidates="105" cleared="0" enqueued="0" />
  <object-monitors candidates="17" cleared="0"  />
</gc-op>
<gc-end id="1352" type="scavenge" contextid="1348" durationms="1.229" usertimems="4.334" systemtimems="0.367" stalltimems="1.390" timestamp="2026-09-06T06:51:01.070" activeThreads="6">
  <mem-info id="1353" free="9230096" total="30998528" percent="29">
    <mem type="nursery" free="3630360" total="8912896" percent="40">
      <mem type="allocate" free="3630360" total="5898240" percent="61" />
      <mem type="survivor" free="0" total="3014656" percent="0" />
    </mem>
    <mem type="tenure" free="5599736" total="22085632" percent="25">
      <mem type="soa" free="4494840" total="20980736" percent="21" />
      <mem type="loa" free="1104896" total="1104896" percent="100" />
    </mem>
    <remembered-set count="610" />
  </mem-info>
</gc-end>
<cycle-end id="1354" type="scavenge" contextid="1348" timestamp="2026-09-06T06:51:01.070" />
<allocation-satisfied id="1355" threadId="0000000000728900" bytesRequested="48" />
<af-end id="1356" timestamp="2026-09-06T06:51:01.070" threadId="00000000007293C0" success="true" from="nursery"/>
<exclusive-end id="1357" timestamp="2026-09-06T06:51:01.070" durationms="1.635" />

<exclusive-start id="1358" timestamp="2026-09-06T06:51:01.081" intervalms="12.622">
  <response-info timems="0.012" idlems="0.012" threads="0" lastid="0000000000728900" lastname="Default Executor-thread-1" />
</exclusive-start>
<af-start id="1359" threadId="00000000007293C0" totalBytesRequested="8200" timestamp="2026-09-06T06:51:01.081" intervalms="12.639" type="nursery" />
<cycle-start id="1360" type="scavenge" contextid="0" timestamp="2026-09-06T06:51:01.081" intervalms="12.626" />
<gc-start id="1361" type="scavenge" contextid="1360" timestamp="2026-09-06T06:51:01.081">
  <mem-info id="1362" free="5599576" total="30998528" percent="18">
    <mem type="nursery" free="0" total="8912896" percent="0">
      <mem type="allocate" free="0" total="5898240" percent="0" />
      <mem type="survivor" free="0" total="3014656" percent="0" />
    </mem>
    <mem type="tenure" free="5599576" total="22085632" percent="25">
      <mem type="soa" free="4494680" total="20980736" percent="21" />
      <mem type="loa" free="1104896" total="1104896" percent="100" />
    </mem>
    <remembered-set count="732" />
  </mem-info>
</gc-start>
<allocation-stats totalBytes="3624576" discardedBytes="5944" >
  <allocated-bytes non-tlh="208" tlh="3624368" />
  <largest-consumer threadName="Default Executor-thread-1" threadId="0000000000728900" bytes="3583624" />
</allocation-stats>
<gc-op id="1363" type="scavenge" timems="1.011" contextid="1360" timestamp="2026-09-06T06:51:01.082">
  <scavenger-info tenureage="2" tenuremask="fff4" tiltratio="66" />
  <memory-copied type="nursery" objects="24682" bytes="1919720" bytesdiscarded="321640" />
  <memory-copied type="tenure" objects="9206" bytes="635144" bytesdiscarded="808" />
  <ownableSynchronizers candidates="160" cleared="54" />
  <references type="weak" candidates="3" cleared="0" enqueued="0" />
  <references type="phantom" candidates="116" cleared="0" enqueued="0" />
  <object-monitors candidates="17" cleared="0"  />
</gc-op>
<heap-resize id="1364" type="expand" space="nursery" amount="393216" count="1" timems="0.019" reason="excessive time being spent scavenging" timestamp="2026-09-06T06:51:01.082" />
<gc-end id="1365" type="scavenge" contextid="1360" durationms="1.244" usertimems="5.405" systemtimems="0.000" stalltimems="2.486" timestamp="2026-09-06T06:51:01.082" activeThreads="7">
  <mem-info id="1366" free="8897520" total="31391744" percent="28">
    <mem type="nursery" free="4048560" total="9306112" percent="43">
      <mem type="allocate" free="4048560" total="6291456" percent="64" />
      <mem type="survivor" free="0" total="3014656" percent="0" />
    </mem>
    <mem type="tenure" free="4848960" total="22085632" percent="21">
      <mem type="soa" free="3744064" total="20980736" percent="17" />
      <mem type="loa" free="1104896" total="1104896" percent="100" />
    </mem>
    <remembered-set count="630" />
  </mem-info>
</gc-end>
<cycle-end id="1367" type="scavenge" contextid="1360" timestamp="2026-09-06T06:51:01.082" />
<allocation-satisfied id="1368" threadId="0000000000728900" bytesRequested="8200" />
<af-end id="1369" timestamp="2026-09-06T06:51:01.083" threadId="00000000007293C0" success="true" from="nursery"/>
<exclusive-end id="1370" timestamp="2026-09-06T06:51:01.083" durationms="1.661" />

<exclusive-start id="1371" timestamp="2026-09-06T06:51:01.095" intervalms="14.171">
  <response-info timems="0.012" idlems="0.012" threads="0" lastid="0000000000728900" lastname="Default Executor-thread-1" />
</exclusive-start>
<af-start id="1372" threadId="00000000007293C0" totalBytesRequested="132464" timestamp="2026-09-06T06:51:01.095" intervalms="14.188" type="nursery" />
<cycle-start id="1373" type="scavenge" contextid="0" timestamp="2026-09-06T06:51:01.095" intervalms="14.196" />
<gc-start id="1374" type="scavenge" contextid="1373" timestamp="2026-09-06T06:51:01.095">
  <mem-info id="1375" free="4848696" total="31391744" percent="15">
    <mem type="nursery" free="0" total="9306112" percent="0">
      <mem type="allocate" free="0" total="6291456" percent="0" />
      <mem type="survivor" free="0" total="3014656" percent="0" />
    </mem>
    <mem type="tenure" free="4848696" total="22085632" percent="21">
      <mem type="soa" free="3743800" total="20980736" percent="17" />
      <mem type="loa" free="1104896" total="1104896" percent="100" />
    </mem>
    <remembered-set count="841" />
  </mem-info>
</gc-start>
<allocation-stats totalBytes="3919496" discardedBytes="129328" >
  <allocated-bytes non-tlh="8464" tlh="3911032" />
  <largest-consumer threadName="Default Executor-thread-1" threadId="0000000000728900" bytes="3866280" />
</allocation-stats>
<gc-op id="1376" type="scavenge" timems="1.205" contextid="1373" timestamp="2026-09-06T06:51:01.097">
  <scavenger-info tenureage="4" tenuremask="fff0" tiltratio="67" />
  <memory-copied type="nursery" objects="35786" bytes="2649064" bytesdiscarded="301816" />
  <finalization candidates="1" enqueued="1" />
  <ownableSynchronizers candidates="202" cleared="75" />
  <references type="weak" candidates="2" cleared="0" enqueued="0" />
  <references type="phantom" candidates="189" cleared="0" enqueued="0" />
  <object-monitors candidates="17" cleared="0"  />
</gc-op>
<heap-resize id="1377" type="expand" space="nursery" amount="524288" count="1" timems="0.018" reason="excessive time being spent scavenging" timestamp="2026-09-06T06:51:01.097" />
<gc-end id="1378" type="scavenge" contextid="1373" durationms="1.469" usertimems="3.763" systemtimems="2.079" stalltimems="3.527" timestamp="2026-09-06T06:51:01.097" activeThreads="7">
  <mem-info id="1379" free="7793528" total="31916032" percent="24">
    <mem type="nursery" free="2944832" total="9830400" percent="29">
      <mem type="allocate" free="2944832" total="5898240" percent="49" />
      <mem type="survivor" free="0" total="3932160" percent="0" />
    </mem>
    <mem type="tenure" free="4848696" total="22085632" percent="21">
      <mem type="soa" free="3743800" total="20980736" percent="17" />
      <mem type="loa" free="1104896" total="1104896" percent="100" />
    </mem>
    <pending-finalizers system="1" default="0" reference="0" classloader="0" />
    <remembered-set count="799" />
  </mem-info>
</gc-end>
<cycle-end id="1380" type="scavenge" contextid="1373" timestamp="2026-09-06T06:51:01.097" />
<allocation-satisfied id="1381" threadId="0000000000728900" bytesRequested="132464" />
<af-end id="1382" timestamp="2026-09-06T06:51:01.097" threadId="00000000007293C0" success="true" from="nursery"/>
<exclusive-end id="1383" timestamp="2026-09-06T06:51:01.097" durationms="1.908" />

<exclusive-start id="1384" timestamp="2026-09-06T06:51:01.105" intervalms="9.540">
  <response-info timems="0.012" idlems="0.012" threads="0" lastid="0000000000728900" lastname="Default Executor-thread-1" />
</exclusive-start>
<af-start id="1385" threadId="00000000007293C0" totalBytesRequested="8200" timestamp="2026-09-06T06:51:01.105" intervalms="9.510" type="nursery" />
<cycle-start id="1386" type="scavenge" contextid="0" timestamp="2026-09-06T06:51:01.105" intervalms="9.495" />
<gc-start id="1387" type="scavenge" contextid="1386" timestamp="2026-09-06T06:51:01.105">
  <mem-info id="1388" free="4848272" total="31916032" percent="15">
    <mem type="nursery" free="0" total="9830400" percent="0">
      <mem type="allocate" free="0" total="5898240" percent="0" />
      <mem type="survivor" free="0" total="3932160" percent="0" />
    </mem>
    <mem type="tenure" free="4848272" total="22085632" percent="21">
      <mem type="soa" free="3743376" total="20980736" percent="17" />
      <mem type="loa" free="1104896" total="1104896" percent="100" />
    </mem>
    <remembered-set count="922" />
  </mem-info>
</gc-start>
<allocation-stats totalBytes="2942040" discardedBytes="3216" >
  <allocated-bytes non-tlh="132888" tlh="2809152" />
  <largest-consumer threadName="Default Executor-thread-1" threadId="0000000000728900" bytes="2909288" />
</allocation-stats>
<gc-op id="1389" type="scavenge" timems="1.230" contextid="1386" timestamp="2026-09-06T06:51:01.106">
  <scavenger-info tenureage="2" tenuremask="fffc" tiltratio="60" />
  <memory-copied type="nursery" objects="19862" bytes="1318440" bytesdiscarded="381240" />
  <memory-copied type="tenure" objects="24662" bytes="1918224" bytesdiscarded="1376" />
  <ownableSynchronizers candidates="197" cleared="42" />
  <references type="weak" candidates="2" cleared="0" enqueued="0" />
  <references type="phantom" candidates="118" cleared="0" enqueued="0" />
  <object-monitors candidates="17" cleared="0"  />
</gc-op>
<heap-resize id="1390" type="expand" space="nursery" amount="786432" count="1" timems="0.015" reason="excessive time being spent scavenging" timestamp="2026-09-06T06:51:01.106" />
<gc-end id="1391" type="scavenge" contextid="1386" durationms="1.436" usertimems="6.877" systemtimems="0.000" stalltimems="2.494" timestamp="2026-09-06T06:51:01.106" activeThreads="7">
  <mem-info id="1392" free="7814152" total="32702464" percent="23">
    <mem type="nursery" free="5048960" total="10616832" percent="47">
      <mem type="allocate" free="5048960" total="6750208" percent="74" />
      <mem type="survivor" free="0" total="3866624" percent="0" />
    </mem>
    <mem type="tenure" free="2765192" total="22085632" percent="12">
      <mem type="soa" free="1660296" total="20980736" percent="7" />
      <mem type="loa" free="1104896" total="1104896" percent="100" />
    </mem>
    <remembered-set count="627" />
  </mem-info>
</gc-end>
<cycle-end id="1393" type="scavenge" contextid="1386" timestamp="2026-09-06T06:51:01.106" />
<allocation-satisfied id="1394" threadId="0000000000728900" bytesRequested="8200" />
<af-end id="1395" timestamp="2026-09-06T06:51:01.106" threadId="00000000007293C0" success="true" from="nursery"/>
<exclusive-end id="1396" timestamp="2026-09-06T06:51:01.106" durationms="1.802" />

<concurrent-kickoff id="1397" timestamp="2026-09-06T06:51:01.118">
  <kickoff reason="threshold reached" targetBytes="9545106" thresholdFreeBytes="1320840"  remainingFree="1100416" tenureFreeBytes="2765192" nurseryFreeBytes="1100416" />
</concurrent-kickoff>
<exclusive-start id="1398" timestamp="2026-09-06T06:51:01.118" intervalms="13.818">
  <response-info timems="0.016" idlems="0.016" threads="0" lastid="0000000000728900" lastname="Default Executor-thread-1" />
</exclusive-start>
<cycle-start id="1399" type="global" contextid="0" timestamp="2026-09-06T06:51:01.118" intervalms="85.312" />
<concurrent-start id="1400" type="global mark" contextid="1399" timestamp="2026-09-06T06:51:01.119">
</concurrent-start>
<exclusive-end id="1401" timestamp="2026-09-06T06:51:01.119" durationms="0.133" />

<exclusive-start id="1402" timestamp="2026-09-06T06:51:01.139" intervalms="20.284">
  <response-info timems="0.018" idlems="0.018" threads="0" lastid="0000000000728900" lastname="Default Executor-thread-1" />
</exclusive-start>
<af-start id="1403" threadId="00000000007293C0" totalBytesRequested="1624" timestamp="2026-09-06T06:51:01.139" intervalms="34.100" type="nursery" />
<percolate-collect id="1404" from="nursery" to="global" reason="concurrent mark exhausted" timestamp="2026-09-06T06:51:01.139"/>
<concurrent-end id="1405" type="global mark" contextid="1399" timestamp="2026-09-06T06:51:01.139">
<gc-op id="1406" type="trace" timems="20.173" contextid="1399" timestamp="2026-09-06T06:51:01.139">
  <trace bytesTraced="9989576" workStackOverflowCount="0" />
  <card-cleaning reason="card cleaning threshold reached" bytesTraced="44256" cardsCleaned="80" />
</gc-op>
</concurrent-end>

<gc-start id="1407" type="global" contextid="1399" timestamp="2026-09-06T06:51:01.139">
  <mem-info id="1408" free="2764920" total="32702464" percent="8">
    <mem type="nursery" free="0" total="10616832" percent="0">
      <mem type="allocate" free="0" total="6750208" percent="0" />
      <mem type="survivor" free="0" total="3866624" percent="0" />
    </mem>
    <mem type="tenure" free="2764920" total="22085632" percent="12">
      <mem type="soa" free="1660024" total="20980736" percent="7" />
      <mem type="loa" free="1104896" total="1104896" percent="100" />
    </mem>
    <remembered-set count="805" />
  </mem-info>
</gc-start>
<allocation-stats totalBytes="5046384" discardedBytes="2848" >
  <allocated-bytes non-tlh="8472" tlh="5037912" />
  <largest-consumer threadName="Default Executor-thread-1" threadId="0000000000728900" bytes="4993192" />
</allocation-stats>
<concurrent-halted id="1409" timestamp="2026-09-06T06:51:01.139">
  <halted state="Complete" status="exhausted" />
  <traced bytesTarget="9545106" bytesTotal="10033832" bytesByMutator="4261268" bytesByHelper="5772564" percent="105" />
  <cards cleaned="80" thresholdBytes="520330" />
</concurrent-halted>
<gc-op id="1410" type="rs-scan" timems="0.549" contextid="1399" timestamp="2026-09-06T06:51:01.140">
  <scan objectsFound="26479" bytesTraced="798516" workStackOverflowCount="0" />
</gc-op>
<gc-op id="1411" type="card-cleaning" timems="0.207" contextid="1399" timestamp="2026-09-06T06:51:01.140">
  <card-cleaning cardsCleaned="18" bytesTraced="47144" workStackOverflowCount="0" />
</gc-op>
<gc-op id="1412" type="mark" timems="1.070" contextid="1399" timestamp="2026-09-06T06:51:01.141">
  <trace-info objectcount="470" scancount="383" scanbytes="16400" />
  <finalization candidates="665" enqueued="0" />
  <ownableSynchronizers candidates="1035" cleared="84" />
  <references type="soft" candidates="3639" cleared="0" enqueued="0" dynamicThreshold="9" maxThreshold="32" />
  <references type="weak" candidates="1485" cleared="0" enqueued="0" />
  <references type="phantom" candidates="357" cleared="0" enqueued="0" />
  <stringconstants candidates="14886" cleared="0"  />
  <object-monitors candidates="17" cleared="0"  />
</gc-op>
<gc-op id="1413" type="sweep" timems="0.467" contextid="1399" timestamp="2026-09-06T06:51:01.142" />
<heap-resize id="1414" type="expand" space="tenure" amount="2490368" count="1" timems="0.025" reason="insufficient free space following gc" timestamp="2026-09-06T06:51:01.142" />
<gc-end id="1415" type="global" contextid="1399" durationms="2.687" usertimems="8.730" systemtimems="1.987" stalltimems="8.906" timestamp="2026-09-06T06:51:01.142" activeThreads="10">
  <mem-info id="1416" free="11512272" total="35192832" percent="32">
    <mem type="nursery" free="4127280" total="10616832" percent="38">
      <mem type="allocate" free="4127280" total="6750208" percent="61" />
      <mem type="survivor" free="0" total="3866624" percent="0" />
    </mem>
    <mem type="tenure" free="7384992" total="24576000" percent="30" micro-fragmented="310352" macro-fragmented="0">
      <mem type="soa" free="6156192" total="23347200" percent="26" />
      <mem type="loa" free="1228800" total="1228800" percent="100" />
    </mem>
    <remembered-set count="795" />
  </mem-info>
</gc-end>
<cycle-end id="1417" type="global" contextid="1399" timestamp="2026-09-06T06:51:01.142" />
<allocation-satisfied id="1418" threadId="0000000000728900" bytesRequested="1624" />
<af-end id="1419" timestamp="2026-09-06T06:51:01.142" threadId="00000000007293C0" success="true" from="nursery"/>
<exclusive-end id="1420" timestamp="2026-09-06T06:51:01.142" durationms="3.123" />

<exclusive-start id="1421" timestamp="2026-09-06T06:51:01.170" intervalms="30.973">
  <response-info timems="0.012" idlems="0.012" threads="0" lastid="0000000000728900" lastname="Default Executor-thread-1" />
</exclusive-start>
<af-start id="1422" threadId="00000000007293C0" totalBytesRequested="167256" timestamp="2026-09-06T06:51:01.170" intervalms="30.998" type="nursery" />
<cycle-start id="1423" type="scavenge" contextid="0" timestamp="2026-09-06T06:51:01.170" intervalms="65.115" />
<gc-start id="1424" type="scavenge" contextid="1423" timestamp="2026-09-06T06:51:01.170">
  <mem-info id="1425" free="8217808" total="35192832" percent="23">
    <mem type="nursery" free="832816" total="10616832" percent="7">
      <mem type="allocate" free="832816" total="6750208" percent="12" />
      <mem type="survivor" free="0" total="3866624" percent="0" />
    </mem>
    <mem type="tenure" free="7384992" total="24576000" percent="30">
      <mem type="soa" free="6156192" total="23347200" percent="26" />
      <mem type="loa" free="1228800" total="1228800" percent="100" />
    </mem>
    <remembered-set count="926" />
  </mem-info>
</gc-start>
<allocation-stats totalBytes="3205976" discardedBytes="74944" >
  <allocated-bytes non-tlh="1064288" tlh="2141688" />
  <largest-consumer threadName="Default Executor-thread-1" threadId="0000000000728900" bytes="3184168" />
</allocation-stats>
<gc-op id="1426" type="scavenge" timems="1.062" contextid="1423" timestamp="2026-09-06T06:51:01.171">
  <scavenger-info tenureage="2" tenuremask="7c04" tiltratio="63" />
  <memory-copied type="nursery" objects="25928" bytes="1658496" bytesdiscarded="260480" />
  <memory-copied type="tenure" objects="11113" bytes="730544" bytesdiscarded="3856" />
  <ownableSynchronizers candidates="1959" cleared="1802" />
  <references type="weak" candidates="1" cleared="0" enqueued="0" />
  <references type="phantom" candidates="159" cleared="0" enqueued="0" />
  <object-monitors candidates="17" cleared="0"  />
</gc-op>
<gc-end id="1427" type="scavenge" contextid="1423" durationms="1.235" usertimems="3.545" systemtimems="0.802" stalltimems="3.033" timestamp="2026-09-06T06:51:01.171" activeThreads="7">
  <mem-info id="1428" free="11767440" total="35192832" percent="33">
    <mem type="nursery" free="5418936" total="10616832" percent="51">
      <mem type="allocate" free="5418936" total="7340032" percent="73" />
      <mem type="survivor" free="0" total="3276800" percent="0" />
    </mem>
    <mem type="tenure" free="6348504" total="24576000" percent="25">
      <mem type="soa" free="5119704" total="23347200" percent="21" />
      <mem type="loa" free="1228800" total="1228800" percent="100" />
    </mem>
    <remembered-set count="654" />
  </mem-info>
</gc-end>
<cycle-end id="1429" type="scavenge" contextid="1423" timestamp="2026-09-06T06:51:01.171" />
<allocation-satisfied id="1430" threadId="0000000000728900" bytesRequested="167256" />
<af-end id="1431" timestamp="2026-09-06T06:51:01.171" threadId="00000000007293C0" success="true" from="nursery"/>
<exclusive-end id="1432" timestamp="2026-09-06T06:51:01.171" durationms="1.673" />

<exclusive-start id="1433" timestamp="2026-09-06T06:51:01.192" intervalms="21.965">
  <response-info timems="0.013" idlems="0.013" threads="0" lastid="0000000000728900" lastname="Default Executor-thread-1" />
</exclusive-start>
<af-start id="1434" threadId="00000000007293C0" totalBytesRequested="2376" timestamp="2026-09-06T06:51:01.192" intervalms="21.947" type="nursery" />
<cycle-start id="1435" type="scavenge" contextid="0" timestamp="2026-09-06T06:51:01.192" intervalms="21.955" />
<gc-start id="1436" type="scavenge" contextid="1435" timestamp="2026-09-06T06:51:01.192">
  <mem-info id="1437" free="6348208" total="35192832" percent="18">
    <mem type="nursery" free="0" total="10616832" percent="0">
      <mem type="allocate" free="0" total="7340032" percent="0" />
      <mem type="survivor" free="0" total="3276800" percent="0" />
    </mem>
    <mem type="tenure" free="6348208" total="24576000" percent="25">
      <mem type="soa" free="5119408" total="23347200" percent="21" />
      <mem type="loa" free="1228800" total="1228800" percent="100" />
    </mem>
    <remembered-set count="882" />
  </mem-info>
</gc-start>
<allocation-stats totalBytes="5417472" discardedBytes="1760" >
  <allocated-bytes non-tlh="167552" tlh="5249920" />
  <largest-consumer threadName="Default Executor-thread-1" threadId="0000000000728900" bytes="5360136" />
</allocation-stats>
<gc-op id="1438" type="scavenge" timems="0.987" contextid="1435" timestamp="2026-09-06T06:51:01.193">
  <scavenger-info tenureage="2" tenuremask="7c04" tiltratio="69" />
  <memory-copied type="nursery" objects="28870" bytes="1913584" bytesdiscarded="126384" />
  <memory-copied type="tenure" objects="8728" bytes="586240" bytesdiscarded="928" />
  <ownableSynchronizers candidates="187" cleared="48" />
  <references type="weak" candidates="1" cleared="0" enqueued="0" />
  <references type="phantom" candidates="164" cleared="0" enqueued="0" />
  <object-monitors candidates="17" cleared="0"  />
</gc-op>
<gc-end id="1439" type="scavenge" contextid="1435" durationms="1.157" usertimems="4.704" systemtimems="0.055" stalltimems="2.611" timestamp="2026-09-06T06:51:01.193" activeThreads="7">
  <mem-info id="1440" free="11291120" total="35192832" percent="32">
    <mem type="nursery" free="5428936" total="10616832" percent="51">
      <mem type="allocate" free="5428936" total="7471104" percent="72" />
      <mem type="survivor" free="0" total="3145728" percent="0" />
    </mem>
    <mem type="tenure" free="5862184" total="24576000" percent="23">
      <mem type="soa" free="4633384" total="23347200" percent="19" />
      <mem type="loa" free="1228800" total="1228800" percent="100" />
    </mem>
    <remembered-set count="656" />
  </mem-info>
</gc-end>
<cycle-end id="1441" type="scavenge" contextid="1435" timestamp="2026-09-06T06:51:01.193" />
<allocation-satisfied id="1442" threadId="0000000000728900" bytesRequested="2376" />
<af-end id="1443" timestamp="2026-09-06T06:51:01.193" threadId="00000000007293C0" success="true" from="nursery"/>
<exclusive-end id="1444" timestamp="2026-09-06T06:51:01.193" durationms="1.579" />

<exclusive-start id="1445" timestamp="2026-09-06T06:51:01.222" intervalms="29.884">
  <response-info timems="0.014" idlems="0.014" threads="0" lastid="0000000000728900" lastname="Default Executor-thread-1" />
</exclusive-start>
<af-start id="1446" threadId="00000000007293C0" totalBytesRequested="178448" timestamp="2026-09-06T06:51:01.222" intervalms="29.859" type="nursery" />
<cycle-start id="1447" type="scavenge" contextid="0" timestamp="2026-09-06T06:51:01.222" intervalms="29.840" />
<gc-start id="1448" type="scavenge" contextid="1447" timestamp="2026-09-06T06:51:01.222">
  <mem-info id="1449" free="5861232" total="35192832" percent="16">
    <mem type="nursery" free="0" total="10616832" percent="0">
      <mem type="allocate" free="0" total="7471104" percent="0" />
      <mem type="survivor" free="0" total="3145728" percent="0" />
    </mem>
    <mem type="tenure" free="5861232" total="24576000" percent="23">
      <mem type="soa" free="4632432" total="23347200" percent="19" />
      <mem type="loa" free="1228800" total="1228800" percent="100" />
    </mem>
    <remembered-set count="772" />
  </mem-info>
</gc-start>
<allocation-stats totalBytes="5149560" discardedBytes="280328" >
  <allocated-bytes non-tlh="212128" tlh="4937432" />
  <largest-consumer threadName="Default Executor-thread-1" threadId="0000000000728900" bytes="5108608" />
</allocation-stats>
<gc-op id="1450" type="scavenge" timems="0.922" contextid="1447" timestamp="2026-09-06T06:51:01.223">
  <scavenger-info tenureage="2" tenuremask="7c04" tiltratio="70" />
  <memory-copied type="nursery" objects="19182" bytes="1243656" bytesdiscarded="394424" />
  <memory-copied type="tenure" objects="17188" bytes="1071832" bytesdiscarded="4168" />
  <ownableSynchronizers candidates="174" cleared="39" />
  <references type="phantom" candidates="87" cleared="0" enqueued="0" />
  <object-monitors candidates="17" cleared="0"  />
</gc-op>
<gc-end id="1451" type="scavenge" contextid="1447" durationms="1.070" usertimems="4.309" systemtimems="0.105" stalltimems="1.730" timestamp="2026-09-06T06:51:01.223" activeThreads="7">
  <mem-info id="1452" free="10540400" total="35192832" percent="29">
    <mem type="nursery" free="6028480" total="10616832" percent="56">
      <mem type="allocate" free="6028480" total="7667712" percent="78" />
      <mem type="survivor" free="0" total="2949120" percent="0" />
    </mem>
    <mem type="tenure" free="4511920" total="24576000" percent="18">
      <mem type="soa" free="3283120" total="23347200" percent="14" />
      <mem type="loa" free="1228800" total="1228800" percent="100" />
    </mem>
    <remembered-set count="561" />
  </mem-info>
</gc-end>
<cycle-end id="1453" type="scavenge" contextid="1447" timestamp="2026-09-06T06:51:01.223" />
<allocation-satisfied id="1454" threadId="0000000000728900" bytesRequested="178448" />
<af-end id="1455" timestamp="2026-09-06T06:51:01.223" threadId="00000000007293C0" success="true" from="nursery"/>
<exclusive-end id="1456" timestamp="2026-09-06T06:51:01.223" durationms="1.430" />

<exclusive-start id="1457" timestamp="2026-09-06T06:51:01.246" intervalms="24.578">
  <response-info timems="0.011" idlems="0.011" threads="0" lastid="0000000000728900" lastname="Default Executor-thread-1" />
</exclusive-start>
<af-start id="1458" threadId="00000000007293C0" totalBytesRequested="27200" timestamp="2026-09-06T06:51:01.246" intervalms="24.604" type="nursery" />
<cycle-start id="1459" type="scavenge" contextid="0" timestamp="2026-09-06T06:51:01.246" intervalms="24.621" />
<gc-start id="1460" type="scavenge" contextid="1459" timestamp="2026-09-06T06:51:01.246">
  <mem-info id="1461" free="4510936" total="35192832" percent="12">
    <mem type="nursery" free="0" total="10616832" percent="0">
      <mem type="allocate" free="0" total="7667712" percent="0" />
      <mem type="survivor" free="0" total="2949120" percent="0" />
    </mem>
    <mem type="tenure" free="4510936" total="24576000" percent="18">
      <mem type="soa" free="3282136" total="23347200" percent="14" />
      <mem type="loa" free="1228800" total="1228800" percent="100" />
    </mem>
    <remembered-set count="807" />
  </mem-info>
</gc-start>
<allocation-stats totalBytes="5995888" discardedBytes="33576" >
  <allocated-bytes non-tlh="357880" tlh="5638008" />
  <largest-consumer threadName="Default Executor-thread-1" threadId="0000000000728900" bytes="5963136" />
</allocation-stats>
<gc-op id="1462" type="scavenge" timems="0.951" contextid="1459" timestamp="2026-09-06T06:51:01.247">
  <scavenger-info tenureage="2" tenuremask="7c04" tiltratio="72" />
  <memory-copied type="nursery" objects="17820" bytes="1429008" bytesdiscarded="169792" />
  <memory-copied type="tenure" objects="11672" bytes="841512" bytesdiscarded="288" />
  <ownableSynchronizers candidates="144" cleared="51" />
  <references type="weak" candidates="2" cleared="1" enqueued="1" />
  <references type="phantom" candidates="90" cleared="0" enqueued="0" />
  <object-monitors candidates="17" cleared="0"  />
</gc-op>
<gc-end id="1463" type="scavenge" contextid="1459" durationms="1.106" usertimems="1.990" systemtimems="1.847" stalltimems="2.831" timestamp="2026-09-06T06:51:01.247" activeThreads="7">
  <mem-info id="1464" free="10054824" total="35192832" percent="28">
    <mem type="nursery" free="6264312" total="10616832" percent="59">
      <mem type="allocate" free="6264312" total="7864320" percent="79" />
      <mem type="survivor" free="0" total="2752512" percent="0" />
    </mem>
    <mem type="tenure" free="3790512" total="24576000" percent="15">
      <mem type="soa" free="2561712" total="23347200" percent="10" />
      <mem type="loa" free="1228800" total="1228800" percent="100" />
    </mem>
    <pending-finalizers system="0" default="0" reference="1" classloader="0" />
    <remembered-set count="575" />
  </mem-info>
</gc-end>
<cycle-end id="1465" type="scavenge" contextid="1459" timestamp="2026-09-06T06:51:01.248" />
<allocation-satisfied id="1466" threadId="0000000000728900" bytesRequested="27200" />
<af-end id="1467" timestamp="2026-09-06T06:51:01.248" threadId="00000000007293C0" success="true" from="nursery"/>
<exclusive-end id="1468" timestamp="2026-09-06T06:51:01.248" durationms="1.515" />

<exclusive-start id="1469" timestamp="2026-09-06T06:51:01.271" intervalms="24.956">
  <response-info timems="0.019" idlems="0.019" threads="0" lastid="0000000000728900" lastname="Default Executor-thread-1" />
</exclusive-start>
<af-start id="1470" threadId="00000000007293C0" totalBytesRequested="24" timestamp="2026-09-06T06:51:01.271" intervalms="24.990" type="nursery" />
<cycle-start id="1471" type="scavenge" contextid="0" timestamp="2026-09-06T06:51:01.271" intervalms="24.990" />
<gc-start id="1472" type="scavenge" contextid="1471" timestamp="2026-09-06T06:51:01.271">
  <mem-info id="1473" free="3790512" total="35192832" percent="10">
    <mem type="nursery" free="0" total="10616832" percent="0">
      <mem type="allocate" free="0" total="7864320" percent="0" />
      <mem type="survivor" free="0" total="2752512" percent="0" />
    </mem>
    <mem type="tenure" free="3790512" total="24576000" percent="15">
      <mem type="soa" free="2561712" total="23347200" percent="10" />
      <mem type="loa" free="1228800" total="1228800" percent="100" />
    </mem>
    <remembered-set count="922" />
  </mem-info>
</gc-start>
<allocation-stats totalBytes="6263920" discardedBytes="392" >
  <allocated-bytes non-tlh="236000" tlh="6027920" />
  <largest-consumer threadName="Default Executor-thread-1" threadId="0000000000728900" bytes="6186168" />
</allocation-stats>
<gc-op id="1474" type="scavenge" timems="1.139" contextid="1471" timestamp="2026-09-06T06:51:01.273">
  <scavenger-info tenureage="2" tenuremask="7c04" tiltratio="74" />
  <memory-copied type="nursery" objects="26090" bytes="2416872" bytesdiscarded="160728" />
  <memory-copied type="tenure" objects="7411" bytes="397896" bytesdiscarded="376" />
  <ownableSynchronizers candidates="251" cleared="114" />
  <references type="weak" candidates="1" cleared="0" enqueued="0" />
  <references type="phantom" candidates="168" cleared="0" enqueued="0" />
  <object-monitors candidates="17" cleared="0"  />
</gc-op>
<gc-end id="1475" type="scavenge" contextid="1471" durationms="1.325" usertimems="3.749" systemtimems="5.095" stalltimems="2.918" timestamp="2026-09-06T06:51:01.273" activeThreads="7">
  <mem-info id="1476" free="7618024" total="35192832" percent="21">
    <mem type="nursery" free="4366992" total="10616832" percent="41">
      <mem type="allocate" free="4366992" total="6946816" percent="62" />
      <mem type="survivor" free="0" total="3670016" percent="0" />
    </mem>
    <mem type="tenure" free="3251032" total="24576000" percent="13">
      <mem type="soa" free="2022232" total="23347200" percent="8" />
      <mem type="loa" free="1228800" total="1228800" percent="100" />
    </mem>
    <remembered-set count="811" />
  </mem-info>
</gc-end>
<cycle-end id="1477" type="scavenge" contextid="1471" timestamp="2026-09-06T06:51:01.273" />
<allocation-satisfied id="1478" threadId="0000000000728900" bytesRequested="24" />
<af-end id="1479" timestamp="2026-09-06T06:51:01.273" threadId="00000000007293C0" success="true" from="nursery"/>
<exclusive-end id="1480" timestamp="2026-09-06T06:51:01.273" durationms="1.785" />

<concurrent-kickoff id="1481" timestamp="2026-09-06T06:51:01.282">
  <kickoff reason="threshold reached" targetBytes="10733269" thresholdFreeBytes="1484787"  remainingFree="1331832" tenureFreeBytes="3251032" nurseryFreeBytes="1331832" />
</concurrent-kickoff>
<exclusive-start id="1482" timestamp="2026-09-06T06:51:01.282" intervalms="10.723">
  <response-info timems="0.038" idlems="0.038" threads="0" lastid="0000000000728900" lastname="Default Executor-thread-1" />
</exclusive-start>
<cycle-start id="1483" type="global" contextid="0" timestamp="2026-09-06T06:51:01.282" intervalms="163.412" />
<concurrent-start id="1484" type="global mark" contextid="1483" timestamp="2026-09-06T06:51:01.282">
</concurrent-start>
<exclusive-end id="1485" timestamp="2026-09-06T06:51:01.282" durationms="0.158" />

<exclusive-start id="1486" timestamp="2026-09-06T06:51:01.294" intervalms="12.623">
  <response-info timems="0.020" idlems="0.020" threads="0" lastid="0000000000728900" lastname="Default Executor-thread-1" />
</exclusive-start>
<af-start id="1487" threadId="00000000007293C0" totalBytesRequested="816" timestamp="2026-09-06T06:51:01.295" intervalms="23.352" type="nursery" />
<percolate-collect id="1488" from="nursery" to="global" reason="concurrent mark exhausted" timestamp="2026-09-06T06:51:01.295"/>
<concurrent-end id="1489" type="global mark" contextid="1483" timestamp="2026-09-06T06:51:01.295">
<gc-op id="1490" type="trace" timems="12.479" contextid="1483" timestamp="2026-09-06T06:51:01.295">
  <trace bytesTraced="11212944" workStackOverflowCount="0" />
  <card-cleaning reason="card cleaning threshold reached" bytesTraced="37864" cardsCleaned="72" />
</gc-op>
</concurrent-end>

<gc-start id="1491" type="global" contextid="1483" timestamp="2026-09-06T06:51:01.295">
  <mem-info id="1492" free="3251032" total="35192832" percent="9">
    <mem type="nursery" free="0" total="10616832" percent="0">
      <mem type="allocate" free="0" total="6946816" percent="0" />
      <mem type="survivor" free="0" total="3670016" percent="0" />
    </mem>
    <mem type="tenure" free="3251032" total="24576000" percent="13">
      <mem type="soa" free="2022232" total="23347200" percent="8" />
      <mem type="loa" free="1228800" total="1228800" percent="100" />
    </mem>
    <remembered-set count="984" />
  </mem-info>
</gc-start>
<allocation-stats totalBytes="4365920" discardedBytes="1072" >
  <allocated-bytes non-tlh="24" tlh="4365896" />
  <largest-consumer threadName="Default Executor-thread-1" threadId="0000000000728900" bytes="4300392" />
</allocation-stats>
<concurrent-halted id="1493" timestamp="2026-09-06T06:51:01.295">
  <halted state="Complete" status="exhausted" />
  <traced bytesTarget="10733269" bytesTotal="11250808" bytesByMutator="3968076" bytesByHelper="7282732" percent="104" />
  <cards cleaned="72" thresholdBytes="584915" />
</concurrent-halted>
<gc-op id="1494" type="rs-scan" timems="0.750" contextid="1483" timestamp="2026-09-06T06:51:01.296">
  <scan objectsFound="28012" bytesTraced="840856" workStackOverflowCount="0" />
</gc-op>
<gc-op id="1495" type="card-cleaning" timems="0.214" contextid="1483" timestamp="2026-09-06T06:51:01.296">
  <card-cleaning cardsCleaned="37" bytesTraced="148660" workStackOverflowCount="0" />
</gc-op>
<gc-op id="1496" type="mark" timems="1.083" contextid="1483" timestamp="2026-09-06T06:51:01.297">
  <trace-info objectcount="349" scancount="304" scanbytes="14128" />
  <finalization candidates="665" enqueued="0" />
  <ownableSynchronizers candidates="1263" cleared="72" />
  <references type="soft" candidates="3639" cleared="0" enqueued="0" dynamicThreshold="9" maxThreshold="32" />
  <references type="weak" candidates="1486" cleared="0" enqueued="0" />
  <references type="phantom" candidates="353" cleared="0" enqueued="0" />
  <stringconstants candidates="14916" cleared="4"  />
  <object-monitors candidates="17" cleared="0"  />
</gc-op>
<gc-op id="1497" type="sweep" timems="0.492" contextid="1483" timestamp="2026-09-06T06:51:01.298" />
<heap-resize id="1498" type="expand" space="tenure" amount="2097152" count="1" timems="0.024" reason="insufficient free space following gc" timestamp="2026-09-06T06:51:01.298" />
<gc-end id="1499" type="global" contextid="1483" durationms="2.944" usertimems="9.421" systemtimems="0.954" stalltimems="9.248" timestamp="2026-09-06T06:51:01.298" activeThreads="10">
  <mem-info id="1500" free="11450688" total="37289984" percent="30">
    <mem type="nursery" free="3421448" total="10616832" percent="32">
      <mem type="allocate" free="3421448" total="6946816" percent="49" />
      <mem type="survivor" free="0" total="3670016" percent="0" />
    </mem>
    <mem type="tenure" free="8029240" total="26673152" percent="30" micro-fragmented="313722" macro-fragmented="0">
      <mem type="soa" free="6694968" total="25338880" percent="26" />
      <mem type="loa" free="1334272" total="1334272" percent="100" />
    </mem>
    <remembered-set count="959" />
  </mem-info>
</gc-end>
<cycle-end id="1501" type="global" contextid="1483" timestamp="2026-09-06T06:51:01.298" />
<allocation-satisfied id="1502" threadId="0000000000728900" bytesRequested="816" />
<af-end id="1503" timestamp="2026-09-06T06:51:01.298" threadId="00000000007293C0" success="true" from="nursery"/>
<exclusive-end id="1504" timestamp="2026-09-06T06:51:01.298" durationms="3.449" />

<exclusive-start id="1505" timestamp="2026-09-06T06:51:01.301" intervalms="7.020">
  <response-info timems="0.017" idlems="0.017" threads="0" lastid="0000000000728900" lastname="Default Executor-thread-1" />
</exclusive-start>
<af-start id="1506" threadId="00000000007293C0" totalBytesRequested="101504" timestamp="2026-09-06T06:51:01.302" intervalms="6.973" type="nursery" />
<cycle-start id="1507" type="scavenge" contextid="0" timestamp="2026-09-06T06:51:01.302" intervalms="30.352" />
<gc-start id="1508" type="scavenge" contextid="1507" timestamp="2026-09-06T06:51:01.302">
  <mem-info id="1509" free="10050528" total="37289984" percent="26">
    <mem type="nursery" free="2021408" total="10616832" percent="19">
      <mem type="allocate" free="2021408" total="6946816" percent="29" />
      <mem type="survivor" free="0" total="3670016" percent="0" />
    </mem>
    <mem type="tenure" free="8029120" total="26673152" percent="30">
      <mem type="soa" free="6694848" total="25338880" percent="26" />
      <mem type="loa" free="1334272" total="1334272" percent="100" />
    </mem>
    <remembered-set count="1048" />
  </mem-info>
</gc-start>
<allocation-stats totalBytes="1371040" discardedBytes="28352" >
  <allocated-bytes non-tlh="244112" tlh="1126928" />
  <largest-consumer threadName="Default Executor-thread-1" threadId="0000000000728900" bytes="1356248" />
</allocation-stats>
<gc-op id="1510" type="scavenge" timems="1.065" contextid="1507" timestamp="2026-09-06T06:51:01.303">
  <scavenger-info tenureage="2" tenuremask="7e04" tiltratio="65" />
  <memory-copied type="nursery" objects="30662" bytes="2165984" bytesdiscarded="212736" />
  <memory-copied type="tenure" objects="10354" bytes="1029096" bytesdiscarded="5656" />
  <ownableSynchronizers candidates="2252" cleared="2080" />
  <references type="weak" candidates="1" cleared="0" enqueued="0" />
  <references type="phantom" candidates="203" cleared="0" enqueued="0" />
  <object-monitors candidates="17" cleared="0"  />
</gc-op>
<gc-end id="1511" type="scavenge" contextid="1507" durationms="1.233" usertimems="4.634" systemtimems="1.303" stalltimems="2.398" timestamp="2026-09-06T06:51:01.303" activeThreads="7">
  <mem-info id="1512" free="11648000" total="37289984" percent="31">
    <mem type="nursery" free="4761992" total="10616832" percent="44">
      <mem type="allocate" free="4761992" total="7143424" percent="66" />
      <mem type="survivor" free="0" total="3473408" percent="0" />
    </mem>
    <mem type="tenure" free="6886008" total="26673152" percent="25">
      <mem type="soa" free="5551736" total="25338880" percent="21" />
      <mem type="loa" free="1334272" total="1334272" percent="100" />
    </mem>
    <remembered-set count="848" />
  </mem-info>
</gc-end>
<cycle-end id="1513" type="scavenge" contextid="1507" timestamp="2026-09-06T06:51:01.303" />
<allocation-satisfied id="1514" threadId="0000000000728900" bytesRequested="101504" />
<af-end id="1515" timestamp="2026-09-06T06:51:01.303" threadId="00000000007293C0" success="true" from="nursery"/>
<exclusive-end id="1516" timestamp="2026-09-06T06:51:01.303" durationms="1.656" />

<exclusive-start id="1517" timestamp="2026-09-06T06:51:01.317" intervalms="15.444">
  <response-info timems="0.017" idlems="0.017" threads="0" lastid="0000000000728900" lastname="Default Executor-thread-1" />
</exclusive-start>
<af-start id="1518" threadId="00000000007293C0" totalBytesRequested="3160" timestamp="2026-09-06T06:51:01.317" intervalms="15.474" type="nursery" />
<cycle-start id="1519" type="scavenge" contextid="0" timestamp="2026-09-06T06:51:01.317" intervalms="15.440" />
<gc-start id="1520" type="scavenge" contextid="1519" timestamp="2026-09-06T06:51:01.317">
  <mem-info id="1521" free="6886008" total="37289984" percent="18">
    <mem type="nursery" free="0" total="10616832" percent="0">
      <mem type="allocate" free="0" total="7143424" percent="0" />
      <mem type="survivor" free="0" total="3473408" percent="0" />
    </mem>
    <mem type="tenure" free="6886008" total="26673152" percent="25">
      <mem type="soa" free="5551736" total="25338880" percent="21" />
      <mem type="loa" free="1334272" total="1334272" percent="100" />
    </mem>
    <remembered-set count="1072" />
  </mem-info>
</gc-start>
<allocation-stats totalBytes="4758448" discardedBytes="3544" >
  <allocated-bytes non-tlh="101504" tlh="4656944" />
  <largest-consumer threadName="Default Executor-thread-1" threadId="0000000000728900" bytes="4717496" />
</allocation-stats>
<gc-op id="1522" type="scavenge" timems="0.977" contextid="1519" timestamp="2026-09-06T06:51:01.318">
  <scavenger-info tenureage="2" tenuremask="7f04" tiltratio="67" />
  <memory-copied type="nursery" objects="25886" bytes="1851944" bytesdiscarded="312456" />
  <memory-copied type="tenure" objects="15447" bytes="1379160" bytesdiscarded="6784" />
  <ownableSynchronizers candidates="212" cleared="45" />
  <references type="weak" candidates="1" cleared="0" enqueued="0" />
  <references type="phantom" candidates="134" cleared="0" enqueued="0" />
  <object-monitors candidates="17" cleared="0"  />
</gc-op>
<heap-resize id="1523" type="expand" space="nursery" amount="524288" count="1" timems="0.020" reason="excessive time being spent scavenging" timestamp="2026-09-06T06:51:01.318" />
<gc-end id="1524" type="scavenge" contextid="1519" durationms="1.196" usertimems="5.009" systemtimems="0.000" stalltimems="1.735" timestamp="2026-09-06T06:51:01.318" activeThreads="7">
  <mem-info id="1525" free="10874568" total="37814272" percent="28">
    <mem type="nursery" free="5501520" total="11141120" percent="49">
      <mem type="allocate" free="5501520" total="7667712" percent="71" />
      <mem type="survivor" free="0" total="3473408" percent="0" />
    </mem>
    <mem type="tenure" free="5373048" total="26673152" percent="20">
      <mem type="soa" free="4038776" total="25338880" percent="15" />
      <mem type="loa" free="1334272" total="1334272" percent="100" />
    </mem>
    <remembered-set count="731" />
  </mem-info>
</gc-end>
<cycle-end id="1526" type="scavenge" contextid="1519" timestamp="2026-09-06T06:51:01.318" />
<allocation-satisfied id="1527" threadId="0000000000728900" bytesRequested="3160" />
<af-end id="1528" timestamp="2026-09-06T06:51:01.318" threadId="00000000007293C0" success="true" from="nursery"/>
<exclusive-end id="1529" timestamp="2026-09-06T06:51:01.319" durationms="1.631" />

<exclusive-start id="1530" timestamp="2026-09-06T06:51:01.345" intervalms="28.563">
  <response-info timems="0.042" idlems="0.042" threads="0" lastid="00000000006E2B00" lastname="Scheduled Executor-thread-1" />
</exclusive-start>
<af-start id="1531" threadId="00000000006E35C0" totalBytesRequested="32" timestamp="2026-09-06T06:51:01.346" intervalms="29.272" type="nursery" />
<cycle-start id="1532" type="scavenge" contextid="0" timestamp="2026-09-06T06:51:01.346" intervalms="29.285" />
<gc-start id="1533" type="scavenge" contextid="1532" timestamp="2026-09-06T06:51:01.346">
  <mem-info id="1534" free="5371992" total="37814272" percent="14">
    <mem type="nursery" free="0" total="11141120" percent="0">
      <mem type="allocate" free="0" total="7667712" percent="0" />
      <mem type="survivor" free="0" total="3473408" percent="0" />
    </mem>
    <mem type="tenure" free="5371992" total="26673152" percent="20">
      <mem type="soa" free="4037720" total="25338880" percent="15" />
      <mem type="loa" free="1334272" total="1334272" percent="100" />
    </mem>
    <remembered-set count="1090" />
  </mem-info>
</gc-start>
<allocation-stats totalBytes="5502288" discardedBytes="288" >
  <allocated-bytes non-tlh="4216" tlh="5498072" />
  <largest-consumer threadName="Default Executor-thread-1" threadId="0000000000728900" bytes="5449096" />
</allocation-stats>
<gc-op id="1535" type="scavenge" timems="1.179" contextid="1532" timestamp="2026-09-06T06:51:01.348">
  <scavenger-info tenureage="2" tenuremask="7f04" tiltratio="68" />
  <memory-copied type="nursery" objects="25187" bytes="1876720" bytesdiscarded="216664" />
  <memory-copied type="tenure" objects="15206" bytes="786600" bytesdiscarded="848" />
  <ownableSynchronizers candidates="236" cleared="87" />
  <references type="weak" candidates="14" cleared="9" enqueued="9" />
  <references type="phantom" candidates="135" cleared="0" enqueued="0" />
  <object-monitors candidates="17" cleared="0"  />
</gc-op>
<gc-end id="1536" type="scavenge" contextid="1532" durationms="1.388" usertimems="6.216" systemtimems="1.342" stalltimems="2.630" timestamp="2026-09-06T06:51:01.348" activeThreads="7">
  <mem-info id="1537" free="10509240" total="37814272" percent="27">
    <mem type="nursery" free="5965128" total="11141120" percent="53">
      <mem type="allocate" free="5965128" total="8060928" percent="74" />
      <mem type="survivor" free="0" total="3080192" percent="0" />
    </mem>
    <mem type="tenure" free="4544112" total="26673152" percent="17">
      <mem type="soa" free="3209840" total="25338880" percent="12" />
      <mem type="loa" free="1334272" total="1334272" percent="100" />
    </mem>
    <pending-finalizers system="0" default="0" reference="9" classloader="0" />
    <remembered-set count="772" />
  </mem-info>
</gc-end>
<cycle-end id="1538" type="scavenge" contextid="1532" timestamp="2026-09-06T06:51:01.348" />
<allocation-satisfied id="1539" threadId="00000000006E2B00" bytesRequested="32" />
<af-end id="1540" timestamp="2026-09-06T06:51:01.348" threadId="00000000006E35C0" success="true" from="nursery"/>
<exclusive-end id="1541" timestamp="2026-09-06T06:51:01.348" durationms="2.559" />

<exclusive-start id="1542" timestamp="2026-09-06T06:51:01.408" intervalms="62.874">
  <response-info timems="0.019" idlems="0.019" threads="0" lastid="0000000000728900" lastname="Default Executor-thread-1" />
</exclusive-start>
<af-start id="1543" threadId="00000000007293C0" totalBytesRequested="24" timestamp="2026-09-06T06:51:01.408" intervalms="62.190" type="nursery" />
<cycle-start id="1544" type="scavenge" contextid="0" timestamp="2026-09-06T06:51:01.409" intervalms="62.200" />
<gc-start id="1545" type="scavenge" contextid="1544" timestamp="2026-09-06T06:51:01.409">
  <mem-info id="1546" free="4543176" total="37814272" percent="12">
    <mem type="nursery" free="0" total="11141120" percent="0">
      <mem type="allocate" free="0" total="8060928" percent="0" />
      <mem type="survivor" free="0" total="3080192" percent="0" />
    </mem>
    <mem type="tenure" free="4543176" total="26673152" percent="17">
      <mem type="soa" free="3208904" total="25338880" percent="12" />
      <mem type="loa" free="1334272" total="1334272" percent="100" />
    </mem>
    <remembered-set count="974" />
  </mem-info>
</gc-start>
<allocation-stats totalBytes="5964352" discardedBytes="1712" >
  <allocated-bytes non-tlh="968" tlh="5963384" />
  <largest-consumer threadName="Default Executor-thread-1" threadId="0000000000728900" bytes="5952032" />
</allocation-stats>
<gc-op id="1547" type="scavenge" timems="1.176" contextid="1544" timestamp="2026-09-06T06:51:01.410">
  <scavenger-info tenureage="2" tenuremask="7f04" tiltratio="72" />
  <memory-copied type="nursery" objects="21091" bytes="1154848" bytesdiscarded="280936" />
  <memory-copied type="tenure" objects="10663" bytes="1065000" bytesdiscarded="1760" />
  <finalization candidates="4" enqueued="4" />
  <ownableSynchronizers candidates="93" cleared="0" />
  <references type="weak" candidates="11" cleared="4" enqueued="4" />
  <references type="phantom" candidates="89" cleared="0" enqueued="0" />
  <object-monitors candidates="19" cleared="0"  />
</gc-op>
<gc-end id="1548" type="scavenge" contextid="1544" durationms="1.396" usertimems="4.219" systemtimems="0.251" stalltimems="3.696" timestamp="2026-09-06T06:51:01.410" activeThreads="7">
  <mem-info id="1549" free="10086608" total="37814272" percent="26">
    <mem type="nursery" free="6820264" total="11141120" percent="61">
      <mem type="allocate" free="6820264" total="8257536" percent="82" />
      <mem type="survivor" free="0" total="2883584" percent="0" />
    </mem>
    <mem type="tenure" free="3266344" total="26673152" percent="12">
      <mem type="soa" free="1932072" total="25338880" percent="7" />
      <mem type="loa" free="1334272" total="1334272" percent="100" />
    </mem>
    <pending-finalizers system="4" default="0" reference="4" classloader="0" />
    <remembered-set count="722" />
  </mem-info>
</gc-end>
<cycle-end id="1550" type="scavenge" contextid="1544" timestamp="2026-09-06T06:51:01.410" />
<allocation-satisfied id="1551" threadId="0000000000728900" bytesRequested="24" />
<af-end id="1552" timestamp="2026-09-06T06:51:01.410" threadId="00000000007293C0" success="true" from="nursery"/>
<exclusive-end id="1553" timestamp="2026-09-06T06:51:01.410" durationms="1.910" />

<concurrent-kickoff id="1554" timestamp="2026-09-06T06:51:01.435">
  <kickoff reason="threshold reached" targetBytes="11770727" thresholdFreeBytes="1628470"  remainingFree="1368488" tenureFreeBytes="3266344" nurseryFreeBytes="1368488" />
</concurrent-kickoff>
<exclusive-start id="1555" timestamp="2026-09-06T06:51:01.435" intervalms="26.914">
  <response-info timems="0.018" idlems="0.018" threads="0" lastid="0000000000728900" lastname="Default Executor-thread-1" />
</exclusive-start>
<cycle-start id="1556" type="global" contextid="0" timestamp="2026-09-06T06:51:01.435" intervalms="153.404" />
<concurrent-start id="1557" type="global mark" contextid="1556" timestamp="2026-09-06T06:51:01.435">
</concurrent-start>
<exclusive-end id="1558" timestamp="2026-09-06T06:51:01.435" durationms="0.135" />

<exclusive-start id="1559" timestamp="2026-09-06T06:51:01.452" intervalms="17.244">
  <response-info timems="0.015" idlems="0.015" threads="0" lastid="0000000000728900" lastname="Default Executor-thread-1" />
</exclusive-start>
<af-start id="1560" threadId="00000000007293C0" totalBytesRequested="48" timestamp="2026-09-06T06:51:01.453" intervalms="44.129" type="nursery" />
<cycle-start id="1561" type="scavenge" contextid="0" timestamp="2026-09-06T06:51:01.453" intervalms="44.103" />
<gc-start id="1562" type="scavenge" contextid="1561" timestamp="2026-09-06T06:51:01.453">
  <mem-info id="1563" free="3266344" total="37814272" percent="8">
    <mem type="nursery" free="0" total="11141120" percent="0">
      <mem type="allocate" free="0" total="8257536" percent="0" />
      <mem type="survivor" free="0" total="2883584" percent="0" />
    </mem>
    <mem type="tenure" free="3266344" total="26673152" percent="12">
      <mem type="soa" free="1932072" total="25338880" percent="7" />
      <mem type="loa" free="1334272" total="1334272" percent="100" />
    </mem>
    <remembered-set count="879" />
  </mem-info>
</gc-start>
<allocation-stats totalBytes="6818080" discardedBytes="2184" >
  <allocated-bytes non-tlh="24" tlh="6818056" />
  <largest-consumer threadName="Default Executor-thread-1" threadId="0000000000728900" bytes="6818080" />
</allocation-stats>
<gc-op id="1564" type="scavenge" timems="1.118" contextid="1561" timestamp="2026-09-06T06:51:01.454">
  <scavenger-info tenureage="2" tenuremask="7f04" tiltratio="74" />
  <memory-copied type="nursery" objects="8954" bytes="263016" bytesdiscarded="188672" />
  <memory-copied type="tenure" objects="14125" bytes="799640" bytesdiscarded="1048" />
  <ownableSynchronizers candidates="63" cleared="0" />
  <references type="weak" candidates="2" cleared="0" enqueued="0" />
  <object-monitors candidates="19" cleared="0"  />
</gc-op>
<gc-end id="1565" type="scavenge" contextid="1561" durationms="1.296" usertimems="6.623" systemtimems="0.200" stalltimems="3.047" timestamp="2026-09-06T06:51:01.454" activeThreads="6">
  <mem-info id="1566" free="10699424" total="37814272" percent="28">
    <mem type="nursery" free="8067968" total="11141120" percent="72">
      <mem type="allocate" free="8067968" total="8519680" percent="94" />
      <mem type="survivor" free="0" total="2621440" percent="0" />
    </mem>
    <mem type="tenure" free="2631456" total="26673152" percent="9">
      <mem type="soa" free="1297184" total="25338880" percent="5" />
      <mem type="loa" free="1334272" total="1334272" percent="100" />
    </mem>
    <remembered-set count="573" />
  </mem-info>
</gc-end>
<cycle-end id="1567" type="scavenge" contextid="1561" timestamp="2026-09-06T06:51:01.454" />
<allocation-satisfied id="1568" threadId="0000000000728900" bytesRequested="48" />
<af-end id="1569" timestamp="2026-09-06T06:51:01.454" threadId="00000000007293C0" success="true" from="nursery"/>
<exclusive-end id="1570" timestamp="2026-09-06T06:51:01.454" durationms="1.765" />

<concurrent-end id="1571" type="global mark" contextid="1556" timestamp="2026-09-06T06:51:01.456">
<gc-op id="1572" type="trace" timems="20.726" contextid="1556" timestamp="2026-09-06T06:51:01.456">
  <trace bytesTraced="12337400" workStackOverflowCount="0" />
  <card-cleaning reason="card cleaning threshold reached" bytesTraced="7368" cardsCleaned="34" />
</gc-op>
</concurrent-end>

<exclusive-start id="1573" timestamp="2026-09-06T06:51:01.456" intervalms="3.680">
  <response-info timems="0.015" idlems="0.015" threads="0" lastid="0000000000728900" lastname="Default Executor-thread-1" />
</exclusive-start>
<concurrent-global-final id="1574" timestamp="2026-09-06T06:51:01.456" contextid="1556" intervalms="905.731" >
  <concurrent-trace-info reason="card cleaning threshold reached" tracedByMutators="4336080" tracedByHelpers="8008688" cardsCleaned="34" workStackOverflowCount="0" />
</concurrent-global-final>
<gc-start id="1575" type="global" contextid="1556" timestamp="2026-09-06T06:51:01.456">
  <mem-info id="1576" free="10392176" total="37814272" percent="27">
    <mem type="nursery" free="7760720" total="11141120" percent="69">
      <mem type="allocate" free="7760720" total="8519680" percent="91" />
      <mem type="survivor" free="0" total="2621440" percent="0" />
    </mem>
    <mem type="tenure" free="2631456" total="26673152" percent="9">
      <mem type="soa" free="1297184" total="25338880" percent="5" />
      <mem type="loa" free="1334272" total="1334272" percent="100" />
    </mem>
    <remembered-set count="573" />
  </mem-info>
</gc-start>
<allocation-stats totalBytes="307184" discardedBytes="64" >
  <allocated-bytes non-tlh="48" tlh="307136" />
  <largest-consumer threadName="Default Executor-thread-1" threadId="0000000000728900" bytes="307184" />
</allocation-stats>
<gc-op id="1577" type="rs-scan" timems="0.595" contextid="1556" timestamp="2026-09-06T06:51:01.457">
  <scan objectsFound="17042" bytesTraced="537236" workStackOverflowCount="0" />
</gc-op>
<gc-op id="1578" type="card-cleaning" timems="0.252" contextid="1556" timestamp="2026-09-06T06:51:01.457">
  <card-cleaning cardsCleaned="260" bytesTraced="257192" workStackOverflowCount="0" />
</gc-op>
<gc-op id="1579" type="mark" timems="1.109" contextid="1556" timestamp="2026-09-06T06:51:01.458">
  <trace-info objectcount="2444" scancount="2345" scanbytes="136016" />
  <finalization candidates="665" enqueued="0" />
  <ownableSynchronizers candidates="1295" cleared="2" />
  <references type="soft" candidates="3639" cleared="0" enqueued="0" dynamicThreshold="9" maxThreshold="32" />
  <references type="weak" candidates="1491" cleared="0" enqueued="0" />
  <references type="phantom" candidates="348" cleared="0" enqueued="0" />
  <stringconstants candidates="14925" cleared="1"  />
  <object-monitors candidates="19" cleared="0"  />
</gc-op>
<gc-op id="1580" type="sweep" timems="0.477" contextid="1556" timestamp="2026-09-06T06:51:01.459" />
<heap-resize id="1581" type="expand" space="tenure" amount="5636096" count="1" timems="0.040" reason="insufficient free space following gc" timestamp="2026-09-06T06:51:01.459" />
<gc-end id="1582" type="global" contextid="1556" durationms="2.801" usertimems="7.664" systemtimems="2.837" stalltimems="9.504" timestamp="2026-09-06T06:51:01.459" activeThreads="10">
  <mem-info id="1583" free="17822480" total="43450368" percent="41">
    <mem type="nursery" free="8112344" total="11141120" percent="72">
      <mem type="allocate" free="8112344" total="8519680" percent="95" />
      <mem type="survivor" free="0" total="2621440" percent="0" />
    </mem>
    <mem type="tenure" free="9710136" total="32309248" percent="30" micro-fragmented="328714" macro-fragmented="0">
      <mem type="soa" free="8094264" total="30693376" percent="26" />
      <mem type="loa" free="1615872" total="1615872" percent="100" />
    </mem>
    <remembered-set count="566" />
  </mem-info>
</gc-end>
<cycle-end id="1584" type="global" contextid="1556" timestamp="2026-09-06T06:51:01.459" />
<exclusive-end id="1585" timestamp="2026-09-06T06:51:01.459" durationms="2.993" />

<exclusive-start id="1586" timestamp="2026-09-06T06:51:01.486" intervalms="29.613">
  <response-info timems="0.020" idlems="0.020" threads="0" lastid="0000000000728900" lastname="Default Executor-thread-1" />
</exclusive-start>
<af-start id="1587" threadId="00000000007293C0" totalBytesRequested="48" timestamp="2026-09-06T06:51:01.486" intervalms="33.312" type="nursery" />
<cycle-start id="1588" type="scavenge" contextid="0" timestamp="2026-09-06T06:51:01.486" intervalms="33.311" />
<gc-start id="1589" type="scavenge" contextid="1588" timestamp="2026-09-06T06:51:01.486">
  <mem-info id="1590" free="9710136" total="43450368" percent="22">
    <mem type="nursery" free="0" total="11141120" percent="0">
      <mem type="allocate" free="0" total="8519680" percent="0" />
      <mem type="survivor" free="0" total="2621440" percent="0" />
    </mem>
    <mem type="tenure" free="9710136" total="32309248" percent="30">
      <mem type="soa" free="8094264" total="30693376" percent="26" />
      <mem type="loa" free="1615872" total="1615872" percent="100" />
    </mem>
    <remembered-set count="673" />
  </mem-info>
</gc-start>
<allocation-stats totalBytes="8107136" discardedBytes="5208" >
  <allocated-bytes non-tlh="0" tlh="8107136" />
  <largest-consumer threadName="Default Executor-thread-1" threadId="0000000000728900" bytes="8107136" />
</allocation-stats>
<gc-op id="1591" type="scavenge" timems="0.618" contextid="1588" timestamp="2026-09-06T06:51:01.487">
  <scavenger-info tenureage="2" tenuremask="7e04" tiltratio="76" />
  <memory-copied type="nursery" objects="8167" bytes="242728" bytesdiscarded="104408" />
  <memory-copied type="tenure" objects="3526" bytes="102888" bytesdiscarded="712" />
  <ownableSynchronizers candidates="2586" cleared="2582" />
  <object-monitors candidates="19" cleared="0"  />
</gc-op>
<gc-end id="1592" type="scavenge" contextid="1588" durationms="0.774" usertimems="3.108" systemtimems="0.000" stalltimems="1.444" timestamp="2026-09-06T06:51:01.487" activeThreads="6">
  <mem-info id="1593" free="18185680" total="43450368" percent="41">
    <mem type="nursery" free="8631296" total="11141120" percent="77">
      <mem type="allocate" free="8631296" total="8978432" percent="96" />
      <mem type="survivor" free="0" total="2162688" percent="0" />
    </mem>
    <mem type="tenure" free="9554384" total="32309248" percent="29">
      <mem type="soa" free="7938512" total="30693376" percent="25" />
      <mem type="loa" free="1615872" total="1615872" percent="100" />
    </mem>
    <remembered-set count="510" />
  </mem-info>
</gc-end>
<cycle-end id="1594" type="scavenge" contextid="1588" timestamp="2026-09-06T06:51:01.487" />
<allocation-satisfied id="1595" threadId="0000000000728900" bytesRequested="48" />
<af-end id="1596" timestamp="2026-09-06T06:51:01.487" threadId="00000000007293C0" success="true" from="nursery"/>
<exclusive-end id="1597" timestamp="2026-09-06T06:51:01.487" durationms="1.213" />

<exclusive-start id="1598" timestamp="2026-09-06T06:51:01.513" intervalms="27.702">
  <response-info timems="0.015" idlems="0.015" threads="0" lastid="0000000000728900" lastname="Default Executor-thread-1" />
</exclusive-start>
<af-start id="1599" threadId="00000000007293C0" totalBytesRequested="24" timestamp="2026-09-06T06:51:01.514" intervalms="27.695" type="nursery" />
<cycle-start id="1600" type="scavenge" contextid="0" timestamp="2026-09-06T06:51:01.514" intervalms="27.713" />
<gc-start id="1601" type="scavenge" contextid="1600" timestamp="2026-09-06T06:51:01.514">
  <mem-info id="1602" free="9554384" total="43450368" percent="21">
    <mem type="nursery" free="0" total="11141120" percent="0">
      <mem type="allocate" free="0" total="8978432" percent="0" />
      <mem type="survivor" free="0" total="2162688" percent="0" />
    </mem>
    <mem type="tenure" free="9554384" total="32309248" percent="29">
      <mem type="soa" free="7938512" total="30693376" percent="25" />
      <mem type="loa" free="1615872" total="1615872" percent="100" />
    </mem>
    <remembered-set count="631" />
  </mem-info>
</gc-start>
<allocation-stats totalBytes="8628064" discardedBytes="3232" >
  <allocated-bytes non-tlh="48" tlh="8628016" />
  <largest-consumer threadName="Default Executor-thread-1" threadId="0000000000728900" bytes="8628064" />
</allocation-stats>
<gc-op id="1603" type="scavenge" timems="0.605" contextid="1600" timestamp="2026-09-06T06:51:01.514">
  <scavenger-info tenureage="10" tenuremask="7c00" tiltratio="80" />
  <memory-copied type="nursery" objects="18713" bytes="1046880" bytesdiscarded="151064" />
  <object-monitors candidates="19" cleared="0"  />
</gc-op>
<gc-end id="1604" type="scavenge" contextid="1600" durationms="0.782" usertimems="0.921" systemtimems="1.078" stalltimems="0.910" timestamp="2026-09-06T06:51:01.515" activeThreads="5">
  <mem-info id="1605" free="17334872" total="43450368" percent="39">
    <mem type="nursery" free="7780488" total="11141120" percent="69">
      <mem type="allocate" free="7780488" total="8978432" percent="86" />
      <mem type="survivor" free="0" total="2162688" percent="0" />
    </mem>
    <mem type="tenure" free="9554384" total="32309248" percent="29">
      <mem type="soa" free="7938512" total="30693376" percent="25" />
      <mem type="loa" free="1615872" total="1615872" percent="100" />
    </mem>
    <remembered-set count="631" />
  </mem-info>
</gc-end>
<cycle-end id="1606" type="scavenge" contextid="1600" timestamp="2026-09-06T06:51:01.515" />
<allocation-satisfied id="1607" threadId="0000000000728900" bytesRequested="24" />
<af-end id="1608" timestamp="2026-09-06T06:51:01.515" threadId="00000000007293C0" success="true" from="nursery"/>
<exclusive-end id="1609" timestamp="2026-09-06T06:51:01.515" durationms="1.261" />

<exclusive-start id="1610" timestamp="2026-09-06T06:51:01.535" intervalms="21.768">
  <response-info timems="0.014" idlems="0.014" threads="0" lastid="0000000000728900" lastname="Default Executor-thread-1" />
</exclusive-start>
<af-start id="1611" threadId="00000000007293C0" totalBytesRequested="1040" timestamp="2026-09-06T06:51:01.535" intervalms="21.733" type="nursery" />
<cycle-start id="1612" type="scavenge" contextid="0" timestamp="2026-09-06T06:51:01.535" intervalms="21.726" />
<gc-start id="1613" type="scavenge" contextid="1612" timestamp="2026-09-06T06:51:01.535">
  <mem-info id="1614" free="9553736" total="43450368" percent="21">
    <mem type="nursery" free="0" total="11141120" percent="0">
      <mem type="allocate" free="0" total="8978432" percent="0" />
      <mem type="survivor" free="0" total="2162688" percent="0" />
    </mem>
    <mem type="tenure" free="9553736" total="32309248" percent="29">
      <mem type="soa" free="7937864" total="30693376" percent="25" />
      <mem type="loa" free="1615872" total="1615872" percent="100" />
    </mem>
    <remembered-set count="1007" />
  </mem-info>
</gc-start>
<allocation-stats totalBytes="7779040" discardedBytes="2096" >
  <allocated-bytes non-tlh="672" tlh="7778368" />
  <largest-consumer threadName="Default Executor-thread-1" threadId="0000000000728900" bytes="7779040" />
</allocation-stats>
<gc-op id="1615" type="scavenge" timems="0.845" contextid="1612" timestamp="2026-09-06T06:51:01.536">
  <scavenger-info tenureage="10" tenuremask="7c00" tiltratio="80" />
  <memory-copied type="nursery" objects="25356" bytes="868616" bytesdiscarded="143672" />
  <references type="weak" candidates="2" cleared="2" enqueued="2" />
  <object-monitors candidates="19" cleared="0"  />
</gc-op>
<gc-end id="1616" type="scavenge" contextid="1612" durationms="1.065" usertimems="1.741" systemtimems="1.064" stalltimems="1.343" timestamp="2026-09-06T06:51:01.537" activeThreads="5">
  <mem-info id="1617" free="17716472" total="43450368" percent="40">
    <mem type="nursery" free="8162736" total="11141120" percent="73">
      <mem type="allocate" free="8162736" total="9175040" percent="88" />
      <mem type="survivor" free="0" total="1966080" percent="0" />
    </mem>
    <mem type="tenure" free="9553736" total="32309248" percent="29">
      <mem type="soa" free="7937864" total="30693376" percent="25" />
      <mem type="loa" free="1615872" total="1615872" percent="100" />
    </mem>
    <pending-finalizers system="0" default="0" reference="2" classloader="0" />
    <remembered-set count="994" />
  </mem-info>
</gc-end>
<cycle-end id="1618" type="scavenge" contextid="1612" timestamp="2026-09-06T06:51:01.537" />
<allocation-satisfied id="1619" threadId="0000000000728900" bytesRequested="1040" />
<af-end id="1620" timestamp="2026-09-06T06:51:01.537" threadId="00000000007293C0" success="true" from="nursery"/>
<exclusive-end id="1621" timestamp="2026-09-06T06:51:01.537" durationms="1.460" />

<exclusive-start id="1622" timestamp="2026-09-06T06:51:01.555" intervalms="19.647">
  <response-info timems="0.014" idlems="0.014" threads="0" lastid="0000000000728900" lastname="Default Executor-thread-1" />
</exclusive-start>
<af-start id="1623" threadId="00000000007293C0" totalBytesRequested="72" timestamp="2026-09-06T06:51:01.555" intervalms="19.665" type="nursery" />
<cycle-start id="1624" type="scavenge" contextid="0" timestamp="2026-09-06T06:51:01.555" intervalms="19.649" />
<gc-start id="1625" type="scavenge" contextid="1624" timestamp="2026-09-06T06:51:01.555">
  <mem-info id="1626" free="9553432" total="43450368" percent="21">
    <mem type="nursery" free="0" total="11141120" percent="0">
      <mem type="allocate" free="0" total="9175040" percent="0" />
      <mem type="survivor" free="0" total="1966080" percent="0" />
    </mem>
    <mem type="tenure" free="9553432" total="32309248" percent="29">
      <mem type="soa" free="7937560" total="30693376" percent="25" />
      <mem type="loa" free="1615872" total="1615872" percent="100" />
    </mem>
    <remembered-set count="1112" />
  </mem-info>
</gc-start>
<allocation-stats totalBytes="8159560" discardedBytes="3480" >
  <allocated-bytes non-tlh="1344" tlh="8158216" />
  <largest-consumer threadName="Default Executor-thread-1" threadId="0000000000728900" bytes="8159560" />
</allocation-stats>
<gc-op id="1627" type="scavenge" timems="0.831" contextid="1624" timestamp="2026-09-06T06:51:01.556">
  <scavenger-info tenureage="11" tenuremask="7800" tiltratio="82" />
  <memory-copied type="nursery" objects="29092" bytes="1641232" bytesdiscarded="65144" />
  <references type="weak" candidates="1" cleared="1" enqueued="1" />
  <object-monitors candidates="19" cleared="0"  />
</gc-op>
<gc-end id="1628" type="scavenge" contextid="1624" durationms="0.976" usertimems="3.063" systemtimems="0.000" stalltimems="1.102" timestamp="2026-09-06T06:51:01.556" activeThreads="5">
  <mem-info id="1629" free="16366736" total="43450368" percent="37">
    <mem type="nursery" free="6813304" total="11141120" percent="61">
      <mem type="allocate" free="6813304" total="8519680" percent="79" />
      <mem type="survivor" free="0" total="2621440" percent="0" />
    </mem>
    <mem type="tenure" free="9553432" total="32309248" percent="29">
      <mem type="soa" free="7937560" total="30693376" percent="25" />
      <mem type="loa" free="1615872" total="1615872" percent="100" />
    </mem>
    <pending-finalizers system="0" default="0" reference="1" classloader="0" />
    <remembered-set count="1101" />
  </mem-info>
</gc-end>
<cycle-end id="1630" type="scavenge" contextid="1624" timestamp="2026-09-06T06:51:01.556" />
<allocation-satisfied id="1631" threadId="0000000000728900" bytesRequested="72" />
<af-end id="1632" timestamp="2026-09-06T06:51:01.556" threadId="00000000007293C0" success="true" from="nursery"/>
<exclusive-end id="1633" timestamp="2026-09-06T06:51:01.556" durationms="1.363" />

<exclusive-start id="1634" timestamp="2026-09-06T06:51:01.562" intervalms="7.150">
  <response-info timems="0.013" idlems="0.013" threads="0" lastid="0000000000728900" lastname="Default Executor-thread-1" />
</exclusive-start>
<af-start id="1635" threadId="00000000007293C0" totalBytesRequested="1040" timestamp="2026-09-06T06:51:01.562" intervalms="7.117" type="nursery" />
<cycle-start id="1636" type="scavenge" contextid="0" timestamp="2026-09-06T06:51:01.562" intervalms="7.108" />
<gc-start id="1637" type="scavenge" contextid="1636" timestamp="2026-09-06T06:51:01.562">
  <mem-info id="1638" free="9553432" total="43450368" percent="21">
    <mem type="nursery" free="0" total="11141120" percent="0">
      <mem type="allocate" free="0" total="8519680" percent="0" />
      <mem type="survivor" free="0" total="2621440" percent="0" />
    </mem>
    <mem type="tenure" free="9553432" total="32309248" percent="29">
      <mem type="soa" free="7937560" total="30693376" percent="25" />
      <mem type="loa" free="1615872" total="1615872" percent="100" />
    </mem>
    <remembered-set count="1112" />
  </mem-info>
</gc-start>
<allocation-stats totalBytes="6808584" discardedBytes="4720" >
  <allocated-bytes non-tlh="72" tlh="6808512" />
  <largest-consumer threadName="Default Executor-thread-1" threadId="0000000000728900" bytes="6808584" />
</allocation-stats>
<gc-op id="1639" type="scavenge" timems="0.689" contextid="1636" timestamp="2026-09-06T06:51:01.563">
  <scavenger-info tenureage="11" tenuremask="7800" tiltratio="76" />
  <memory-copied type="nursery" objects="24463" bytes="902408" bytesdiscarded="53872" />
  <object-monitors candidates="19" cleared="0"  />
</gc-op>
<heap-resize id="1640" type="expand" space="nursery" amount="786432" count="1" timems="0.018" reason="excessive time being spent scavenging" timestamp="2026-09-06T06:51:01.563" />
<gc-end id="1641" type="scavenge" contextid="1636" durationms="0.878" usertimems="2.602" systemtimems="0.701" stalltimems="1.043" timestamp="2026-09-06T06:51:01.563" activeThreads="5">
  <mem-info id="1642" free="17837728" total="44236800" percent="40">
    <mem type="nursery" free="8284296" total="11927552" percent="69">
      <mem type="allocate" free="8284296" total="9240576" percent="89" />
      <mem type="survivor" free="0" total="2686976" percent="0" />
    </mem>
    <mem type="tenure" free="9553432" total="32309248" percent="29">
      <mem type="soa" free="7937560" total="30693376" percent="25" />
      <mem type="loa" free="1615872" total="1615872" percent="100" />
    </mem>
    <remembered-set count="1103" />
  </mem-info>
</gc-end>
<cycle-end id="1643" type="scavenge" contextid="1636" timestamp="2026-09-06T06:51:01.563" />
<allocation-satisfied id="1644" threadId="0000000000728900" bytesRequested="1040" />
<af-end id="1645" timestamp="2026-09-06T06:51:01.563" threadId="00000000007293C0" success="true" from="nursery"/>
<exclusive-end id="1646" timestamp="2026-09-06T06:51:01.563" durationms="1.186" />

<exclusive-start id="1647" timestamp="2026-09-06T06:51:01.577" intervalms="15.055">
  <response-info timems="0.013" idlems="0.013" threads="0" lastid="0000000000728900" lastname="Default Executor-thread-1" />
</exclusive-start>
<af-start id="1648" threadId="00000000007293C0" totalBytesRequested="264" timestamp="2026-09-06T06:51:01.577" intervalms="15.078" type="nursery" />
<cycle-start id="1649" type="scavenge" contextid="0" timestamp="2026-09-06T06:51:01.577" intervalms="15.103" />
<gc-start id="1650" type="scavenge" contextid="1649" timestamp="2026-09-06T06:51:01.577">
  <mem-info id="1651" free="9553432" total="44236800" percent="21">
    <mem type="nursery" free="0" total="11927552" percent="0">
      <mem type="allocate" free="0" total="9240576" percent="0" />
      <mem type="survivor" free="0" total="2686976" percent="0" />
    </mem>
    <mem type="tenure" free="9553432" total="32309248" percent="29">
      <mem type="soa" free="7937560" total="30693376" percent="25" />
      <mem type="loa" free="1615872" total="1615872" percent="100" />
    </mem>
    <remembered-set count="1221" />
  </mem-info>
</gc-start>
<allocation-stats totalBytes="8282224" discardedBytes="2072" >
  <allocated-bytes non-tlh="1040" tlh="8281184" />
  <largest-consumer threadName="Default Executor-thread-1" threadId="0000000000728900" bytes="8282224" />
</allocation-stats>
<gc-op id="1652" type="scavenge" timems="0.866" contextid="1649" timestamp="2026-09-06T06:51:01.578">
  <scavenger-info tenureage="12" tenuremask="7000" tiltratio="77" />
  <memory-copied type="nursery" objects="34941" bytes="1375648" bytesdiscarded="146248" />
  <object-monitors candidates="19" cleared="0"  />
</gc-op>
<gc-end id="1653" type="scavenge" contextid="1649" durationms="1.014" usertimems="3.316" systemtimems="0.000" stalltimems="0.935" timestamp="2026-09-06T06:51:01.578" activeThreads="5">
  <mem-info id="1654" free="17534256" total="44236800" percent="39">
    <mem type="nursery" free="7980824" total="11927552" percent="66">
      <mem type="allocate" free="7980824" total="9502720" percent="83" />
      <mem type="survivor" free="0" total="2424832" percent="0" />
    </mem>
    <mem type="tenure" free="9553432" total="32309248" percent="29">
      <mem type="soa" free="7937560" total="30693376" percent="25" />
      <mem type="loa" free="1615872" total="1615872" percent="100" />
    </mem>
    <remembered-set count="1216" />
  </mem-info>
</gc-end>
<cycle-end id="1655" type="scavenge" contextid="1649" timestamp="2026-09-06T06:51:01.578" />
<allocation-satisfied id="1656" threadId="0000000000728900" bytesRequested="264" />
<af-end id="1657" timestamp="2026-09-06T06:51:01.578" threadId="00000000007293C0" success="true" from="nursery"/>
<exclusive-end id="1658" timestamp="2026-09-06T06:51:01.578" durationms="1.377" />

<exclusive-start id="1659" timestamp="2026-09-06T06:51:01.587" intervalms="9.736">
  <response-info timems="0.011" idlems="0.011" threads="0" lastid="0000000000728900" lastname="Default Executor-thread-1" />
</exclusive-start>
<af-start id="1660" threadId="00000000007293C0" totalBytesRequested="272" timestamp="2026-09-06T06:51:01.587" intervalms="9.716" type="nursery" />
<cycle-start id="1661" type="scavenge" contextid="0" timestamp="2026-09-06T06:51:01.587" intervalms="9.688" />
<gc-start id="1662" type="scavenge" contextid="1661" timestamp="2026-09-06T06:51:01.587">
  <mem-info id="1663" free="9553432" total="44236800" percent="21">
    <mem type="nursery" free="0" total="11927552" percent="0">
      <mem type="allocate" free="0" total="9502720" percent="0" />
      <mem type="survivor" free="0" total="2424832" percent="0" />
    </mem>
    <mem type="tenure" free="9553432" total="32309248" percent="29">
      <mem type="soa" free="7937560" total="30693376" percent="25" />
      <mem type="loa" free="1615872" total="1615872" percent="100" />
    </mem>
    <remembered-set count="1260" />
  </mem-info>
</gc-start>
<allocation-stats totalBytes="7978600" discardedBytes="2224" >
  <allocated-bytes non-tlh="264" tlh="7978336" />
  <largest-consumer threadName="Default Executor-thread-1" threadId="0000000000728900" bytes="7978600" />
</allocation-stats>
<gc-op id="1664" type="scavenge" timems="0.734" contextid="1661" timestamp="2026-09-06T06:51:01.588">
  <scavenger-info tenureage="7" tenuremask="7080" tiltratio="79" />
  <memory-copied type="nursery" objects="26167" bytes="902232" bytesdiscarded="104168" />
  <memory-copied type="tenure" objects="2977" bytes="82120" bytesdiscarded="56" />
  <object-monitors candidates="19" cleared="0"  />
</gc-op>
<heap-resize id="1665" type="expand" space="nursery" amount="655360" count="1" timems="0.014" reason="excessive time being spent scavenging" timestamp="2026-09-06T06:51:01.588" />
<gc-end id="1666" type="scavenge" contextid="1661" durationms="0.938" usertimems="2.985" systemtimems="0.000" stalltimems="1.251" timestamp="2026-09-06T06:51:01.588" activeThreads="6">
  <mem-info id="1667" free="18641040" total="44892160" percent="41">
    <mem type="nursery" free="9217216" total="12582912" percent="73">
      <mem type="allocate" free="9217216" total="10223616" percent="90" />
      <mem type="survivor" free="0" total="2359296" percent="0" />
    </mem>
    <mem type="tenure" free="9423824" total="32309248" percent="29">
      <mem type="soa" free="7807952" total="30693376" percent="25" />
      <mem type="loa" free="1615872" total="1615872" percent="100" />
    </mem>
    <remembered-set count="1127" />
  </mem-info>
</gc-end>
<cycle-end id="1668" type="scavenge" contextid="1661" timestamp="2026-09-06T06:51:01.588" />
<allocation-satisfied id="1669" threadId="0000000000728900" bytesRequested="272" />
<af-end id="1670" timestamp="2026-09-06T06:51:01.588" threadId="00000000007293C0" success="true" from="nursery"/>
<exclusive-end id="1671" timestamp="2026-09-06T06:51:01.588" durationms="1.241" />

<exclusive-start id="1672" timestamp="2026-09-06T06:51:01.596" intervalms="9.408">
  <response-info timems="0.011" idlems="0.011" threads="0" lastid="0000000000728900" lastname="Default Executor-thread-1" />
</exclusive-start>
<af-start id="1673" threadId="00000000007293C0" totalBytesRequested="16" timestamp="2026-09-06T06:51:01.596" intervalms="9.404" type="nursery" />
<cycle-start id="1674" type="scavenge" contextid="0" timestamp="2026-09-06T06:51:01.596" intervalms="9.406" />
<gc-start id="1675" type="scavenge" contextid="1674" timestamp="2026-09-06T06:51:01.596">
  <mem-info id="1676" free="9423824" total="44892160" percent="20">
    <mem type="nursery" free="0" total="12582912" percent="0">
      <mem type="allocate" free="0" total="10223616" percent="0" />
      <mem type="survivor" free="0" total="2359296" percent="0" />
    </mem>
    <mem type="tenure" free="9423824" total="32309248" percent="29">
      <mem type="soa" free="7807952" total="30693376" percent="25" />
      <mem type="loa" free="1615872" total="1615872" percent="100" />
    </mem>
    <remembered-set count="1158" />
  </mem-info>
</gc-start>
<allocation-stats totalBytes="9213328" discardedBytes="3888" >
  <allocated-bytes non-tlh="272" tlh="9213056" />
  <largest-consumer threadName="Default Executor-thread-1" threadId="0000000000728900" bytes="9213328" />
</allocation-stats>
<gc-op id="1677" type="scavenge" timems="0.784" contextid="1674" timestamp="2026-09-06T06:51:01.597">
  <scavenger-info tenureage="13" tenuremask="6000" tiltratio="81" />
  <memory-copied type="nursery" objects="28122" bytes="951992" bytesdiscarded="79496" />
  <object-monitors candidates="19" cleared="0"  />
</gc-op>
<heap-resize id="1678" type="expand" space="nursery" amount="655360" count="1" timems="0.015" reason="excessive time being spent scavenging" timestamp="2026-09-06T06:51:01.597" />
<gc-end id="1679" type="scavenge" contextid="1674" durationms="0.991" usertimems="2.033" systemtimems="1.122" stalltimems="1.466" timestamp="2026-09-06T06:51:01.597" activeThreads="6">
  <mem-info id="1680" free="19467920" total="45547520" percent="42">
    <mem type="nursery" free="10044096" total="13238272" percent="75">
      <mem type="allocate" free="10044096" total="11075584" percent="90" />
      <mem type="survivor" free="0" total="2162688" percent="0" />
    </mem>
    <mem type="tenure" free="9423824" total="32309248" percent="29">
      <mem type="soa" free="7807952" total="30693376" percent="25" />
      <mem type="loa" free="1615872" total="1615872" percent="100" />
    </mem>
    <remembered-set count="1158" />
  </mem-info>
</gc-end>
<cycle-end id="1681" type="scavenge" contextid="1674" timestamp="2026-09-06T06:51:01.597" />
<allocation-satisfied id="1682" threadId="0000000000728900" bytesRequested="16" />
<af-end id="1683" timestamp="2026-09-06T06:51:01.598" threadId="00000000007293C0" success="true" from="nursery"/>
<exclusive-end id="1684" timestamp="2026-09-06T06:51:01.598" durationms="1.349" />

<exclusive-start id="1685" timestamp="2026-09-06T06:51:01.612" intervalms="15.851">
  <response-info timems="0.019" idlems="0.019" threads="0" lastid="0000000000728900" lastname="Default Executor-thread-1" />
</exclusive-start>
<af-start id="1686" threadId="00000000007293C0" totalBytesRequested="528" timestamp="2026-09-06T06:51:01.612" intervalms="15.869" type="nursery" />
<cycle-start id="1687" type="scavenge" contextid="0" timestamp="2026-09-06T06:51:01.612" intervalms="15.870" />
<gc-start id="1688" type="scavenge" contextid="1687" timestamp="2026-09-06T06:51:01.612">
  <mem-info id="1689" free="9423824" total="45547520" percent="20">
    <mem type="nursery" free="0" total="13238272" percent="0">
      <mem type="allocate" free="0" total="11075584" percent="0" />
      <mem type="survivor" free="0" total="2162688" percent="0" />
    </mem>
    <mem type="tenure" free="9423824" total="32309248" percent="29">
      <mem type="soa" free="7807952" total="30693376" percent="25" />
      <mem type="loa" free="1615872" total="1615872" percent="100" />
    </mem>
    <remembered-set count="1315" />
  </mem-info>
</gc-start>
<allocation-stats totalBytes="10038264" discardedBytes="5832" >
  <allocated-bytes non-tlh="16" tlh="10038248" />
  <largest-consumer threadName="Default Executor-thread-1" threadId="0000000000728900" bytes="10038264" />
</allocation-stats>
<gc-op id="1690" type="scavenge" timems="0.856" contextid="1687" timestamp="2026-09-06T06:51:01.613">
  <scavenger-info tenureage="6" tenuremask="4040" tiltratio="83" />
  <memory-copied type="nursery" objects="28209" bytes="1132880" bytesdiscarded="109632" />
  <memory-copied type="tenure" objects="5616" bytes="151088" bytesdiscarded="96" />
  <object-monitors candidates="19" cleared="0"  />
</gc-op>
<gc-end id="1691" type="scavenge" contextid="1687" durationms="0.996" usertimems="3.422" systemtimems="0.000" stalltimems="1.520" timestamp="2026-09-06T06:51:01.613" activeThreads="6">
  <mem-info id="1692" free="19364640" total="45547520" percent="42">
    <mem type="nursery" free="10095216" total="13238272" percent="76">
      <mem type="allocate" free="10095216" total="11337728" percent="89" />
      <mem type="survivor" free="0" total="1900544" percent="0" />
    </mem>
    <mem type="tenure" free="9269424" total="32309248" percent="28">
      <mem type="soa" free="7653552" total="30693376" percent="24" />
      <mem type="loa" free="1615872" total="1615872" percent="100" />
    </mem>
    <remembered-set count="966" />
  </mem-info>
</gc-end>
<cycle-end id="1693" type="scavenge" contextid="1687" timestamp="2026-09-06T06:51:01.613" />
<allocation-satisfied id="1694" threadId="0000000000728900" bytesRequested="528" />
<af-end id="1695" timestamp="2026-09-06T06:51:01.613" threadId="00000000007293C0" success="true" from="nursery"/>
<exclusive-end id="1696" timestamp="2026-09-06T06:51:01.613" durationms="1.321" />

<exclusive-start id="1697" timestamp="2026-09-06T06:51:01.625" intervalms="12.453">
  <response-info timems="0.010" idlems="0.010" threads="0" lastid="0000000000728900" lastname="Default Executor-thread-1" />
</exclusive-start>
<af-start id="1698" threadId="00000000007293C0" totalBytesRequested="40" timestamp="2026-09-06T06:51:01.625" intervalms="12.440" type="nursery" />
<cycle-start id="1699" type="scavenge" contextid="0" timestamp="2026-09-06T06:51:01.625" intervalms="12.437" />
<gc-start id="1700" type="scavenge" contextid="1699" timestamp="2026-09-06T06:51:01.625">
  <mem-info id="1701" free="9269304" total="45547520" percent="20">
    <mem type="nursery" free="0" total="13238272" percent="0">
      <mem type="allocate" free="0" total="11337728" percent="0" />
      <mem type="survivor" free="0" total="1900544" percent="0" />
    </mem>
    <mem type="tenure" free="9269304" total="32309248" percent="28">
      <mem type="soa" free="7653432" total="30693376" percent="24" />
      <mem type="loa" free="1615872" total="1615872" percent="100" />
    </mem>
    <remembered-set count="1056" />
  </mem-info>
</gc-start>
<allocation-stats totalBytes="10091944" discardedBytes="3392" >
  <allocated-bytes non-tlh="648" tlh="10091296" />
  <largest-consumer threadName="Default Executor-thread-1" threadId="0000000000728900" bytes="10091944" />
</allocation-stats>
<gc-op id="1702" type="scavenge" timems="0.865" contextid="1699" timestamp="2026-09-06T06:51:01.626">
  <scavenger-info tenureage="14" tenuremask="4000" tiltratio="85" />
  <memory-copied type="nursery" objects="33144" bytes="1584304" bytesdiscarded="53352" />
  <finalization candidates="1" enqueued="1" />
  <object-monitors candidates="19" cleared="0"  />
</gc-op>
<heap-resize id="1703" type="expand" space="nursery" amount="655360" count="1" timems="0.014" reason="excessive time being spent scavenging" timestamp="2026-09-06T06:51:01.626" />
<gc-end id="1704" type="scavenge" contextid="1699" durationms="1.067" usertimems="2.218" systemtimems="1.098" stalltimems="1.754" timestamp="2026-09-06T06:51:01.626" activeThreads="6">
  <mem-info id="1705" free="19100448" total="46202880" percent="41">
    <mem type="nursery" free="9831144" total="13893632" percent="70">
      <mem type="allocate" free="9831144" total="11468800" percent="85" />
      <mem type="survivor" free="0" total="2424832" percent="0" />
    </mem>
    <mem type="tenure" free="9269304" total="32309248" percent="28">
      <mem type="soa" free="7653432" total="30693376" percent="24" />
      <mem type="loa" free="1615872" total="1615872" percent="100" />
    </mem>
    <pending-finalizers system="1" default="0" reference="0" classloader="0" />
    <remembered-set count="1031" />
  </mem-info>
</gc-end>
<cycle-end id="1706" type="scavenge" contextid="1699" timestamp="2026-09-06T06:51:01.626" />
<allocation-satisfied id="1707" threadId="0000000000728900" bytesRequested="40" />
<af-end id="1708" timestamp="2026-09-06T06:51:01.626" threadId="00000000007293C0" success="true" from="nursery"/>
<exclusive-end id="1709" timestamp="2026-09-06T06:51:01.626" durationms="1.380" />

<exclusive-start id="1710" timestamp="2026-09-06T06:51:01.636" intervalms="11.702">
  <response-info timems="0.013" idlems="0.013" threads="0" lastid="0000000000728900" lastname="Default Executor-thread-1" />
</exclusive-start>
<af-start id="1711" threadId="00000000007293C0" totalBytesRequested="40" timestamp="2026-09-06T06:51:01.636" intervalms="11.720" type="nursery" />
<cycle-start id="1712" type="scavenge" contextid="0" timestamp="2026-09-06T06:51:01.636" intervalms="11.733" />
<gc-start id="1713" type="scavenge" contextid="1712" timestamp="2026-09-06T06:51:01.636">
  <mem-info id="1714" free="9269304" total="46202880" percent="20">
    <mem type="nursery" free="0" total="13893632" percent="0">
      <mem type="allocate" free="0" total="11468800" percent="0" />
      <mem type="survivor" free="0" total="2424832" percent="0" />
    </mem>
    <mem type="tenure" free="9269304" total="32309248" percent="28">
      <mem type="soa" free="7653432" total="30693376" percent="24" />
      <mem type="loa" free="1615872" total="1615872" percent="100" />
    </mem>
    <remembered-set count="1114" />
  </mem-info>
</gc-start>
<allocation-stats totalBytes="9827008" discardedBytes="4136" >
  <allocated-bytes non-tlh="40" tlh="9826968" />
  <largest-consumer threadName="Default Executor-thread-1" threadId="0000000000728900" bytes="9827008" />
</allocation-stats>
<gc-op id="1715" type="scavenge" timems="0.988" contextid="1712" timestamp="2026-09-06T06:51:01.638">
  <scavenger-info tenureage="14" tenuremask="4000" tiltratio="82" />
  <memory-copied type="nursery" objects="38482" bytes="1990704" bytesdiscarded="208472" />
  <object-monitors candidates="19" cleared="0"  />
</gc-op>
<heap-resize id="1716" type="expand" space="nursery" amount="655360" count="1" timems="0.012" reason="excessive time being spent scavenging" timestamp="2026-09-06T06:51:01.638" />
<gc-end id="1717" type="scavenge" contextid="1712" durationms="1.189" usertimems="3.717" systemtimems="0.128" stalltimems="1.923" timestamp="2026-09-06T06:51:01.638" activeThreads="6">
  <mem-info id="1718" free="18801072" total="46858240" percent="40">
    <mem type="nursery" free="9531768" total="14548992" percent="65">
      <mem type="allocate" free="9531768" total="11730944" percent="81" />
      <mem type="survivor" free="0" total="2818048" percent="0" />
    </mem>
    <mem type="tenure" free="9269304" total="32309248" percent="28">
      <mem type="soa" free="7653432" total="30693376" percent="24" />
      <mem type="loa" free="1615872" total="1615872" percent="100" />
    </mem>
    <remembered-set count="1114" />
  </mem-info>
</gc-end>
<cycle-end id="1719" type="scavenge" contextid="1712" timestamp="2026-09-06T06:51:01.638" />
<allocation-satisfied id="1720" threadId="0000000000728900" bytesRequested="40" />
<af-end id="1721" timestamp="2026-09-06T06:51:01.638" threadId="00000000007293C0" success="true" from="nursery"/>
<exclusive-end id="1722" timestamp="2026-09-06T06:51:01.638" durationms="1.534" />

<exclusive-start id="1723" timestamp="2026-09-06T06:51:01.656" intervalms="20.208">
  <response-info timems="0.013" idlems="0.013" threads="0" lastid="0000000000728900" lastname="Default Executor-thread-1" />
</exclusive-start>
<af-start id="1724" threadId="00000000007293C0" totalBytesRequested="1040" timestamp="2026-09-06T06:51:01.657" intervalms="20.213" type="nursery" />
<cycle-start id="1725" type="scavenge" contextid="0" timestamp="2026-09-06T06:51:01.657" intervalms="20.217" />
<gc-start id="1726" type="scavenge" contextid="1725" timestamp="2026-09-06T06:51:01.657">
  <mem-info id="1727" free="9269304" total="46858240" percent="19">
    <mem type="nursery" free="0" total="14548992" percent="0">
      <mem type="allocate" free="0" total="11730944" percent="0" />
      <mem type="survivor" free="0" total="2818048" percent="0" />
    </mem>
    <mem type="tenure" free="9269304" total="32309248" percent="28">
      <mem type="soa" free="7653432" total="30693376" percent="24" />
      <mem type="loa" free="1615872" total="1615872" percent="100" />
    </mem>
    <remembered-set count="1410" />
  </mem-info>
</gc-start>
<allocation-stats totalBytes="9530072" discardedBytes="1696" >
  <allocated-bytes non-tlh="40" tlh="9530032" />
  <largest-consumer threadName="Default Executor-thread-1" threadId="0000000000728900" bytes="9530072" />
</allocation-stats>
<gc-op id="1728" type="scavenge" timems="1.166" contextid="1725" timestamp="2026-09-06T06:51:01.658">
  <scavenger-info tenureage="14" tenuremask="4000" tiltratio="80" />
  <memory-copied type="nursery" objects="50636" bytes="2245520" bytesdiscarded="411864" />
  <object-monitors candidates="19" cleared="0"  />
</gc-op>
<gc-end id="1729" type="scavenge" contextid="1725" durationms="1.325" usertimems="5.252" systemtimems="0.000" stalltimems="1.420" timestamp="2026-09-06T06:51:01.658" activeThreads="6">
  <mem-info id="1730" free="18342856" total="46858240" percent="39">
    <mem type="nursery" free="9073552" total="14548992" percent="62">
      <mem type="allocate" free="9073552" total="11730944" percent="77" />
      <mem type="survivor" free="0" total="2818048" percent="0" />
    </mem>
    <mem type="tenure" free="9269304" total="32309248" percent="28">
      <mem type="soa" free="7653432" total="30693376" percent="24" />
      <mem type="loa" free="1615872" total="1615872" percent="100" />
    </mem>
    <remembered-set count="1410" />
  </mem-info>
</gc-end>
<cycle-end id="1731" type="scavenge" contextid="1725" timestamp="2026-09-06T06:51:01.658" />
<allocation-satisfied id="1732" threadId="0000000000728900" bytesRequested="1040" />
<af-end id="1733" timestamp="2026-09-06T06:51:01.658" threadId="00000000007293C0" success="true" from="nursery"/>
<exclusive-end id="1734" timestamp="2026-09-06T06:51:01.658" durationms="1.687" />

<exclusive-start id="1735" timestamp="2026-09-06T06:51:01.673" intervalms="16.379">
  <response-info timems="0.014" idlems="0.014" threads="0" lastid="0000000000728900" lastname="Default Executor-thread-1" />
</exclusive-start>
<af-start id="1736" threadId="00000000007293C0" totalBytesRequested="16" timestamp="2026-09-06T06:51:01.673" intervalms="16.366" type="nursery" />
<cycle-start id="1737" type="scavenge" contextid="0" timestamp="2026-09-06T06:51:01.673" intervalms="16.358" />
<gc-start id="1738" type="scavenge" contextid="1737" timestamp="2026-09-06T06:51:01.673">
  <mem-info id="1739" free="9269304" total="46858240" percent="19">
    <mem type="nursery" free="0" total="14548992" percent="0">
      <mem type="allocate" free="0" total="11730944" percent="0" />
      <mem type="survivor" free="0" total="2818048" percent="0" />
    </mem>
    <mem type="tenure" free="9269304" total="32309248" percent="28">
      <mem type="soa" free="7653432" total="30693376" percent="24" />
      <mem type="loa" free="1615872" total="1615872" percent="100" />
    </mem>
    <remembered-set count="1513" />
  </mem-info>
</gc-start>
<allocation-stats totalBytes="9070032" discardedBytes="3520" >
  <allocated-bytes non-tlh="1040" tlh="9068992" />
  <largest-consumer threadName="Default Executor-thread-1" threadId="0000000000728900" bytes="9070032" />
</allocation-stats>
<gc-op id="1740" type="scavenge" timems="0.865" contextid="1737" timestamp="2026-09-06T06:51:01.674">
  <scavenger-info tenureage="12" tenuremask="5000" tiltratio="80" />
  <memory-copied type="nursery" objects="35717" bytes="1042336" bytesdiscarded="110432" />
  <memory-copied type="tenure" objects="2819" bytes="79376" bytesdiscarded="120" />
  <object-monitors candidates="19" cleared="0"  />
</gc-op>
<heap-resize id="1741" type="expand" space="nursery" amount="655360" count="1" timems="0.017" reason="excessive time being spent scavenging" timestamp="2026-09-06T06:51:01.674" />
<gc-end id="1742" type="scavenge" contextid="1737" durationms="1.079" usertimems="4.296" systemtimems="0.000" stalltimems="1.603" timestamp="2026-09-06T06:51:01.674" activeThreads="7">
  <mem-info id="1743" free="20296240" total="47513600" percent="42">
    <mem type="nursery" free="11102464" total="15204352" percent="73">
      <mem type="allocate" free="11102464" total="12255232" percent="90" />
      <mem type="survivor" free="0" total="2949120" percent="0" />
    </mem>
    <mem type="tenure" free="9193776" total="32309248" percent="28">
      <mem type="soa" free="7577904" total="30693376" percent="24" />
      <mem type="loa" free="1615872" total="1615872" percent="100" />
    </mem>
    <remembered-set count="1435" />
  </mem-info>
</gc-end>
<cycle-end id="1744" type="scavenge" contextid="1737" timestamp="2026-09-06T06:51:01.674" />
<allocation-satisfied id="1745" threadId="0000000000728900" bytesRequested="16" />
<af-end id="1746" timestamp="2026-09-06T06:51:01.674" threadId="00000000007293C0" success="true" from="nursery"/>
<exclusive-end id="1747" timestamp="2026-09-06T06:51:01.674" durationms="1.424" />

<exclusive-start id="1748" timestamp="2026-09-06T06:51:01.687" intervalms="14.196">
  <response-info timems="0.012" idlems="0.012" threads="0" lastid="0000000000728900" lastname="Default Executor-thread-1" />
</exclusive-start>
<af-start id="1749" threadId="00000000007293C0" totalBytesRequested="40" timestamp="2026-09-06T06:51:01.687" intervalms="14.245" type="nursery" />
<cycle-start id="1750" type="scavenge" contextid="0" timestamp="2026-09-06T06:51:01.687" intervalms="14.249" />
<gc-start id="1751" type="scavenge" contextid="1750" timestamp="2026-09-06T06:51:01.687">
  <mem-info id="1752" free="9193776" total="47513600" percent="19">
    <mem type="nursery" free="0" total="15204352" percent="0">
      <mem type="allocate" free="0" total="12255232" percent="0" />
      <mem type="survivor" free="0" total="2949120" percent="0" />
    </mem>
    <mem type="tenure" free="9193776" total="32309248" percent="28">
      <mem type="soa" free="7577904" total="30693376" percent="24" />
      <mem type="loa" free="1615872" total="1615872" percent="100" />
    </mem>
    <remembered-set count="1487" />
  </mem-info>
</gc-start>
<allocation-stats totalBytes="11099096" discardedBytes="3368" >
  <allocated-bytes non-tlh="16" tlh="11099080" />
  <largest-consumer threadName="Default Executor-thread-1" threadId="0000000000728900" bytes="11099096" />
</allocation-stats>
<gc-op id="1753" type="scavenge" timems="0.901" contextid="1750" timestamp="2026-09-06T06:51:01.688">
  <scavenger-info tenureage="14" tenuremask="4000" tiltratio="80" />
  <memory-copied type="nursery" objects="41683" bytes="1570696" bytesdiscarded="155904" />
  <object-monitors candidates="19" cleared="0"  />
</gc-op>
<gc-end id="1754" type="scavenge" contextid="1750" durationms="1.056" usertimems="3.812" systemtimems="0.645" stalltimems="1.559" timestamp="2026-09-06T06:51:01.688" activeThreads="7">
  <mem-info id="1755" free="19984552" total="47513600" percent="42">
    <mem type="nursery" free="10790776" total="15204352" percent="70">
      <mem type="allocate" free="10790776" total="12517376" percent="86" />
      <mem type="survivor" free="0" total="2686976" percent="0" />
    </mem>
    <mem type="tenure" free="9193776" total="32309248" percent="28">
      <mem type="soa" free="7577904" total="30693376" percent="24" />
      <mem type="loa" free="1615872" total="1615872" percent="100" />
    </mem>
    <remembered-set count="1487" />
  </mem-info>
</gc-end>
<cycle-end id="1756" type="scavenge" contextid="1750" timestamp="2026-09-06T06:51:01.688" />
<allocation-satisfied id="1757" threadId="0000000000728900" bytesRequested="40" />
<af-end id="1758" timestamp="2026-09-06T06:51:01.688" threadId="00000000007293C0" success="true" from="nursery"/>
<exclusive-end id="1759" timestamp="2026-09-06T06:51:01.689" durationms="1.475" />

<exclusive-start id="1760" timestamp="2026-09-06T06:51:01.699" intervalms="12.073">
  <response-info timems="0.016" idlems="0.016" threads="0" lastid="0000000000728900" lastname="Default Executor-thread-1" />
</exclusive-start>
<af-start id="1761" threadId="00000000007293C0" totalBytesRequested="528" timestamp="2026-09-06T06:51:01.699" intervalms="12.012" type="nursery" />
<cycle-start id="1762" type="scavenge" contextid="0" timestamp="2026-09-06T06:51:01.699" intervalms="11.997" />
<gc-start id="1763" type="scavenge" contextid="1762" timestamp="2026-09-06T06:51:01.699">
  <mem-info id="1764" free="9193776" total="47513600" percent="19">
    <mem type="nursery" free="0" total="15204352" percent="0">
      <mem type="allocate" free="0" total="12517376" percent="0" />
      <mem type="survivor" free="0" total="2686976" percent="0" />
    </mem>
    <mem type="tenure" free="9193776" total="32309248" percent="28">
      <mem type="soa" free="7577904" total="30693376" percent="24" />
      <mem type="loa" free="1615872" total="1615872" percent="100" />
    </mem>
    <remembered-set count="1522" />
  </mem-info>
</gc-start>
<allocation-stats totalBytes="10786640" discardedBytes="4136" >
  <allocated-bytes non-tlh="40" tlh="10786600" />
  <largest-consumer threadName="Default Executor-thread-1" threadId="0000000000728900" bytes="10786640" />
</allocation-stats>
<gc-op id="1765" type="scavenge" timems="0.938" contextid="1762" timestamp="2026-09-06T06:51:01.700">
  <scavenger-info tenureage="14" tenuremask="4000" tiltratio="82" />
  <memory-copied type="nursery" objects="45913" bytes="2153056" bytesdiscarded="110288" />
  <object-monitors candidates="19" cleared="0"  />
</gc-op>
<heap-resize id="1766" type="expand" space="nursery" amount="917504" count="1" timems="0.014" reason="excessive time being spent scavenging" timestamp="2026-09-06T06:51:01.700" />
<gc-end id="1767" type="scavenge" contextid="1762" durationms="1.127" usertimems="3.842" systemtimems="1.069" stalltimems="1.583" timestamp="2026-09-06T06:51:01.700" activeThreads="7">
  <mem-info id="1768" free="19775488" total="48431104" percent="40">
    <mem type="nursery" free="10581712" total="16121856" percent="65">
      <mem type="allocate" free="10581712" total="12845056" percent="82" />
      <mem type="survivor" free="0" total="3276800" percent="0" />
    </mem>
    <mem type="tenure" free="9193776" total="32309248" percent="28">
      <mem type="soa" free="7577904" total="30693376" percent="24" />
      <mem type="loa" free="1615872" total="1615872" percent="100" />
    </mem>
    <remembered-set count="1522" />
  </mem-info>
</gc-end>
<cycle-end id="1769" type="scavenge" contextid="1762" timestamp="2026-09-06T06:51:01.700" />
<allocation-satisfied id="1770" threadId="0000000000728900" bytesRequested="528" />
<af-end id="1771" timestamp="2026-09-06T06:51:01.701" threadId="00000000007293C0" success="true" from="nursery"/>
<exclusive-end id="1772" timestamp="2026-09-06T06:51:01.701" durationms="1.475" />

<exclusive-start id="1773" timestamp="2026-09-06T06:51:01.710" intervalms="10.633">
  <response-info timems="0.013" idlems="0.013" threads="0" lastid="0000000000728900" lastname="Default Executor-thread-1" />
</exclusive-start>
<af-start id="1774" threadId="00000000007293C0" totalBytesRequested="1040" timestamp="2026-09-06T06:51:01.710" intervalms="10.632" type="nursery" />
<cycle-start id="1775" type="scavenge" contextid="0" timestamp="2026-09-06T06:51:01.710" intervalms="10.631" />
<gc-start id="1776" type="scavenge" contextid="1775" timestamp="2026-09-06T06:51:01.710">
  <mem-info id="1777" free="9193776" total="48431104" percent="18">
    <mem type="nursery" free="0" total="16121856" percent="0">
      <mem type="allocate" free="0" total="12845056" percent="0" />
      <mem type="survivor" free="0" total="3276800" percent="0" />
    </mem>
    <mem type="tenure" free="9193776" total="32309248" percent="28">
      <mem type="soa" free="7577904" total="30693376" percent="24" />
      <mem type="loa" free="1615872" total="1615872" percent="100" />
    </mem>
    <remembered-set count="1569" />
  </mem-info>
</gc-start>
<allocation-stats totalBytes="10578176" discardedBytes="3536" >
  <allocated-bytes non-tlh="528" tlh="10577648" />
  <largest-consumer threadName="Default Executor-thread-1" threadId="0000000000728900" bytes="10578176" />
</allocation-stats>
<gc-op id="1778" type="scavenge" timems="0.854" contextid="1775" timestamp="2026-09-06T06:51:01.711">
  <scavenger-info tenureage="14" tenuremask="4000" tiltratio="79" />
  <memory-copied type="nursery" objects="39877" bytes="1411816" bytesdiscarded="210376" />
  <memory-copied type="tenure" objects="3064" bytes="86696" bytesdiscarded="488" />
  <object-monitors candidates="19" cleared="0"  />
</gc-op>
<heap-resize id="1779" type="expand" space="nursery" amount="655360" count="1" timems="0.016" reason="excessive time being spent scavenging" timestamp="2026-09-06T06:51:01.711" />
<gc-end id="1780" type="scavenge" contextid="1775" durationms="1.039" usertimems="4.760" systemtimems="0.000" stalltimems="1.830" timestamp="2026-09-06T06:51:01.711" activeThreads="8">
  <mem-info id="1781" free="21127184" total="49086464" percent="43">
    <mem type="nursery" free="12074832" total="16777216" percent="71">
      <mem type="allocate" free="12074832" total="13697024" percent="88" />
      <mem type="survivor" free="0" total="3080192" percent="0" />
    </mem>
    <mem type="tenure" free="9052352" total="32309248" percent="28">
      <mem type="soa" free="7436480" total="30693376" percent="24" />
      <mem type="loa" free="1615872" total="1615872" percent="100" />
    </mem>
    <remembered-set count="1440" />
  </mem-info>
</gc-end>
<cycle-end id="1782" type="scavenge" contextid="1775" timestamp="2026-09-06T06:51:01.711" />
<allocation-satisfied id="1783" threadId="0000000000728900" bytesRequested="1040" />
<af-end id="1784" timestamp="2026-09-06T06:51:01.711" threadId="00000000007293C0" success="true" from="nursery"/>
<exclusive-end id="1785" timestamp="2026-09-06T06:51:01.711" durationms="1.348" />

<exclusive-start id="1786" timestamp="2026-09-06T06:51:01.730" intervalms="20.688">
  <response-info timems="0.016" idlems="0.016" threads="0" lastid="0000000000728900" lastname="Default Executor-thread-1" />
</exclusive-start>
<af-start id="1787" threadId="00000000007293C0" totalBytesRequested="2064" timestamp="2026-09-06T06:51:01.731" intervalms="20.732" type="nursery" />
<cycle-start id="1788" type="scavenge" contextid="0" timestamp="2026-09-06T06:51:01.731" intervalms="20.761" />
<gc-start id="1789" type="scavenge" contextid="1788" timestamp="2026-09-06T06:51:01.731">
  <mem-info id="1790" free="9052352" total="49086464" percent="18">
    <mem type="nursery" free="0" total="16777216" percent="0">
      <mem type="allocate" free="0" total="13697024" percent="0" />
      <mem type="survivor" free="0" total="3080192" percent="0" />
    </mem>
    <mem type="tenure" free="9052352" total="32309248" percent="28">
      <mem type="soa" free="7436480" total="30693376" percent="24" />
      <mem type="loa" free="1615872" total="1615872" percent="100" />
    </mem>
    <remembered-set count="1555" />
  </mem-info>
</gc-start>
<allocation-stats totalBytes="12071616" discardedBytes="3216" >
  <allocated-bytes non-tlh="1040" tlh="12070576" />
  <largest-consumer threadName="Default Executor-thread-1" threadId="0000000000728900" bytes="12071616" />
</allocation-stats>
<gc-op id="1791" type="scavenge" timems="1.022" contextid="1788" timestamp="2026-09-06T06:51:01.732">
  <scavenger-info tenureage="14" tenuremask="4000" tiltratio="81" />
  <memory-copied type="nursery" objects="46748" bytes="1460152" bytesdiscarded="133304" />
  <object-monitors candidates="19" cleared="0"  />
</gc-op>
<gc-end id="1792" type="scavenge" contextid="1788" durationms="1.180" usertimems="5.854" systemtimems="0.919" stalltimems="2.192" timestamp="2026-09-06T06:51:01.732" activeThreads="8">
  <mem-info id="1793" free="21549136" total="49086464" percent="43">
    <mem type="nursery" free="12496784" total="16777216" percent="74">
      <mem type="allocate" free="12496784" total="14090240" percent="88" />
      <mem type="survivor" free="0" total="2686976" percent="0" />
    </mem>
    <mem type="tenure" free="9052352" total="32309248" percent="28">
      <mem type="soa" free="7436480" total="30693376" percent="24" />
      <mem type="loa" free="1615872" total="1615872" percent="100" />
    </mem>
    <remembered-set count="1554" />
  </mem-info>
</gc-end>
<cycle-end id="1794" type="scavenge" contextid="1788" timestamp="2026-09-06T06:51:01.732" />
<allocation-satisfied id="1795" threadId="0000000000728900" bytesRequested="2064" />
<af-end id="1796" timestamp="2026-09-06T06:51:01.732" threadId="00000000007293C0" success="true" from="nursery"/>
<exclusive-end id="1797" timestamp="2026-09-06T06:51:01.732" durationms="1.596" />

<exclusive-start id="1798" timestamp="2026-09-06T06:51:01.764" intervalms="33.729">
  <response-info timems="0.015" idlems="0.015" threads="0" lastid="0000000000728900" lastname="Default Executor-thread-1" />
</exclusive-start>
<af-start id="1799" threadId="00000000007293C0" totalBytesRequested="40" timestamp="2026-09-06T06:51:01.764" intervalms="33.737" type="nursery" />
<cycle-start id="1800" type="scavenge" contextid="0" timestamp="2026-09-06T06:51:01.764" intervalms="33.736" />
<gc-start id="1801" type="scavenge" contextid="1800" timestamp="2026-09-06T06:51:01.764">
  <mem-info id="1802" free="9052352" total="49086464" percent="18">
    <mem type="nursery" free="0" total="16777216" percent="0">
      <mem type="allocate" free="0" total="14090240" percent="0" />
      <mem type="survivor" free="0" total="2686976" percent="0" />
    </mem>
    <mem type="tenure" free="9052352" total="32309248" percent="28">
      <mem type="soa" free="7436480" total="30693376" percent="24" />
      <mem type="loa" free="1615872" total="1615872" percent="100" />
    </mem>
    <remembered-set count="1568" />
  </mem-info>
</gc-start>
<allocation-stats totalBytes="12493408" discardedBytes="3376" >
  <allocated-bytes non-tlh="2064" tlh="12491344" />
  <largest-consumer threadName="Default Executor-thread-1" threadId="0000000000728900" bytes="12493408" />
</allocation-stats>
<gc-op id="1803" type="scavenge" timems="1.144" contextid="1800" timestamp="2026-09-06T06:51:01.766">
  <scavenger-info tenureage="14" tenuremask="4000" tiltratio="83" />
  <memory-copied type="nursery" objects="53995" bytes="2501784" bytesdiscarded="185192" />
  <memory-copied type="tenure" objects="5423" bytes="235768" bytesdiscarded="504" />
  <copy-failed type="nursery" objects="2315" bytes="145216" />
  <object-monitors candidates="19" cleared="0"  />
</gc-op>
<gc-end id="1804" type="scavenge" contextid="1800" durationms="1.352" usertimems="5.900" systemtimems="0.286" stalltimems="2.701" timestamp="2026-09-06T06:51:01.766" activeThreads="8">
  <mem-info id="1805" free="18492672" total="49086464" percent="37">
    <mem type="nursery" free="9699328" total="16777216" percent="57">
      <mem type="allocate" free="9699328" total="12386304" percent="78" />
      <mem type="survivor" free="0" total="4390912" percent="0" />
    </mem>
    <mem type="tenure" free="8793344" total="32309248" percent="27">
      <mem type="soa" free="7177472" total="30693376" percent="23" />
      <mem type="loa" free="1615872" total="1615872" percent="100" />
    </mem>
    <remembered-set count="2331" />
  </mem-info>
</gc-end>
<cycle-end id="1806" type="scavenge" contextid="1800" timestamp="2026-09-06T06:51:01.766" />
<allocation-satisfied id="1807" threadId="0000000000728900" bytesRequested="40" />
<af-end id="1808" timestamp="2026-09-06T06:51:01.766" threadId="00000000007293C0" success="true" from="nursery"/>
<exclusive-end id="1809" timestamp="2026-09-06T06:51:01.766" durationms="1.784" />

<exclusive-start id="1810" timestamp="2026-09-06T06:51:01.775" intervalms="11.217">
  <response-info timems="0.011" idlems="0.011" threads="0" lastid="0000000000728900" lastname="Default Executor-thread-1" />
</exclusive-start>
<af-start id="1811" threadId="00000000007293C0" totalBytesRequested="40" timestamp="2026-09-06T06:51:01.775" intervalms="11.161" type="nursery" />
<cycle-start id="1812" type="scavenge" contextid="0" timestamp="2026-09-06T06:51:01.775" intervalms="11.134" />
<gc-start id="1813" type="scavenge" contextid="1812" timestamp="2026-09-06T06:51:01.776">
  <mem-info id="1814" free="8793040" total="49086464" percent="17">
    <mem type="nursery" free="0" total="16777216" percent="0">
      <mem type="allocate" free="0" total="12386304" percent="0" />
      <mem type="survivor" free="0" total="4390912" percent="0" />
    </mem>
    <mem type="tenure" free="8793040" total="32309248" percent="27">
      <mem type="soa" free="7177168" total="30693376" percent="23" />
      <mem type="loa" free="1615872" total="1615872" percent="100" />
    </mem>
    <remembered-set count="2374" />
  </mem-info>
</gc-start>
<allocation-stats totalBytes="9695656" discardedBytes="3976" >
  <allocated-bytes non-tlh="344" tlh="9695312" />
  <largest-consumer threadName="Default Executor-thread-1" threadId="0000000000728900" bytes="9695656" />
</allocation-stats>
<gc-op id="1815" type="scavenge" timems="1.007" contextid="1812" timestamp="2026-09-06T06:51:01.777">
  <scavenger-info tenureage="14" tenuremask="4000" tiltratio="73" />
  <memory-copied type="nursery" objects="45060" bytes="2247456" bytesdiscarded="312616" />
  <memory-copied type="tenure" objects="875" bytes="26624" bytesdiscarded="0" />
  <finalization candidates="3" enqueued="3" />
  <references type="weak" candidates="2" cleared="1" enqueued="1" />
  <object-monitors candidates="19" cleared="0"  />
</gc-op>
<heap-resize id="1816" type="expand" space="nursery" amount="1048576" count="1" timems="0.017" reason="excessive time being spent scavenging" timestamp="2026-09-06T06:51:01.777" />
<gc-end id="1817" type="scavenge" contextid="1812" durationms="1.235" usertimems="3.601" systemtimems="1.273" stalltimems="3.059" timestamp="2026-09-06T06:51:01.777" activeThreads="8">
  <mem-info id="1818" free="19619392" total="50135040" percent="39">
    <mem type="nursery" free="10874800" total="17825792" percent="61">
      <mem type="allocate" free="10874800" total="13434880" percent="80" />
      <mem type="survivor" free="0" total="4390912" percent="0" />
    </mem>
    <mem type="tenure" free="8744592" total="32309248" percent="27">
      <mem type="soa" free="7128720" total="30693376" percent="23" />
      <mem type="loa" free="1615872" total="1615872" percent="100" />
    </mem>
    <pending-finalizers system="3" default="0" reference="1" classloader="0" />
    <remembered-set count="2348" />
  </mem-info>
</gc-end>
<cycle-end id="1819" type="scavenge" contextid="1812" timestamp="2026-09-06T06:51:01.777" />
<allocation-satisfied id="1820" threadId="0000000000728900" bytesRequested="40" />
<af-end id="1821" timestamp="2026-09-06T06:51:01.777" threadId="00000000007293C0" success="true" from="nursery"/>
<exclusive-end id="1822" timestamp="2026-09-06T06:51:01.777" durationms="1.571" />

<exclusive-start id="1823" timestamp="2026-09-06T06:51:01.788" intervalms="13.073">
  <response-info timems="0.014" idlems="0.014" threads="0" lastid="0000000000728900" lastname="Default Executor-thread-1" />
</exclusive-start>
<af-start id="1824" threadId="00000000007293C0" totalBytesRequested="24" timestamp="2026-09-06T06:51:01.789" intervalms="13.095" type="nursery" />
<cycle-start id="1825" type="scavenge" contextid="0" timestamp="2026-09-06T06:51:01.789" intervalms="13.113" />
<gc-start id="1826" type="scavenge" contextid="1825" timestamp="2026-09-06T06:51:01.789">
  <mem-info id="1827" free="8744592" total="50135040" percent="17">
    <mem type="nursery" free="0" total="17825792" percent="0">
      <mem type="allocate" free="0" total="13434880" percent="0" />
      <mem type="survivor" free="0" total="4390912" percent="0" />
    </mem>
    <mem type="tenure" free="8744592" total="32309248" percent="27">
      <mem type="soa" free="7128720" total="30693376" percent="23" />
      <mem type="loa" free="1615872" total="1615872" percent="100" />
    </mem>
    <remembered-set count="2351" />
  </mem-info>
</gc-start>
<allocation-stats totalBytes="10872240" discardedBytes="2560" >
  <allocated-bytes non-tlh="40" tlh="10872200" />
  <largest-consumer threadName="Default Executor-thread-1" threadId="0000000000728900" bytes="10872240" />
</allocation-stats>
<gc-op id="1828" type="scavenge" timems="1.033" contextid="1825" timestamp="2026-09-06T06:51:01.790">
  <scavenger-info tenureage="8" tenuremask="6100" tiltratio="75" />
  <memory-copied type="nursery" objects="37926" bytes="1305352" bytesdiscarded="216936" />
  <memory-copied type="tenure" objects="8777" bytes="241496" bytesdiscarded="416" />
  <references type="weak" candidates="1" cleared="0" enqueued="0" />
  <object-monitors candidates="19" cleared="0"  />
</gc-op>
<heap-resize id="1829" type="expand" space="nursery" amount="786432" count="1" timems="0.015" reason="excessive time being spent scavenging" timestamp="2026-09-06T06:51:01.790" />
<gc-end id="1830" type="scavenge" contextid="1825" durationms="1.237" usertimems="5.324" systemtimems="0.038" stalltimems="2.922" timestamp="2026-09-06T06:51:01.790" activeThreads="8">
  <mem-info id="1831" free="21623640" total="50921472" percent="42">
    <mem type="nursery" free="13092232" total="18612224" percent="70">
      <mem type="allocate" free="13092232" total="14614528" percent="89" />
      <mem type="survivor" free="0" total="3997696" percent="0" />
    </mem>
    <mem type="tenure" free="8531408" total="32309248" percent="26">
      <mem type="soa" free="6915536" total="30693376" percent="22" />
      <mem type="loa" free="1615872" total="1615872" percent="100" />
    </mem>
    <remembered-set count="1677" />
  </mem-info>
</gc-end>
<cycle-end id="1832" type="scavenge" contextid="1825" timestamp="2026-09-06T06:51:01.790" />
<allocation-satisfied id="1833" threadId="0000000000728900" bytesRequested="24" />
<af-end id="1834" timestamp="2026-09-06T06:51:01.790" threadId="00000000007293C0" success="true" from="nursery"/>
<exclusive-end id="1835" timestamp="2026-09-06T06:51:01.790" durationms="1.595" />

<exclusive-start id="1836" timestamp="2026-09-06T06:51:01.803" intervalms="14.309">
  <response-info timems="0.011" idlems="0.011" threads="0" lastid="0000000000728900" lastname="Default Executor-thread-1" />
</exclusive-start>
<af-start id="1837" threadId="00000000007293C0" totalBytesRequested="16" timestamp="2026-09-06T06:51:01.803" intervalms="14.314" type="nursery" />
<cycle-start id="1838" type="scavenge" contextid="0" timestamp="2026-09-06T06:51:01.803" intervalms="14.315" />
<gc-start id="1839" type="scavenge" contextid="1838" timestamp="2026-09-06T06:51:01.803">
  <mem-info id="1840" free="8531408" total="50921472" percent="16">
    <mem type="nursery" free="0" total="18612224" percent="0">
      <mem type="allocate" free="0" total="14614528" percent="0" />
      <mem type="survivor" free="0" total="3997696" percent="0" />
    </mem>
    <mem type="tenure" free="8531408" total="32309248" percent="26">
      <mem type="soa" free="6915536" total="30693376" percent="22" />
      <mem type="loa" free="1615872" total="1615872" percent="100" />
    </mem>
    <remembered-set count="1701" />
  </mem-info>
</gc-start>
<allocation-stats totalBytes="13087464" discardedBytes="4768" >
  <allocated-bytes non-tlh="24" tlh="13087440" />
  <largest-consumer threadName="Default Executor-thread-1" threadId="0000000000728900" bytes="13087464" />
</allocation-stats>
<gc-op id="1841" type="scavenge" timems="0.777" contextid="1838" timestamp="2026-09-06T06:51:01.804">
  <scavenger-info tenureage="7" tenuremask="5480" tiltratio="78" />
  <memory-copied type="nursery" objects="22563" bytes="682888" bytesdiscarded="143736" />
  <memory-copied type="tenure" objects="7255" bytes="205240" bytesdiscarded="176" />
  <references type="weak" candidates="1" cleared="0" enqueued="0" />
  <object-monitors candidates="19" cleared="0"  />
</gc-op>
<gc-end id="1842" type="scavenge" contextid="1838" durationms="0.918" usertimems="3.594" systemtimems="0.014" stalltimems="2.293" timestamp="2026-09-06T06:51:01.804" activeThreads="8">
  <mem-info id="1843" free="22746384" total="50921472" percent="44">
    <mem type="nursery" free="14443256" total="18612224" percent="77">
      <mem type="allocate" free="14443256" total="15269888" percent="94" />
      <mem type="survivor" free="0" total="3342336" percent="0" />
    </mem>
    <mem type="tenure" free="8303128" total="32309248" percent="25">
      <mem type="soa" free="6687256" total="30693376" percent="21" />
      <mem type="loa" free="1615872" total="1615872" percent="100" />
    </mem>
    <remembered-set count="1346" />
  </mem-info>
</gc-end>
<cycle-end id="1844" type="scavenge" contextid="1838" timestamp="2026-09-06T06:51:01.804" />
<allocation-satisfied id="1845" threadId="0000000000728900" bytesRequested="16" />
<af-end id="1846" timestamp="2026-09-06T06:51:01.804" threadId="00000000007293C0" success="true" from="nursery"/>
<exclusive-end id="1847" timestamp="2026-09-06T06:51:01.804" durationms="1.270" />

<exclusive-start id="1848" timestamp="2026-09-06T06:51:01.816" intervalms="13.573">
  <response-info timems="0.013" idlems="0.013" threads="0" lastid="0000000000728900" lastname="Default Executor-thread-1" />
</exclusive-start>
<af-start id="1849" threadId="00000000007293C0" totalBytesRequested="24" timestamp="2026-09-06T06:51:01.816" intervalms="13.557" type="nursery" />
<cycle-start id="1850" type="scavenge" contextid="0" timestamp="2026-09-06T06:51:01.816" intervalms="13.541" />
<gc-start id="1851" type="scavenge" contextid="1850" timestamp="2026-09-06T06:51:01.817">
  <mem-info id="1852" free="8303128" total="50921472" percent="16">
    <mem type="nursery" free="0" total="18612224" percent="0">
      <mem type="allocate" free="0" total="15269888" percent="0" />
      <mem type="survivor" free="0" total="3342336" percent="0" />
    </mem>
    <mem type="tenure" free="8303128" total="32309248" percent="25">
      <mem type="soa" free="6687256" total="30693376" percent="21" />
      <mem type="loa" free="1615872" total="1615872" percent="100" />
    </mem>
    <remembered-set count="1434" />
  </mem-info>
</gc-start>
<allocation-stats totalBytes="14439520" discardedBytes="3736" >
  <allocated-bytes non-tlh="16" tlh="14439504" />
  <largest-consumer threadName="Default Executor-thread-1" threadId="0000000000728900" bytes="14439520" />
</allocation-stats>
<gc-op id="1853" type="scavenge" timems="0.807" contextid="1850" timestamp="2026-09-06T06:51:01.817">
  <scavenger-info tenureage="14" tenuremask="4000" tiltratio="82" />
  <memory-copied type="nursery" objects="27391" bytes="1307032" bytesdiscarded="252624" />
  <memory-copied type="tenure" objects="1921" bytes="55256" bytesdiscarded="32" />
  <references type="weak" candidates="1" cleared="0" enqueued="0" />
  <object-monitors candidates="19" cleared="0"  />
</gc-op>
<heap-resize id="1854" type="expand" space="nursery" amount="917504" count="1" timems="0.015" reason="excessive time being spent scavenging" timestamp="2026-09-06T06:51:01.817" />
<gc-end id="1855" type="scavenge" contextid="1850" durationms="1.034" usertimems="3.175" systemtimems="0.232" stalltimems="2.829" timestamp="2026-09-06T06:51:01.818" activeThreads="8">
  <mem-info id="1856" free="22901512" total="51838976" percent="44">
    <mem type="nursery" free="14627728" total="19529728" percent="74">
      <mem type="allocate" free="14627728" total="16187392" percent="90" />
      <mem type="survivor" free="0" total="3342336" percent="0" />
    </mem>
    <mem type="tenure" free="8273784" total="32309248" percent="25">
      <mem type="soa" free="6657912" total="30693376" percent="21" />
      <mem type="loa" free="1615872" total="1615872" percent="100" />
    </mem>
    <remembered-set count="1384" />
  </mem-info>
</gc-end>
<cycle-end id="1857" type="scavenge" contextid="1850" timestamp="2026-09-06T06:51:01.818" />
<allocation-satisfied id="1858" threadId="0000000000728900" bytesRequested="24" />
<af-end id="1859" timestamp="2026-09-06T06:51:01.818" threadId="00000000007293C0" success="true" from="nursery"/>
<exclusive-end id="1860" timestamp="2026-09-06T06:51:01.818" durationms="1.361" />

<exclusive-start id="1861" timestamp="2026-09-06T06:51:01.838" intervalms="22.039">
  <response-info timems="0.013" idlems="0.013" threads="0" lastid="0000000000728900" lastname="Default Executor-thread-1" />
</exclusive-start>
<af-start id="1862" threadId="00000000007293C0" totalBytesRequested="16" timestamp="2026-09-06T06:51:01.838" intervalms="22.049" type="nursery" />
<cycle-start id="1863" type="scavenge" contextid="0" timestamp="2026-09-06T06:51:01.839" intervalms="22.061" />
<gc-start id="1864" type="scavenge" contextid="1863" timestamp="2026-09-06T06:51:01.839">
  <mem-info id="1865" free="8272864" total="51838976" percent="15">
    <mem type="nursery" free="0" total="19529728" percent="0">
      <mem type="allocate" free="0" total="16187392" percent="0" />
      <mem type="survivor" free="0" total="3342336" percent="0" />
    </mem>
    <mem type="tenure" free="8272864" total="32309248" percent="25">
      <mem type="soa" free="6656992" total="30693376" percent="21" />
      <mem type="loa" free="1615872" total="1615872" percent="100" />
    </mem>
    <remembered-set count="1504" />
  </mem-info>
</gc-start>
<allocation-stats totalBytes="14624688" discardedBytes="3960" >
  <allocated-bytes non-tlh="33728" tlh="14590960" />
  <largest-consumer threadName="Default Executor-thread-1" threadId="0000000000728900" bytes="13997616" />
</allocation-stats>
<gc-op id="1866" type="scavenge" timems="1.222" contextid="1863" timestamp="2026-09-06T06:51:01.840">
  <scavenger-info tenureage="14" tenuremask="4000" tiltratio="82" />
  <memory-copied type="nursery" objects="51427" bytes="1563096" bytesdiscarded="85024" />
  <finalization candidates="5" enqueued="5" />
  <references type="weak" candidates="18" cleared="11" enqueued="11" />
  <object-monitors candidates="19" cleared="0"  />
</gc-op>
<gc-end id="1867" type="scavenge" contextid="1863" durationms="1.386" usertimems="5.455" systemtimems="0.104" stalltimems="3.162" timestamp="2026-09-06T06:51:01.840" activeThreads="7">
  <mem-info id="1868" free="23205344" total="51838976" percent="44">
    <mem type="nursery" free="14932480" total="19529728" percent="76">
      <mem type="allocate" free="14932480" total="16580608" percent="90" />
      <mem type="survivor" free="0" total="2949120" percent="0" />
    </mem>
    <mem type="tenure" free="8272864" total="32309248" percent="25">
      <mem type="soa" free="6656992" total="30693376" percent="21" />
      <mem type="loa" free="1615872" total="1615872" percent="100" />
    </mem>
    <pending-finalizers system="5" default="0" reference="11" classloader="0" />
    <remembered-set count="1495" />
  </mem-info>
</gc-end>
<cycle-end id="1869" type="scavenge" contextid="1863" timestamp="2026-09-06T06:51:01.840" />
<allocation-satisfied id="1870" threadId="0000000000728900" bytesRequested="16" />
<af-end id="1871" timestamp="2026-09-06T06:51:01.840" threadId="00000000007293C0" success="true" from="nursery"/>
<exclusive-end id="1872" timestamp="2026-09-06T06:51:01.840" durationms="1.768" />

<exclusive-start id="1873" timestamp="2026-09-06T06:51:01.960" intervalms="121.795">
  <response-info timems="0.016" idlems="0.016" threads="0" lastid="0000000000728900" lastname="Default Executor-thread-1" />
</exclusive-start>
<af-start id="1874" threadId="00000000007293C0" totalBytesRequested="32" timestamp="2026-09-06T06:51:01.960" intervalms="121.799" type="nursery" />
<cycle-start id="1875" type="scavenge" contextid="0" timestamp="2026-09-06T06:51:01.960" intervalms="121.806" />
<gc-start id="1876" type="scavenge" contextid="1875" timestamp="2026-09-06T06:51:01.960">
  <mem-info id="1877" free="8270456" total="51838976" percent="15">
    <mem type="nursery" free="0" total="19529728" percent="0">
      <mem type="allocate" free="0" total="16580608" percent="0" />
      <mem type="survivor" free="0" total="2949120" percent="0" />
    </mem>
    <mem type="tenure" free="8270456" total="32309248" percent="25">
      <mem type="soa" free="6654584" total="30693376" percent="21" />
      <mem type="loa" free="1615872" total="1615872" percent="100" />
    </mem>
    <remembered-set count="1802" />
  </mem-info>
</gc-start>
<allocation-stats totalBytes="14932864" discardedBytes="2024" >
  <allocated-bytes non-tlh="492144" tlh="14440720" />
  <largest-consumer threadName="Default Executor-thread-1" threadId="0000000000728900" bytes="14830464" />
</allocation-stats>
<gc-op id="1878" type="scavenge" timems="1.680" contextid="1875" timestamp="2026-09-06T06:51:01.962">
  <scavenger-info tenureage="6" tenuremask="4040" tiltratio="84" />
  <memory-copied type="nursery" objects="54027" bytes="2943512" bytesdiscarded="2656" />
  <memory-copied type="tenure" objects="30483" bytes="1440032" bytesdiscarded="1512" />
  <copy-failed type="nursery" objects="26164" bytes="1318824" />
  <ownableSynchronizers candidates="3" cleared="0" />
  <references type="soft" candidates="1" cleared="0" enqueued="0" dynamicThreshold="9" maxThreshold="32" />
  <references type="weak" candidates="9" cleared="1" enqueued="1" />
  <references type="phantom" candidates="225" cleared="0" enqueued="0" />
  <object-monitors candidates="20" cleared="0"  />
</gc-op>
<gc-end id="1879" type="scavenge" contextid="1875" durationms="1.850" usertimems="7.786" systemtimems="1.133" stalltimems="2.749" timestamp="2026-09-06T06:51:01.962" activeThreads="7">
  <mem-info id="1880" free="15285440" total="51838976" percent="29">
    <mem type="nursery" free="8585216" total="19529728" percent="43">
      <mem type="allocate" free="8585216" total="11534336" percent="74" />
      <mem type="survivor" free="0" total="7995392" percent="0" />
    </mem>
    <mem type="tenure" free="6700224" total="32309248" percent="20">
      <mem type="soa" free="5084352" total="30693376" percent="16" />
      <mem type="loa" free="1615872" total="1615872" percent="100" />
    </mem>
    <pending-finalizers system="0" default="0" reference="1" classloader="0" />
    <remembered-set count="2661" />
  </mem-info>
</gc-end>
<cycle-end id="1881" type="scavenge" contextid="1875" timestamp="2026-09-06T06:51:01.962" />
<allocation-satisfied id="1882" threadId="0000000000728900" bytesRequested="32" />
<af-end id="1883" timestamp="2026-09-06T06:51:01.962" threadId="00000000007293C0" success="true" from="nursery"/>
<exclusive-end id="1884" timestamp="2026-09-06T06:51:01.962" durationms="2.250" />

<exclusive-start id="1885" timestamp="2026-09-06T06:51:01.998" intervalms="37.868">
  <response-info timems="0.048" idlems="0.034" threads="1" lastid="0000000000024E00" lastname="JIT Compilation Thread-002" />
</exclusive-start>
<af-start id="1886" threadId="00000000007293C0" totalBytesRequested="6984" timestamp="2026-09-06T06:51:01.998" intervalms="37.880" type="nursery" />
<cycle-start id="1887" type="scavenge" contextid="0" timestamp="2026-09-06T06:51:01.998" intervalms="37.877" />
<gc-start id="1888" type="scavenge" contextid="1887" timestamp="2026-09-06T06:51:01.998">
  <mem-info id="1889" free="6700048" total="51838976" percent="12">
    <mem type="nursery" free="0" total="19529728" percent="0">
      <mem type="allocate" free="0" total="11534336" percent="0" />
      <mem type="survivor" free="0" total="7995392" percent="0" />
    </mem>
    <mem type="tenure" free="6700048" total="32309248" percent="20">
      <mem type="soa" free="5084176" total="30693376" percent="16" />
      <mem type="loa" free="1615872" total="1615872" percent="100" />
    </mem>
    <remembered-set count="2760" />
  </mem-info>
</gc-start>
<allocation-stats totalBytes="8556432" discardedBytes="28960" >
  <allocated-bytes non-tlh="387456" tlh="8168976" />
  <largest-consumer threadName="Default Executor-thread-1" threadId="0000000000728900" bytes="8548240" />
</allocation-stats>
<gc-op id="1890" type="scavenge" timems="1.372" contextid="1887" timestamp="2026-09-06T06:51:02.000">
  <scavenger-info tenureage="2" tenuremask="4004" tiltratio="59" />
  <memory-copied type="nursery" objects="54634" bytes="3997512" bytesdiscarded="205472" />
  <memory-copied type="tenure" objects="10958" bytes="352432" bytesdiscarded="232" />
  <ownableSynchronizers candidates="3" cleared="0" />
  <references type="soft" candidates="1" cleared="0" enqueued="0" dynamicThreshold="9" maxThreshold="32" />
  <references type="weak" candidates="4" cleared="0" enqueued="0" />
  <references type="phantom" candidates="219" cleared="0" enqueued="0" />
  <object-monitors candidates="20" cleared="0"  />
</gc-op>
<gc-end id="1891" type="scavenge" contextid="1887" durationms="1.559" usertimems="7.745" systemtimems="0.000" stalltimems="3.342" timestamp="2026-09-06T06:51:02.000" activeThreads="8">
  <mem-info id="1892" free="14079904" total="51838976" percent="27">
    <mem type="nursery" free="7984272" total="19529728" percent="40">
      <mem type="allocate" free="7984272" total="12189696" percent="65" />
      <mem type="survivor" free="0" total="7340032" percent="0" />
    </mem>
    <mem type="tenure" free="6095632" total="32309248" percent="18">
      <mem type="soa" free="4479760" total="30693376" percent="14" />
      <mem type="loa" free="1615872" total="1615872" percent="100" />
    </mem>
    <remembered-set count="2038" />
  </mem-info>
</gc-end>
<cycle-end id="1893" type="scavenge" contextid="1887" timestamp="2026-09-06T06:51:02.000" />
<allocation-satisfied id="1894" threadId="0000000000728900" bytesRequested="6984" />
<af-end id="1895" timestamp="2026-09-06T06:51:02.000" threadId="00000000007293C0" success="true" from="nursery"/>
<exclusive-end id="1896" timestamp="2026-09-06T06:51:02.000" durationms="1.982" />

<exclusive-start id="1897" timestamp="2026-09-06T06:51:02.038" intervalms="39.564">
  <response-info timems="0.019" idlems="0.019" threads="0" lastid="0000000000728900" lastname="Default Executor-thread-1" />
</exclusive-start>
<af-start id="1898" threadId="00000000007293C0" totalBytesRequested="90192" timestamp="2026-09-06T06:51:02.038" intervalms="39.557" type="nursery" />
<cycle-start id="1899" type="scavenge" contextid="0" timestamp="2026-09-06T06:51:02.038" intervalms="39.572" />
<gc-start id="1900" type="scavenge" contextid="1899" timestamp="2026-09-06T06:51:02.038">
  <mem-info id="1901" free="6094560" total="51838976" percent="11">
    <mem type="nursery" free="0" total="19529728" percent="0">
      <mem type="allocate" free="0" total="12189696" percent="0" />
      <mem type="survivor" free="0" total="7340032" percent="0" />
    </mem>
    <mem type="tenure" free="6094560" total="32309248" percent="18">
      <mem type="soa" free="4478688" total="30693376" percent="14" />
      <mem type="loa" free="1615872" total="1615872" percent="100" />
    </mem>
    <remembered-set count="2237" />
  </mem-info>
</gc-start>
<allocation-stats totalBytes="7970216" discardedBytes="15128" >
  <allocated-bytes non-tlh="8056" tlh="7962160" />
  <largest-consumer threadName="Default Executor-thread-1" threadId="0000000000728900" bytes="7962024" />
</allocation-stats>
<gc-op id="1902" type="scavenge" timems="1.561" contextid="1899" timestamp="2026-09-06T06:51:02.040">
  <scavenger-info tenureage="13" tenuremask="6000" tiltratio="62" />
  <memory-copied type="nursery" objects="61796" bytes="3585096" bytesdiscarded="79336" />
  <memory-copied type="tenure" objects="3702" bytes="106488" bytesdiscarded="0" />
  <ownableSynchronizers candidates="3" cleared="0" />
  <references type="soft" candidates="1" cleared="0" enqueued="0" dynamicThreshold="9" maxThreshold="32" />
  <references type="weak" candidates="66" cleared="0" enqueued="0" />
  <references type="phantom" candidates="226" cleared="0" enqueued="0" />
  <object-monitors candidates="20" cleared="0"  />
</gc-op>
<gc-end id="1903" type="scavenge" contextid="1899" durationms="1.762" usertimems="10.432" systemtimems="1.173" stalltimems="4.013" timestamp="2026-09-06T06:51:02.040" activeThreads="9">
  <mem-info id="1904" free="15141232" total="51838976" percent="29">
    <mem type="nursery" free="9046672" total="19529728" percent="46">
      <mem type="allocate" free="9046672" total="12713984" percent="71" />
      <mem type="survivor" free="0" total="6815744" percent="0" />
    </mem>
    <mem type="tenure" free="6094560" total="32309248" percent="18">
      <mem type="soa" free="4478688" total="30693376" percent="14" />
      <mem type="loa" free="1615872" total="1615872" percent="100" />
    </mem>
    <remembered-set count="1931" />
  </mem-info>
</gc-end>
<cycle-end id="1905" type="scavenge" contextid="1899" timestamp="2026-09-06T06:51:02.040" />
<allocation-satisfied id="1906" threadId="0000000000728900" bytesRequested="90192" />
<af-end id="1907" timestamp="2026-09-06T06:51:02.040" threadId="00000000007293C0" success="true" from="nursery"/>
<exclusive-end id="1908" timestamp="2026-09-06T06:51:02.040" durationms="2.222" />

<exclusive-start id="1909" timestamp="2026-09-06T06:51:02.201" intervalms="163.379">
  <response-info timems="0.015" idlems="0.015" threads="0" lastid="0000000000516C00" lastname="Start Level: Equinox Container: 6067a48d-7b8f-47e3-87ea-0c1144c" />
</exclusive-start>
<af-start id="1910" threadId="00000000005176C0" totalBytesRequested="8232" timestamp="2026-09-06T06:51:02.201" intervalms="163.397" type="nursery" />
<cycle-start id="1911" type="scavenge" contextid="0" timestamp="2026-09-06T06:51:02.201" intervalms="163.401" />
<gc-start id="1912" type="scavenge" contextid="1911" timestamp="2026-09-06T06:51:02.201">
  <mem-info id="1913" free="6047096" total="51838976" percent="11">
    <mem type="nursery" free="0" total="19529728" percent="0">
      <mem type="allocate" free="0" total="12713984" percent="0" />
      <mem type="survivor" free="0" total="6815744" percent="0" />
    </mem>
    <mem type="tenure" free="6047096" total="32309248" percent="18">
      <mem type="soa" free="4431224" total="30693376" percent="14" />
      <mem type="loa" free="1615872" total="1615872" percent="100" />
    </mem>
    <remembered-set count="3432" />
  </mem-info>
</gc-start>
<allocation-stats totalBytes="9087632" discardedBytes="6504" >
  <allocated-bytes non-tlh="247152" tlh="8840480" />
  <largest-consumer threadName="Default Executor-thread-1" threadId="0000000000728900" bytes="6366184" />
</allocation-stats>
<gc-op id="1914" type="scavenge" timems="1.757" contextid="1911" timestamp="2026-09-06T06:51:02.203">
  <scavenger-info tenureage="13" tenuremask="6000" tiltratio="65" />
  <memory-copied type="nursery" objects="82613" bytes="4344192" bytesdiscarded="132368" />
  <finalization candidates="29" enqueued="23" />
  <ownableSynchronizers candidates="543" cleared="140" />
  <references type="soft" candidates="161" cleared="0" enqueued="0" dynamicThreshold="9" maxThreshold="32" />
  <references type="weak" candidates="643" cleared="165" enqueued="165" />
  <references type="phantom" candidates="257" cleared="0" enqueued="0" />
  <object-monitors candidates="21" cleared="0"  />
</gc-op>
<gc-end id="1915" type="scavenge" contextid="1911" durationms="2.035" usertimems="9.899" systemtimems="0.000" stalltimems="6.196" timestamp="2026-09-06T06:51:02.203" activeThreads="9">
  <mem-info id="1916" free="15066560" total="51838976" percent="29">
    <mem type="nursery" free="9019464" total="19529728" percent="46">
      <mem type="allocate" free="9019464" total="13500416" percent="66" />
      <mem type="survivor" free="0" total="6029312" percent="0" />
    </mem>
    <mem type="tenure" free="6047096" total="32309248" percent="18">
      <mem type="soa" free="4431224" total="30693376" percent="14" />
      <mem type="loa" free="1615872" total="1615872" percent="100" />
    </mem>
    <pending-finalizers system="23" default="0" reference="165" classloader="0" />
    <remembered-set count="3323" />
  </mem-info>
</gc-end>
<cycle-end id="1917" type="scavenge" contextid="1911" timestamp="2026-09-06T06:51:02.203" />
<allocation-satisfied id="1918" threadId="0000000000516C00" bytesRequested="8232" />
<af-end id="1919" timestamp="2026-09-06T06:51:02.203" threadId="00000000005176C0" success="true" from="nursery"/>
<exclusive-end id="1920" timestamp="2026-09-06T06:51:02.203" durationms="2.495" />

<exclusive-start id="1921" timestamp="2026-09-06T06:51:02.296" intervalms="95.258">
  <response-info timems="0.044" idlems="0.044" threads="0" lastid="000000000052E500" lastname="Equinox start level thread - Equinox Container: 6067a48d-7b8f-4" />
</exclusive-start>
<af-start id="1922" threadId="000000000052EFC0" totalBytesRequested="32" timestamp="2026-09-06T06:51:02.296" intervalms="95.266" type="nursery" />
<cycle-start id="1923" type="scavenge" contextid="0" timestamp="2026-09-06T06:51:02.296" intervalms="95.271" />
<gc-start id="1924" type="scavenge" contextid="1923" timestamp="2026-09-06T06:51:02.297">
  <mem-info id="1925" free="5983704" total="51838976" percent="11">
    <mem type="nursery" free="0" total="19529728" percent="0">
      <mem type="allocate" free="0" total="13500416" percent="0" />
      <mem type="survivor" free="0" total="6029312" percent="0" />
    </mem>
    <mem type="tenure" free="5983704" total="32309248" percent="18">
      <mem type="soa" free="4367832" total="30693376" percent="14" />
      <mem type="loa" free="1615872" total="1615872" percent="100" />
    </mem>
    <remembered-set count="4391" />
  </mem-info>
</gc-start>
<allocation-stats totalBytes="9075064" discardedBytes="7792" >
  <allocated-bytes non-tlh="248568" tlh="8826496" />
  <largest-consumer threadName="Start Level: Equinox Container: 6067a48d-7b8f-47e3-87ea-0c1144ca6b94" threadId="0000000000516C00" bytes="2793480" />
</allocation-stats>
<gc-op id="1926" type="scavenge" timems="2.106" contextid="1923" timestamp="2026-09-06T06:51:02.299">
  <scavenger-info tenureage="4" tenuremask="7a50" tiltratio="69" />
  <memory-copied type="nursery" objects="76539" bytes="4200112" bytesdiscarded="254288" />
  <memory-copied type="tenure" objects="35848" bytes="1173072" bytesdiscarded="208" />
  <finalization candidates="79" enqueued="73" />
  <ownableSynchronizers candidates="1359" cleared="404" />
  <references type="soft" candidates="433" cleared="0" enqueued="0" dynamicThreshold="9" maxThreshold="32" />
  <references type="weak" candidates="934" cleared="279" enqueued="278" />
  <references type="phantom" candidates="274" cleared="0" enqueued="0" />
  <object-monitors candidates="23" cleared="0"  />
</gc-op>
<gc-end id="1927" type="scavenge" contextid="1923" durationms="2.310" usertimems="13.858" systemtimems="0.251" stalltimems="5.024" timestamp="2026-09-06T06:51:02.299" activeThreads="9">
  <mem-info id="1928" free="14130640" total="51838976" percent="27">
    <mem type="nursery" free="9235960" total="19529728" percent="47">
      <mem type="allocate" free="9235960" total="13697024" percent="67" />
      <mem type="survivor" free="0" total="5832704" percent="0" />
    </mem>
    <mem type="tenure" free="4894680" total="32309248" percent="15">
      <mem type="soa" free="3278808" total="30693376" percent="10" />
      <mem type="loa" free="1615872" total="1615872" percent="100" />
    </mem>
    <pending-finalizers system="73" default="0" reference="278" classloader="0" />
    <remembered-set count="2951" />
  </mem-info>
</gc-end>
<cycle-end id="1929" type="scavenge" contextid="1923" timestamp="2026-09-06T06:51:02.299" />
<allocation-satisfied id="1930" threadId="000000000052E500" bytesRequested="32" />
<af-end id="1931" timestamp="2026-09-06T06:51:02.299" threadId="000000000052EFC0" success="true" from="nursery"/>
<exclusive-end id="1932" timestamp="2026-09-06T06:51:02.299" durationms="2.904" />

<exclusive-start id="1933" timestamp="2026-09-06T06:51:02.376" intervalms="79.705">
  <response-info timems="0.103" idlems="0.058" threads="2" lastid="000000000052E500" lastname="Equinox start level thread - Equinox Container: 6067a48d-7b8f-4" />
</exclusive-start>
<af-start id="1934" threadId="000000000052B2C0" totalBytesRequested="24" timestamp="2026-09-06T06:51:02.376" intervalms="79.746" type="nursery" />
<cycle-start id="1935" type="scavenge" contextid="0" timestamp="2026-09-06T06:51:02.376" intervalms="79.737" />
<gc-start id="1936" type="scavenge" contextid="1935" timestamp="2026-09-06T06:51:02.376">
  <mem-info id="1937" free="4793576" total="51838976" percent="9">
    <mem type="nursery" free="0" total="19529728" percent="0">
      <mem type="allocate" free="0" total="13697024" percent="0" />
      <mem type="survivor" free="0" total="5832704" percent="0" />
    </mem>
    <mem type="tenure" free="4793576" total="32309248" percent="14">
      <mem type="soa" free="3177704" total="30693376" percent="10" />
      <mem type="loa" free="1615872" total="1615872" percent="100" />
    </mem>
    <remembered-set count="4285" />
  </mem-info>
</gc-start>
<allocation-stats totalBytes="9332984" discardedBytes="4080" >
  <allocated-bytes non-tlh="101136" tlh="9231848" />
  <largest-consumer threadName="Equinox start level thread - Equinox Container: 6067a48d-7b8f-47e3-87ea-0c1144ca6b94" threadId="000000000052A800" bytes="4408168" />
</allocation-stats>
<gc-op id="1938" type="scavenge" timems="1.968" contextid="1935" timestamp="2026-09-06T06:51:02.378">
  <scavenger-info tenureage="8" tenuremask="7900" tiltratio="70" />
  <memory-copied type="nursery" objects="99305" bytes="4789944" bytesdiscarded="186656" />
  <memory-copied type="tenure" objects="1173" bytes="35088" bytesdiscarded="24" />
  <finalization candidates="147" enqueued="139" />
  <ownableSynchronizers candidates="1995" cleared="481" />
  <references type="soft" candidates="856" cleared="0" enqueued="0" dynamicThreshold="9" maxThreshold="32" />
  <references type="weak" candidates="1250" cleared="402" enqueued="401" />
  <references type="phantom" candidates="277" cleared="0" enqueued="0" />
  <object-monitors candidates="24" cleared="0"  />
</gc-op>
<gc-end id="1939" type="scavenge" contextid="1935" durationms="2.208" usertimems="13.922" systemtimems="0.000" stalltimems="5.614" timestamp="2026-09-06T06:51:02.379" activeThreads="10">
  <mem-info id="1940" free="13104312" total="51838976" percent="25">
    <mem type="nursery" free="8450512" total="19529728" percent="43">
      <mem type="allocate" free="8450512" total="13434880" percent="62" />
      <mem type="survivor" free="0" total="6094848" percent="0" />
    </mem>
    <mem type="tenure" free="4653800" total="32309248" percent="14">
      <mem type="soa" free="3037928" total="30693376" percent="9" />
      <mem type="loa" free="1615872" total="1615872" percent="100" />
    </mem>
    <pending-finalizers system="139" default="0" reference="401" classloader="0" />
    <remembered-set count="3608" />
  </mem-info>
</gc-end>
<cycle-end id="1941" type="scavenge" contextid="1935" timestamp="2026-09-06T06:51:02.379" />
<allocation-satisfied id="1942" threadId="000000000052A800" bytesRequested="24" />
<af-end id="1943" timestamp="2026-09-06T06:51:02.379" threadId="000000000052B2C0" success="true" from="nursery"/>
<exclusive-end id="1944" timestamp="2026-09-06T06:51:02.379" durationms="2.757" />

<exclusive-start id="1945" timestamp="2026-09-06T06:51:02.502" intervalms="126.312">
  <response-info timems="0.045" idlems="0.025" threads="2" lastid="0000000000532200" lastname="Equinox start level thread - Equinox Container: 6067a48d-7b8f-4" />
</exclusive-start>
<af-start id="1946" threadId="000000000052EFC0" totalBytesRequested="16" timestamp="2026-09-06T06:51:02.502" intervalms="126.260" type="nursery" />
<cycle-start id="1947" type="scavenge" contextid="0" timestamp="2026-09-06T06:51:02.502" intervalms="126.266" />
<gc-start id="1948" type="scavenge" contextid="1947" timestamp="2026-09-06T06:51:02.503">
  <mem-info id="1949" free="4515256" total="51838976" percent="8">
    <mem type="nursery" free="0" total="19529728" percent="0">
      <mem type="allocate" free="0" total="13434880" percent="0" />
      <mem type="survivor" free="0" total="6094848" percent="0" />
    </mem>
    <mem type="tenure" free="4515256" total="32309248" percent="13">
      <mem type="soa" free="2899384" total="30693376" percent="9" />
      <mem type="loa" free="1615872" total="1615872" percent="100" />
    </mem>
    <remembered-set count="5578" />
  </mem-info>
</gc-start>
<allocation-stats totalBytes="8532048" discardedBytes="57008" >
  <allocated-bytes non-tlh="260712" tlh="8271336" />
  <largest-consumer threadName="Equinox start level thread - Equinox Container: 6067a48d-7b8f-47e3-87ea-0c1144ca6b94" threadId="000000000052E500" bytes="2545080" />
</allocation-stats>
<gc-op id="1950" type="scavenge" timems="2.300" contextid="1947" timestamp="2026-09-06T06:51:02.505">
  <scavenger-info tenureage="3" tenuremask="7c28" tiltratio="68" />
  <memory-copied type="nursery" objects="90099" bytes="3816336" bytesdiscarded="268648" />
  <memory-copied type="tenure" objects="31770" bytes="1545008" bytesdiscarded="584" />
  <finalization candidates="161" enqueued="140" />
  <ownableSynchronizers candidates="2309" cleared="349" />
  <references type="soft" candidates="1239" cleared="0" enqueued="0" dynamicThreshold="9" maxThreshold="32" />
  <references type="weak" candidates="1222" cleared="468" enqueued="468" />
  <references type="phantom" candidates="193" cleared="0" enqueued="0" />
  <object-monitors candidates="35" cleared="4"  />
</gc-op>
<gc-end id="1951" type="scavenge" contextid="1947" durationms="2.519" usertimems="15.348" systemtimems="1.351" stalltimems="6.672" timestamp="2026-09-06T06:51:02.505" activeThreads="10">
  <mem-info id="1952" free="12235368" total="51838976" percent="23">
    <mem type="nursery" free="9473344" total="19529728" percent="48">
      <mem type="allocate" free="9473344" total="13565952" percent="69" />
      <mem type="survivor" free="0" total="5963776" percent="0" />
    </mem>
    <mem type="tenure" free="2762024" total="32309248" percent="8">
      <mem type="soa" free="1146152" total="30693376" percent="3" />
      <mem type="loa" free="1615872" total="1615872" percent="100" />
    </mem>
    <pending-finalizers system="140" default="0" reference="468" classloader="0" />
    <remembered-set count="4522" />
  </mem-info>
</gc-end>
<cycle-end id="1953" type="scavenge" contextid="1947" timestamp="2026-09-06T06:51:02.505" />
<allocation-satisfied id="1954" threadId="000000000052E500" bytesRequested="16" />
<af-end id="1955" timestamp="2026-09-06T06:51:02.505" threadId="000000000052EFC0" success="true" from="nursery"/>
<exclusive-end id="1956" timestamp="2026-09-06T06:51:02.505" durationms="3.044" />

<concurrent-kickoff id="1957" timestamp="2026-09-06T06:51:02.545">
  <kickoff reason="threshold reached" targetBytes="14387975" thresholdFreeBytes="1992404"  remainingFree="1919488" tenureFreeBytes="2704176" nurseryFreeBytes="1919488" />
</concurrent-kickoff>
<exclusive-start id="1958" timestamp="2026-09-06T06:51:02.546" intervalms="43.261">
  <response-info timems="0.080" idlems="0.043" threads="2" lastid="0000000000689F00" lastname="Config-Thread-2" />
</exclusive-start>
<cycle-start id="1959" type="global" contextid="0" timestamp="2026-09-06T06:51:02.546" intervalms="1110.287" />
<concurrent-start id="1960" type="global mark" contextid="1959" timestamp="2026-09-06T06:51:02.546">
</concurrent-start>
<exclusive-end id="1961" timestamp="2026-09-06T06:51:02.546" durationms="0.103" />

<concurrent-end id="1962" type="global mark" contextid="1959" timestamp="2026-09-06T06:51:02.557">
<gc-op id="1963" type="trace" timems="11.575" contextid="1959" timestamp="2026-09-06T06:51:02.557">
  <trace bytesTraced="15032844" workStackOverflowCount="0" />
  <card-cleaning reason="card cleaning threshold reached" bytesTraced="100404" cardsCleaned="262" />
</gc-op>
</concurrent-end>

<exclusive-start id="1964" timestamp="2026-09-06T06:51:02.558" intervalms="12.104">
  <response-info timems="0.068" idlems="0.043" threads="2" lastid="000000000052A800" lastname="Equinox start level thread - Equinox Container: 6067a48d-7b8f-4" />
</exclusive-start>
<af-start id="1965" threadId="000000000052EFC0" totalBytesRequested="16" timestamp="2026-09-06T06:51:02.558" intervalms="55.312" type="nursery" />
<percolate-collect id="1966" from="nursery" to="global" reason="concurrent mark exhausted" timestamp="2026-09-06T06:51:02.558"/>
<gc-start id="1967" type="global" contextid="1959" timestamp="2026-09-06T06:51:02.558">
  <mem-info id="1968" free="2695824" total="51838976" percent="5">
    <mem type="nursery" free="0" total="19529728" percent="0">
      <mem type="allocate" free="0" total="13565952" percent="0" />
      <mem type="survivor" free="0" total="5963776" percent="0" />
    </mem>
    <mem type="tenure" free="2695824" total="32309248" percent="8">
      <mem type="soa" free="1079952" total="30693376" percent="3" />
      <mem type="loa" free="1615872" total="1615872" percent="100" />
    </mem>
    <remembered-set count="5825" />
  </mem-info>
</gc-start>
<allocation-stats totalBytes="9535984" discardedBytes="3560" >
  <allocated-bytes non-tlh="759224" tlh="8776760" />
  <largest-consumer threadName="Equinox start level thread - Equinox Container: 6067a48d-7b8f-47e3-87ea-0c1144ca6b94" threadId="0000000000526B00" bytes="3037888" />
</allocation-stats>
<gc-op id="1969" type="rs-scan" timems="1.115" contextid="1959" timestamp="2026-09-06T06:51:02.559">
  <scan objectsFound="100776" bytesTraced="3398632" workStackOverflowCount="0" />
</gc-op>
<gc-op id="1970" type="card-cleaning" timems="0.180" contextid="1959" timestamp="2026-09-06T06:51:02.559">
  <card-cleaning cardsCleaned="48" bytesTraced="86800" workStackOverflowCount="0" />
</gc-op>
<gc-op id="1971" type="mark" timems="2.655" contextid="1959" timestamp="2026-09-06T06:51:02.562">
  <trace-info objectcount="2959" scancount="2877" scanbytes="101820" />
  <finalization candidates="786" enqueued="183" />
  <ownableSynchronizers candidates="3845" cleared="199" />
  <references type="soft" candidates="5362" cleared="141" enqueued="124" dynamicThreshold="9" maxThreshold="32" />
  <references type="weak" candidates="3189" cleared="332" enqueued="332" />
  <references type="phantom" candidates="363" cleared="0" enqueued="0" />
  <stringconstants candidates="17995" cleared="55"  />
  <object-monitors candidates="38" cleared="3"  />
</gc-op>
<gc-op id="1972" type="classunload" timems="0.012" contextid="1959" timestamp="2026-09-06T06:51:02.562">
  <classunload-info classloadercandidates="96" classloadersunloaded="0" classesunloaded="0" anonymousclassesunloaded="0" quiescems="0.000" setupms="0.011" scanms="0.000" postms="0.000" />
</gc-op>
<gc-op id="1973" type="sweep" timems="0.480" contextid="1959" timestamp="2026-09-06T06:51:02.563" />
<heap-resize id="1974" type="expand" space="tenure" amount="2752512" count="1" timems="0.033" reason="insufficient free space following gc" timestamp="2026-09-06T06:51:02.563" />
<gc-end id="1975" type="global" contextid="1959" durationms="4.855" usertimems="17.989" systemtimems="2.620" stalltimems="20.371" timestamp="2026-09-06T06:51:02.563" activeThreads="10">
  <mem-info id="1976" free="18189480" total="54591488" percent="33">
    <mem type="nursery" free="7660400" total="19529728" percent="39">
      <mem type="allocate" free="7660400" total="13565952" percent="56" />
      <mem type="survivor" free="0" total="5963776" percent="0" />
    </mem>
    <mem type="tenure" free="10529080" total="35061760" percent="30" micro-fragmented="703587" macro-fragmented="0">
      <mem type="soa" free="8775992" total="33308672" percent="26" />
      <mem type="loa" free="1753088" total="1753088" percent="100" />
    </mem>
    <pending-finalizers system="183" default="0" reference="456" classloader="0" />
    <remembered-set count="4950" />
  </mem-info>
</gc-end>
<cycle-end id="1977" type="global" contextid="1959" timestamp="2026-09-06T06:51:02.563" />
<allocation-satisfied id="1978" threadId="000000000052E500" bytesRequested="16" />
<af-end id="1979" timestamp="2026-09-06T06:51:02.563" threadId="000000000052EFC0" success="true" from="nursery"/>
<exclusive-end id="1980" timestamp="2026-09-06T06:51:02.563" durationms="5.339" />

<exclusive-start id="1981" timestamp="2026-09-06T06:51:02.577" intervalms="18.956">
  <response-info timems="0.016" idlems="0.016" threads="0" lastid="000000000052A800" lastname="Equinox start level thread - Equinox Container: 6067a48d-7b8f-4" />
</exclusive-start>
<af-start id="1982" threadId="000000000052B2C0" totalBytesRequested="32" timestamp="2026-09-06T06:51:02.577" intervalms="18.988" type="nursery" />
<cycle-start id="1983" type="scavenge" contextid="0" timestamp="2026-09-06T06:51:02.577" intervalms="74.276" />
<gc-start id="1984" type="scavenge" contextid="1983" timestamp="2026-09-06T06:51:02.577">
  <mem-info id="1985" free="10501816" total="54591488" percent="19">
    <mem type="nursery" free="0" total="19529728" percent="0">
      <mem type="allocate" free="0" total="13565952" percent="0" />
      <mem type="survivor" free="0" total="5963776" percent="0" />
    </mem>
    <mem type="tenure" free="10501816" total="35061760" percent="29">
      <mem type="soa" free="8748728" total="33308672" percent="26" />
      <mem type="loa" free="1753088" total="1753088" percent="100" />
    </mem>
    <remembered-set count="5898" />
  </mem-info>
</gc-start>
<allocation-stats totalBytes="7645608" discardedBytes="31488" >
  <allocated-bytes non-tlh="190608" tlh="7455000" />
  <largest-consumer threadName="Equinox start level thread - Equinox Container: 6067a48d-7b8f-47e3-87ea-0c1144ca6b94" threadId="0000000000532200" bytes="4519024" />
</allocation-stats>
<gc-op id="1986" type="scavenge" timems="2.524" contextid="1983" timestamp="2026-09-06T06:51:02.579">
  <scavenger-info tenureage="3" tenuremask="7c08" tiltratio="69" />
  <memory-copied type="nursery" objects="89019" bytes="3829384" bytesdiscarded="340424" />
  <memory-copied type="tenure" objects="29123" bytes="1226184" bytesdiscarded="5528" />
  <finalization candidates="31" enqueued="12" />
  <ownableSynchronizers candidates="7497" cleared="5411" />
  <references type="soft" candidates="1358" cleared="0" enqueued="0" dynamicThreshold="9" maxThreshold="32" />
  <references type="weak" candidates="1020" cleared="113" enqueued="113" />
  <references type="phantom" candidates="198" cleared="0" enqueued="0" />
  <object-monitors candidates="36" cleared="0"  />
</gc-op>
<gc-end id="1987" type="scavenge" contextid="1983" durationms="2.727" usertimems="17.445" systemtimems="0.000" stalltimems="6.263" timestamp="2026-09-06T06:51:02.580" activeThreads="10">
  <mem-info id="1988" free="18822184" total="54591488" percent="34">
    <mem type="nursery" free="9715320" total="19529728" percent="49">
      <mem type="allocate" free="9715320" total="13893632" percent="69" />
      <mem type="survivor" free="0" total="5636096" percent="0" />
    </mem>
    <mem type="tenure" free="9106864" total="35061760" percent="25">
      <mem type="soa" free="7353776" total="33308672" percent="22" />
      <mem type="loa" free="1753088" total="1753088" percent="100" />
    </mem>
    <pending-finalizers system="12" default="0" reference="113" classloader="0" />
    <remembered-set count="4955" />
  </mem-info>
</gc-end>
<cycle-end id="1989" type="scavenge" contextid="1983" timestamp="2026-09-06T06:51:02.580" />
<allocation-satisfied id="1990" threadId="000000000052A800" bytesRequested="32" />
<af-end id="1991" timestamp="2026-09-06T06:51:02.580" threadId="000000000052B2C0" success="true" from="nursery"/>
<exclusive-end id="1992" timestamp="2026-09-06T06:51:02.580" durationms="3.158" />

<exclusive-start id="1993" timestamp="2026-09-06T06:51:02.619" intervalms="42.583">
  <response-info timems="0.141" idlems="0.078" threads="1" lastid="000000000052A800" lastname="Equinox start level thread - Equinox Container: 6067a48d-7b8f-4" />
</exclusive-start>
<af-start id="1994" threadId="00000000005275C0" totalBytesRequested="40" timestamp="2026-09-06T06:51:02.619" intervalms="42.593" type="nursery" />
<cycle-start id="1995" type="scavenge" contextid="0" timestamp="2026-09-06T06:51:02.619" intervalms="42.594" />
<gc-start id="1996" type="scavenge" contextid="1995" timestamp="2026-09-06T06:51:02.619">
  <mem-info id="1997" free="9077048" total="54591488" percent="16">
    <mem type="nursery" free="0" total="19529728" percent="0">
      <mem type="allocate" free="0" total="13893632" percent="0" />
      <mem type="survivor" free="0" total="5636096" percent="0" />
    </mem>
    <mem type="tenure" free="9077048" total="35061760" percent="25">
      <mem type="soa" free="7323960" total="33308672" percent="21" />
      <mem type="loa" free="1753088" total="1753088" percent="100" />
    </mem>
    <remembered-set count="5660" />
  </mem-info>
</gc-start>
<allocation-stats totalBytes="9740952" discardedBytes="1944" >
  <allocated-bytes non-tlh="27608" tlh="9713344" />
  <largest-consumer threadName="Equinox start level thread - Equinox Container: 6067a48d-7b8f-47e3-87ea-0c1144ca6b94" threadId="000000000052E500" bytes="3372176" />
</allocation-stats>
<gc-op id="1998" type="scavenge" timems="2.179" contextid="1995" timestamp="2026-09-06T06:51:02.622">
  <scavenger-info tenureage="10" tenuremask="7c00" tiltratio="71" />
  <memory-copied type="nursery" objects="110269" bytes="5402864" bytesdiscarded="224272" />
  <memory-copied type="tenure" objects="1877" bytes="138528" bytesdiscarded="608" />
  <copy-failed type="nursery" objects="1877" bytes="138616" />
  <finalization candidates="59" enqueued="36" />
  <ownableSynchronizers candidates="1892" cleared="141" />
  <references type="soft" candidates="1516" cleared="0" enqueued="0" dynamicThreshold="9" maxThreshold="32" />
  <references type="weak" candidates="1226" cleared="178" enqueued="178" />
  <references type="phantom" candidates="236" cleared="0" enqueued="0" />
  <object-monitors candidates="36" cleared="0"  />
</gc-op>
<gc-end id="1999" type="scavenge" contextid="1995" durationms="2.387" usertimems="13.656" systemtimems="1.242" stalltimems="7.135" timestamp="2026-09-06T06:51:02.622" activeThreads="10">
  <mem-info id="2000" free="14519328" total="54591488" percent="26">
    <mem type="nursery" free="5570560" total="19529728" percent="28">
      <mem type="allocate" free="5570560" total="11206656" percent="49" />
      <mem type="survivor" free="0" total="8323072" percent="0" />
    </mem>
    <mem type="tenure" free="8948768" total="35061760" percent="25">
      <mem type="soa" free="7195680" total="33308672" percent="21" />
      <mem type="loa" free="1753088" total="1753088" percent="100" />
    </mem>
    <pending-finalizers system="36" default="0" reference="178" classloader="0" />
    <remembered-set count="5610" />
  </mem-info>
</gc-end>
<cycle-end id="2001" type="scavenge" contextid="1995" timestamp="2026-09-06T06:51:02.622" />
<allocation-satisfied id="2002" threadId="0000000000526B00" bytesRequested="40" />
<af-end id="2003" timestamp="2026-09-06T06:51:02.622" threadId="00000000005275C0" success="true" from="nursery"/>
<exclusive-end id="2004" timestamp="2026-09-06T06:51:02.622" durationms="2.839" />

<exclusive-start id="2005" timestamp="2026-09-06T06:51:02.641" intervalms="21.688">
  <response-info timems="0.020" idlems="0.020" threads="0" lastid="000000000052A800" lastname="Equinox start level thread - Equinox Container: 6067a48d-7b8f-4" />
</exclusive-start>
<af-start id="2006" threadId="000000000052B2C0" totalBytesRequested="5448" timestamp="2026-09-06T06:51:02.641" intervalms="21.686" type="nursery" />
<cycle-start id="2007" type="scavenge" contextid="0" timestamp="2026-09-06T06:51:02.641" intervalms="21.698" />
<gc-start id="2008" type="scavenge" contextid="2007" timestamp="2026-09-06T06:51:02.641">
  <mem-info id="2009" free="8899440" total="54591488" percent="16">
    <mem type="nursery" free="0" total="19529728" percent="0">
      <mem type="allocate" free="0" total="11206656" percent="0" />
      <mem type="survivor" free="0" total="8323072" percent="0" />
    </mem>
    <mem type="tenure" free="8899440" total="35061760" percent="25">
      <mem type="soa" free="7146352" total="33308672" percent="21" />
      <mem type="loa" free="1753088" total="1753088" percent="100" />
    </mem>
    <remembered-set count="6382" />
  </mem-info>
</gc-start>
<allocation-stats totalBytes="5605592" discardedBytes="7936" >
  <allocated-bytes non-tlh="175472" tlh="5430120" />
  <largest-consumer threadName="Equinox start level thread - Equinox Container: 6067a48d-7b8f-47e3-87ea-0c1144ca6b94" threadId="000000000052E500" bytes="1769216" />
</allocation-stats>
<gc-op id="2010" type="scavenge" timems="2.193" contextid="2007" timestamp="2026-09-06T06:51:02.643">
  <scavenger-info tenureage="3" tenuremask="7e18" tiltratio="57" />
  <memory-copied type="nursery" objects="62633" bytes="3210416" bytesdiscarded="414360" />
  <memory-copied type="tenure" objects="45762" bytes="1589960" bytesdiscarded="2752" />
  <finalization candidates="58" enqueued="31" />
  <ownableSynchronizers candidates="2025" cleared="185" />
  <references type="soft" candidates="635" cleared="0" enqueued="0" dynamicThreshold="9" maxThreshold="32" />
  <references type="weak" candidates="982" cleared="305" enqueued="305" />
  <references type="phantom" candidates="216" cleared="0" enqueued="0" />
  <object-monitors candidates="37" cleared="0"  />
</gc-op>
<heap-resize id="2011" type="expand" space="nursery" amount="1310720" count="1" timems="0.018" reason="excessive time being spent scavenging" timestamp="2026-09-06T06:51:02.644" />
<gc-end id="2012" type="scavenge" contextid="2007" durationms="2.494" usertimems="16.124" systemtimems="0.000" stalltimems="6.212" timestamp="2026-09-06T06:51:02.644" activeThreads="10">
  <mem-info id="2013" free="15860176" total="55902208" percent="28">
    <mem type="nursery" free="8754560" total="20840448" percent="42">
      <mem type="allocate" free="8754560" total="12386304" percent="70" />
      <mem type="survivor" free="0" total="8454144" percent="0" />
    </mem>
    <mem type="tenure" free="7105616" total="35061760" percent="20">
      <mem type="soa" free="5352528" total="33308672" percent="16" />
      <mem type="loa" free="1753088" total="1753088" percent="100" />
    </mem>
    <pending-finalizers system="31" default="0" reference="305" classloader="0" />
    <remembered-set count="4131" />
  </mem-info>
</gc-end>
<cycle-end id="2014" type="scavenge" contextid="2007" timestamp="2026-09-06T06:51:02.644" />
<allocation-satisfied id="2015" threadId="000000000052A800" bytesRequested="5448" />
<af-end id="2016" timestamp="2026-09-06T06:51:02.644" threadId="000000000052B2C0" success="true" from="nursery"/>
<exclusive-end id="2017" timestamp="2026-09-06T06:51:02.644" durationms="2.955" />

<exclusive-start id="2018" timestamp="2026-09-06T06:51:02.673" intervalms="32.536">
  <response-info timems="0.175" idlems="0.091" threads="3" lastid="000000000052A800" lastname="Equinox start level thread - Equinox Container: 6067a48d-7b8f-4" />
</exclusive-start>
<af-start id="2019" threadId="000000000052EFC0" totalBytesRequested="8200" timestamp="2026-09-06T06:51:02.674" intervalms="32.548" type="nursery" />
<cycle-start id="2020" type="scavenge" contextid="0" timestamp="2026-09-06T06:51:02.674" intervalms="32.554" />
<gc-start id="2021" type="scavenge" contextid="2020" timestamp="2026-09-06T06:51:02.674">
  <mem-info id="2022" free="7023464" total="55902208" percent="12">
    <mem type="nursery" free="0" total="20840448" percent="0">
      <mem type="allocate" free="0" total="12386304" percent="0" />
      <mem type="survivor" free="0" total="8454144" percent="0" />
    </mem>
    <mem type="tenure" free="7023464" total="35061760" percent="20">
      <mem type="soa" free="5270376" total="33308672" percent="15" />
      <mem type="loa" free="1753088" total="1753088" percent="100" />
    </mem>
    <remembered-set count="5472" />
  </mem-info>
</gc-start>
<allocation-stats totalBytes="8811680" discardedBytes="25032" >
  <allocated-bytes non-tlh="254856" tlh="8556824" />
  <largest-consumer threadName="Equinox start level thread - Equinox Container: 6067a48d-7b8f-47e3-87ea-0c1144ca6b94" threadId="0000000000526B00" bytes="5295352" />
</allocation-stats>
<gc-op id="2023" type="scavenge" timems="1.642" contextid="2020" timestamp="2026-09-06T06:51:02.675">
  <scavenger-info tenureage="9" tenuremask="7e00" tiltratio="59" />
  <memory-copied type="nursery" objects="71774" bytes="3781824" bytesdiscarded="493648" />
  <finalization candidates="62" enqueued="44" />
  <ownableSynchronizers candidates="1166" cleared="69" />
  <references type="soft" candidates="1101" cleared="0" enqueued="0" dynamicThreshold="9" maxThreshold="32" />
  <references type="weak" candidates="1146" cleared="321" enqueued="321" />
  <references type="phantom" candidates="235" cleared="0" enqueued="0" />
  <object-monitors candidates="37" cleared="0"  />
</gc-op>
<gc-end id="2024" type="scavenge" contextid="2020" durationms="1.827" usertimems="10.842" systemtimems="0.000" stalltimems="5.823" timestamp="2026-09-06T06:51:02.676" activeThreads="10">
  <mem-info id="2025" free="16240624" total="55902208" percent="29">
    <mem type="nursery" free="9217160" total="20840448" percent="44">
      <mem type="allocate" free="9217160" total="13500416" percent="68" />
      <mem type="survivor" free="0" total="7340032" percent="0" />
    </mem>
    <mem type="tenure" free="7023464" total="35061760" percent="20">
      <mem type="soa" free="5270376" total="33308672" percent="15" />
      <mem type="loa" free="1753088" total="1753088" percent="100" />
    </mem>
    <pending-finalizers system="44" default="0" reference="321" classloader="0" />
    <remembered-set count="5138" />
  </mem-info>
</gc-end>
<cycle-end id="2026" type="scavenge" contextid="2020" timestamp="2026-09-06T06:51:02.676" />
<allocation-satisfied id="2027" threadId="000000000052E500" bytesRequested="8200" />
<af-end id="2028" timestamp="2026-09-06T06:51:02.676" threadId="000000000052EFC0" success="true" from="nursery"/>
<exclusive-end id="2029" timestamp="2026-09-06T06:51:02.676" durationms="2.346" />

<exclusive-start id="2030" timestamp="2026-09-06T06:51:02.708" intervalms="34.985">
  <response-info timems="0.427" idlems="0.224" threads="1" lastid="000000000052E500" lastname="Equinox start level thread - Equinox Container: 6067a48d-7b8f-4" />
</exclusive-start>
<af-start id="2031" threadId="000000000052B2C0" totalBytesRequested="784" timestamp="2026-09-06T06:51:02.708" intervalms="34.981" type="nursery" />
<cycle-start id="2032" type="scavenge" contextid="0" timestamp="2026-09-06T06:51:02.709" intervalms="34.979" />
<gc-start id="2033" type="scavenge" contextid="2032" timestamp="2026-09-06T06:51:02.709">
  <mem-info id="2034" free="6957048" total="55902208" percent="12">
    <mem type="nursery" free="0" total="20840448" percent="0">
      <mem type="allocate" free="0" total="13500416" percent="0" />
      <mem type="survivor" free="0" total="7340032" percent="0" />
    </mem>
    <mem type="tenure" free="6957048" total="35061760" percent="19">
      <mem type="soa" free="5203960" total="33308672" percent="15" />
      <mem type="loa" free="1753088" total="1753088" percent="100" />
    </mem>
    <remembered-set count="6251" />
  </mem-info>
</gc-start>
<allocation-stats totalBytes="9277688" discardedBytes="5888" >
  <allocated-bytes non-tlh="74616" tlh="9203072" />
  <largest-consumer threadName="Equinox start level thread - Equinox Container: 6067a48d-7b8f-47e3-87ea-0c1144ca6b94" threadId="000000000052A800" bytes="5669576" />
</allocation-stats>
<gc-op id="2035" type="scavenge" timems="1.823" contextid="2032" timestamp="2026-09-06T06:51:02.711">
  <scavenger-info tenureage="3" tenuremask="7e08" tiltratio="64" />
  <memory-copied type="nursery" objects="63244" bytes="3095096" bytesdiscarded="360192" />
  <memory-copied type="tenure" objects="20818" bytes="1045840" bytesdiscarded="5368" />
  <finalization candidates="56" enqueued="32" />
  <ownableSynchronizers candidates="1316" cleared="104" />
  <references type="soft" candidates="1069" cleared="0" enqueued="0" dynamicThreshold="9" maxThreshold="32" />
  <references type="weak" candidates="993" cleared="174" enqueued="171" />
  <references type="phantom" candidates="177" cleared="0" enqueued="0" />
  <object-monitors candidates="37" cleared="0"  />
</gc-op>
<gc-end id="2036" type="scavenge" contextid="2032" durationms="2.055" usertimems="10.887" systemtimems="1.061" stalltimems="6.239" timestamp="2026-09-06T06:51:02.711" activeThreads="10">
  <mem-info id="2037" free="16497104" total="55902208" percent="29">
    <mem type="nursery" free="10627784" total="20840448" percent="50">
      <mem type="allocate" free="10627784" total="14090240" percent="75" />
      <mem type="survivor" free="0" total="6750208" percent="0" />
    </mem>
    <mem type="tenure" free="5869320" total="35061760" percent="16">
      <mem type="soa" free="4116232" total="33308672" percent="12" />
      <mem type="loa" free="1753088" total="1753088" percent="100" />
    </mem>
    <pending-finalizers system="32" default="0" reference="171" classloader="0" />
    <remembered-set count="5256" />
  </mem-info>
</gc-end>
<cycle-end id="2038" type="scavenge" contextid="2032" timestamp="2026-09-06T06:51:02.711" />
<allocation-satisfied id="2039" threadId="000000000052A800" bytesRequested="784" />
<af-end id="2040" timestamp="2026-09-06T06:51:02.711" threadId="000000000052B2C0" success="true" from="nursery"/>
<exclusive-end id="2041" timestamp="2026-09-06T06:51:02.711" durationms="2.552" />

<exclusive-start id="2042" timestamp="2026-09-06T06:51:02.760" intervalms="51.895">
  <response-info timems="0.063" idlems="0.032" threads="3" lastid="0000000000526B00" lastname="Equinox start level thread - Equinox Container: 6067a48d-7b8f-4" />
</exclusive-start>
<af-start id="2043" threadId="000000000052EFC0" totalBytesRequested="80" timestamp="2026-09-06T06:51:02.760" intervalms="51.898" type="nursery" />
<cycle-start id="2044" type="scavenge" contextid="0" timestamp="2026-09-06T06:51:02.760" intervalms="51.894" />
<gc-start id="2045" type="scavenge" contextid="2044" timestamp="2026-09-06T06:51:02.761">
  <mem-info id="2046" free="5764568" total="55902208" percent="10">
    <mem type="nursery" free="0" total="20840448" percent="0">
      <mem type="allocate" free="0" total="14090240" percent="0" />
      <mem type="survivor" free="0" total="6750208" percent="0" />
    </mem>
    <mem type="tenure" free="5764568" total="35061760" percent="16">
      <mem type="soa" free="4011480" total="33308672" percent="12" />
      <mem type="loa" free="1753088" total="1753088" percent="100" />
    </mem>
    <remembered-set count="7312" />
  </mem-info>
</gc-start>
<allocation-stats totalBytes="10725512" discardedBytes="5536" >
  <allocated-bytes non-tlh="617712" tlh="10107800" />
  <largest-consumer threadName="Equinox start level thread - Equinox Container: 6067a48d-7b8f-47e3-87ea-0c1144ca6b94" threadId="0000000000532200" bytes="3264576" />
</allocation-stats>
<gc-op id="2047" type="scavenge" timems="1.997" contextid="2044" timestamp="2026-09-06T06:51:02.763">
  <scavenger-info tenureage="3" tenuremask="7e08" tiltratio="67" />
  <memory-copied type="nursery" objects="80533" bytes="3797152" bytesdiscarded="235432" />
  <memory-copied type="tenure" objects="11320" bytes="656304" bytesdiscarded="376" />
  <finalization candidates="140" enqueued="106" />
  <ownableSynchronizers candidates="1886" cleared="347" />
  <references type="soft" candidates="1820" cleared="0" enqueued="0" dynamicThreshold="9" maxThreshold="32" />
  <references type="weak" candidates="1444" cleared="332" enqueued="332" />
  <references type="phantom" candidates="157" cleared="0" enqueued="0" />
  <object-monitors candidates="38" cleared="0"  />
</gc-op>
<gc-end id="2048" type="scavenge" contextid="2044" durationms="2.242" usertimems="13.904" systemtimems="1.194" stalltimems="5.634" timestamp="2026-09-06T06:51:02.763" activeThreads="10">
  <mem-info id="2049" free="15574704" total="55902208" percent="27">
    <mem type="nursery" free="10377120" total="20840448" percent="49">
      <mem type="allocate" free="10377120" total="14417920" percent="71" />
      <mem type="survivor" free="0" total="6422528" percent="0" />
    </mem>
    <mem type="tenure" free="5197584" total="35061760" percent="14">
      <mem type="soa" free="3444496" total="33308672" percent="10" />
      <mem type="loa" free="1753088" total="1753088" percent="100" />
    </mem>
    <pending-finalizers system="106" default="0" reference="332" classloader="0" />
    <remembered-set count="6160" />
  </mem-info>
</gc-end>
<cycle-end id="2050" type="scavenge" contextid="2044" timestamp="2026-09-06T06:51:02.763" />
<allocation-satisfied id="2051" threadId="000000000052E500" bytesRequested="80" />
<af-end id="2052" timestamp="2026-09-06T06:51:02.763" threadId="000000000052EFC0" success="true" from="nursery"/>
<exclusive-end id="2053" timestamp="2026-09-06T06:51:02.763" durationms="2.912" />

<exclusive-start id="2054" timestamp="2026-09-06T06:51:02.797" intervalms="36.906">
  <response-info timems="0.031" idlems="0.019" threads="1" lastid="0000000000526B00" lastname="Equinox start level thread - Equinox Container: 6067a48d-7b8f-4" />
</exclusive-start>
<af-start id="2055" threadId="0000000000532CC0" totalBytesRequested="5936" timestamp="2026-09-06T06:51:02.797" intervalms="36.891" type="nursery" />
<cycle-start id="2056" type="scavenge" contextid="0" timestamp="2026-09-06T06:51:02.797" intervalms="36.890" />
<gc-start id="2057" type="scavenge" contextid="2056" timestamp="2026-09-06T06:51:02.798">
  <mem-info id="2058" free="5154144" total="55902208" percent="9">
    <mem type="nursery" free="0" total="20840448" percent="0">
      <mem type="allocate" free="0" total="14417920" percent="0" />
      <mem type="survivor" free="0" total="6422528" percent="0" />
    </mem>
    <mem type="tenure" free="5154144" total="35061760" percent="14">
      <mem type="soa" free="3401056" total="33308672" percent="10" />
      <mem type="loa" free="1753088" total="1753088" percent="100" />
    </mem>
    <remembered-set count="6958" />
  </mem-info>
</gc-start>
<allocation-stats totalBytes="10368920" discardedBytes="51640" >
  <allocated-bytes non-tlh="214424" tlh="10154496" />
  <largest-consumer threadName="Equinox start level thread - Equinox Container: 6067a48d-7b8f-47e3-87ea-0c1144ca6b94" threadId="0000000000526B00" bytes="6463320" />
</allocation-stats>
<gc-op id="2059" type="scavenge" timems="1.967" contextid="2056" timestamp="2026-09-06T06:51:02.800">
  <scavenger-info tenureage="9" tenuremask="7e00" tiltratio="69" />
  <memory-copied type="nursery" objects="92074" bytes="4416088" bytesdiscarded="225272" />
  <finalization candidates="94" enqueued="52" />
  <ownableSynchronizers candidates="1814" cleared="197" />
  <references type="soft" candidates="1924" cleared="0" enqueued="0" dynamicThreshold="9" maxThreshold="32" />
  <references type="weak" candidates="1446" cleared="231" enqueued="231" />
  <references type="phantom" candidates="193" cleared="0" enqueued="0" />
  <object-monitors candidates="38" cleared="0"  />
</gc-op>
<heap-resize id="2060" type="expand" space="nursery" amount="917504" count="1" timems="0.018" reason="excessive time being spent scavenging" timestamp="2026-09-06T06:51:02.800" />
<gc-end id="2061" type="scavenge" contextid="2056" durationms="2.175" usertimems="11.844" systemtimems="0.792" stalltimems="7.215" timestamp="2026-09-06T06:51:02.800" activeThreads="10">
  <mem-info id="2062" free="16101248" total="56819712" percent="28">
    <mem type="nursery" free="10947104" total="21757952" percent="50">
      <mem type="allocate" free="10947104" total="15597568" percent="70" />
      <mem type="survivor" free="0" total="6160384" percent="0" />
    </mem>
    <mem type="tenure" free="5154144" total="35061760" percent="14">
      <mem type="soa" free="3401056" total="33308672" percent="10" />
      <mem type="loa" free="1753088" total="1753088" percent="100" />
    </mem>
    <pending-finalizers system="52" default="0" reference="231" classloader="0" />
    <remembered-set count="6166" />
  </mem-info>
</gc-end>
<cycle-end id="2063" type="scavenge" contextid="2056" timestamp="2026-09-06T06:51:02.800" />
<allocation-satisfied id="2064" threadId="0000000000532200" bytesRequested="5936" />
<af-end id="2065" timestamp="2026-09-06T06:51:02.800" threadId="0000000000532CC0" success="true" from="nursery"/>
<exclusive-end id="2066" timestamp="2026-09-06T06:51:02.800" durationms="2.667" />

<exclusive-start id="2067" timestamp="2026-09-06T06:51:02.922" intervalms="125.236">
  <response-info timems="0.015" idlems="0.015" threads="0" lastid="0000000000689F00" lastname="Config-Thread-2" />
</exclusive-start>
<af-start id="2068" threadId="000000000068A9C0" totalBytesRequested="24" timestamp="2026-09-06T06:51:02.923" intervalms="125.263" type="nursery" />
<cycle-start id="2069" type="scavenge" contextid="0" timestamp="2026-09-06T06:51:02.923" intervalms="125.272" />
<gc-start id="2070" type="scavenge" contextid="2069" timestamp="2026-09-06T06:51:02.923">
  <mem-info id="2071" free="4830320" total="56819712" percent="8">
    <mem type="nursery" free="0" total="21757952" percent="0">
      <mem type="allocate" free="0" total="15597568" percent="0" />
      <mem type="survivor" free="0" total="6160384" percent="0" />
    </mem>
    <mem type="tenure" free="4830320" total="35061760" percent="13">
      <mem type="soa" free="3077232" total="33308672" percent="9" />
      <mem type="loa" free="1753088" total="1753088" percent="100" />
    </mem>
    <remembered-set count="10808" />
  </mem-info>
</gc-start>
<allocation-stats totalBytes="11231352" discardedBytes="39576" >
  <allocated-bytes non-tlh="361168" tlh="10870184" />
  <largest-consumer threadName="Equinox start level thread - Equinox Container: 6067a48d-7b8f-47e3-87ea-0c1144ca6b94" threadId="0000000000532200" bytes="6423328" />
</allocation-stats>
<gc-op id="2072" type="scavenge" timems="2.345" contextid="2069" timestamp="2026-09-06T06:51:02.925">
  <scavenger-info tenureage="4" tenuremask="7e10" tiltratio="71" />
  <memory-copied type="nursery" objects="110780" bytes="4839568" bytesdiscarded="322800" />
  <memory-copied type="tenure" objects="9121" bytes="617688" bytesdiscarded="600" />
  <finalization candidates="381" enqueued="299" />
  <ownableSynchronizers candidates="2142" cleared="108" />
  <references type="soft" candidates="2025" cleared="0" enqueued="0" dynamicThreshold="9" maxThreshold="32" />
  <references type="weak" candidates="2374" cleared="906" enqueued="905" />
  <references type="phantom" candidates="170" cleared="0" enqueued="0" />
  <object-monitors candidates="41" cleared="0"  />
</gc-op>
<gc-end id="2073" type="scavenge" contextid="2069" durationms="2.590" usertimems="17.072" systemtimems="0.260" stalltimems="6.410" timestamp="2026-09-06T06:51:02.925" activeThreads="10">
  <mem-info id="2074" free="14389088" total="56819712" percent="25">
    <mem type="nursery" free="10556416" total="21757952" percent="48">
      <mem type="allocate" free="10556416" total="15728640" percent="67" />
      <mem type="survivor" free="0" total="6029312" percent="0" />
    </mem>
    <mem type="tenure" free="3832672" total="35061760" percent="10">
      <mem type="soa" free="2079584" total="33308672" percent="6" />
      <mem type="loa" free="1753088" total="1753088" percent="100" />
    </mem>
    <pending-finalizers system="299" default="0" reference="905" classloader="0" />
    <remembered-set count="9153" />
  </mem-info>
</gc-end>
<cycle-end id="2075" type="scavenge" contextid="2069" timestamp="2026-09-06T06:51:02.925" />
<allocation-satisfied id="2076" threadId="0000000000689F00" bytesRequested="24" />
<af-end id="2077" timestamp="2026-09-06T06:51:02.926" threadId="000000000068A9C0" success="true" from="nursery"/>
<exclusive-end id="2078" timestamp="2026-09-06T06:51:02.926" durationms="3.191" />

<concurrent-kickoff id="2079" timestamp="2026-09-06T06:51:02.985">
  <kickoff reason="threshold reached" targetBytes="15796272" thresholdFreeBytes="2187298"  remainingFree="2004128" tenureFreeBytes="3726040" nurseryFreeBytes="2004128" />
</concurrent-kickoff>
<exclusive-start id="2080" timestamp="2026-09-06T06:51:02.986" intervalms="63.178">
  <response-info timems="0.013" idlems="0.013" threads="0" lastid="0000000000516C00" lastname="Start Level: Equinox Container: 6067a48d-7b8f-47e3-87ea-0c1144c" />
</exclusive-start>
<cycle-start id="2081" type="global" contextid="0" timestamp="2026-09-06T06:51:02.986" intervalms="440.046" />
<concurrent-start id="2082" type="global mark" contextid="2081" timestamp="2026-09-06T06:51:02.986">
</concurrent-start>
<exclusive-end id="2083" timestamp="2026-09-06T06:51:02.986" durationms="0.062" />

<concurrent-end id="2084" type="global mark" contextid="2081" timestamp="2026-09-06T06:51:03.004">
<gc-op id="2085" type="trace" timems="18.021" contextid="2081" timestamp="2026-09-06T06:51:03.004">
  <trace bytesTraced="18370500" workStackOverflowCount="0" />
  <card-cleaning reason="card cleaning threshold reached" bytesTraced="45036" cardsCleaned="243" />
</gc-op>
</concurrent-end>

<exclusive-start id="2086" timestamp="2026-09-06T06:51:03.004" intervalms="18.183">
  <response-info timems="0.028" idlems="0.028" threads="0" lastid="0000000000516C00" lastname="Start Level: Equinox Container: 6067a48d-7b8f-47e3-87ea-0c1144c" />
</exclusive-start>
<concurrent-global-final id="2087" timestamp="2026-09-06T06:51:03.004" contextid="2081" intervalms="1547.633" >
  <concurrent-trace-info reason="card cleaning threshold reached" tracedByMutators="2639032" tracedByHelpers="15776504" cardsCleaned="243" workStackOverflowCount="0" />
</concurrent-global-final>
<gc-start id="2088" type="global" contextid="2081" timestamp="2026-09-06T06:51:03.004">
  <mem-info id="2089" free="4119776" total="56819712" percent="7">
    <mem type="nursery" free="451744" total="21757952" percent="2">
      <mem type="allocate" free="451744" total="15728640" percent="2" />
      <mem type="survivor" free="0" total="6029312" percent="0" />
    </mem>
    <mem type="tenure" free="3668032" total="35061760" percent="10">
      <mem type="soa" free="1914944" total="33308672" percent="5" />
      <mem type="loa" free="1753088" total="1753088" percent="100" />
    </mem>
    <remembered-set count="11785" />
  </mem-info>
</gc-start>
<allocation-stats totalBytes="10263784" discardedBytes="5528" >
  <allocated-bytes non-tlh="418432" tlh="9845352" />
  <largest-consumer threadName="Start Level: Equinox Container: 6067a48d-7b8f-47e3-87ea-0c1144ca6b94" threadId="0000000000516C00" bytes="7492216" />
</allocation-stats>
<gc-op id="2090" type="rs-scan" timems="1.588" contextid="2081" timestamp="2026-09-06T06:51:03.006">
  <scan objectsFound="128576" bytesTraced="4727096" workStackOverflowCount="0" />
</gc-op>
<gc-op id="2091" type="card-cleaning" timems="0.188" contextid="2081" timestamp="2026-09-06T06:51:03.006">
  <card-cleaning cardsCleaned="4" bytesTraced="30276" workStackOverflowCount="0" />
</gc-op>
<gc-op id="2092" type="mark" timems="3.321" contextid="2081" timestamp="2026-09-06T06:51:03.009">
  <trace-info objectcount="15520" scancount="13617" scanbytes="374480" />
  <finalization candidates="1794" enqueued="333" />
  <ownableSynchronizers candidates="5912" cleared="82" />
  <references type="soft" candidates="8539" cleared="107" enqueued="101" dynamicThreshold="9" maxThreshold="32" />
  <references type="weak" candidates="5574" cleared="410" enqueued="409" />
  <references type="phantom" candidates="343" cleared="10" enqueued="10" />
  <stringconstants candidates="24912" cleared="48"  />
  <object-monitors candidates="41" cleared="0"  />
</gc-op>
<gc-op id="2093" type="classunload" timems="1.672" contextid="2081" timestamp="2026-09-06T06:51:03.011">
  <classunload-info classloadercandidates="238" classloadersunloaded="0" classesunloaded="15" anonymousclassesunloaded="15" quiescems="0.000" setupms="1.539" scanms="0.131" postms="0.001" />
</gc-op>
<gc-op id="2094" type="sweep" timems="0.535" contextid="2081" timestamp="2026-09-06T06:51:03.012" />
<heap-resize id="2095" type="expand" space="tenure" amount="6946816" count="1" timems="0.246" reason="insufficient free space following gc" timestamp="2026-09-06T06:51:03.012" />
<gc-end id="2096" type="global" contextid="2081" durationms="8.012" usertimems="27.090" systemtimems="2.613" stalltimems="21.332" timestamp="2026-09-06T06:51:03.012" activeThreads="10">
  <mem-info id="2097" free="20893512" total="63766528" percent="32">
    <mem type="nursery" free="8283936" total="21757952" percent="38">
      <mem type="allocate" free="8283936" total="15728640" percent="52" />
      <mem type="survivor" free="0" total="6029312" percent="0" />
    </mem>
    <mem type="tenure" free="12609576" total="42008576" percent="30" micro-fragmented="1024057" macro-fragmented="0">
      <mem type="soa" free="10508328" total="39907328" percent="26" />
      <mem type="loa" free="2101248" total="2101248" percent="100" />
    </mem>
    <pending-finalizers system="333" default="0" reference="520" classloader="0" />
    <remembered-set count="10377" />
  </mem-info>
</gc-end>
<cycle-end id="2098" type="global" contextid="2081" timestamp="2026-09-06T06:51:03.012" />
<exclusive-end id="2099" timestamp="2026-09-06T06:51:03.012" durationms="8.425" />

<exclusive-start id="2100" timestamp="2026-09-06T06:51:03.126" intervalms="122.364">
  <response-info timems="0.016" idlems="0.016" threads="0" lastid="0000000000516C00" lastname="Start Level: Equinox Container: 6067a48d-7b8f-47e3-87ea-0c1144c" />
</exclusive-start>
<af-start id="2101" threadId="00000000005176C0" totalBytesRequested="80" timestamp="2026-09-06T06:51:03.126" intervalms="203.707" type="nursery" />
<cycle-start id="2102" type="scavenge" contextid="0" timestamp="2026-09-06T06:51:03.126" intervalms="203.701" />
<gc-start id="2103" type="scavenge" contextid="2102" timestamp="2026-09-06T06:51:03.127">
  <mem-info id="2104" free="12525600" total="63766528" percent="19">
    <mem type="nursery" free="0" total="21757952" percent="0">
      <mem type="allocate" free="0" total="15728640" percent="0" />
      <mem type="survivor" free="0" total="6029312" percent="0" />
    </mem>
    <mem type="tenure" free="12525600" total="42008576" percent="29">
      <mem type="soa" free="10424352" total="39907328" percent="26" />
      <mem type="loa" free="2101248" total="2101248" percent="100" />
    </mem>
    <remembered-set count="11762" />
  </mem-info>
</gc-start>
<allocation-stats totalBytes="8258712" discardedBytes="84480" >
  <allocated-bytes non-tlh="351176" tlh="7907536" />
  <largest-consumer threadName="Start Level: Equinox Container: 6067a48d-7b8f-47e3-87ea-0c1144ca6b94" threadId="0000000000516C00" bytes="7377760" />
</allocation-stats>
<gc-op id="2105" type="scavenge" timems="3.127" contextid="2102" timestamp="2026-09-06T06:51:03.130">
  <scavenger-info tenureage="3" tenuremask="7f18" tiltratio="72" />
  <memory-copied type="nursery" objects="82521" bytes="3826280" bytesdiscarded="290288" />
  <memory-copied type="tenure" objects="69136" bytes="3073648" bytesdiscarded="2656" />
  <finalization candidates="1028" enqueued="74" />
  <ownableSynchronizers candidates="12072" cleared="9786" />
  <references type="soft" candidates="1910" cleared="0" enqueued="0" dynamicThreshold="9" maxThreshold="32" />
  <references type="weak" candidates="1667" cleared="322" enqueued="319" />
  <references type="phantom" candidates="99" cleared="0" enqueued="0" />
  <object-monitors candidates="41" cleared="0"  />
</gc-op>
<gc-end id="2106" type="scavenge" contextid="2102" durationms="3.362" usertimems="22.638" systemtimems="0.229" stalltimems="6.274" timestamp="2026-09-06T06:51:03.130" activeThreads="10">
  <mem-info id="2107" free="20608920" total="63766528" percent="32">
    <mem type="nursery" free="11737440" total="21757952" percent="53">
      <mem type="allocate" free="11737440" total="15859712" percent="74" />
      <mem type="survivor" free="0" total="5898240" percent="0" />
    </mem>
    <mem type="tenure" free="8871480" total="42008576" percent="21">
      <mem type="soa" free="6770232" total="39907328" percent="16" />
      <mem type="loa" free="2101248" total="2101248" percent="100" />
    </mem>
    <pending-finalizers system="74" default="0" reference="319" classloader="0" />
    <remembered-set count="8353" />
  </mem-info>
</gc-end>
<cycle-end id="2108" type="scavenge" contextid="2102" timestamp="2026-09-06T06:51:03.130" />
<allocation-satisfied id="2109" threadId="0000000000516C00" bytesRequested="80" />
<af-end id="2110" timestamp="2026-09-06T06:51:03.130" threadId="00000000005176C0" success="true" from="nursery"/>
<exclusive-end id="2111" timestamp="2026-09-06T06:51:03.130" durationms="4.000" />

<exclusive-start id="2112" timestamp="2026-09-06T06:51:03.262" intervalms="136.215">
  <response-info timems="0.014" idlems="0.014" threads="0" lastid="0000000000516C00" lastname="Start Level: Equinox Container: 6067a48d-7b8f-47e3-87ea-0c1144c" />
</exclusive-start>
<af-start id="2113" threadId="00000000005176C0" totalBytesRequested="22304" timestamp="2026-09-06T06:51:03.262" intervalms="136.227" type="nursery" />
<cycle-start id="2114" type="scavenge" contextid="0" timestamp="2026-09-06T06:51:03.263" intervalms="136.257" />
<gc-start id="2115" type="scavenge" contextid="2114" timestamp="2026-09-06T06:51:03.263">
  <mem-info id="2116" free="8542136" total="63766528" percent="13">
    <mem type="nursery" free="0" total="21757952" percent="0">
      <mem type="allocate" free="0" total="15859712" percent="0" />
      <mem type="survivor" free="0" total="5898240" percent="0" />
    </mem>
    <mem type="tenure" free="8542136" total="42008576" percent="20">
      <mem type="soa" free="6440888" total="39907328" percent="16" />
      <mem type="loa" free="2101248" total="2101248" percent="100" />
    </mem>
    <remembered-set count="13031" />
  </mem-info>
</gc-start>
<allocation-stats totalBytes="12031640" discardedBytes="35144" >
  <allocated-bytes non-tlh="329424" tlh="11702216" />
  <largest-consumer threadName="Start Level: Equinox Container: 6067a48d-7b8f-47e3-87ea-0c1144ca6b94" threadId="0000000000516C00" bytes="11994792" />
</allocation-stats>
<gc-op id="2117" type="scavenge" timems="2.274" contextid="2114" timestamp="2026-09-06T06:51:03.265">
  <scavenger-info tenureage="8" tenuremask="7f00" tiltratio="72" />
  <memory-copied type="nursery" objects="95561" bytes="4452744" bytesdiscarded="271400" />
  <finalization candidates="1026" enqueued="95" />
  <ownableSynchronizers candidates="1443" cleared="90" />
  <references type="soft" candidates="2304" cleared="0" enqueued="0" dynamicThreshold="9" maxThreshold="32" />
  <references type="weak" candidates="9658" cleared="463" enqueued="461" />
  <references type="phantom" candidates="142" cleared="5" enqueued="5" />
  <object-monitors candidates="42" cleared="0"  />
</gc-op>
<gc-end id="2118" type="scavenge" contextid="2114" durationms="2.461" usertimems="11.677" systemtimems="3.068" stalltimems="7.946" timestamp="2026-09-06T06:51:03.265" activeThreads="10">
  <mem-info id="2119" free="19671368" total="63766528" percent="30">
    <mem type="nursery" free="11129232" total="21757952" percent="51">
      <mem type="allocate" free="11129232" total="15859712" percent="70" />
      <mem type="survivor" free="0" total="5898240" percent="0" />
    </mem>
    <mem type="tenure" free="8542136" total="42008576" percent="20">
      <mem type="soa" free="6440888" total="39907328" percent="16" />
      <mem type="loa" free="2101248" total="2101248" percent="100" />
    </mem>
    <pending-finalizers system="95" default="0" reference="466" classloader="0" />
    <remembered-set count="10224" />
  </mem-info>
</gc-end>
<cycle-end id="2120" type="scavenge" contextid="2114" timestamp="2026-09-06T06:51:03.265" />
<allocation-satisfied id="2121" threadId="0000000000516C00" bytesRequested="22304" />
<af-end id="2122" timestamp="2026-09-06T06:51:03.265" threadId="00000000005176C0" success="true" from="nursery"/>
<exclusive-end id="2123" timestamp="2026-09-06T06:51:03.265" durationms="3.080" />

<exclusive-start id="2124" timestamp="2026-09-06T06:51:03.357" intervalms="94.981">
  <response-info timems="0.039" idlems="0.027" threads="1" lastid="0000000000516C00" lastname="Start Level: Equinox Container: 6067a48d-7b8f-47e3-87ea-0c1144c" />
</exclusive-start>
<af-start id="2125" threadId="00000000006E35C0" totalBytesRequested="32" timestamp="2026-09-06T06:51:03.357" intervalms="94.962" type="nursery" />
<cycle-start id="2126" type="scavenge" contextid="0" timestamp="2026-09-06T06:51:03.358" intervalms="94.917" />
<gc-start id="2127" type="scavenge" contextid="2126" timestamp="2026-09-06T06:51:03.358">
  <mem-info id="2128" free="8423808" total="63766528" percent="13">
    <mem type="nursery" free="0" total="21757952" percent="0">
      <mem type="allocate" free="0" total="15859712" percent="0" />
      <mem type="survivor" free="0" total="5898240" percent="0" />
    </mem>
    <mem type="tenure" free="8423808" total="42008576" percent="20">
      <mem type="soa" free="6322560" total="39907328" percent="15" />
      <mem type="loa" free="2101248" total="2101248" percent="100" />
    </mem>
    <remembered-set count="12208" />
  </mem-info>
</gc-start>
<allocation-stats totalBytes="11244888" discardedBytes="2672" >
  <allocated-bytes non-tlh="140632" tlh="11104256" />
  <largest-consumer threadName="Start Level: Equinox Container: 6067a48d-7b8f-47e3-87ea-0c1144ca6b94" threadId="0000000000516C00" bytes="11199768" />
</allocation-stats>
<gc-op id="2129" type="scavenge" timems="2.596" contextid="2126" timestamp="2026-09-06T06:51:03.360">
  <scavenger-info tenureage="3" tenuremask="7f18" tiltratio="72" />
  <memory-copied type="nursery" objects="74614" bytes="4007760" bytesdiscarded="333360" />
  <memory-copied type="tenure" objects="38915" bytes="1636688" bytesdiscarded="768" />
  <finalization candidates="1034" enqueued="95" />
  <ownableSynchronizers candidates="1846" cleared="136" />
  <references type="soft" candidates="2096" cleared="0" enqueued="0" dynamicThreshold="9" maxThreshold="32" />
  <references type="weak" candidates="9391" cleared="401" enqueued="398" />
  <references type="phantom" candidates="168" cleared="0" enqueued="0" />
  <object-monitors candidates="42" cleared="0"  />
</gc-op>
<gc-end id="2130" type="scavenge" contextid="2126" durationms="2.774" usertimems="16.091" systemtimems="1.342" stalltimems="6.933" timestamp="2026-09-06T06:51:03.360" activeThreads="10">
  <mem-info id="2131" free="18270864" total="63766528" percent="28">
    <mem type="nursery" free="11644608" total="21757952" percent="53">
      <mem type="allocate" free="11644608" total="15990784" percent="72" />
      <mem type="survivor" free="0" total="5767168" percent="0" />
    </mem>
    <mem type="tenure" free="6626256" total="42008576" percent="15">
      <mem type="soa" free="4525008" total="39907328" percent="11" />
      <mem type="loa" free="2101248" total="2101248" percent="100" />
    </mem>
    <pending-finalizers system="95" default="0" reference="398" classloader="0" />
    <remembered-set count="8231" />
  </mem-info>
</gc-end>
<cycle-end id="2132" type="scavenge" contextid="2126" timestamp="2026-09-06T06:51:03.361" />
<allocation-satisfied id="2133" threadId="00000000006E2B00" bytesRequested="32" />
<af-end id="2134" timestamp="2026-09-06T06:51:03.361" threadId="00000000006E35C0" success="true" from="nursery"/>
<exclusive-end id="2135" timestamp="2026-09-06T06:51:03.361" durationms="3.335" />

<exclusive-start id="2136" timestamp="2026-09-06T06:51:03.398" intervalms="41.062">
  <response-info timems="0.013" idlems="0.013" threads="0" lastid="0000000000516C00" lastname="Start Level: Equinox Container: 6067a48d-7b8f-47e3-87ea-0c1144c" />
</exclusive-start>
<af-start id="2137" threadId="00000000005176C0" totalBytesRequested="80" timestamp="2026-09-06T06:51:03.399" intervalms="41.067" type="nursery" />
<cycle-start id="2138" type="scavenge" contextid="0" timestamp="2026-09-06T06:51:03.399" intervalms="41.087" />
<gc-start id="2139" type="scavenge" contextid="2138" timestamp="2026-09-06T06:51:03.399">
  <mem-info id="2140" free="6604872" total="63766528" percent="10">
    <mem type="nursery" free="0" total="21757952" percent="0">
      <mem type="allocate" free="0" total="15990784" percent="0" />
      <mem type="survivor" free="0" total="5767168" percent="0" />
    </mem>
    <mem type="tenure" free="6604872" total="42008576" percent="15">
      <mem type="soa" free="4503624" total="39907328" percent="11" />
      <mem type="loa" free="2101248" total="2101248" percent="100" />
    </mem>
    <remembered-set count="8755" />
  </mem-info>
</gc-start>
<allocation-stats totalBytes="11663672" discardedBytes="2320" >
  <allocated-bytes non-tlh="74696" tlh="11588976" />
  <largest-consumer threadName="Start Level: Equinox Container: 6067a48d-7b8f-47e3-87ea-0c1144ca6b94" threadId="0000000000516C00" bytes="10998704" />
</allocation-stats>
<gc-op id="2141" type="scavenge" timems="1.930" contextid="2138" timestamp="2026-09-06T06:51:03.401">
  <scavenger-info tenureage="3" tenuremask="7f08" tiltratio="73" />
  <memory-copied type="nursery" objects="44733" bytes="3224120" bytesdiscarded="541432" />
  <memory-copied type="tenure" objects="36058" bytes="1725992" bytesdiscarded="192" />
  <finalization candidates="932" enqueued="45" />
  <ownableSynchronizers candidates="1198" cleared="89" />
  <references type="soft" candidates="988" cleared="0" enqueued="0" dynamicThreshold="9" maxThreshold="32" />
  <references type="weak" candidates="8306" cleared="70" enqueued="70" />
  <references type="phantom" candidates="190" cleared="0" enqueued="0" />
  <object-monitors candidates="42" cleared="0"  />
</gc-op>
<gc-end id="2142" type="scavenge" contextid="2138" durationms="2.112" usertimems="11.994" systemtimems="1.136" stalltimems="5.992" timestamp="2026-09-06T06:51:03.401" activeThreads="10">
  <mem-info id="2143" free="17438264" total="63766528" percent="27">
    <mem type="nursery" free="12483872" total="21757952" percent="57">
      <mem type="allocate" free="12483872" total="16252928" percent="76" />
      <mem type="survivor" free="0" total="5505024" percent="0" />
    </mem>
    <mem type="tenure" free="4954392" total="42008576" percent="11">
      <mem type="soa" free="2853144" total="39907328" percent="7" />
      <mem type="loa" free="2101248" total="2101248" percent="100" />
    </mem>
    <pending-finalizers system="45" default="0" reference="70" classloader="0" />
    <remembered-set count="3475" />
  </mem-info>
</gc-end>
<cycle-end id="2144" type="scavenge" contextid="2138" timestamp="2026-09-06T06:51:03.401" />
<allocation-satisfied id="2145" threadId="0000000000516C00" bytesRequested="80" />
<af-end id="2146" timestamp="2026-09-06T06:51:03.401" threadId="00000000005176C0" success="true" from="nursery"/>
<exclusive-end id="2147" timestamp="2026-09-06T06:51:03.401" durationms="2.647" />

<concurrent-kickoff id="2148" timestamp="2026-09-06T06:51:03.427">
  <kickoff reason="threshold reached" targetBytes="19531904" thresholdFreeBytes="2703133"  remainingFree="2358480" tenureFreeBytes="4940632" nurseryFreeBytes="2358480" />
</concurrent-kickoff>
<exclusive-start id="2149" timestamp="2026-09-06T06:51:03.428" intervalms="29.190">
  <response-info timems="0.015" idlems="0.015" threads="0" lastid="0000000000516C00" lastname="Start Level: Equinox Container: 6067a48d-7b8f-47e3-87ea-0c1144c" />
</exclusive-start>
<cycle-start id="2150" type="global" contextid="0" timestamp="2026-09-06T06:51:03.428" intervalms="442.022" />
<concurrent-start id="2151" type="global mark" contextid="2150" timestamp="2026-09-06T06:51:03.428">
</concurrent-start>
<exclusive-end id="2152" timestamp="2026-09-06T06:51:03.428" durationms="0.105" />

<exclusive-start id="2153" timestamp="2026-09-06T06:51:03.461" intervalms="32.933">
  <response-info timems="0.012" idlems="0.012" threads="0" lastid="0000000000516C00" lastname="Start Level: Equinox Container: 6067a48d-7b8f-47e3-87ea-0c1144c" />
</exclusive-start>
<af-start id="2154" threadId="00000000005176C0" totalBytesRequested="24" timestamp="2026-09-06T06:51:03.461" intervalms="62.119" type="nursery" />
<percolate-collect id="2155" from="nursery" to="global" reason="concurrent mark exhausted" timestamp="2026-09-06T06:51:03.461"/>
<concurrent-end id="2156" type="global mark" contextid="2150" timestamp="2026-09-06T06:51:03.461">
<gc-op id="2157" type="trace" timems="32.840" contextid="2150" timestamp="2026-09-06T06:51:03.461">
  <trace bytesTraced="23077228" workStackOverflowCount="0" />
  <card-cleaning reason="card cleaning threshold reached" bytesTraced="12664" cardsCleaned="25" />
</gc-op>
</concurrent-end>

<gc-start id="2158" type="global" contextid="2150" timestamp="2026-09-06T06:51:03.461">
  <mem-info id="2159" free="4940632" total="63766528" percent="7">
    <mem type="nursery" free="0" total="21757952" percent="0">
      <mem type="allocate" free="0" total="16252928" percent="0" />
      <mem type="survivor" free="0" total="5505024" percent="0" />
    </mem>
    <mem type="tenure" free="4940632" total="42008576" percent="11">
      <mem type="soa" free="2839384" total="39907328" percent="7" />
      <mem type="loa" free="2101248" total="2101248" percent="100" />
    </mem>
    <remembered-set count="3818" />
  </mem-info>
</gc-start>
<allocation-stats totalBytes="12496568" discardedBytes="1064" >
  <allocated-bytes non-tlh="13840" tlh="12482728" />
  <largest-consumer threadName="Start Level: Equinox Container: 6067a48d-7b8f-47e3-87ea-0c1144ca6b94" threadId="0000000000516C00" bytes="12467896" />
</allocation-stats>
<concurrent-halted id="2160" timestamp="2026-09-06T06:51:03.461">
  <halted state="Complete" status="exhausted" />
  <traced bytesTarget="19531904" bytesTotal="23089892" bytesByMutator="3973792" bytesByHelper="19116100" percent="118" />
  <cards cleaned="25" thresholdBytes="1064870" />
</concurrent-halted>
<gc-op id="2161" type="rs-scan" timems="0.783" contextid="2150" timestamp="2026-09-06T06:51:03.462">
  <scan objectsFound="46126" bytesTraced="1862368" workStackOverflowCount="0" />
</gc-op>
<gc-op id="2162" type="card-cleaning" timems="0.350" contextid="2150" timestamp="2026-09-06T06:51:03.462">
  <card-cleaning cardsCleaned="39" bytesTraced="59308" workStackOverflowCount="0" />
</gc-op>
<gc-op id="2163" type="mark" timems="2.980" contextid="2150" timestamp="2026-09-06T06:51:03.465">
  <trace-info objectcount="2200" scancount="2121" scanbytes="74580" />
  <finalization candidates="1580" enqueued="58" />
  <ownableSynchronizers candidates="6813" cleared="38" />
  <references type="soft" candidates="9689" cleared="217" enqueued="215" dynamicThreshold="9" maxThreshold="32" />
  <references type="weak" candidates="13763" cleared="139" enqueued="134" />
  <references type="phantom" candidates="355" cleared="0" enqueued="0" />
  <stringconstants candidates="30252" cleared="146"  />
  <object-monitors candidates="42" cleared="0"  />
</gc-op>
<gc-op id="2164" type="classunload" timems="0.797" contextid="2150" timestamp="2026-09-06T06:51:03.466">
  <classunload-info classloadercandidates="299" classloadersunloaded="10" classesunloaded="3" anonymousclassesunloaded="3" quiescems="0.000" setupms="0.563" scanms="0.091" postms="0.141" />
</gc-op>
<gc-op id="2165" type="sweep" timems="0.500" contextid="2150" timestamp="2026-09-06T06:51:03.467" />
<heap-resize id="2166" type="expand" space="tenure" amount="7602176" count="1" timems="0.213" reason="insufficient free space following gc" timestamp="2026-09-06T06:51:03.467" />
<gc-end id="2167" type="global" contextid="2150" durationms="6.076" usertimems="21.413" systemtimems="3.045" stalltimems="18.827" timestamp="2026-09-06T06:51:03.467" activeThreads="10">
  <mem-info id="2168" free="27505960" total="71368704" percent="38">
    <mem type="nursery" free="12611208" total="21757952" percent="57">
      <mem type="allocate" free="12611208" total="16252928" percent="77" />
      <mem type="survivor" free="0" total="5505024" percent="0" />
    </mem>
    <mem type="tenure" free="14894752" total="49610752" percent="30" micro-fragmented="1124740" macro-fragmented="0">
      <mem type="soa" free="12413600" total="47129600" percent="26" />
      <mem type="loa" free="2481152" total="2481152" percent="100" />
    </mem>
    <pending-finalizers system="58" default="0" reference="349" classloader="0" />
    <remembered-set count="3377" />
  </mem-info>
</gc-end>
<cycle-end id="2169" type="global" contextid="2150" timestamp="2026-09-06T06:51:03.467" />
<allocation-satisfied id="2170" threadId="0000000000516C00" bytesRequested="24" />
<af-end id="2171" timestamp="2026-09-06T06:51:03.467" threadId="00000000005176C0" success="true" from="nursery"/>
<exclusive-end id="2172" timestamp="2026-09-06T06:51:03.467" durationms="6.585" />

<exclusive-start id="2173" timestamp="2026-09-06T06:51:03.613" intervalms="152.690">
  <response-info timems="0.015" idlems="0.015" threads="0" lastid="0000000000516C00" lastname="Start Level: Equinox Container: 6067a48d-7b8f-47e3-87ea-0c1144c" />
</exclusive-start>
<af-start id="2174" threadId="00000000005176C0" totalBytesRequested="521952" timestamp="2026-09-06T06:51:03.613" intervalms="152.690" type="nursery" />
<cycle-start id="2175" type="scavenge" contextid="0" timestamp="2026-09-06T06:51:03.613" intervalms="214.815" />
<gc-start id="2176" type="scavenge" contextid="2175" timestamp="2026-09-06T06:51:03.614">
  <mem-info id="2177" free="14886456" total="71368704" percent="20">
    <mem type="nursery" free="0" total="21757952" percent="0">
      <mem type="allocate" free="0" total="16252928" percent="0" />
      <mem type="survivor" free="0" total="5505024" percent="0" />
    </mem>
    <mem type="tenure" free="14886456" total="49610752" percent="30">
      <mem type="soa" free="12405304" total="47129600" percent="26" />
      <mem type="loa" free="2481152" total="2481152" percent="100" />
    </mem>
    <remembered-set count="4154" />
  </mem-info>
</gc-start>
<allocation-stats totalBytes="12358504" discardedBytes="254896" >
  <allocated-bytes non-tlh="1112736" tlh="11245768" />
  <largest-consumer threadName="Start Level: Equinox Container: 6067a48d-7b8f-47e3-87ea-0c1144ca6b94" threadId="0000000000516C00" bytes="12347536" />
</allocation-stats>
<gc-op id="2178" type="scavenge" timems="1.536" contextid="2175" timestamp="2026-09-06T06:51:03.615">
  <scavenger-info tenureage="8" tenuremask="7f00" tiltratio="74" />
  <memory-copied type="nursery" objects="53613" bytes="3695952" bytesdiscarded="196400" />
  <finalization candidates="18" enqueued="8" />
  <ownableSynchronizers candidates="13598" cleared="12841" />
  <references type="soft" candidates="993" cleared="0" enqueued="0" dynamicThreshold="9" maxThreshold="32" />
  <references type="weak" candidates="8414" cleared="17" enqueued="17" />
  <references type="phantom" candidates="273" cleared="0" enqueued="0" />
  <object-monitors candidates="42" cleared="0"  />
</gc-op>
<gc-end id="2179" type="scavenge" contextid="2175" durationms="1.694" usertimems="9.245" systemtimems="0.147" stalltimems="5.852" timestamp="2026-09-06T06:51:03.615" activeThreads="10">
  <mem-info id="2180" free="27372200" total="71368704" percent="38">
    <mem type="nursery" free="12485744" total="21757952" percent="57">
      <mem type="allocate" free="12485744" total="16384000" percent="76" />
      <mem type="survivor" free="0" total="5373952" percent="0" />
    </mem>
    <mem type="tenure" free="14886456" total="49610752" percent="30">
      <mem type="soa" free="12405304" total="47129600" percent="26" />
      <mem type="loa" free="2481152" total="2481152" percent="100" />
    </mem>
    <pending-finalizers system="8" default="0" reference="17" classloader="0" />
    <remembered-set count="2901" />
  </mem-info>
</gc-end>
<cycle-end id="2181" type="scavenge" contextid="2175" timestamp="2026-09-06T06:51:03.615" />
<allocation-satisfied id="2182" threadId="0000000000516C00" bytesRequested="521952" />
<af-end id="2183" timestamp="2026-09-06T06:51:03.615" threadId="00000000005176C0" success="true" from="nursery"/>
<exclusive-end id="2184" timestamp="2026-09-06T06:51:03.616" durationms="2.269" />

<exclusive-start id="2185" timestamp="2026-09-06T06:51:03.700" intervalms="86.479">
  <response-info timems="0.047" idlems="0.047" threads="0" lastid="0000000000516C00" lastname="Start Level: Equinox Container: 6067a48d-7b8f-47e3-87ea-0c1144c" />
</exclusive-start>
<af-start id="2186" threadId="00000000005176C0" totalBytesRequested="5080" timestamp="2026-09-06T06:51:03.700" intervalms="86.638" type="nursery" />
<cycle-start id="2187" type="scavenge" contextid="0" timestamp="2026-09-06T06:51:03.700" intervalms="86.817" />
<gc-start id="2188" type="scavenge" contextid="2187" timestamp="2026-09-06T06:51:03.701">
  <mem-info id="2189" free="14827256" total="71368704" percent="20">
    <mem type="nursery" free="0" total="21757952" percent="0">
      <mem type="allocate" free="0" total="16384000" percent="0" />
      <mem type="survivor" free="0" total="5373952" percent="0" />
    </mem>
    <mem type="tenure" free="14827256" total="49610752" percent="29">
      <mem type="soa" free="12346104" total="47129600" percent="26" />
      <mem type="loa" free="2481152" total="2481152" percent="100" />
    </mem>
    <remembered-set count="3751" />
  </mem-info>
</gc-start>
<allocation-stats totalBytes="12502240" discardedBytes="23832" >
  <allocated-bytes non-tlh="596592" tlh="11905648" />
  <largest-consumer threadName="Start Level: Equinox Container: 6067a48d-7b8f-47e3-87ea-0c1144ca6b94" threadId="0000000000516C00" bytes="12372256" />
</allocation-stats>
<gc-op id="2190" type="scavenge" timems="3.032" contextid="2187" timestamp="2026-09-06T06:51:03.704">
  <scavenger-info tenureage="8" tenuremask="7f00" tiltratio="75" />
  <memory-copied type="nursery" objects="60744" bytes="4501632" bytesdiscarded="267992" />
  <finalization candidates="31" enqueued="21" />
  <ownableSynchronizers candidates="940" cleared="53" />
  <references type="soft" candidates="1106" cleared="0" enqueued="0" dynamicThreshold="9" maxThreshold="32" />
  <references type="weak" candidates="8656" cleared="176" enqueued="175" />
  <references type="phantom" candidates="269" cleared="1" enqueued="1" />
  <object-monitors candidates="42" cleared="0"  />
</gc-op>
<gc-end id="2191" type="scavenge" contextid="2187" durationms="3.279" usertimems="17.726" systemtimems="0.910" stalltimems="5.969" timestamp="2026-09-06T06:51:03.704" activeThreads="10">
  <mem-info id="2192" free="25845104" total="71368704" percent="36">
    <mem type="nursery" free="11017848" total="21757952" percent="50">
      <mem type="allocate" free="11017848" total="15794176" percent="69" />
      <mem type="survivor" free="0" total="5963776" percent="0" />
    </mem>
    <mem type="tenure" free="14827256" total="49610752" percent="29">
      <mem type="soa" free="12346104" total="47129600" percent="26" />
      <mem type="loa" free="2481152" total="2481152" percent="100" />
    </mem>
    <pending-finalizers system="21" default="0" reference="176" classloader="0" />
    <remembered-set count="3596" />
  </mem-info>
</gc-end>
<cycle-end id="2193" type="scavenge" contextid="2187" timestamp="2026-09-06T06:51:03.704" />
<allocation-satisfied id="2194" threadId="0000000000516C00" bytesRequested="5080" />
<af-end id="2195" timestamp="2026-09-06T06:51:03.704" threadId="00000000005176C0" success="true" from="nursery"/>
<exclusive-end id="2196" timestamp="2026-09-06T06:51:03.704" durationms="4.652" />

<exclusive-start id="2197" timestamp="2026-09-06T06:51:03.775" intervalms="75.682">
  <response-info timems="0.018" idlems="0.018" threads="0" lastid="0000000000516C00" lastname="Start Level: Equinox Container: 6067a48d-7b8f-47e3-87ea-0c1144c" />
</exclusive-start>
<af-start id="2198" threadId="00000000005176C0" totalBytesRequested="544" timestamp="2026-09-06T06:51:03.775" intervalms="75.516" type="nursery" />
<cycle-start id="2199" type="scavenge" contextid="0" timestamp="2026-09-06T06:51:03.776" intervalms="75.347" />
<gc-start id="2200" type="scavenge" contextid="2199" timestamp="2026-09-06T06:51:03.776">
  <mem-info id="2201" free="14756296" total="71368704" percent="20">
    <mem type="nursery" free="0" total="21757952" percent="0">
      <mem type="allocate" free="0" total="15794176" percent="0" />
      <mem type="survivor" free="0" total="5963776" percent="0" />
    </mem>
    <mem type="tenure" free="14756296" total="49610752" percent="29">
      <mem type="soa" free="12275144" total="47129600" percent="26" />
      <mem type="loa" free="2481152" total="2481152" percent="100" />
    </mem>
    <remembered-set count="4672" />
  </mem-info>
</gc-start>
<allocation-stats totalBytes="11076624" discardedBytes="2784" >
  <allocated-bytes non-tlh="66640" tlh="11009984" />
  <largest-consumer threadName="Start Level: Equinox Container: 6067a48d-7b8f-47e3-87ea-0c1144ca6b94" threadId="0000000000516C00" bytes="11007504" />
</allocation-stats>
<gc-op id="2202" type="scavenge" timems="1.778" contextid="2199" timestamp="2026-09-06T06:51:03.778">
  <scavenger-info tenureage="8" tenuremask="7f00" tiltratio="72" />
  <memory-copied type="nursery" objects="71951" bytes="4216872" bytesdiscarded="173360" />
  <finalization candidates="75" enqueued="61" />
  <ownableSynchronizers candidates="1322" cleared="184" />
  <references type="soft" candidates="1345" cleared="0" enqueued="0" dynamicThreshold="9" maxThreshold="32" />
  <references type="weak" candidates="8832" cleared="243" enqueued="239" />
  <references type="phantom" candidates="244" cleared="0" enqueued="0" />
  <object-monitors candidates="42" cleared="0"  />
</gc-op>
<gc-end id="2203" type="scavenge" contextid="2199" durationms="1.944" usertimems="10.159" systemtimems="1.014" stalltimems="6.483" timestamp="2026-09-06T06:51:03.778" activeThreads="10">
  <mem-info id="2204" free="26349192" total="71368704" percent="36">
    <mem type="nursery" free="11592896" total="21757952" percent="53">
      <mem type="allocate" free="11592896" total="15990784" percent="72" />
      <mem type="survivor" free="0" total="5767168" percent="0" />
    </mem>
    <mem type="tenure" free="14756296" total="49610752" percent="29">
      <mem type="soa" free="12275144" total="47129600" percent="26" />
      <mem type="loa" free="2481152" total="2481152" percent="100" />
    </mem>
    <pending-finalizers system="61" default="0" reference="239" classloader="0" />
    <remembered-set count="4302" />
  </mem-info>
</gc-end>
<cycle-end id="2205" type="scavenge" contextid="2199" timestamp="2026-09-06T06:51:03.778" />
<allocation-satisfied id="2206" threadId="0000000000516C00" bytesRequested="544" />
<af-end id="2207" timestamp="2026-09-06T06:51:03.778" threadId="00000000005176C0" success="true" from="nursery"/>
<exclusive-end id="2208" timestamp="2026-09-06T06:51:03.778" durationms="2.529" />

<exclusive-start id="2209" timestamp="2026-09-06T06:51:03.849" intervalms="74.049">
  <response-info timems="0.016" idlems="0.016" threads="0" lastid="000000000052E500" lastname="Equinox start level thread - Equinox Container: 6067a48d-7b8f-4" />
</exclusive-start>
<af-start id="2210" threadId="000000000052EFC0" totalBytesRequested="28648" timestamp="2026-09-06T06:51:03.850" intervalms="74.069" type="nursery" />
<cycle-start id="2211" type="scavenge" contextid="0" timestamp="2026-09-06T06:51:03.850" intervalms="74.055" />
<gc-start id="2212" type="scavenge" contextid="2211" timestamp="2026-09-06T06:51:03.850">
  <mem-info id="2213" free="14679048" total="71368704" percent="20">
    <mem type="nursery" free="0" total="21757952" percent="0">
      <mem type="allocate" free="0" total="15990784" percent="0" />
      <mem type="survivor" free="0" total="5767168" percent="0" />
    </mem>
    <mem type="tenure" free="14679048" total="49610752" percent="29">
      <mem type="soa" free="12197896" total="47129600" percent="25" />
      <mem type="loa" free="2481152" total="2481152" percent="100" />
    </mem>
    <remembered-set count="5712" />
  </mem-info>
</gc-start>
<allocation-stats totalBytes="11627952" discardedBytes="34856" >
  <allocated-bytes non-tlh="109216" tlh="11518736" />
  <largest-consumer threadName="Start Level: Equinox Container: 6067a48d-7b8f-47e3-87ea-0c1144ca6b94" threadId="0000000000516C00" bytes="8439576" />
</allocation-stats>
<gc-op id="2214" type="scavenge" timems="2.027" contextid="2211" timestamp="2026-09-06T06:51:03.852">
  <scavenger-info tenureage="5" tenuremask="7f60" tiltratio="73" />
  <memory-copied type="nursery" objects="50688" bytes="3344640" bytesdiscarded="546160" />
  <memory-copied type="tenure" objects="34621" bytes="1304800" bytesdiscarded="1568" />
  <finalization candidates="82" enqueued="64" />
  <ownableSynchronizers candidates="1629" cleared="193" />
  <references type="soft" candidates="756" cleared="0" enqueued="0" dynamicThreshold="9" maxThreshold="32" />
  <references type="weak" candidates="861" cleared="274" enqueued="273" />
  <references type="phantom" candidates="271" cleared="5" enqueued="5" />
  <object-monitors candidates="46" cleared="3"  />
</gc-op>
<gc-end id="2215" type="scavenge" contextid="2211" durationms="2.243" usertimems="12.251" systemtimems="1.154" stalltimems="6.965" timestamp="2026-09-06T06:51:03.852" activeThreads="10">
  <mem-info id="2216" free="25313472" total="71368704" percent="35">
    <mem type="nursery" free="12289832" total="21757952" percent="56">
      <mem type="allocate" free="12289832" total="16187392" percent="75" />
      <mem type="survivor" free="0" total="5570560" percent="0" />
    </mem>
    <mem type="tenure" free="13023640" total="49610752" percent="26">
      <mem type="soa" free="10542488" total="47129600" percent="22" />
      <mem type="loa" free="2481152" total="2481152" percent="100" />
    </mem>
    <pending-finalizers system="64" default="0" reference="278" classloader="0" />
    <remembered-set count="4186" />
  </mem-info>
</gc-end>
<cycle-end id="2217" type="scavenge" contextid="2211" timestamp="2026-09-06T06:51:03.852" />
<allocation-satisfied id="2218" threadId="000000000052E500" bytesRequested="28648" />
<af-end id="2219" timestamp="2026-09-06T06:51:03.852" threadId="000000000052EFC0" success="true" from="nursery"/>
<exclusive-end id="2220" timestamp="2026-09-06T06:51:03.852" durationms="2.859" />

<exclusive-start id="2221" timestamp="2026-09-06T06:51:03.917" intervalms="67.747">
  <response-info timems="0.076" idlems="0.047" threads="1" lastid="000000000052A800" lastname="Equinox start level thread - Equinox Container: 6067a48d-7b8f-4" />
</exclusive-start>
<af-start id="2222" threadId="00000000007509C0" totalBytesRequested="24" timestamp="2026-09-06T06:51:03.917" intervalms="67.745" type="nursery" />
<cycle-start id="2223" type="scavenge" contextid="0" timestamp="2026-09-06T06:51:03.917" intervalms="67.735" />
<gc-start id="2224" type="scavenge" contextid="2223" timestamp="2026-09-06T06:51:03.918">
  <mem-info id="2225" free="12853128" total="71368704" percent="18">
    <mem type="nursery" free="0" total="21757952" percent="0">
      <mem type="allocate" free="0" total="16187392" percent="0" />
      <mem type="survivor" free="0" total="5570560" percent="0" />
    </mem>
    <mem type="tenure" free="12853128" total="49610752" percent="25">
      <mem type="soa" free="10371976" total="47129600" percent="22" />
      <mem type="loa" free="2481152" total="2481152" percent="100" />
    </mem>
    <remembered-set count="6900" />
  </mem-info>
</gc-start>
<allocation-stats totalBytes="12446584" discardedBytes="10048" >
  <allocated-bytes non-tlh="460088" tlh="11986496" />
  <largest-consumer threadName="Equinox start level thread - Equinox Container: 6067a48d-7b8f-47e3-87ea-0c1144ca6b94" threadId="000000000052A800" bytes="9604416" />
</allocation-stats>
<gc-op id="2226" type="scavenge" timems="1.547" contextid="2223" timestamp="2026-09-06T06:51:03.919">
  <scavenger-info tenureage="8" tenuremask="7f00" tiltratio="74" />
  <memory-copied type="nursery" objects="63228" bytes="3645568" bytesdiscarded="259608" />
  <finalization candidates="153" enqueued="125" />
  <ownableSynchronizers candidates="1296" cleared="75" />
  <references type="soft" candidates="1296" cleared="0" enqueued="0" dynamicThreshold="9" maxThreshold="32" />
  <references type="weak" candidates="1312" cleared="478" enqueued="478" />
  <references type="phantom" candidates="276" cleared="1" enqueued="1" />
  <object-monitors candidates="43" cleared="0"  />
</gc-op>
<gc-end id="2227" type="scavenge" contextid="2223" durationms="1.774" usertimems="9.528" systemtimems="0.231" stalltimems="5.563" timestamp="2026-09-06T06:51:03.919" activeThreads="10">
  <mem-info id="2228" free="25324992" total="71368704" percent="35">
    <mem type="nursery" free="12471864" total="21757952" percent="57">
      <mem type="allocate" free="12471864" total="16384000" percent="76" />
      <mem type="survivor" free="0" total="5373952" percent="0" />
    </mem>
    <mem type="tenure" free="12853128" total="49610752" percent="25">
      <mem type="soa" free="10371976" total="47129600" percent="22" />
      <mem type="loa" free="2481152" total="2481152" percent="100" />
    </mem>
    <pending-finalizers system="125" default="0" reference="479" classloader="0" />
    <remembered-set count="5956" />
  </mem-info>
</gc-end>
<cycle-end id="2229" type="scavenge" contextid="2223" timestamp="2026-09-06T06:51:03.919" />
<allocation-satisfied id="2230" threadId="000000000074FF00" bytesRequested="24" />
<af-end id="2231" timestamp="2026-09-06T06:51:03.920" threadId="00000000007509C0" success="true" from="nursery"/>
<exclusive-end id="2232" timestamp="2026-09-06T06:51:03.920" durationms="2.410" />

<exclusive-start id="2233" timestamp="2026-09-06T06:51:03.981" intervalms="63.594">
  <response-info timems="0.017" idlems="0.017" threads="0" lastid="000000000077C100" lastname="Default Executor-thread-6" />
</exclusive-start>
<af-start id="2234" threadId="000000000077CBC0" totalBytesRequested="5768" timestamp="2026-09-06T06:51:03.981" intervalms="63.580" type="nursery" />
<cycle-start id="2235" type="scavenge" contextid="0" timestamp="2026-09-06T06:51:03.981" intervalms="63.598" />
<gc-start id="2236" type="scavenge" contextid="2235" timestamp="2026-09-06T06:51:03.981">
  <mem-info id="2237" free="12652160" total="71368704" percent="17">
    <mem type="nursery" free="0" total="21757952" percent="0">
      <mem type="allocate" free="0" total="16384000" percent="0" />
      <mem type="survivor" free="0" total="5373952" percent="0" />
    </mem>
    <mem type="tenure" free="12652160" total="49610752" percent="25">
      <mem type="soa" free="10171008" total="47129600" percent="21" />
      <mem type="loa" free="2481152" total="2481152" percent="100" />
    </mem>
    <remembered-set count="8885" />
  </mem-info>
</gc-start>
<allocation-stats totalBytes="12529136" discardedBytes="142968" >
  <allocated-bytes non-tlh="575016" tlh="11954120" />
  <largest-consumer threadName="Default Executor-thread-2" threadId="000000000074C200" bytes="3588856" />
</allocation-stats>
<gc-op id="2238" type="scavenge" timems="1.744" contextid="2235" timestamp="2026-09-06T06:51:03.983">
  <scavenger-info tenureage="3" tenuremask="7f48" tiltratio="75" />
  <memory-copied type="nursery" objects="52758" bytes="3079368" bytesdiscarded="583816" />
  <memory-copied type="tenure" objects="17985" bytes="1168432" bytesdiscarded="704" />
  <finalization candidates="94" enqueued="58" />
  <ownableSynchronizers candidates="1371" cleared="7" />
  <references type="soft" candidates="1147" cleared="0" enqueued="0" dynamicThreshold="9" maxThreshold="32" />
  <references type="weak" candidates="1564" cleared="584" enqueued="584" />
  <references type="phantom" candidates="267" cleared="0" enqueued="0" />
  <object-monitors candidates="201" cleared="116"  />
</gc-op>
<gc-end id="2239" type="scavenge" contextid="2235" durationms="1.943" usertimems="9.081" systemtimems="2.020" stalltimems="6.214" timestamp="2026-09-06T06:51:03.983" activeThreads="10">
  <mem-info id="2240" free="24105328" total="71368704" percent="33">
    <mem type="nursery" free="12976224" total="21757952" percent="59">
      <mem type="allocate" free="12976224" total="16646144" percent="77" />
      <mem type="survivor" free="0" total="5111808" percent="0" />
    </mem>
    <mem type="tenure" free="11129104" total="49610752" percent="22">
      <mem type="soa" free="8647952" total="47129600" percent="18" />
      <mem type="loa" free="2481152" total="2481152" percent="100" />
    </mem>
    <pending-finalizers system="58" default="0" reference="584" classloader="0" />
    <remembered-set count="7680" />
  </mem-info>
</gc-end>
<cycle-end id="2241" type="scavenge" contextid="2235" timestamp="2026-09-06T06:51:03.983" />
<allocation-satisfied id="2242" threadId="000000000077C100" bytesRequested="5768" />
<af-end id="2243" timestamp="2026-09-06T06:51:03.983" threadId="000000000077CBC0" success="true" from="nursery"/>
<exclusive-end id="2244" timestamp="2026-09-06T06:51:03.983" durationms="2.573" />

<exclusive-start id="2245" timestamp="2026-09-06T06:51:04.021" intervalms="40.112">
  <response-info timems="0.038" idlems="0.027" threads="2" lastid="000000000001D400" lastname="JIT Compilation Thread-000" />
</exclusive-start>
<af-start id="2246" threadId="000000000074CCC0" totalBytesRequested="4368" timestamp="2026-09-06T06:51:04.021" intervalms="40.114" type="nursery" />
<cycle-start id="2247" type="scavenge" contextid="0" timestamp="2026-09-06T06:51:04.021" intervalms="40.098" />
<gc-start id="2248" type="scavenge" contextid="2247" timestamp="2026-09-06T06:51:04.021">
  <mem-info id="2249" free="11046120" total="71368704" percent="15">
    <mem type="nursery" free="0" total="21757952" percent="0">
      <mem type="allocate" free="0" total="16646144" percent="0" />
      <mem type="survivor" free="0" total="5111808" percent="0" />
    </mem>
    <mem type="tenure" free="11046120" total="49610752" percent="22">
      <mem type="soa" free="8564968" total="47129600" percent="18" />
      <mem type="loa" free="2481152" total="2481152" percent="100" />
    </mem>
    <remembered-set count="9100" />
  </mem-info>
</gc-start>
<allocation-stats totalBytes="12968064" discardedBytes="91144" >
  <allocated-bytes non-tlh="154296" tlh="12813768" />
  <largest-consumer threadName="Default Executor-thread-6" threadId="000000000077C100" bytes="3725440" />
</allocation-stats>
<gc-op id="2250" type="scavenge" timems="1.792" contextid="2247" timestamp="2026-09-06T06:51:04.023">
  <scavenger-info tenureage="6" tenuremask="7f40" tiltratio="76" />
  <memory-copied type="nursery" objects="50539" bytes="3163368" bytesdiscarded="410480" />
  <memory-copied type="tenure" objects="8678" bytes="287304" bytesdiscarded="56" />
  <finalization candidates="47" enqueued="15" />
  <ownableSynchronizers candidates="1029" cleared="0" />
  <references type="soft" candidates="1190" cleared="0" enqueued="0" dynamicThreshold="9" maxThreshold="32" />
  <references type="weak" candidates="1104" cleared="205" enqueued="205" />
  <references type="phantom" candidates="271" cleared="0" enqueued="0" />
  <object-monitors candidates="148" cleared="46"  />
</gc-op>
<gc-end id="2251" type="scavenge" contextid="2247" durationms="2.006" usertimems="9.876" systemtimems="1.064" stalltimems="6.865" timestamp="2026-09-06T06:51:04.023" activeThreads="10">
  <mem-info id="2252" free="23567760" total="71368704" percent="33">
    <mem type="nursery" free="13330344" total="21757952" percent="61">
      <mem type="allocate" free="13330344" total="16908288" percent="78" />
      <mem type="survivor" free="0" total="4849664" percent="0" />
    </mem>
    <mem type="tenure" free="10237416" total="49610752" percent="20">
      <mem type="soa" free="7756264" total="47129600" percent="16" />
      <mem type="loa" free="2481152" total="2481152" percent="100" />
    </mem>
    <pending-finalizers system="15" default="0" reference="205" classloader="0" />
    <remembered-set count="6454" />
  </mem-info>
</gc-end>
<cycle-end id="2253" type="scavenge" contextid="2247" timestamp="2026-09-06T06:51:04.023" />
<allocation-satisfied id="2254" threadId="000000000074C200" bytesRequested="4368" />
<af-end id="2255" timestamp="2026-09-06T06:51:04.023" threadId="000000000074CCC0" success="true" from="nursery"/>
<exclusive-end id="2256" timestamp="2026-09-06T06:51:04.024" durationms="2.609" />

<exclusive-start id="2257" timestamp="2026-09-06T06:51:04.093" intervalms="71.611">
  <response-info timems="0.191" idlems="0.096" threads="2" lastid="000000000077C100" lastname="Default Executor-thread-6" />
</exclusive-start>
<af-start id="2258" threadId="000000000074E5C0" totalBytesRequested="32" timestamp="2026-09-06T06:51:04.093" intervalms="71.610" type="nursery" />
<cycle-start id="2259" type="scavenge" contextid="0" timestamp="2026-09-06T06:51:04.093" intervalms="71.609" />
<gc-start id="2260" type="scavenge" contextid="2259" timestamp="2026-09-06T06:51:04.093">
  <mem-info id="2261" free="10144072" total="71368704" percent="14">
    <mem type="nursery" free="0" total="21757952" percent="0">
      <mem type="allocate" free="0" total="16908288" percent="0" />
      <mem type="survivor" free="0" total="4849664" percent="0" />
    </mem>
    <mem type="tenure" free="10144072" total="49610752" percent="20">
      <mem type="soa" free="7662920" total="47129600" percent="16" />
      <mem type="loa" free="2481152" total="2481152" percent="100" />
    </mem>
    <remembered-set count="7741" />
  </mem-info>
</gc-start>
<allocation-stats totalBytes="13412792" discardedBytes="10896" >
  <allocated-bytes non-tlh="228800" tlh="13183992" />
  <largest-consumer threadName="Default Executor-thread-2" threadId="000000000074C200" bytes="3930080" />
</allocation-stats>
<gc-op id="2262" type="scavenge" timems="1.680" contextid="2259" timestamp="2026-09-06T06:51:04.095">
  <scavenger-info tenureage="4" tenuremask="7f10" tiltratio="77" />
  <memory-copied type="nursery" objects="44132" bytes="3050104" bytesdiscarded="265008" />
  <memory-copied type="tenure" objects="14414" bytes="878760" bytesdiscarded="256" />
  <finalization candidates="48" enqueued="15" />
  <ownableSynchronizers candidates="1057" cleared="35" />
  <references type="soft" candidates="962" cleared="0" enqueued="0" dynamicThreshold="9" maxThreshold="32" />
  <references type="weak" candidates="1239" cleared="313" enqueued="300" />
  <references type="phantom" candidates="232" cleared="1" enqueued="1" />
  <object-monitors candidates="137" cleared="27"  />
</gc-op>
<gc-end id="2263" type="scavenge" contextid="2259" durationms="1.908" usertimems="9.821" systemtimems="0.991" stalltimems="6.418" timestamp="2026-09-06T06:51:04.095" activeThreads="10">
  <mem-info id="2264" free="23394728" total="71368704" percent="32">
    <mem type="nursery" free="13851400" total="21757952" percent="63">
      <mem type="allocate" free="13851400" total="17170432" percent="80" />
      <mem type="survivor" free="0" total="4587520" percent="0" />
    </mem>
    <mem type="tenure" free="9543328" total="49610752" percent="19">
      <mem type="soa" free="7062176" total="47129600" percent="14" />
      <mem type="loa" free="2481152" total="2481152" percent="100" />
    </mem>
    <pending-finalizers system="15" default="0" reference="301" classloader="0" />
    <remembered-set count="5254" />
  </mem-info>
</gc-end>
<cycle-end id="2265" type="scavenge" contextid="2259" timestamp="2026-09-06T06:51:04.095" />
<allocation-satisfied id="2266" threadId="000000000074DB00" bytesRequested="32" />
<af-end id="2267" timestamp="2026-09-06T06:51:04.095" threadId="000000000074E5C0" success="true" from="nursery"/>
<exclusive-end id="2268" timestamp="2026-09-06T06:51:04.095" durationms="2.477" />

<exclusive-start id="2269" timestamp="2026-09-06T06:51:04.154" intervalms="61.948">
  <response-info timems="0.024" idlems="0.024" threads="0" lastid="000000000074C200" lastname="Default Executor-thread-2" />
</exclusive-start>
<af-start id="2270" threadId="000000000074CCC0" totalBytesRequested="1664" timestamp="2026-09-06T06:51:04.155" intervalms="61.965" type="nursery" />
<cycle-start id="2271" type="scavenge" contextid="0" timestamp="2026-09-06T06:51:04.155" intervalms="61.988" />
<gc-start id="2272" type="scavenge" contextid="2271" timestamp="2026-09-06T06:51:04.155">
  <mem-info id="2273" free="9449536" total="71368704" percent="13">
    <mem type="nursery" free="0" total="21757952" percent="0">
      <mem type="allocate" free="0" total="17170432" percent="0" />
      <mem type="survivor" free="0" total="4587520" percent="0" />
    </mem>
    <mem type="tenure" free="9449536" total="49610752" percent="19">
      <mem type="soa" free="6968384" total="47129600" percent="14" />
      <mem type="loa" free="2481152" total="2481152" percent="100" />
    </mem>
    <remembered-set count="6901" />
  </mem-info>
</gc-start>
<allocation-stats totalBytes="13745064" discardedBytes="200128" >
  <allocated-bytes non-tlh="794472" tlh="12950592" />
  <largest-consumer threadName="Default Executor-thread-4" threadId="000000000074DB00" bytes="4373536" />
</allocation-stats>
<gc-op id="2274" type="scavenge" timems="1.604" contextid="2271" timestamp="2026-09-06T06:51:04.157">
  <scavenger-info tenureage="4" tenuremask="7f10" tiltratio="78" />
  <memory-copied type="nursery" objects="39039" bytes="3068008" bytesdiscarded="280840" />
  <memory-copied type="tenure" objects="12033" bytes="620928" bytesdiscarded="72" />
  <finalization candidates="51" enqueued="21" />
  <ownableSynchronizers candidates="790" cleared="16" />
  <references type="soft" candidates="484" cleared="0" enqueued="0" dynamicThreshold="9" maxThreshold="32" />
  <references type="weak" candidates="1283" cleared="467" enqueued="461" />
  <references type="phantom" candidates="226" cleared="0" enqueued="0" />
  <object-monitors candidates="123" cleared="6"  />
</gc-op>
<gc-end id="2275" type="scavenge" contextid="2271" durationms="1.799" usertimems="10.585" systemtimems="0.000" stalltimems="5.583" timestamp="2026-09-06T06:51:04.157" activeThreads="10">
  <mem-info id="2276" free="22926136" total="71368704" percent="32">
    <mem type="nursery" free="14013568" total="21757952" percent="64">
      <mem type="allocate" free="14013568" total="17367040" percent="80" />
      <mem type="survivor" free="0" total="4390912" percent="0" />
    </mem>
    <mem type="tenure" free="8912568" total="49610752" percent="17">
      <mem type="soa" free="6431416" total="47129600" percent="13" />
      <mem type="loa" free="2481152" total="2481152" percent="100" />
    </mem>
    <pending-finalizers system="21" default="0" reference="461" classloader="0" />
    <remembered-set count="4865" />
  </mem-info>
</gc-end>
<cycle-end id="2277" type="scavenge" contextid="2271" timestamp="2026-09-06T06:51:04.157" />
<allocation-satisfied id="2278" threadId="000000000074C200" bytesRequested="1664" />
<af-end id="2279" timestamp="2026-09-06T06:51:04.157" threadId="000000000074CCC0" success="true" from="nursery"/>
<exclusive-end id="2280" timestamp="2026-09-06T06:51:04.157" durationms="2.474" />

<exclusive-start id="2281" timestamp="2026-09-06T06:51:04.211" intervalms="56.317">
  <response-info timems="0.018" idlems="0.018" threads="0" lastid="000000000074C200" lastname="Default Executor-thread-2" />
</exclusive-start>
<af-start id="2282" threadId="000000000074CCC0" totalBytesRequested="1032" timestamp="2026-09-06T06:51:04.211" intervalms="56.311" type="nursery" />
<cycle-start id="2283" type="scavenge" contextid="0" timestamp="2026-09-06T06:51:04.211" intervalms="56.296" />
<gc-start id="2284" type="scavenge" contextid="2283" timestamp="2026-09-06T06:51:04.211">
  <mem-info id="2285" free="8797488" total="71368704" percent="12">
    <mem type="nursery" free="0" total="21757952" percent="0">
      <mem type="allocate" free="0" total="17367040" percent="0" />
      <mem type="survivor" free="0" total="4390912" percent="0" />
    </mem>
    <mem type="tenure" free="8797488" total="49610752" percent="17">
      <mem type="soa" free="6316336" total="47129600" percent="13" />
      <mem type="loa" free="2481152" total="2481152" percent="100" />
    </mem>
    <remembered-set count="6535" />
  </mem-info>
</gc-start>
<allocation-stats totalBytes="14053904" discardedBytes="74744" >
  <allocated-bytes non-tlh="116744" tlh="13937160" />
  <largest-consumer threadName="Default Executor-thread-4" threadId="000000000074DB00" bytes="7805008" />
</allocation-stats>
<gc-op id="2286" type="scavenge" timems="1.771" contextid="2283" timestamp="2026-09-06T06:51:04.213">
  <scavenger-info tenureage="8" tenuremask="7f00" tiltratio="79" />
  <memory-copied type="nursery" objects="43735" bytes="3327576" bytesdiscarded="557312" />
  <memory-copied type="tenure" objects="6769" bytes="310416" bytesdiscarded="24" />
  <finalization candidates="32" enqueued="22" />
  <ownableSynchronizers candidates="410" cleared="3" />
  <references type="soft" candidates="667" cleared="0" enqueued="0" dynamicThreshold="9" maxThreshold="32" />
  <references type="weak" candidates="1835" cleared="969" enqueued="954" />
  <references type="phantom" candidates="221" cleared="1" enqueued="1" />
  <object-monitors candidates="160" cleared="36"  />
</gc-op>
<gc-end id="2287" type="scavenge" contextid="2283" durationms="1.965" usertimems="9.963" systemtimems="0.783" stalltimems="7.149" timestamp="2026-09-06T06:51:04.213" activeThreads="10">
  <mem-info id="2288" free="21893192" total="71368704" percent="30">
    <mem type="nursery" free="13544736" total="21757952" percent="62">
      <mem type="allocate" free="13544736" total="17432576" percent="77" />
      <mem type="survivor" free="0" total="4325376" percent="0" />
    </mem>
    <mem type="tenure" free="8348456" total="49610752" percent="16">
      <mem type="soa" free="5867304" total="47129600" percent="12" />
      <mem type="loa" free="2481152" total="2481152" percent="100" />
    </mem>
    <pending-finalizers system="22" default="0" reference="955" classloader="0" />
    <remembered-set count="4750" />
  </mem-info>
</gc-end>
<cycle-end id="2289" type="scavenge" contextid="2283" timestamp="2026-09-06T06:51:04.213" />
<allocation-satisfied id="2290" threadId="000000000074C200" bytesRequested="1032" />
<af-end id="2291" timestamp="2026-09-06T06:51:04.213" threadId="000000000074CCC0" success="true" from="nursery"/>
<exclusive-end id="2292" timestamp="2026-09-06T06:51:04.213" durationms="2.568" />

<exclusive-start id="2293" timestamp="2026-09-06T06:51:04.296" intervalms="85.684">
  <response-info timems="0.249" idlems="0.085" threads="3" lastid="000000000074FF00" lastname="Default Executor-thread-3" />
</exclusive-start>
<af-start id="2294" threadId="000000000077CBC0" totalBytesRequested="504" timestamp="2026-09-06T06:51:04.297" intervalms="85.676" type="nursery" />
<cycle-start id="2295" type="scavenge" contextid="0" timestamp="2026-09-06T06:51:04.297" intervalms="85.684" />
<gc-start id="2296" type="scavenge" contextid="2295" timestamp="2026-09-06T06:51:04.297">
  <mem-info id="2297" free="8216536" total="71368704" percent="11">
    <mem type="nursery" free="0" total="21757952" percent="0">
      <mem type="allocate" free="0" total="17432576" percent="0" />
      <mem type="survivor" free="0" total="4325376" percent="0" />
    </mem>
    <mem type="tenure" free="8216536" total="49610752" percent="16">
      <mem type="soa" free="5735384" total="47129600" percent="12" />
      <mem type="loa" free="2481152" total="2481152" percent="100" />
    </mem>
    <remembered-set count="6755" />
  </mem-info>
</gc-start>
<allocation-stats totalBytes="13631824" discardedBytes="44832" >
  <allocated-bytes non-tlh="1096304" tlh="12535520" />
  <largest-consumer threadName="Default Executor-thread-4" threadId="000000000074DB00" bytes="5098840" />
</allocation-stats>
<gc-op id="2298" type="scavenge" timems="1.768" contextid="2295" timestamp="2026-09-06T06:51:04.299">
  <scavenger-info tenureage="3" tenuremask="7f28" tiltratio="80" />
  <memory-copied type="nursery" objects="33733" bytes="1931360" bytesdiscarded="432056" />
  <memory-copied type="tenure" objects="17132" bytes="1536680" bytesdiscarded="528" />
  <finalization candidates="77" enqueued="67" />
  <ownableSynchronizers candidates="344" cleared="9" />
  <references type="soft" candidates="909" cleared="0" enqueued="0" dynamicThreshold="9" maxThreshold="32" />
  <references type="weak" candidates="1178" cleared="633" enqueued="627" />
  <references type="phantom" candidates="94" cleared="0" enqueued="0" />
  <object-monitors candidates="159" cleared="25"  />
</gc-op>
<gc-end id="2299" type="scavenge" contextid="2295" durationms="1.959" usertimems="8.928" systemtimems="2.153" stalltimems="5.978" timestamp="2026-09-06T06:51:04.299" activeThreads="10">
  <mem-info id="2300" free="21923944" total="71368704" percent="30">
    <mem type="nursery" free="15132496" total="21757952" percent="69">
      <mem type="allocate" free="15132496" total="17498112" percent="86" />
      <mem type="survivor" free="0" total="4259840" percent="0" />
    </mem>
    <mem type="tenure" free="6791448" total="49610752" percent="13">
      <mem type="soa" free="4310296" total="47129600" percent="9" />
      <mem type="loa" free="2481152" total="2481152" percent="100" />
    </mem>
    <pending-finalizers system="67" default="0" reference="627" classloader="0" />
    <remembered-set count="5735" />
  </mem-info>
</gc-end>
<cycle-end id="2301" type="scavenge" contextid="2295" timestamp="2026-09-06T06:51:04.299" />
<allocation-satisfied id="2302" threadId="000000000077C100" bytesRequested="504" />
<af-end id="2303" timestamp="2026-09-06T06:51:04.299" threadId="000000000077CBC0" success="true" from="nursery"/>
<exclusive-end id="2304" timestamp="2026-09-06T06:51:04.299" durationms="2.580" />

<exclusive-start id="2305" timestamp="2026-09-06T06:51:04.333" intervalms="36.171">
  <response-info timems="0.059" idlems="0.030" threads="4" lastid="000000000074DB00" lastname="Default Executor-thread-4" />
</exclusive-start>
<af-start id="2306" threadId="00000000007509C0" totalBytesRequested="9048" timestamp="2026-09-06T06:51:04.333" intervalms="36.178" type="nursery" />
<cycle-start id="2307" type="scavenge" contextid="0" timestamp="2026-09-06T06:51:04.333" intervalms="36.175" />
<gc-start id="2308" type="scavenge" contextid="2307" timestamp="2026-09-06T06:51:04.333">
  <mem-info id="2309" free="6675024" total="71368704" percent="9">
    <mem type="nursery" free="0" total="21757952" percent="0">
      <mem type="allocate" free="0" total="17498112" percent="0" />
      <mem type="survivor" free="0" total="4259840" percent="0" />
    </mem>
    <mem type="tenure" free="6675024" total="49610752" percent="13">
      <mem type="soa" free="4193872" total="47129600" percent="8" />
      <mem type="loa" free="2481152" total="2481152" percent="100" />
    </mem>
    <remembered-set count="7270" />
  </mem-info>
</gc-start>
<allocation-stats totalBytes="15083944" discardedBytes="164976" >
  <allocated-bytes non-tlh="379088" tlh="14704856" />
  <largest-consumer threadName="Default Executor-thread-3" threadId="000000000074FF00" bytes="9992088" />
</allocation-stats>
<gc-op id="2310" type="scavenge" timems="1.456" contextid="2307" timestamp="2026-09-06T06:51:04.335">
  <scavenger-info tenureage="8" tenuremask="7f00" tiltratio="80" />
  <memory-copied type="nursery" objects="42878" bytes="2769168" bytesdiscarded="179224" />
  <finalization candidates="67" enqueued="61" />
  <ownableSynchronizers candidates="235" cleared="12" />
  <references type="soft" candidates="1229" cleared="0" enqueued="0" dynamicThreshold="9" maxThreshold="32" />
  <references type="weak" candidates="995" cleared="358" enqueued="355" />
  <references type="phantom" candidates="117" cleared="0" enqueued="0" />
  <object-monitors candidates="135" cleared="0"  />
</gc-op>
<gc-end id="2311" type="scavenge" contextid="2307" durationms="1.651" usertimems="8.995" systemtimems="0.000" stalltimems="5.664" timestamp="2026-09-06T06:51:04.335" activeThreads="10">
  <mem-info id="2312" free="21287776" total="71368704" percent="29">
    <mem type="nursery" free="14612752" total="21757952" percent="67">
      <mem type="allocate" free="14612752" total="17563648" percent="83" />
      <mem type="survivor" free="0" total="4194304" percent="0" />
    </mem>
    <mem type="tenure" free="6675024" total="49610752" percent="13">
      <mem type="soa" free="4193872" total="47129600" percent="8" />
      <mem type="loa" free="2481152" total="2481152" percent="100" />
    </mem>
    <pending-finalizers system="61" default="0" reference="355" classloader="0" />
    <remembered-set count="5957" />
  </mem-info>
</gc-end>
<cycle-end id="2313" type="scavenge" contextid="2307" timestamp="2026-09-06T06:51:04.335" />
<allocation-satisfied id="2314" threadId="000000000074FF00" bytesRequested="9048" />
<af-end id="2315" timestamp="2026-09-06T06:51:04.335" threadId="00000000007509C0" success="true" from="nursery"/>
<exclusive-end id="2316" timestamp="2026-09-06T06:51:04.335" durationms="2.262" />

<exclusive-start id="2317" timestamp="2026-09-06T06:51:04.369" intervalms="36.444">
  <response-info timems="0.041" idlems="0.028" threads="1" lastid="000000000074FF00" lastname="Default Executor-thread-3" />
</exclusive-start>
<af-start id="2318" threadId="000000000074E5C0" totalBytesRequested="16224" timestamp="2026-09-06T06:51:04.369" intervalms="36.446" type="nursery" />
<cycle-start id="2319" type="scavenge" contextid="0" timestamp="2026-09-06T06:51:04.369" intervalms="36.431" />
<gc-start id="2320" type="scavenge" contextid="2319" timestamp="2026-09-06T06:51:04.369">
  <mem-info id="2321" free="6584392" total="71368704" percent="9">
    <mem type="nursery" free="0" total="21757952" percent="0">
      <mem type="allocate" free="0" total="17563648" percent="0" />
      <mem type="survivor" free="0" total="4194304" percent="0" />
    </mem>
    <mem type="tenure" free="6584392" total="49610752" percent="13">
      <mem type="soa" free="4103240" total="47129600" percent="8" />
      <mem type="loa" free="2481152" total="2481152" percent="100" />
    </mem>
    <remembered-set count="7405" />
  </mem-info>
</gc-start>
<allocation-stats totalBytes="14581264" discardedBytes="122120" >
  <allocated-bytes non-tlh="99680" tlh="14481584" />
  <largest-consumer threadName="Default Executor-thread-3" threadId="000000000074FF00" bytes="11823688" />
</allocation-stats>
<gc-op id="2322" type="scavenge" timems="1.827" contextid="2319" timestamp="2026-09-06T06:51:04.371">
  <scavenger-info tenureage="4" tenuremask="7f50" tiltratio="80" />
  <memory-copied type="nursery" objects="36340" bytes="1898184" bytesdiscarded="341896" />
  <memory-copied type="tenure" objects="12871" bytes="1130240" bytesdiscarded="784" />
  <finalization candidates="172" enqueued="145" />
  <ownableSynchronizers candidates="266" cleared="4" />
  <references type="soft" candidates="1228" cleared="0" enqueued="0" dynamicThreshold="9" maxThreshold="32" />
  <references type="weak" candidates="987" cleared="308" enqueued="287" />
  <references type="phantom" candidates="75" cleared="0" enqueued="0" />
  <object-monitors candidates="135" cleared="0"  />
</gc-op>
<heap-resize id="2323" type="expand" space="nursery" amount="917504" count="1" timems="0.023" reason="excessive time being spent scavenging" timestamp="2026-09-06T06:51:04.371" />
<gc-end id="2324" type="scavenge" contextid="2319" durationms="2.153" usertimems="9.404" systemtimems="0.386" stalltimems="6.706" timestamp="2026-09-06T06:51:04.372" activeThreads="9">
  <mem-info id="2325" free="22049848" total="72286208" percent="30">
    <mem type="nursery" free="16238688" total="22675456" percent="71">
      <mem type="allocate" free="16238688" total="18481152" percent="87" />
      <mem type="survivor" free="0" total="4194304" percent="0" />
    </mem>
    <mem type="tenure" free="5811160" total="49610752" percent="11">
      <mem type="soa" free="3330008" total="47129600" percent="7" />
      <mem type="loa" free="2481152" total="2481152" percent="100" />
    </mem>
    <pending-finalizers system="142" default="3" reference="287" classloader="0" />
    <remembered-set count="4288" />
  </mem-info>
</gc-end>
<cycle-end id="2326" type="scavenge" contextid="2319" timestamp="2026-09-06T06:51:04.372" />
<allocation-satisfied id="2327" threadId="000000000074DB00" bytesRequested="16224" />
<af-end id="2328" timestamp="2026-09-06T06:51:04.372" threadId="000000000074E5C0" success="true" from="nursery"/>
<exclusive-end id="2329" timestamp="2026-09-06T06:51:04.372" durationms="2.759" />

<concurrent-kickoff id="2330" timestamp="2026-09-06T06:51:04.439">
  <kickoff reason="threshold reached" targetBytes="23886051" thresholdFreeBytes="3304458"  remainingFree="3079080" tenureFreeBytes="5675672" nurseryFreeBytes="3079080" />
</concurrent-kickoff>
<exclusive-start id="2331" timestamp="2026-09-06T06:51:04.439" intervalms="70.390">
  <response-info timems="0.015" idlems="0.015" threads="0" lastid="000000000074DB00" lastname="Default Executor-thread-4" />
</exclusive-start>
<cycle-start id="2332" type="global" contextid="0" timestamp="2026-09-06T06:51:04.440" intervalms="1011.869" />
<concurrent-start id="2333" type="global mark" contextid="2332" timestamp="2026-09-06T06:51:04.440">
</concurrent-start>
<exclusive-end id="2334" timestamp="2026-09-06T06:51:04.440" durationms="0.142" />

<concurrent-end id="2335" type="global mark" contextid="2332" timestamp="2026-09-06T06:51:04.477">
<gc-op id="2336" type="trace" timems="36.976" contextid="2332" timestamp="2026-09-06T06:51:04.477">
  <trace bytesTraced="27436908" workStackOverflowCount="0" />
  <card-cleaning reason="card cleaning threshold reached" bytesTraced="8704" cardsCleaned="17" />
</gc-op>
</concurrent-end>

<exclusive-start id="2337" timestamp="2026-09-06T06:51:04.477" intervalms="37.233">
  <response-info timems="0.016" idlems="0.016" threads="0" lastid="000000000074DB00" lastname="Default Executor-thread-4" />
</exclusive-start>
<concurrent-global-final id="2338" timestamp="2026-09-06T06:51:04.477" contextid="2332" intervalms="1472.899" >
  <concurrent-trace-info reason="card cleaning threshold reached" tracedByMutators="5948324" tracedByHelpers="21497288" cardsCleaned="17" workStackOverflowCount="0" />
</concurrent-global-final>
<gc-start id="2339" type="global" contextid="2332" timestamp="2026-09-06T06:51:04.477">
  <mem-info id="2340" free="6243040" total="72286208" percent="8">
    <mem type="nursery" free="567392" total="22675456" percent="2">
      <mem type="allocate" free="567392" total="18481152" percent="3" />
      <mem type="survivor" free="0" total="4194304" percent="0" />
    </mem>
    <mem type="tenure" free="5675648" total="49610752" percent="11">
      <mem type="soa" free="3194496" total="47129600" percent="6" />
      <mem type="loa" free="2481152" total="2481152" percent="100" />
    </mem>
    <remembered-set count="6652" />
  </mem-info>
</gc-start>
<allocation-stats totalBytes="15633984" discardedBytes="172824" >
  <allocated-bytes non-tlh="318992" tlh="15314992" />
  <largest-consumer threadName="Default Executor-thread-4" threadId="000000000074DB00" bytes="9554248" />
</allocation-stats>
<gc-op id="2341" type="rs-scan" timems="0.742" contextid="2332" timestamp="2026-09-06T06:51:04.478">
  <scan objectsFound="49861" bytesTraced="2033936" workStackOverflowCount="0" />
</gc-op>
<gc-op id="2342" type="card-cleaning" timems="0.175" contextid="2332" timestamp="2026-09-06T06:51:04.478">
  <card-cleaning cardsCleaned="17" bytesTraced="39324" workStackOverflowCount="0" />
</gc-op>
<gc-op id="2343" type="mark" timems="3.743" contextid="2332" timestamp="2026-09-06T06:51:04.482">
  <trace-info objectcount="13420" scancount="11606" scanbytes="344228" />
  <finalization candidates="1741" enqueued="144" />
  <ownableSynchronizers candidates="8427" cleared="21" />
  <references type="soft" candidates="12301" cleared="0" enqueued="0" dynamicThreshold="9" maxThreshold="32" />
  <references type="weak" candidates="16297" cleared="423" enqueued="422" />
  <references type="phantom" candidates="452" cleared="0" enqueued="0" />
  <stringconstants candidates="39891" cleared="213"  />
  <object-monitors candidates="135" cleared="28"  />
</gc-op>
<gc-op id="2344" type="classunload" timems="0.834" contextid="2332" timestamp="2026-09-06T06:51:04.483">
  <classunload-info classloadercandidates="375" classloadersunloaded="0" classesunloaded="4" anonymousclassesunloaded="4" quiescems="0.000" setupms="0.821" scanms="0.011" postms="0.000" />
</gc-op>
<gc-op id="2345" type="sweep" timems="0.532" contextid="2332" timestamp="2026-09-06T06:51:04.483" />
<heap-resize id="2346" type="expand" space="tenure" amount="10289152" count="1" timems="0.053" reason="insufficient free space following gc" timestamp="2026-09-06T06:51:04.483" />
<gc-end id="2347" type="global" contextid="2332" durationms="6.584" usertimems="26.220" systemtimems="2.954" stalltimems="20.268" timestamp="2026-09-06T06:51:04.484" activeThreads="10">
  <mem-info id="2348" free="32445440" total="82575360" percent="39">
    <mem type="nursery" free="14449336" total="22675456" percent="63">
      <mem type="allocate" free="14449336" total="18481152" percent="78" />
      <mem type="survivor" free="0" total="4194304" percent="0" />
    </mem>
    <mem type="tenure" free="17996104" total="59899904" percent="30" micro-fragmented="1497053" macro-fragmented="0">
      <mem type="soa" free="15000904" total="56904704" percent="26" />
      <mem type="loa" free="2995200" total="2995200" percent="100" />
    </mem>
    <pending-finalizers system="126" default="18" reference="422" classloader="0" />
    <remembered-set count="5596" />
  </mem-info>
</gc-end>
<cycle-end id="2349" type="global" contextid="2332" timestamp="2026-09-06T06:51:04.484" />
<exclusive-end id="2350" timestamp="2026-09-06T06:51:04.484" durationms="7.050" />

<exclusive-start id="2351" timestamp="2026-09-06T06:51:04.541" intervalms="64.123">
  <response-info timems="0.016" idlems="0.016" threads="0" lastid="000000000074DB00" lastname="Default Executor-thread-4" />
</exclusive-start>
<af-start id="2352" threadId="000000000074E5C0" totalBytesRequested="56" timestamp="2026-09-06T06:51:04.541" intervalms="171.763" type="nursery" />
<cycle-start id="2353" type="scavenge" contextid="0" timestamp="2026-09-06T06:51:04.541" intervalms="171.771" />
<gc-start id="2354" type="scavenge" contextid="2353" timestamp="2026-09-06T06:51:04.541">
  <mem-info id="2355" free="17995984" total="82575360" percent="21">
    <mem type="nursery" free="0" total="22675456" percent="0">
      <mem type="allocate" free="0" total="18481152" percent="0" />
      <mem type="survivor" free="0" total="4194304" percent="0" />
    </mem>
    <mem type="tenure" free="17995984" total="59899904" percent="30">
      <mem type="soa" free="15000784" total="56904704" percent="26" />
      <mem type="loa" free="2995200" total="2995200" percent="100" />
    </mem>
    <remembered-set count="5629" />
  </mem-info>
</gc-start>
<allocation-stats totalBytes="14391384" discardedBytes="56184" >
  <allocated-bytes non-tlh="986416" tlh="13404968" />
  <largest-consumer threadName="Default Executor-thread-4" threadId="000000000074DB00" bytes="14383192" />
</allocation-stats>
<gc-op id="2356" type="scavenge" timems="2.361" contextid="2353" timestamp="2026-09-06T06:51:04.544">
  <scavenger-info tenureage="8" tenuremask="7f00" tiltratio="81" />
  <memory-copied type="nursery" objects="81798" bytes="4055320" bytesdiscarded="135088" />
  <memory-copied type="tenure" objects="11854" bytes="446248" bytesdiscarded="3344" />
  <copy-failed type="nursery" objects="11855" bytes="447232" />
  <finalization candidates="79" enqueued="28" />
  <ownableSynchronizers candidates="16556" cleared="16286" />
  <references type="soft" candidates="1154" cleared="0" enqueued="0" dynamicThreshold="9" maxThreshold="32" />
  <references type="weak" candidates="854" cleared="15" enqueued="15" />
  <references type="phantom" candidates="125" cleared="0" enqueued="0" />
  <object-monitors candidates="107" cleared="0"  />
</gc-op>
<gc-end id="2357" type="scavenge" contextid="2353" durationms="2.579" usertimems="12.389" systemtimems="2.829" stalltimems="6.503" timestamp="2026-09-06T06:51:04.544" activeThreads="9">
  <mem-info id="2358" free="27861216" total="82575360" percent="33">
    <mem type="nursery" free="10354688" total="22675456" percent="45">
      <mem type="allocate" free="10354688" total="14548992" percent="71" />
      <mem type="survivor" free="0" total="8126464" percent="0" />
    </mem>
    <mem type="tenure" free="17506528" total="59899904" percent="29">
      <mem type="soa" free="14511328" total="56904704" percent="25" />
      <mem type="loa" free="2995200" total="2995200" percent="100" />
    </mem>
    <pending-finalizers system="0" default="28" reference="15" classloader="0" />
    <remembered-set count="9164" />
  </mem-info>
</gc-end>
<cycle-end id="2359" type="scavenge" contextid="2353" timestamp="2026-09-06T06:51:04.544" />
<allocation-satisfied id="2360" threadId="000000000074DB00" bytesRequested="56" />
<af-end id="2361" timestamp="2026-09-06T06:51:04.544" threadId="000000000074E5C0" success="true" from="nursery"/>
<exclusive-end id="2362" timestamp="2026-09-06T06:51:04.544" durationms="3.267" />

<exclusive-start id="2363" timestamp="2026-09-06T06:51:04.598" intervalms="56.956">
  <response-info timems="0.013" idlems="0.013" threads="0" lastid="000000000074DB00" lastname="Default Executor-thread-4" />
</exclusive-start>
<af-start id="2364" threadId="000000000074E5C0" totalBytesRequested="24" timestamp="2026-09-06T06:51:04.598" intervalms="56.962" type="nursery" />
<cycle-start id="2365" type="scavenge" contextid="0" timestamp="2026-09-06T06:51:04.598" intervalms="56.967" />
<gc-start id="2366" type="scavenge" contextid="2365" timestamp="2026-09-06T06:51:04.598">
  <mem-info id="2367" free="17506528" total="82575360" percent="21">
    <mem type="nursery" free="0" total="22675456" percent="0">
      <mem type="allocate" free="0" total="14548992" percent="0" />
      <mem type="survivor" free="0" total="8126464" percent="0" />
    </mem>
    <mem type="tenure" free="17506528" total="59899904" percent="29">
      <mem type="soa" free="14511328" total="56904704" percent="25" />
      <mem type="loa" free="2995200" total="2995200" percent="100" />
    </mem>
    <remembered-set count="9177" />
  </mem-info>
</gc-start>
<allocation-stats totalBytes="10354288" discardedBytes="400" >
  <allocated-bytes non-tlh="56" tlh="10354232" />
  <largest-consumer threadName="Default Executor-thread-4" threadId="000000000074DB00" bytes="10321520" />
</allocation-stats>
<gc-op id="2368" type="scavenge" timems="2.541" contextid="2365" timestamp="2026-09-06T06:51:04.601">
  <scavenger-info tenureage="4" tenuremask="7f10" tiltratio="64" />
  <memory-copied type="nursery" objects="103274" bytes="5149456" bytesdiscarded="347720" />
  <memory-copied type="tenure" objects="10789" bytes="434224" bytesdiscarded="512" />
  <finalization candidates="104" enqueued="35" />
  <ownableSynchronizers candidates="288" cleared="18" />
  <references type="soft" candidates="744" cleared="0" enqueued="0" dynamicThreshold="9" maxThreshold="32" />
  <references type="weak" candidates="674" cleared="19" enqueued="19" />
  <references type="phantom" candidates="98" cleared="0" enqueued="0" />
  <object-monitors candidates="107" cleared="0"  />
</gc-op>
<gc-end id="2369" type="scavenge" contextid="2365" durationms="2.753" usertimems="16.130" systemtimems="1.008" stalltimems="7.631" timestamp="2026-09-06T06:51:04.601" activeThreads="10">
  <mem-info id="2370" free="27069488" total="82575360" percent="32">
    <mem type="nursery" free="10226160" total="22675456" percent="45">
      <mem type="allocate" free="10226160" total="15728640" percent="65" />
      <mem type="survivor" free="0" total="6946816" percent="0" />
    </mem>
    <mem type="tenure" free="16843328" total="59899904" percent="28">
      <mem type="soa" free="13848128" total="56904704" percent="24" />
      <mem type="loa" free="2995200" total="2995200" percent="100" />
    </mem>
    <pending-finalizers system="0" default="35" reference="19" classloader="0" />
    <remembered-set count="7928" />
  </mem-info>
</gc-end>
<cycle-end id="2371" type="scavenge" contextid="2365" timestamp="2026-09-06T06:51:04.601" />
<allocation-satisfied id="2372" threadId="000000000074DB00" bytesRequested="24" />
<af-end id="2373" timestamp="2026-09-06T06:51:04.601" threadId="000000000074E5C0" success="true" from="nursery"/>
<exclusive-end id="2374" timestamp="2026-09-06T06:51:04.601" durationms="3.454" />

<exclusive-start id="2375" timestamp="2026-09-06T06:51:04.637" intervalms="39.184">
  <response-info timems="0.015" idlems="0.015" threads="0" lastid="000000000074DB00" lastname="Default Executor-thread-4" />
</exclusive-start>
<af-start id="2376" threadId="000000000074E5C0" totalBytesRequested="88" timestamp="2026-09-06T06:51:04.637" intervalms="39.161" type="nursery" />
<cycle-start id="2377" type="scavenge" contextid="0" timestamp="2026-09-06T06:51:04.637" intervalms="39.155" />
<gc-start id="2378" type="scavenge" contextid="2377" timestamp="2026-09-06T06:51:04.637">
  <mem-info id="2379" free="16835320" total="82575360" percent="20">
    <mem type="nursery" free="0" total="22675456" percent="0">
      <mem type="allocate" free="0" total="15728640" percent="0" />
      <mem type="survivor" free="0" total="6946816" percent="0" />
    </mem>
    <mem type="tenure" free="16835320" total="59899904" percent="28">
      <mem type="soa" free="13840120" total="56904704" percent="24" />
      <mem type="loa" free="2995200" total="2995200" percent="100" />
    </mem>
    <remembered-set count="8052" />
  </mem-info>
</gc-start>
<allocation-stats totalBytes="10232128" discardedBytes="2040" >
  <allocated-bytes non-tlh="8032" tlh="10224096" />
  <largest-consumer threadName="Default Executor-thread-4" threadId="000000000074DB00" bytes="10228032" />
</allocation-stats>
<gc-op id="2380" type="scavenge" timems="2.327" contextid="2377" timestamp="2026-09-06T06:51:04.640">
  <scavenger-info tenureage="4" tenuremask="7f90" tiltratio="69" />
  <memory-copied type="nursery" objects="112502" bytes="4848856" bytesdiscarded="176128" />
  <memory-copied type="tenure" objects="8885" bytes="768224" bytesdiscarded="1744" />
  <finalization candidates="87" enqueued="14" />
  <ownableSynchronizers candidates="225" cleared="8" />
  <references type="soft" candidates="432" cleared="0" enqueued="0" dynamicThreshold="9" maxThreshold="32" />
  <references type="weak" candidates="613" cleared="42" enqueued="42" />
  <references type="phantom" candidates="71" cleared="0" enqueued="0" />
  <object-monitors candidates="107" cleared="0"  />
</gc-op>
<heap-resize id="2381" type="expand" space="nursery" amount="917504" count="1" timems="0.025" reason="excessive time being spent scavenging" timestamp="2026-09-06T06:51:04.640" />
<gc-end id="2382" type="scavenge" contextid="2377" durationms="2.593" usertimems="16.035" systemtimems="0.705" stalltimems="6.583" timestamp="2026-09-06T06:51:04.640" activeThreads="10">
  <mem-info id="2383" free="27704296" total="83492864" percent="33">
    <mem type="nursery" free="11485288" total="23592960" percent="48">
      <mem type="allocate" free="11485288" total="16515072" percent="69" />
      <mem type="survivor" free="0" total="7077888" percent="0" />
    </mem>
    <mem type="tenure" free="16219008" total="59899904" percent="27">
      <mem type="soa" free="13223808" total="56904704" percent="23" />
      <mem type="loa" free="2995200" total="2995200" percent="100" />
    </mem>
    <pending-finalizers system="3" default="11" reference="42" classloader="0" />
    <remembered-set count="6528" />
  </mem-info>
</gc-end>
<cycle-end id="2384" type="scavenge" contextid="2377" timestamp="2026-09-06T06:51:04.640" />
<allocation-satisfied id="2385" threadId="000000000074DB00" bytesRequested="88" />
<af-end id="2386" timestamp="2026-09-06T06:51:04.640" threadId="000000000074E5C0" success="true" from="nursery"/>
<exclusive-end id="2387" timestamp="2026-09-06T06:51:04.640" durationms="3.174" />

<exclusive-start id="2388" timestamp="2026-09-06T06:51:04.669" intervalms="31.654">
  <response-info timems="0.015" idlems="0.015" threads="0" lastid="000000000074DB00" lastname="Default Executor-thread-4" />
</exclusive-start>
<af-start id="2389" threadId="000000000074E5C0" totalBytesRequested="16" timestamp="2026-09-06T06:51:04.669" intervalms="31.654" type="nursery" />
<cycle-start id="2390" type="scavenge" contextid="0" timestamp="2026-09-06T06:51:04.669" intervalms="31.660" />
<gc-start id="2391" type="scavenge" contextid="2390" timestamp="2026-09-06T06:51:04.669">
  <mem-info id="2392" free="16211800" total="83492864" percent="19">
    <mem type="nursery" free="0" total="23592960" percent="0">
      <mem type="allocate" free="0" total="16515072" percent="0" />
      <mem type="survivor" free="0" total="7077888" percent="0" />
    </mem>
    <mem type="tenure" free="16211800" total="59899904" percent="27">
      <mem type="soa" free="13216600" total="56904704" percent="23" />
      <mem type="loa" free="2995200" total="2995200" percent="100" />
    </mem>
    <remembered-set count="6618" />
  </mem-info>
</gc-start>
<allocation-stats totalBytes="11487560" discardedBytes="2056" >
  <allocated-bytes non-tlh="4416" tlh="11483144" />
  <largest-consumer threadName="Default Executor-thread-4" threadId="000000000074DB00" bytes="11479368" />
</allocation-stats>
<gc-op id="2393" type="scavenge" timems="2.273" contextid="2390" timestamp="2026-09-06T06:51:04.671">
  <scavenger-info tenureage="3" tenuremask="7f88" tiltratio="70" />
  <memory-copied type="nursery" objects="60766" bytes="2360488" bytesdiscarded="217872" />
  <memory-copied type="tenure" objects="54373" bytes="2536912" bytesdiscarded="1560" />
  <finalization candidates="162" enqueued="93" />
  <ownableSynchronizers candidates="135" cleared="0" />
  <references type="soft" candidates="114" cleared="0" enqueued="0" dynamicThreshold="9" maxThreshold="32" />
  <references type="weak" candidates="316" cleared="40" enqueued="40" />
  <references type="phantom" candidates="15" cleared="0" enqueued="0" />
  <object-monitors candidates="107" cleared="0"  />
</gc-op>
<gc-end id="2394" type="scavenge" contextid="2390" durationms="2.470" usertimems="15.254" systemtimems="0.008" stalltimems="7.089" timestamp="2026-09-06T06:51:04.671" activeThreads="10">
  <mem-info id="2395" free="27622672" total="83492864" percent="33">
    <mem type="nursery" free="14519544" total="23592960" percent="61">
      <mem type="allocate" free="14519544" total="17104896" percent="84" />
      <mem type="survivor" free="0" total="6488064" percent="0" />
    </mem>
    <mem type="tenure" free="13103128" total="59899904" percent="21">
      <mem type="soa" free="10107928" total="56904704" percent="17" />
      <mem type="loa" free="2995200" total="2995200" percent="100" />
    </mem>
    <pending-finalizers system="1" default="92" reference="40" classloader="0" />
    <remembered-set count="1192" />
  </mem-info>
</gc-end>
<cycle-end id="2396" type="scavenge" contextid="2390" timestamp="2026-09-06T06:51:04.672" />
<allocation-satisfied id="2397" threadId="000000000074DB00" bytesRequested="16" />
<af-end id="2398" timestamp="2026-09-06T06:51:04.672" threadId="000000000074E5C0" success="true" from="nursery"/>
<exclusive-end id="2399" timestamp="2026-09-06T06:51:04.672" durationms="3.134" />

<exclusive-start id="2400" timestamp="2026-09-06T06:51:04.719" intervalms="50.058">
  <response-info timems="0.013" idlems="0.013" threads="0" lastid="000000000074DB00" lastname="Default Executor-thread-4" />
</exclusive-start>
<af-start id="2401" threadId="000000000074E5C0" totalBytesRequested="43520" timestamp="2026-09-06T06:51:04.719" intervalms="50.057" type="nursery" />
<cycle-start id="2402" type="scavenge" contextid="0" timestamp="2026-09-06T06:51:04.719" intervalms="50.065" />
<gc-start id="2403" type="scavenge" contextid="2402" timestamp="2026-09-06T06:51:04.719">
  <mem-info id="2404" free="13062936" total="83492864" percent="15">
    <mem type="nursery" free="0" total="23592960" percent="0">
      <mem type="allocate" free="0" total="17104896" percent="0" />
      <mem type="survivor" free="0" total="6488064" percent="0" />
    </mem>
    <mem type="tenure" free="13062936" total="59899904" percent="21">
      <mem type="soa" free="10067736" total="56904704" percent="17" />
      <mem type="loa" free="2995200" total="2995200" percent="100" />
    </mem>
    <remembered-set count="2042" />
  </mem-info>
</gc-start>
<allocation-stats totalBytes="14526848" discardedBytes="32888" >
  <allocated-bytes non-tlh="40208" tlh="14486640" />
  <largest-consumer threadName="Default Executor-thread-4" threadId="000000000074DB00" bytes="14506368" />
</allocation-stats>
<gc-op id="2405" type="scavenge" timems="1.747" contextid="2402" timestamp="2026-09-06T06:51:04.721">
  <scavenger-info tenureage="3" tenuremask="7fa8" tiltratio="72" />
  <memory-copied type="nursery" objects="29844" bytes="1849984" bytesdiscarded="185824" />
  <memory-copied type="tenure" objects="36797" bytes="1492760" bytesdiscarded="1104" />
  <finalization candidates="154" enqueued="109" />
  <ownableSynchronizers candidates="45" cleared="0" />
  <references type="soft" candidates="129" cleared="0" enqueued="0" dynamicThreshold="9" maxThreshold="32" />
  <references type="weak" candidates="188" cleared="106" enqueued="106" />
  <references type="phantom" candidates="85" cleared="0" enqueued="0" />
  <object-monitors candidates="107" cleared="0"  />
</gc-op>
<gc-end id="2406" type="scavenge" contextid="2402" durationms="1.953" usertimems="9.444" systemtimems="0.173" stalltimems="8.202" timestamp="2026-09-06T06:51:04.721" activeThreads="10">
  <mem-info id="2407" free="27749824" total="83492864" percent="33">
    <mem type="nursery" free="15784112" total="23592960" percent="66">
      <mem type="allocate" free="15784112" total="17825792" percent="88" />
      <mem type="survivor" free="0" total="5767168" percent="0" />
    </mem>
    <mem type="tenure" free="11965712" total="59899904" percent="19">
      <mem type="soa" free="8970512" total="56904704" percent="15" />
      <mem type="loa" free="2995200" total="2995200" percent="100" />
    </mem>
    <pending-finalizers system="17" default="92" reference="106" classloader="0" />
    <remembered-set count="1585" />
  </mem-info>
</gc-end>
<cycle-end id="2408" type="scavenge" contextid="2402" timestamp="2026-09-06T06:51:04.721" />
<allocation-satisfied id="2409" threadId="000000000074DB00" bytesRequested="43520" />
<af-end id="2410" timestamp="2026-09-06T06:51:04.721" threadId="000000000074E5C0" success="true" from="nursery"/>
<exclusive-end id="2411" timestamp="2026-09-06T06:51:04.721" durationms="2.589" />

<exclusive-start id="2412" timestamp="2026-09-06T06:51:04.801" intervalms="82.609">
  <response-info timems="0.013" idlems="0.013" threads="0" lastid="000000000074DB00" lastname="Default Executor-thread-4" />
</exclusive-start>
<af-start id="2413" threadId="000000000074E5C0" totalBytesRequested="144" timestamp="2026-09-06T06:51:04.801" intervalms="82.601" type="nursery" />
<cycle-start id="2414" type="scavenge" contextid="0" timestamp="2026-09-06T06:51:04.801" intervalms="82.590" />
<gc-start id="2415" type="scavenge" contextid="2414" timestamp="2026-09-06T06:51:04.802">
  <mem-info id="2416" free="11879392" total="83492864" percent="14">
    <mem type="nursery" free="0" total="23592960" percent="0">
      <mem type="allocate" free="0" total="17825792" percent="0" />
      <mem type="survivor" free="0" total="5767168" percent="0" />
    </mem>
    <mem type="tenure" free="11879392" total="59899904" percent="19">
      <mem type="soa" free="8884192" total="56904704" percent="15" />
      <mem type="loa" free="2995200" total="2995200" percent="100" />
    </mem>
    <remembered-set count="3398" />
  </mem-info>
</gc-start>
<allocation-stats totalBytes="15866856" discardedBytes="3576" >
  <allocated-bytes non-tlh="659992" tlh="15206864" />
  <largest-consumer threadName="Default Executor-thread-4" threadId="000000000074DB00" bytes="15654800" />
</allocation-stats>
<gc-op id="2417" type="scavenge" timems="1.309" contextid="2414" timestamp="2026-09-06T06:51:04.803">
  <scavenger-info tenureage="3" tenuremask="7f88" tiltratio="75" />
  <memory-copied type="nursery" objects="25582" bytes="3119552" bytesdiscarded="482128" />
  <memory-copied type="tenure" objects="18769" bytes="687736" bytesdiscarded="120" />
  <finalization candidates="91" enqueued="85" />
  <ownableSynchronizers candidates="127" cleared="22" />
  <references type="soft" candidates="855" cleared="0" enqueued="0" dynamicThreshold="9" maxThreshold="32" />
  <references type="weak" candidates="1472" cleared="405" enqueued="404" />
  <references type="phantom" candidates="174" cleared="1" enqueued="1" />
  <object-monitors candidates="107" cleared="0"  />
</gc-op>
<gc-end id="2418" type="scavenge" contextid="2414" durationms="1.531" usertimems="7.566" systemtimems="0.000" stalltimems="4.123" timestamp="2026-09-06T06:51:04.803" activeThreads="9">
  <mem-info id="2419" free="25580168" total="83492864" percent="30">
    <mem type="nursery" free="14419376" total="23592960" percent="61">
      <mem type="allocate" free="14419376" total="18022400" percent="80" />
      <mem type="survivor" free="0" total="5570560" percent="0" />
    </mem>
    <mem type="tenure" free="11160792" total="59899904" percent="18">
      <mem type="soa" free="8165592" total="56904704" percent="14" />
      <mem type="loa" free="2995200" total="2995200" percent="100" />
    </mem>
    <pending-finalizers system="85" default="0" reference="405" classloader="0" />
    <remembered-set count="2880" />
  </mem-info>
</gc-end>
<cycle-end id="2420" type="scavenge" contextid="2414" timestamp="2026-09-06T06:51:04.803" />
<allocation-satisfied id="2421" threadId="000000000074DB00" bytesRequested="144" />
<af-end id="2422" timestamp="2026-09-06T06:51:04.803" threadId="000000000074E5C0" success="true" from="nursery"/>
<exclusive-end id="2423" timestamp="2026-09-06T06:51:04.803" durationms="2.164" />

<exclusive-start id="2424" timestamp="2026-09-06T06:51:04.898" intervalms="97.198">
  <response-info timems="0.014" idlems="0.014" threads="0" lastid="000000000074DB00" lastname="Default Executor-thread-4" />
</exclusive-start>
<af-start id="2425" threadId="000000000074E5C0" totalBytesRequested="5592" timestamp="2026-09-06T06:51:04.899" intervalms="97.214" type="nursery" />
<cycle-start id="2426" type="scavenge" contextid="0" timestamp="2026-09-06T06:51:04.899" intervalms="97.224" />
<gc-start id="2427" type="scavenge" contextid="2426" timestamp="2026-09-06T06:51:04.899">
  <mem-info id="2428" free="10990216" total="83492864" percent="13">
    <mem type="nursery" free="0" total="23592960" percent="0">
      <mem type="allocate" free="0" total="18022400" percent="0" />
      <mem type="survivor" free="0" total="5570560" percent="0" />
    </mem>
    <mem type="tenure" free="10990216" total="59899904" percent="18">
      <mem type="soa" free="7995016" total="56904704" percent="14" />
      <mem type="loa" free="2995200" total="2995200" percent="100" />
    </mem>
    <remembered-set count="4887" />
  </mem-info>
</gc-start>
<allocation-stats totalBytes="14552688" discardedBytes="37264" >
  <allocated-bytes non-tlh="170720" tlh="14381968" />
  <largest-consumer threadName="Default Executor-thread-4" threadId="000000000074DB00" bytes="14515824" />
</allocation-stats>
<gc-op id="2429" type="scavenge" timems="1.311" contextid="2426" timestamp="2026-09-06T06:51:04.900">
  <scavenger-info tenureage="7" tenuremask="7f80" tiltratio="76" />
  <memory-copied type="nursery" objects="36859" bytes="3419568" bytesdiscarded="139552" />
  <finalization candidates="62" enqueued="59" />
  <ownableSynchronizers candidates="216" cleared="5" />
  <references type="soft" candidates="966" cleared="0" enqueued="0" dynamicThreshold="9" maxThreshold="32" />
  <references type="weak" candidates="2067" cleared="789" enqueued="789" />
  <references type="phantom" candidates="194" cleared="0" enqueued="0" />
  <object-monitors candidates="107" cleared="0"  />
</gc-op>
<gc-end id="2430" type="scavenge" contextid="2426" durationms="1.521" usertimems="7.252" systemtimems="0.000" stalltimems="4.691" timestamp="2026-09-06T06:51:04.900" activeThreads="9">
  <mem-info id="2431" free="25712952" total="83492864" percent="30">
    <mem type="nursery" free="14722736" total="23592960" percent="62">
      <mem type="allocate" free="14722736" total="18284544" percent="80" />
      <mem type="survivor" free="0" total="5308416" percent="0" />
    </mem>
    <mem type="tenure" free="10990216" total="59899904" percent="18">
      <mem type="soa" free="7995016" total="56904704" percent="14" />
      <mem type="loa" free="2995200" total="2995200" percent="100" />
    </mem>
    <pending-finalizers system="59" default="0" reference="789" classloader="0" />
    <remembered-set count="4233" />
  </mem-info>
</gc-end>
<cycle-end id="2432" type="scavenge" contextid="2426" timestamp="2026-09-06T06:51:04.901" />
<allocation-satisfied id="2433" threadId="000000000074DB00" bytesRequested="5592" />
<af-end id="2434" timestamp="2026-09-06T06:51:04.901" threadId="000000000074E5C0" success="true" from="nursery"/>
<exclusive-end id="2435" timestamp="2026-09-06T06:51:04.901" durationms="2.220" />

<exclusive-start id="2436" timestamp="2026-09-06T06:51:04.967" intervalms="68.483">
  <response-info timems="0.025" idlems="0.023" threads="1" lastid="000000000074E700" lastname="Default Executor-thread-5" />
</exclusive-start>
<af-start id="2437" threadId="00000000007509C0" totalBytesRequested="720" timestamp="2026-09-06T06:51:04.967" intervalms="68.484" type="nursery" />
<cycle-start id="2438" type="scavenge" contextid="0" timestamp="2026-09-06T06:51:04.967" intervalms="68.476" />
<gc-start id="2439" type="scavenge" contextid="2438" timestamp="2026-09-06T06:51:04.967">
  <mem-info id="2440" free="10971104" total="83492864" percent="13">
    <mem type="nursery" free="0" total="23592960" percent="0">
      <mem type="allocate" free="0" total="18284544" percent="0" />
      <mem type="survivor" free="0" total="5308416" percent="0" />
    </mem>
    <mem type="tenure" free="10971104" total="59899904" percent="18">
      <mem type="soa" free="7975904" total="56904704" percent="14" />
      <mem type="loa" free="2995200" total="2995200" percent="100" />
    </mem>
    <remembered-set count="4786" />
  </mem-info>
</gc-start>
<allocation-stats totalBytes="14659176" discardedBytes="82672" >
  <allocated-bytes non-tlh="379208" tlh="14279968" />
  <largest-consumer threadName="Default Executor-thread-4" threadId="000000000074DB00" bytes="3955760" />
</allocation-stats>
<gc-op id="2441" type="scavenge" timems="1.828" contextid="2438" timestamp="2026-09-06T06:51:04.969">
  <scavenger-info tenureage="7" tenuremask="7f80" tiltratio="77" />
  <memory-copied type="nursery" objects="63338" bytes="5266872" bytesdiscarded="37992" />
  <memory-copied type="tenure" objects="6435" bytes="303488" bytesdiscarded="112" />
  <copy-failed type="nursery" objects="6435" bytes="304080" />
  <finalization candidates="78" enqueued="51" />
  <ownableSynchronizers candidates="376" cleared="128" />
  <references type="soft" candidates="944" cleared="0" enqueued="0" dynamicThreshold="9" maxThreshold="32" />
  <references type="weak" candidates="1474" cleared="164" enqueued="152" />
  <references type="phantom" candidates="288" cleared="35" enqueued="35" />
  <object-monitors candidates="122" cleared="14"  />
</gc-op>
<gc-end id="2442" type="scavenge" contextid="2438" durationms="2.054" usertimems="11.238" systemtimems="1.098" stalltimems="4.018" timestamp="2026-09-06T06:51:04.969" activeThreads="8">
  <mem-info id="2443" free="19952096" total="83492864" percent="23">
    <mem type="nursery" free="9437184" total="23592960" percent="40">
      <mem type="allocate" free="9437184" total="14745600" percent="64" />
      <mem type="survivor" free="0" total="8847360" percent="0" />
    </mem>
    <mem type="tenure" free="10514912" total="59899904" percent="17">
      <mem type="soa" free="7519712" total="56904704" percent="13" />
      <mem type="loa" free="2995200" total="2995200" percent="100" />
    </mem>
    <pending-finalizers system="6" default="45" reference="187" classloader="0" />
    <remembered-set count="5593" />
  </mem-info>
</gc-end>
<cycle-end id="2444" type="scavenge" contextid="2438" timestamp="2026-09-06T06:51:04.970" />
<allocation-satisfied id="2445" threadId="000000000074FF00" bytesRequested="720" />
<af-end id="2446" timestamp="2026-09-06T06:51:04.970" threadId="00000000007509C0" success="true" from="nursery"/>
<exclusive-end id="2447" timestamp="2026-09-06T06:51:04.970" durationms="2.768" />

<exclusive-start id="2448" timestamp="2026-09-06T06:51:05.004" intervalms="36.813">
  <response-info timems="0.210" idlems="0.100" threads="4" lastid="000000000077C100" lastname="Default Executor-thread-6" />
</exclusive-start>
<af-start id="2449" threadId="000000000074F1C0" totalBytesRequested="57176" timestamp="2026-09-06T06:51:05.004" intervalms="36.813" type="nursery" />
<cycle-start id="2450" type="scavenge" contextid="0" timestamp="2026-09-06T06:51:05.004" intervalms="36.814" />
<gc-start id="2451" type="scavenge" contextid="2450" timestamp="2026-09-06T06:51:05.004">
  <mem-info id="2452" free="10513936" total="83492864" percent="12">
    <mem type="nursery" free="0" total="23592960" percent="0">
      <mem type="allocate" free="0" total="14745600" percent="0" />
      <mem type="survivor" free="0" total="8847360" percent="0" />
    </mem>
    <mem type="tenure" free="10513936" total="59899904" percent="17">
      <mem type="soa" free="7518736" total="56904704" percent="13" />
      <mem type="loa" free="2995200" total="2995200" percent="100" />
    </mem>
    <remembered-set count="5739" />
  </mem-info>
</gc-start>
<allocation-stats totalBytes="9173064" discardedBytes="265096" >
  <allocated-bytes non-tlh="159264" tlh="9013800" />
  <largest-consumer threadName="Default Executor-thread-4" threadId="000000000074DB00" bytes="2335064" />
</allocation-stats>
<gc-op id="2453" type="scavenge" timems="1.740" contextid="2450" timestamp="2026-09-06T06:51:05.006">
  <scavenger-info tenureage="6" tenuremask="7fc0" tiltratio="62" />
  <memory-copied type="nursery" objects="65764" bytes="5037400" bytesdiscarded="230392" />
  <finalization candidates="26" enqueued="1" />
  <ownableSynchronizers candidates="364" cleared="97" />
  <references type="soft" candidates="944" cleared="0" enqueued="0" dynamicThreshold="9" maxThreshold="32" />
  <references type="weak" candidates="1380" cleared="40" enqueued="40" />
  <references type="phantom" candidates="224" cleared="0" enqueued="0" />
  <object-monitors candidates="108" cleared="0"  />
</gc-op>
<heap-resize id="2454" type="expand" space="nursery" amount="917504" count="1" timems="0.022" reason="excessive time being spent scavenging" timestamp="2026-09-06T06:51:05.006" />
<gc-end id="2455" type="scavenge" contextid="2450" durationms="2.012" usertimems="6.132" systemtimems="3.812" stalltimems="5.943" timestamp="2026-09-06T06:51:05.006" activeThreads="9">
  <mem-info id="2456" free="21102224" total="84410368" percent="24">
    <mem type="nursery" free="10588288" total="24510464" percent="43">
      <mem type="allocate" free="10588288" total="15859712" percent="66" />
      <mem type="survivor" free="0" total="8650752" percent="0" />
    </mem>
    <mem type="tenure" free="10513936" total="59899904" percent="17">
      <mem type="soa" free="7518736" total="56904704" percent="13" />
      <mem type="loa" free="2995200" total="2995200" percent="100" />
    </mem>
    <pending-finalizers system="1" default="0" reference="40" classloader="0" />
    <remembered-set count="4483" />
  </mem-info>
</gc-end>
<cycle-end id="2457" type="scavenge" contextid="2450" timestamp="2026-09-06T06:51:05.006" />
<allocation-satisfied id="2458" threadId="000000000074E700" bytesRequested="57176" />
<af-end id="2459" timestamp="2026-09-06T06:51:05.006" threadId="000000000074F1C0" success="true" from="nursery"/>
<exclusive-end id="2460" timestamp="2026-09-06T06:51:05.006" durationms="2.681" />

<exclusive-start id="2461" timestamp="2026-09-06T06:51:05.021" intervalms="17.256">
  <response-info timems="0.148" idlems="0.065" threads="2" lastid="000000000074C200" lastname="Default Executor-thread-2" />
</exclusive-start>
<af-start id="2462" threadId="00000000007509C0" totalBytesRequested="26336" timestamp="2026-09-06T06:51:05.021" intervalms="17.244" type="nursery" />
<cycle-start id="2463" type="scavenge" contextid="0" timestamp="2026-09-06T06:51:05.021" intervalms="17.237" />
<gc-start id="2464" type="scavenge" contextid="2463" timestamp="2026-09-06T06:51:05.021">
  <mem-info id="2465" free="10513704" total="84410368" percent="12">
    <mem type="nursery" free="0" total="24510464" percent="0">
      <mem type="allocate" free="0" total="15859712" percent="0" />
      <mem type="survivor" free="0" total="8650752" percent="0" />
    </mem>
    <mem type="tenure" free="10513704" total="59899904" percent="17">
      <mem type="soa" free="7518504" total="56904704" percent="13" />
      <mem type="loa" free="2995200" total="2995200" percent="100" />
    </mem>
    <remembered-set count="4530" />
  </mem-info>
</gc-start>
<allocation-stats totalBytes="10552760" discardedBytes="35760" >
  <allocated-bytes non-tlh="188496" tlh="10364264" />
  <largest-consumer threadName="ClassloaderMapProcessingThread-9" threadId="00000000011B5200" bytes="4586568" />
</allocation-stats>
<gc-op id="2466" type="scavenge" timems="1.995" contextid="2463" timestamp="2026-09-06T06:51:05.024">
  <scavenger-info tenureage="3" tenuremask="7ff8" tiltratio="64" />
  <memory-copied type="nursery" objects="42453" bytes="2575440" bytesdiscarded="496136" />
  <memory-copied type="tenure" objects="33445" bytes="3016400" bytesdiscarded="2280" />
  <finalization candidates="128" enqueued="103" />
  <ownableSynchronizers candidates="308" cleared="6" />
  <references type="soft" candidates="28" cleared="0" enqueued="0" dynamicThreshold="9" maxThreshold="32" />
  <references type="weak" candidates="111" cleared="12" enqueued="12" />
  <references type="phantom" candidates="56" cleared="0" enqueued="0" />
  <object-monitors candidates="108" cleared="0"  />
</gc-op>
<heap-resize id="2467" type="expand" space="nursery" amount="1572864" count="1" timems="0.019" reason="excessive time being spent scavenging" timestamp="2026-09-06T06:51:05.024" />
<gc-end id="2468" type="scavenge" contextid="2463" durationms="2.278" usertimems="7.746" systemtimems="4.094" stalltimems="5.543" timestamp="2026-09-06T06:51:05.024" activeThreads="9">
  <mem-info id="2469" free="22149512" total="85983232" percent="25">
    <mem type="nursery" free="14620888" total="26083328" percent="56">
      <mem type="allocate" free="14620888" total="17694720" percent="82" />
      <mem type="survivor" free="0" total="8388608" percent="0" />
    </mem>
    <mem type="tenure" free="7528624" total="59899904" percent="12">
      <mem type="soa" free="4533424" total="56904704" percent="7" />
      <mem type="loa" free="2995200" total="2995200" percent="100" />
    </mem>
    <pending-finalizers system="0" default="103" reference="12" classloader="0" />
    <remembered-set count="2513" />
  </mem-info>
</gc-end>
<cycle-end id="2470" type="scavenge" contextid="2463" timestamp="2026-09-06T06:51:05.024" />
<allocation-satisfied id="2471" threadId="000000000074FF00" bytesRequested="26336" />
<af-end id="2472" timestamp="2026-09-06T06:51:05.024" threadId="00000000007509C0" success="true" from="nursery"/>
<exclusive-end id="2473" timestamp="2026-09-06T06:51:05.024" durationms="2.882" />

<concurrent-kickoff id="2474" timestamp="2026-09-06T06:51:05.039">
  <kickoff reason="threshold reached" targetBytes="29671989" thresholdFreeBytes="4104111"  remainingFree="3905752" tenureFreeBytes="7528624" nurseryFreeBytes="3905752" />
</concurrent-kickoff>
<exclusive-start id="2475" timestamp="2026-09-06T06:51:05.040" intervalms="18.876">
  <response-info timems="0.130" idlems="0.068" threads="3" lastid="000000000074C200" lastname="Default Executor-thread-2" />
</exclusive-start>
<cycle-start id="2476" type="global" contextid="0" timestamp="2026-09-06T06:51:05.040" intervalms="600.472" />
<concurrent-start id="2477" type="global mark" contextid="2476" timestamp="2026-09-06T06:51:05.040">
</concurrent-start>
<exclusive-end id="2478" timestamp="2026-09-06T06:51:05.040" durationms="0.187" />

<concurrent-end id="2479" type="global mark" contextid="2476" timestamp="2026-09-06T06:51:05.056">
<gc-op id="2480" type="trace" timems="16.042" contextid="2476" timestamp="2026-09-06T06:51:05.056">
  <trace bytesTraced="31606028" workStackOverflowCount="0" />
  <card-cleaning reason="card cleaning threshold reached" bytesTraced="40588" cardsCleaned="70" />
</gc-op>
</concurrent-end>

<exclusive-start id="2481" timestamp="2026-09-06T06:51:05.056" intervalms="16.477">
  <response-info timems="0.132" idlems="0.058" threads="3" lastid="000000000074C200" lastname="Default Executor-thread-2" />
</exclusive-start>
<concurrent-global-final id="2482" timestamp="2026-09-06T06:51:05.056" contextid="2476" intervalms="579.700" >
  <concurrent-trace-info reason="card cleaning threshold reached" tracedByMutators="21709664" tracedByHelpers="9936952" cardsCleaned="70" workStackOverflowCount="0" />
</concurrent-global-final>
<gc-start id="2483" type="global" contextid="2476" timestamp="2026-09-06T06:51:05.057">
  <mem-info id="2484" free="7547720" total="85983232" percent="8">
    <mem type="nursery" free="19096" total="26083328" percent="0">
      <mem type="allocate" free="19096" total="17694720" percent="0" />
      <mem type="survivor" free="0" total="8388608" percent="0" />
    </mem>
    <mem type="tenure" free="7528624" total="59899904" percent="12">
      <mem type="soa" free="4533424" total="56904704" percent="7" />
      <mem type="loa" free="2995200" total="2995200" percent="100" />
    </mem>
    <remembered-set count="2547" />
  </mem-info>
</gc-start>
<allocation-stats totalBytes="14442688" discardedBytes="159104" >
  <allocated-bytes non-tlh="793104" tlh="13649584" />
  <largest-consumer threadName="ClassloaderMapProcessingThread-9" threadId="00000000011B5200" bytes="5533904" />
</allocation-stats>
<gc-op id="2485" type="rs-scan" timems="0.770" contextid="2476" timestamp="2026-09-06T06:51:05.058">
  <scan objectsFound="32481" bytesTraced="1183652" workStackOverflowCount="0" />
</gc-op>
<gc-op id="2486" type="card-cleaning" timems="0.159" contextid="2476" timestamp="2026-09-06T06:51:05.058">
  <card-cleaning cardsCleaned="10" bytesTraced="25236" workStackOverflowCount="0" />
</gc-op>
<gc-op id="2487" type="mark" timems="3.787" contextid="2476" timestamp="2026-09-06T06:51:05.062">
  <trace-info objectcount="6940" scancount="5739" scanbytes="241400" />
  <finalization candidates="1832" enqueued="171" />
  <ownableSynchronizers candidates="8748" cleared="19" />
  <references type="soft" candidates="13281" cleared="5" enqueued="4" dynamicThreshold="9" maxThreshold="32" />
  <references type="weak" candidates="17295" cleared="19" enqueued="18" />
  <references type="phantom" candidates="397" cleared="0" enqueued="0" />
  <stringconstants candidates="41442" cleared="67"  />
  <object-monitors candidates="108" cleared="8"  />
</gc-op>
<gc-op id="2488" type="classunload" timems="0.923" contextid="2476" timestamp="2026-09-06T06:51:05.063">
  <classunload-info classloadercandidates="384" classloadersunloaded="1" classesunloaded="1" anonymousclassesunloaded="0" quiescems="0.000" setupms="0.784" scanms="0.094" postms="0.044" />
</gc-op>
<gc-op id="2489" type="sweep" timems="0.582" contextid="2476" timestamp="2026-09-06T06:51:05.063" />
<heap-resize id="2490" type="expand" space="tenure" amount="10682368" count="1" timems="0.052" reason="insufficient free space following gc" timestamp="2026-09-06T06:51:05.063" />
<gc-end id="2491" type="global" contextid="2476" durationms="6.730" usertimems="26.041" systemtimems="3.543" stalltimems="20.045" timestamp="2026-09-06T06:51:05.063" activeThreads="10">
  <mem-info id="2492" free="35451392" total="96665600" percent="36">
    <mem type="nursery" free="14243136" total="26083328" percent="54">
      <mem type="allocate" free="14243136" total="17694720" percent="80" />
      <mem type="survivor" free="0" total="8388608" percent="0" />
    </mem>
    <mem type="tenure" free="21208256" total="70582272" percent="30" micro-fragmented="1822347" macro-fragmented="0">
      <mem type="soa" free="17678528" total="67052544" percent="26" />
      <mem type="loa" free="3529728" total="3529728" percent="100" />
    </mem>
    <pending-finalizers system="0" default="171" reference="22" classloader="0" />
    <remembered-set count="2395" />
  </mem-info>
</gc-end>
<cycle-end id="2493" type="global" contextid="2476" timestamp="2026-09-06T06:51:05.064" />
<exclusive-end id="2494" timestamp="2026-09-06T06:51:05.064" durationms="7.205" />

<exclusive-start id="2495" timestamp="2026-09-06T06:51:05.078" intervalms="21.250">
  <response-info timems="0.045" idlems="0.033" threads="1" lastid="000000000074FF00" lastname="Default Executor-thread-3" />
</exclusive-start>
<af-start id="2496" threadId="000000000074F1C0" totalBytesRequested="16" timestamp="2026-09-06T06:51:05.078" intervalms="56.609" type="nursery" />
<cycle-start id="2497" type="scavenge" contextid="0" timestamp="2026-09-06T06:51:05.078" intervalms="56.631" />
<gc-start id="2498" type="scavenge" contextid="2497" timestamp="2026-09-06T06:51:05.078">
  <mem-info id="2499" free="21208112" total="96665600" percent="21">
    <mem type="nursery" free="0" total="26083328" percent="0">
      <mem type="allocate" free="0" total="17694720" percent="0" />
      <mem type="survivor" free="0" total="8388608" percent="0" />
    </mem>
    <mem type="tenure" free="21208112" total="70582272" percent="30">
      <mem type="soa" free="17678384" total="67052544" percent="26" />
      <mem type="loa" free="3529728" total="3529728" percent="100" />
    </mem>
    <remembered-set count="2419" />
  </mem-info>
</gc-start>
<allocation-stats totalBytes="14139704" discardedBytes="97120" >
  <allocated-bytes non-tlh="2408216" tlh="11731488" />
  <largest-consumer threadName="Default Executor-thread-3" threadId="000000000074FF00" bytes="4237600" />
</allocation-stats>
<gc-op id="2500" type="scavenge" timems="1.678" contextid="2497" timestamp="2026-09-06T06:51:05.080">
  <scavenger-info tenureage="3" tenuremask="7fe8" tiltratio="67" />
  <memory-copied type="nursery" objects="31147" bytes="3227848" bytesdiscarded="396552" />
  <memory-copied type="tenure" objects="24547" bytes="1141032" bytesdiscarded="3864" />
  <finalization candidates="283" enqueued="254" />
  <ownableSynchronizers candidates="17338" cleared="17216" />
  <references type="soft" candidates="1" cleared="0" enqueued="0" dynamicThreshold="9" maxThreshold="32" />
  <references type="weak" candidates="78" cleared="7" enqueued="7" />
  <references type="phantom" candidates="55" cleared="4" enqueued="4" />
  <object-monitors candidates="100" cleared="0"  />
</gc-op>
<gc-end id="2501" type="scavenge" contextid="2497" durationms="1.870" usertimems="8.596" systemtimems="1.738" stalltimems="5.128" timestamp="2026-09-06T06:51:05.080" activeThreads="9">
  <mem-info id="2502" free="35078368" total="96665600" percent="36">
    <mem type="nursery" free="15313416" total="26083328" percent="58">
      <mem type="allocate" free="15313416" total="18939904" percent="80" />
      <mem type="survivor" free="0" total="7143424" percent="0" />
    </mem>
    <mem type="tenure" free="19764952" total="70582272" percent="28">
      <mem type="soa" free="16235224" total="67052544" percent="24" />
      <mem type="loa" free="3529728" total="3529728" percent="100" />
    </mem>
    <pending-finalizers system="0" default="254" reference="11" classloader="0" />
    <remembered-set count="1409" />
  </mem-info>
</gc-end>
<cycle-end id="2503" type="scavenge" contextid="2497" timestamp="2026-09-06T06:51:05.080" />
<allocation-satisfied id="2504" threadId="000000000074E700" bytesRequested="16" />
<af-end id="2505" timestamp="2026-09-06T06:51:05.080" threadId="000000000074F1C0" success="true" from="nursery"/>
<exclusive-end id="2506" timestamp="2026-09-06T06:51:05.080" durationms="2.533" />

<exclusive-start id="2507" timestamp="2026-09-06T06:51:05.093" intervalms="15.027">
  <response-info timems="0.051" idlems="0.039" threads="1" lastid="000000000074FF00" lastname="Default Executor-thread-3" />
</exclusive-start>
<af-start id="2508" threadId="000000000077CBC0" totalBytesRequested="5144" timestamp="2026-09-06T06:51:05.093" intervalms="15.033" type="nursery" />
<cycle-start id="2509" type="scavenge" contextid="0" timestamp="2026-09-06T06:51:05.093" intervalms="15.013" />
<gc-start id="2510" type="scavenge" contextid="2509" timestamp="2026-09-06T06:51:05.093">
  <mem-info id="2511" free="19764568" total="96665600" percent="20">
    <mem type="nursery" free="0" total="26083328" percent="0">
      <mem type="allocate" free="0" total="18939904" percent="0" />
      <mem type="survivor" free="0" total="7143424" percent="0" />
    </mem>
    <mem type="tenure" free="19764568" total="70582272" percent="28">
      <mem type="soa" free="16234840" total="67052544" percent="24" />
      <mem type="loa" free="3529728" total="3529728" percent="100" />
    </mem>
    <remembered-set count="1476" />
  </mem-info>
</gc-start>
<allocation-stats totalBytes="15305056" discardedBytes="8744" >
  <allocated-bytes non-tlh="400" tlh="15304656" />
  <largest-consumer threadName="Default Executor-thread-3" threadId="000000000074FF00" bytes="3759264" />
</allocation-stats>
<gc-op id="2512" type="scavenge" timems="1.590" contextid="2509" timestamp="2026-09-06T06:51:05.095">
  <scavenger-info tenureage="3" tenuremask="7fe8" tiltratio="72" />
  <memory-copied type="nursery" objects="35344" bytes="3170592" bytesdiscarded="354400" />
  <memory-copied type="tenure" objects="4835" bytes="615680" bytesdiscarded="1920" />
  <finalization candidates="266" enqueued="255" />
  <ownableSynchronizers candidates="121" cleared="9" />
  <references type="soft" candidates="3" cleared="0" enqueued="0" dynamicThreshold="9" maxThreshold="32" />
  <references type="weak" candidates="66" cleared="18" enqueued="18" />
  <references type="phantom" candidates="70" cleared="21" enqueued="21" />
  <object-monitors candidates="100" cleared="0"  />
</gc-op>
<heap-resize id="2513" type="expand" space="nursery" amount="1703936" count="1" timems="0.021" reason="excessive time being spent scavenging" timestamp="2026-09-06T06:51:05.095" />
<gc-end id="2514" type="scavenge" contextid="2509" durationms="1.843" usertimems="6.721" systemtimems="1.829" stalltimems="6.366" timestamp="2026-09-06T06:51:05.095" activeThreads="9">
  <mem-info id="2515" free="36448816" total="98369536" percent="37">
    <mem type="nursery" free="17312680" total="27787264" percent="62">
      <mem type="allocate" free="17312680" total="20840448" percent="83" />
      <mem type="survivor" free="0" total="6946816" percent="0" />
    </mem>
    <mem type="tenure" free="19136136" total="70582272" percent="27">
      <mem type="soa" free="15606408" total="67052544" percent="23" />
      <mem type="loa" free="3529728" total="3529728" percent="100" />
    </mem>
    <pending-finalizers system="1" default="254" reference="39" classloader="0" />
    <remembered-set count="1348" />
  </mem-info>
</gc-end>
<cycle-end id="2516" type="scavenge" contextid="2509" timestamp="2026-09-06T06:51:05.095" />
<allocation-satisfied id="2517" threadId="000000000077C100" bytesRequested="5144" />
<af-end id="2518" timestamp="2026-09-06T06:51:05.095" threadId="000000000077CBC0" success="true" from="nursery"/>
<exclusive-end id="2519" timestamp="2026-09-06T06:51:05.095" durationms="2.492" />

<exclusive-start id="2520" timestamp="2026-09-06T06:51:05.109" intervalms="16.375">
  <response-info timems="0.039" idlems="0.030" threads="1" lastid="000000000077C100" lastname="Default Executor-thread-6" />
</exclusive-start>
<af-start id="2521" threadId="00000000007509C0" totalBytesRequested="40632" timestamp="2026-09-06T06:51:05.109" intervalms="16.360" type="nursery" />
<cycle-start id="2522" type="scavenge" contextid="0" timestamp="2026-09-06T06:51:05.109" intervalms="16.354" />
<gc-start id="2523" type="scavenge" contextid="2522" timestamp="2026-09-06T06:51:05.109">
  <mem-info id="2524" free="19132472" total="98369536" percent="19">
    <mem type="nursery" free="0" total="27787264" percent="0">
      <mem type="allocate" free="0" total="20840448" percent="0" />
      <mem type="survivor" free="0" total="6946816" percent="0" />
    </mem>
    <mem type="tenure" free="19132472" total="70582272" percent="27">
      <mem type="soa" free="15602744" total="67052544" percent="23" />
      <mem type="loa" free="3529728" total="3529728" percent="100" />
    </mem>
    <remembered-set count="1502" />
  </mem-info>
</gc-start>
<allocation-stats totalBytes="17214168" discardedBytes="102176" >
  <allocated-bytes non-tlh="8808" tlh="17205360" />
  <largest-consumer threadName="ClassloaderMapProcessingThread-9" threadId="00000000011B5200" bytes="5318944" />
</allocation-stats>
<gc-op id="2525" type="scavenge" timems="1.757" contextid="2522" timestamp="2026-09-06T06:51:05.111">
  <scavenger-info tenureage="5" tenuremask="7fe0" tiltratio="75" />
  <memory-copied type="nursery" objects="61704" bytes="3631440" bytesdiscarded="412632" />
  <finalization candidates="231" enqueued="214" />
  <ownableSynchronizers candidates="49" cleared="3" />
  <references type="soft" candidates="3" cleared="0" enqueued="0" dynamicThreshold="9" maxThreshold="32" />
  <references type="weak" candidates="70" cleared="16" enqueued="16" />
  <references type="phantom" candidates="63" cleared="10" enqueued="10" />
  <object-monitors candidates="100" cleared="0"  />
</gc-op>
<heap-resize id="2526" type="expand" space="nursery" amount="1572864" count="1" timems="0.016" reason="excessive time being spent scavenging" timestamp="2026-09-06T06:51:05.111" />
<gc-end id="2527" type="scavenge" contextid="2522" durationms="1.986" usertimems="8.759" systemtimems="1.064" stalltimems="4.577" timestamp="2026-09-06T06:51:05.111" activeThreads="8">
  <mem-info id="2528" free="37958176" total="99942400" percent="37">
    <mem type="nursery" free="18825704" total="29360128" percent="64">
      <mem type="allocate" free="18825704" total="22872064" percent="82" />
      <mem type="survivor" free="0" total="6488064" percent="0" />
    </mem>
    <mem type="tenure" free="19132472" total="70582272" percent="27">
      <mem type="soa" free="15602744" total="67052544" percent="23" />
      <mem type="loa" free="3529728" total="3529728" percent="100" />
    </mem>
    <pending-finalizers system="0" default="214" reference="26" classloader="0" />
    <remembered-set count="1437" />
  </mem-info>
</gc-end>
<cycle-end id="2529" type="scavenge" contextid="2522" timestamp="2026-09-06T06:51:05.112" />
<allocation-satisfied id="2530" threadId="000000000074FF00" bytesRequested="40632" />
<af-end id="2531" timestamp="2026-09-06T06:51:05.112" threadId="00000000007509C0" success="true" from="nursery"/>
<exclusive-end id="2532" timestamp="2026-09-06T06:51:05.112" durationms="2.606" />

<exclusive-start id="2533" timestamp="2026-09-06T06:51:05.123" intervalms="14.149">
  <response-info timems="0.034" idlems="0.027" threads="2" lastid="000000000074C200" lastname="Default Executor-thread-2" />
</exclusive-start>
<af-start id="2534" threadId="00000000007509C0" totalBytesRequested="8888" timestamp="2026-09-06T06:51:05.123" intervalms="14.144" type="nursery" />
<cycle-start id="2535" type="scavenge" contextid="0" timestamp="2026-09-06T06:51:05.123" intervalms="14.155" />
<gc-start id="2536" type="scavenge" contextid="2535" timestamp="2026-09-06T06:51:05.124">
  <mem-info id="2537" free="19132416" total="99942400" percent="19">
    <mem type="nursery" free="0" total="29360128" percent="0">
      <mem type="allocate" free="0" total="22872064" percent="0" />
      <mem type="survivor" free="0" total="6488064" percent="0" />
    </mem>
    <mem type="tenure" free="19132416" total="70582272" percent="27">
      <mem type="soa" free="15602688" total="67052544" percent="23" />
      <mem type="loa" free="3529728" total="3529728" percent="100" />
    </mem>
    <remembered-set count="1505" />
  </mem-info>
</gc-start>
<allocation-stats totalBytes="18750048" discardedBytes="75712" >
  <allocated-bytes non-tlh="189152" tlh="18560896" />
  <largest-consumer threadName="ClassloaderMapProcessingThread-9" threadId="00000000011B5200" bytes="4046168" />
</allocation-stats>
<gc-op id="2538" type="scavenge" timems="1.765" contextid="2535" timestamp="2026-09-06T06:51:05.125">
  <scavenger-info tenureage="5" tenuremask="7fe0" tiltratio="77" />
  <memory-copied type="nursery" objects="74811" bytes="4515592" bytesdiscarded="147200" />
  <finalization candidates="369" enqueued="340" />
  <ownableSynchronizers candidates="46" cleared="0" />
  <references type="soft" candidates="3" cleared="0" enqueued="0" dynamicThreshold="9" maxThreshold="32" />
  <references type="weak" candidates="72" cleared="16" enqueued="16" />
  <references type="phantom" candidates="98" cleared="22" enqueued="22" />
  <object-monitors candidates="100" cleared="0"  />
</gc-op>
<heap-resize id="2539" type="expand" space="nursery" amount="1966080" count="1" timems="0.015" reason="excessive time being spent scavenging" timestamp="2026-09-06T06:51:05.125" />
<gc-end id="2540" type="scavenge" contextid="2535" durationms="2.019" usertimems="8.329" systemtimems="1.356" stalltimems="5.031" timestamp="2026-09-06T06:51:05.126" activeThreads="8">
  <mem-info id="2541" free="39238784" total="101908480" percent="38">
    <mem type="nursery" free="20106368" total="31326208" percent="64">
      <mem type="allocate" free="20106368" total="24772608" percent="81" />
      <mem type="survivor" free="0" total="6553600" percent="0" />
    </mem>
    <mem type="tenure" free="19132416" total="70582272" percent="27">
      <mem type="soa" free="15602688" total="67052544" percent="23" />
      <mem type="loa" free="3529728" total="3529728" percent="100" />
    </mem>
    <pending-finalizers system="0" default="340" reference="38" classloader="0" />
    <remembered-set count="1450" />
  </mem-info>
</gc-end>
<cycle-end id="2542" type="scavenge" contextid="2535" timestamp="2026-09-06T06:51:05.126" />
<allocation-satisfied id="2543" threadId="000000000074FF00" bytesRequested="8888" />
<af-end id="2544" timestamp="2026-09-06T06:51:05.126" threadId="00000000007509C0" success="true" from="nursery"/>
<exclusive-end id="2545" timestamp="2026-09-06T06:51:05.126" durationms="2.579" />

<exclusive-start id="2546" timestamp="2026-09-06T06:51:05.135" intervalms="11.380">
  <response-info timems="0.021" idlems="0.021" threads="0" lastid="000000000074FF00" lastname="Default Executor-thread-3" />
</exclusive-start>
<af-start id="2547" threadId="00000000007509C0" totalBytesRequested="120" timestamp="2026-09-06T06:51:05.135" intervalms="11.369" type="nursery" />
<cycle-start id="2548" type="scavenge" contextid="0" timestamp="2026-09-06T06:51:05.135" intervalms="11.356" />
<gc-start id="2549" type="scavenge" contextid="2548" timestamp="2026-09-06T06:51:05.135">
  <mem-info id="2550" free="19132264" total="101908480" percent="18">
    <mem type="nursery" free="0" total="31326208" percent="0">
      <mem type="allocate" free="0" total="24772608" percent="0" />
      <mem type="survivor" free="0" total="6553600" percent="0" />
    </mem>
    <mem type="tenure" free="19132264" total="70582272" percent="27">
      <mem type="soa" free="15602536" total="67052544" percent="23" />
      <mem type="loa" free="3529728" total="3529728" percent="100" />
    </mem>
    <remembered-set count="1555" />
  </mem-info>
</gc-start>
<allocation-stats totalBytes="20031456" discardedBytes="75064" >
  <allocated-bytes non-tlh="74280" tlh="19957176" />
  <largest-consumer threadName="Default Executor-thread-6" threadId="000000000077C100" bytes="4979792" />
</allocation-stats>
<gc-op id="2551" type="scavenge" timems="2.049" contextid="2548" timestamp="2026-09-06T06:51:05.137">
  <scavenger-info tenureage="4" tenuremask="7ff0" tiltratio="79" />
  <memory-copied type="nursery" objects="70481" bytes="5143608" bytesdiscarded="430392" />
  <memory-copied type="tenure" objects="18221" bytes="1112288" bytesdiscarded="2968" />
  <finalization candidates="487" enqueued="451" />
  <ownableSynchronizers candidates="46" cleared="0" />
  <references type="soft" candidates="2" cleared="0" enqueued="0" dynamicThreshold="9" maxThreshold="32" />
  <references type="weak" candidates="25" cleared="11" enqueued="11" />
  <references type="phantom" candidates="131" cleared="18" enqueued="18" />
  <object-monitors candidates="100" cleared="0"  />
</gc-op>
<heap-resize id="2552" type="expand" space="nursery" amount="3014656" count="1" timems="0.015" reason="excessive time being spent scavenging" timestamp="2026-09-06T06:51:05.137" />
<gc-end id="2553" type="scavenge" contextid="2548" durationms="2.263" usertimems="12.284" systemtimems="0.014" stalltimems="4.602" timestamp="2026-09-06T06:51:05.137" activeThreads="8">
  <mem-info id="2554" free="39481688" total="104923136" percent="37">
    <mem type="nursery" free="21551464" total="34340864" percent="62">
      <mem type="allocate" free="21551464" total="27131904" percent="79" />
      <mem type="survivor" free="0" total="7208960" percent="0" />
    </mem>
    <mem type="tenure" free="17930224" total="70582272" percent="25">
      <mem type="soa" free="14400496" total="67052544" percent="21" />
      <mem type="loa" free="3529728" total="3529728" percent="100" />
    </mem>
    <pending-finalizers system="0" default="451" reference="29" classloader="0" />
    <remembered-set count="1346" />
  </mem-info>
</gc-end>
<cycle-end id="2555" type="scavenge" contextid="2548" timestamp="2026-09-06T06:51:05.137" />
<allocation-satisfied id="2556" threadId="000000000074FF00" bytesRequested="120" />
<af-end id="2557" timestamp="2026-09-06T06:51:05.137" threadId="00000000007509C0" success="true" from="nursery"/>
<exclusive-end id="2558" timestamp="2026-09-06T06:51:05.137" durationms="2.755" />

<exclusive-start id="2559" timestamp="2026-09-06T06:51:05.146" intervalms="11.514">
  <response-info timems="0.021" idlems="0.021" threads="0" lastid="00000000011B5200" lastname="ClassloaderMapProcessingThread-9" />
</exclusive-start>
<af-start id="2560" threadId="00000000011B5CC0" totalBytesRequested="88" timestamp="2026-09-06T06:51:05.146" intervalms="11.517" type="nursery" />
<cycle-start id="2561" type="scavenge" contextid="0" timestamp="2026-09-06T06:51:05.146" intervalms="11.515" />
<gc-start id="2562" type="scavenge" contextid="2561" timestamp="2026-09-06T06:51:05.146">
  <mem-info id="2563" free="17930224" total="104923136" percent="17">
    <mem type="nursery" free="0" total="34340864" percent="0">
      <mem type="allocate" free="0" total="27131904" percent="0" />
      <mem type="survivor" free="0" total="7208960" percent="0" />
    </mem>
    <mem type="tenure" free="17930224" total="70582272" percent="25">
      <mem type="soa" free="14400496" total="67052544" percent="21" />
      <mem type="loa" free="3529728" total="3529728" percent="100" />
    </mem>
    <remembered-set count="1511" />
  </mem-info>
</gc-start>
<allocation-stats totalBytes="21542768" discardedBytes="8696" >
  <allocated-bytes non-tlh="147440" tlh="21395328" />
  <largest-consumer threadName="Default Executor-thread-4" threadId="000000000074DB00" bytes="4833728" />
</allocation-stats>
<gc-op id="2564" type="scavenge" timems="1.869" contextid="2561" timestamp="2026-09-06T06:51:05.148">
  <scavenger-info tenureage="5" tenuremask="7fe0" tiltratio="79" />
  <memory-copied type="nursery" objects="79665" bytes="5490448" bytesdiscarded="232336" />
  <finalization candidates="476" enqueued="438" />
  <ownableSynchronizers candidates="6" cleared="0" />
  <references type="soft" candidates="2" cleared="0" enqueued="0" dynamicThreshold="9" maxThreshold="32" />
  <references type="weak" candidates="61" cleared="47" enqueued="47" />
  <references type="phantom" candidates="125" cleared="19" enqueued="19" />
  <object-monitors candidates="100" cleared="0"  />
</gc-op>
<heap-resize id="2565" type="expand" space="nursery" amount="3014656" count="1" timems="0.016" reason="excessive time being spent scavenging" timestamp="2026-09-06T06:51:05.148" />
<gc-end id="2566" type="scavenge" contextid="2561" durationms="2.086" usertimems="10.774" systemtimems="0.656" stalltimems="5.838" timestamp="2026-09-06T06:51:05.148" activeThreads="9">
  <mem-info id="2567" free="42284368" total="107937792" percent="39">
    <mem type="nursery" free="24354144" total="37355520" percent="65">
      <mem type="allocate" free="24354144" total="30081024" percent="80" />
      <mem type="survivor" free="0" total="7274496" percent="0" />
    </mem>
    <mem type="tenure" free="17930224" total="70582272" percent="25">
      <mem type="soa" free="14400496" total="67052544" percent="21" />
      <mem type="loa" free="3529728" total="3529728" percent="100" />
    </mem>
    <pending-finalizers system="0" default="438" reference="66" classloader="0" />
    <remembered-set count="1312" />
  </mem-info>
</gc-end>
<cycle-end id="2568" type="scavenge" contextid="2561" timestamp="2026-09-06T06:51:05.149" />
<allocation-satisfied id="2569" threadId="00000000011B5200" bytesRequested="88" />
<af-end id="2570" timestamp="2026-09-06T06:51:05.149" threadId="00000000011B5CC0" success="true" from="nursery"/>
<exclusive-end id="2571" timestamp="2026-09-06T06:51:05.149" durationms="2.600" />

<exclusive-start id="2572" timestamp="2026-09-06T06:51:05.161" intervalms="14.902">
  <response-info timems="0.050" idlems="0.050" threads="0" lastid="000000000074FF00" lastname="Default Executor-thread-3" />
</exclusive-start>
<af-start id="2573" threadId="00000000007509C0" totalBytesRequested="2512" timestamp="2026-09-06T06:51:05.161" intervalms="14.908" type="nursery" />
<cycle-start id="2574" type="scavenge" contextid="0" timestamp="2026-09-06T06:51:05.161" intervalms="14.916" />
<gc-start id="2575" type="scavenge" contextid="2574" timestamp="2026-09-06T06:51:05.161">
  <mem-info id="2576" free="17930224" total="107937792" percent="16">
    <mem type="nursery" free="0" total="37355520" percent="0">
      <mem type="allocate" free="0" total="30081024" percent="0" />
      <mem type="survivor" free="0" total="7274496" percent="0" />
    </mem>
    <mem type="tenure" free="17930224" total="70582272" percent="25">
      <mem type="soa" free="14400496" total="67052544" percent="21" />
      <mem type="loa" free="3529728" total="3529728" percent="100" />
    </mem>
    <remembered-set count="1653" />
  </mem-info>
</gc-start>
<allocation-stats totalBytes="24235136" discardedBytes="119008" >
  <allocated-bytes non-tlh="284400" tlh="23950736" />
  <largest-consumer threadName="Default Executor-thread-2" threadId="000000000074C200" bytes="6625336" />
</allocation-stats>
<gc-op id="2577" type="scavenge" timems="2.307" contextid="2574" timestamp="2026-09-06T06:51:05.164">
  <scavenger-info tenureage="5" tenuremask="7fe0" tiltratio="80" />
  <memory-copied type="nursery" objects="83968" bytes="6416456" bytesdiscarded="285080" />
  <memory-copied type="tenure" objects="12356" bytes="506784" bytesdiscarded="768" />
  <finalization candidates="413" enqueued="373" />
  <ownableSynchronizers candidates="6" cleared="0" />
  <references type="weak" candidates="29" cleared="20" enqueued="20" />
  <references type="phantom" candidates="146" cleared="6" enqueued="6" />
  <object-monitors candidates="100" cleared="0"  />
</gc-op>
<heap-resize id="2578" type="expand" space="nursery" amount="3014656" count="1" timems="0.018" reason="excessive time being spent scavenging" timestamp="2026-09-06T06:51:05.164" />
<gc-end id="2579" type="scavenge" contextid="2574" durationms="2.540" usertimems="13.881" systemtimems="0.663" stalltimems="6.589" timestamp="2026-09-06T06:51:05.164" activeThreads="9">
  <mem-info id="2580" free="42059304" total="110952448" percent="37">
    <mem type="nursery" free="24946392" total="40370176" percent="61">
      <mem type="allocate" free="24946392" total="31653888" percent="78" />
      <mem type="survivor" free="0" total="8716288" percent="0" />
    </mem>
    <mem type="tenure" free="17112912" total="70582272" percent="24">
      <mem type="soa" free="13583184" total="67052544" percent="20" />
      <mem type="loa" free="3529728" total="3529728" percent="100" />
    </mem>
    <pending-finalizers system="0" default="373" reference="26" classloader="0" />
    <remembered-set count="1712" />
  </mem-info>
</gc-end>
<cycle-end id="2581" type="scavenge" contextid="2574" timestamp="2026-09-06T06:51:05.164" />
<allocation-satisfied id="2582" threadId="000000000074FF00" bytesRequested="2512" />
<af-end id="2583" timestamp="2026-09-06T06:51:05.164" threadId="00000000007509C0" success="true" from="nursery"/>
<exclusive-end id="2584" timestamp="2026-09-06T06:51:05.164" durationms="3.105" />

<exclusive-start id="2585" timestamp="2026-09-06T06:51:05.181" intervalms="19.898">
  <response-info timems="0.067" idlems="0.040" threads="2" lastid="000000000074E700" lastname="Default Executor-thread-5" />
</exclusive-start>
<af-start id="2586" threadId="000000000077CBC0" totalBytesRequested="40" timestamp="2026-09-06T06:51:05.181" intervalms="19.895" type="nursery" />
<cycle-start id="2587" type="scavenge" contextid="0" timestamp="2026-09-06T06:51:05.181" intervalms="19.901" />
<gc-start id="2588" type="scavenge" contextid="2587" timestamp="2026-09-06T06:51:05.181">
  <mem-info id="2589" free="17109216" total="110952448" percent="15">
    <mem type="nursery" free="0" total="40370176" percent="0">
      <mem type="allocate" free="0" total="31653888" percent="0" />
      <mem type="survivor" free="0" total="8716288" percent="0" />
    </mem>
    <mem type="tenure" free="17109216" total="70582272" percent="24">
      <mem type="soa" free="13579488" total="67052544" percent="20" />
      <mem type="loa" free="3529728" total="3529728" percent="100" />
    </mem>
    <remembered-set count="1925" />
  </mem-info>
</gc-start>
<allocation-stats totalBytes="24906712" discardedBytes="43376" >
  <allocated-bytes non-tlh="279624" tlh="24627088" />
  <largest-consumer threadName="Default Executor-thread-6" threadId="000000000077C100" bytes="6746704" />
</allocation-stats>
<gc-op id="2590" type="scavenge" timems="2.141" contextid="2587" timestamp="2026-09-06T06:51:05.183">
  <scavenger-info tenureage="5" tenuremask="7fe0" tiltratio="78" />
  <memory-copied type="nursery" objects="72078" bytes="6868544" bytesdiscarded="221968" />
  <memory-copied type="tenure" objects="7035" bytes="304936" bytesdiscarded="8" />
  <finalization candidates="559" enqueued="514" />
  <ownableSynchronizers candidates="5" cleared="5" />
  <references type="weak" candidates="74" cleared="53" enqueued="53" />
  <references type="phantom" candidates="175" cleared="22" enqueued="22" />
  <object-monitors candidates="101" cleared="0"  />
</gc-op>
<heap-resize id="2591" type="expand" space="nursery" amount="2359296" count="1" timems="0.019" reason="excessive time being spent scavenging" timestamp="2026-09-06T06:51:05.184" />
<gc-end id="2592" type="scavenge" contextid="2587" durationms="2.405" usertimems="13.266" systemtimems="0.094" stalltimems="8.230" timestamp="2026-09-06T06:51:05.184" activeThreads="10">
  <mem-info id="2593" free="43633688" total="113311744" percent="38">
    <mem type="nursery" free="26787128" total="42729472" percent="62">
      <mem type="allocate" free="26787128" total="33882112" percent="79" />
      <mem type="survivor" free="0" total="8847360" percent="0" />
    </mem>
    <mem type="tenure" free="16846560" total="70582272" percent="23">
      <mem type="soa" free="13316832" total="67052544" percent="19" />
      <mem type="loa" free="3529728" total="3529728" percent="100" />
    </mem>
    <pending-finalizers system="6" default="508" reference="75" classloader="0" />
    <remembered-set count="1768" />
  </mem-info>
</gc-end>
<cycle-end id="2594" type="scavenge" contextid="2587" timestamp="2026-09-06T06:51:05.184" />
<allocation-satisfied id="2595" threadId="000000000077C100" bytesRequested="40" />
<af-end id="2596" timestamp="2026-09-06T06:51:05.184" threadId="000000000077CBC0" success="true" from="nursery"/>
<exclusive-end id="2597" timestamp="2026-09-06T06:51:05.184" durationms="3.015" />

<exclusive-start id="2598" timestamp="2026-09-06T06:51:05.197" intervalms="15.903">
  <response-info timems="0.045" idlems="0.043" threads="1" lastid="000000000077C100" lastname="Default Executor-thread-6" />
</exclusive-start>
<af-start id="2599" threadId="00000000007509C0" totalBytesRequested="3560" timestamp="2026-09-06T06:51:05.197" intervalms="15.925" type="nursery" />
<cycle-start id="2600" type="scavenge" contextid="0" timestamp="2026-09-06T06:51:05.197" intervalms="15.918" />
<gc-start id="2601" type="scavenge" contextid="2600" timestamp="2026-09-06T06:51:05.197">
  <mem-info id="2602" free="16825864" total="113311744" percent="14">
    <mem type="nursery" free="0" total="42729472" percent="0">
      <mem type="allocate" free="0" total="33882112" percent="0" />
      <mem type="survivor" free="0" total="8847360" percent="0" />
    </mem>
    <mem type="tenure" free="16825864" total="70582272" percent="23">
      <mem type="soa" free="13296136" total="67052544" percent="19" />
      <mem type="loa" free="3529728" total="3529728" percent="100" />
    </mem>
    <remembered-set count="2315" />
  </mem-info>
</gc-start>
<allocation-stats totalBytes="26765208" discardedBytes="42616" >
  <allocated-bytes non-tlh="144048" tlh="26621160" />
  <largest-consumer threadName="Default Executor-thread-6" threadId="000000000077C100" bytes="6732096" />
</allocation-stats>
<gc-op id="2603" type="scavenge" timems="2.310" contextid="2600" timestamp="2026-09-06T06:51:05.200">
  <scavenger-info tenureage="4" tenuremask="7ff0" tiltratio="79" />
  <memory-copied type="nursery" objects="72907" bytes="6745448" bytesdiscarded="304584" />
  <memory-copied type="tenure" objects="20882" bytes="1428784" bytesdiscarded="800" />
  <finalization candidates="974" enqueued="926" />
  <references type="weak" candidates="152" cleared="121" enqueued="121" />
  <references type="phantom" candidates="130" cleared="17" enqueued="17" />
  <object-monitors candidates="102" cleared="1"  />
</gc-op>
<heap-resize id="2604" type="expand" space="nursery" amount="3276800" count="1" timems="0.020" reason="excessive time being spent scavenging" timestamp="2026-09-06T06:51:05.200" />
<gc-end id="2605" type="scavenge" contextid="2600" durationms="2.567" usertimems="15.769" systemtimems="0.238" stalltimems="7.586" timestamp="2026-09-06T06:51:05.200" activeThreads="10">
  <mem-info id="2606" free="45814448" total="116588544" percent="39">
    <mem type="nursery" free="30433248" total="46006272" percent="66">
      <mem type="allocate" free="30433248" total="37486592" percent="81" />
      <mem type="survivor" free="0" total="8519680" percent="0" />
    </mem>
    <mem type="tenure" free="15381200" total="70582272" percent="21">
      <mem type="soa" free="11851472" total="67052544" percent="17" />
      <mem type="loa" free="3529728" total="3529728" percent="100" />
    </mem>
    <pending-finalizers system="10" default="916" reference="138" classloader="0" />
    <remembered-set count="2258" />
  </mem-info>
</gc-end>
<cycle-end id="2607" type="scavenge" contextid="2600" timestamp="2026-09-06T06:51:05.200" />
<allocation-satisfied id="2608" threadId="000000000074FF00" bytesRequested="3560" />
<af-end id="2609" timestamp="2026-09-06T06:51:05.200" threadId="00000000007509C0" success="true" from="nursery"/>
<exclusive-end id="2610" timestamp="2026-09-06T06:51:05.200" durationms="3.193" />

<exclusive-start id="2611" timestamp="2026-09-06T06:51:05.218" intervalms="21.422">
  <response-info timems="0.098" idlems="0.052" threads="3" lastid="000000000074E700" lastname="Default Executor-thread-5" />
</exclusive-start>
<af-start id="2612" threadId="000000000077CBC0" totalBytesRequested="88" timestamp="2026-09-06T06:51:05.218" intervalms="21.403" type="nursery" />
<cycle-start id="2613" type="scavenge" contextid="0" timestamp="2026-09-06T06:51:05.218" intervalms="21.399" />
<gc-start id="2614" type="scavenge" contextid="2613" timestamp="2026-09-06T06:51:05.219">
  <mem-info id="2615" free="15371112" total="116588544" percent="13">
    <mem type="nursery" free="0" total="46006272" percent="0">
      <mem type="allocate" free="0" total="37486592" percent="0" />
      <mem type="survivor" free="0" total="8519680" percent="0" />
    </mem>
    <mem type="tenure" free="15371112" total="70582272" percent="21">
      <mem type="soa" free="11841384" total="67052544" percent="17" />
      <mem type="loa" free="3529728" total="3529728" percent="100" />
    </mem>
    <remembered-set count="2636" />
  </mem-info>
</gc-start>
<allocation-stats totalBytes="30245696" discardedBytes="197640" >
  <allocated-bytes non-tlh="13648" tlh="30232048" />
  <largest-consumer threadName="Default Executor-thread-6" threadId="000000000077C100" bytes="8874272" />
</allocation-stats>
<gc-op id="2616" type="scavenge" timems="2.542" contextid="2613" timestamp="2026-09-06T06:51:05.221">
  <scavenger-info tenureage="3" tenuremask="7fe8" tiltratio="81" />
  <memory-copied type="nursery" objects="78133" bytes="7232952" bytesdiscarded="317112" />
  <memory-copied type="tenure" objects="16977" bytes="1530472" bytesdiscarded="1576" />
  <finalization candidates="931" enqueued="893" />
  <ownableSynchronizers candidates="8" cleared="4" />
  <references type="soft" candidates="2" cleared="0" enqueued="0" dynamicThreshold="9" maxThreshold="32" />
  <references type="weak" candidates="145" cleared="95" enqueued="95" />
  <references type="phantom" candidates="88" cleared="35" enqueued="35" />
  <object-monitors candidates="102" cleared="1"  />
</gc-op>
<heap-resize id="2617" type="expand" space="nursery" amount="2883584" count="1" timems="0.020" reason="excessive time being spent scavenging" timestamp="2026-09-06T06:51:05.221" />
<gc-end id="2618" type="scavenge" contextid="2613" durationms="2.829" usertimems="15.766" systemtimems="1.474" stalltimems="7.700" timestamp="2026-09-06T06:51:05.221" activeThreads="10">
  <mem-info id="2619" free="46026288" total="119472128" percent="38">
    <mem type="nursery" free="32160448" total="48889856" percent="65">
      <mem type="allocate" free="32160448" total="39714816" percent="80" />
      <mem type="survivor" free="0" total="9175040" percent="0" />
    </mem>
    <mem type="tenure" free="13865840" total="70582272" percent="19">
      <mem type="soa" free="10336112" total="67052544" percent="15" />
      <mem type="loa" free="3529728" total="3529728" percent="100" />
    </mem>
    <pending-finalizers system="21" default="872" reference="130" classloader="0" />
    <remembered-set count="3531" />
  </mem-info>
</gc-end>
<cycle-end id="2620" type="scavenge" contextid="2613" timestamp="2026-09-06T06:51:05.222" />
<allocation-satisfied id="2621" threadId="000000000077C100" bytesRequested="88" />
<af-end id="2622" timestamp="2026-09-06T06:51:05.222" threadId="000000000077CBC0" success="true" from="nursery"/>
<exclusive-end id="2623" timestamp="2026-09-06T06:51:05.222" durationms="3.499" />

<exclusive-start id="2624" timestamp="2026-09-06T06:51:05.241" intervalms="22.352">
  <response-info timems="0.034" idlems="0.034" threads="0" lastid="000000000077C100" lastname="Default Executor-thread-6" />
</exclusive-start>
<af-start id="2625" threadId="000000000077CBC0" totalBytesRequested="24" timestamp="2026-09-06T06:51:05.241" intervalms="22.377" type="nursery" />
<cycle-start id="2626" type="scavenge" contextid="0" timestamp="2026-09-06T06:51:05.241" intervalms="22.380" />
<gc-start id="2627" type="scavenge" contextid="2626" timestamp="2026-09-06T06:51:05.241">
  <mem-info id="2628" free="13849288" total="119472128" percent="11">
    <mem type="nursery" free="0" total="48889856" percent="0">
      <mem type="allocate" free="0" total="39714816" percent="0" />
      <mem type="survivor" free="0" total="9175040" percent="0" />
    </mem>
    <mem type="tenure" free="13849288" total="70582272" percent="19">
      <mem type="soa" free="10319560" total="67052544" percent="15" />
      <mem type="loa" free="3529728" total="3529728" percent="100" />
    </mem>
    <remembered-set count="4160" />
  </mem-info>
</gc-start>
<allocation-stats totalBytes="32150240" discardedBytes="26760" >
  <allocated-bytes non-tlh="16640" tlh="32133600" />
  <largest-consumer threadName="Default Executor-thread-6" threadId="000000000077C100" bytes="10195976" />
</allocation-stats>
<gc-op id="2629" type="scavenge" timems="2.456" contextid="2626" timestamp="2026-09-06T06:51:05.244">
  <scavenger-info tenureage="5" tenuremask="7fe0" tiltratio="81" />
  <memory-copied type="nursery" objects="89373" bytes="7455552" bytesdiscarded="360136" />
  <memory-copied type="tenure" objects="12663" bytes="671568" bytesdiscarded="24" />
  <finalization candidates="573" enqueued="537" />
  <ownableSynchronizers candidates="104" cleared="62" />
  <references type="soft" candidates="12" cleared="0" enqueued="0" dynamicThreshold="9" maxThreshold="32" />
  <references type="weak" candidates="257" cleared="147" enqueued="144" />
  <references type="phantom" candidates="41" cleared="0" enqueued="0" />
  <object-monitors candidates="101" cleared="0"  />
</gc-op>
<heap-resize id="2630" type="expand" space="nursery" amount="2752512" count="1" timems="0.020" reason="excessive time being spent scavenging" timestamp="2026-09-06T06:51:05.244" />
<gc-end id="2631" type="scavenge" contextid="2626" durationms="2.727" usertimems="17.918" systemtimems="0.227" stalltimems="6.216" timestamp="2026-09-06T06:51:05.244" activeThreads="10">
  <mem-info id="2632" free="47749184" total="122224640" percent="39">
    <mem type="nursery" free="34517424" total="51642368" percent="66">
      <mem type="allocate" free="34517424" total="42336256" percent="81" />
      <mem type="survivor" free="0" total="9306112" percent="0" />
    </mem>
    <mem type="tenure" free="13231760" total="70582272" percent="18">
      <mem type="soa" free="9702032" total="67052544" percent="14" />
      <mem type="loa" free="3529728" total="3529728" percent="100" />
    </mem>
    <pending-finalizers system="66" default="471" reference="144" classloader="0" />
    <remembered-set count="2992" />
  </mem-info>
</gc-end>
<cycle-end id="2633" type="scavenge" contextid="2626" timestamp="2026-09-06T06:51:05.244" />
<allocation-satisfied id="2634" threadId="000000000077C100" bytesRequested="24" />
<af-end id="2635" timestamp="2026-09-06T06:51:05.244" threadId="000000000077CBC0" success="true" from="nursery"/>
<exclusive-end id="2636" timestamp="2026-09-06T06:51:05.244" durationms="3.380" />

<exclusive-start id="2637" timestamp="2026-09-06T06:51:05.260" intervalms="19.042">
  <response-info timems="0.022" idlems="0.021" threads="1" lastid="000000000074E700" lastname="Default Executor-thread-5" />
</exclusive-start>
<af-start id="2638" threadId="00000000007509C0" totalBytesRequested="8200" timestamp="2026-09-06T06:51:05.260" intervalms="19.036" type="nursery" />
<cycle-start id="2639" type="scavenge" contextid="0" timestamp="2026-09-06T06:51:05.260" intervalms="19.046" />
<gc-start id="2640" type="scavenge" contextid="2639" timestamp="2026-09-06T06:51:05.260">
  <mem-info id="2641" free="13229968" total="122224640" percent="10">
    <mem type="nursery" free="0" total="51642368" percent="0">
      <mem type="allocate" free="0" total="42336256" percent="0" />
      <mem type="survivor" free="0" total="9306112" percent="0" />
    </mem>
    <mem type="tenure" free="13229968" total="70582272" percent="18">
      <mem type="soa" free="9700240" total="67052544" percent="14" />
      <mem type="loa" free="3529728" total="3529728" percent="100" />
    </mem>
    <remembered-set count="3283" />
  </mem-info>
</gc-start>
<allocation-stats totalBytes="34405480" discardedBytes="113736" >
  <allocated-bytes non-tlh="752472" tlh="33653008" />
  <largest-consumer threadName="Default Executor-thread-2" threadId="000000000074C200" bytes="11523632" />
</allocation-stats>
<gc-op id="2642" type="scavenge" timems="2.167" contextid="2639" timestamp="2026-09-06T06:51:05.262">
  <scavenger-info tenureage="5" tenuremask="7fe0" tiltratio="81" />
  <memory-copied type="nursery" objects="98069" bytes="8588976" bytesdiscarded="527192" />
  <finalization candidates="257" enqueued="227" />
  <ownableSynchronizers candidates="51" cleared="7" />
  <references type="soft" candidates="43" cleared="0" enqueued="0" dynamicThreshold="9" maxThreshold="32" />
  <references type="weak" candidates="314" cleared="120" enqueued="120" />
  <references type="phantom" candidates="183" cleared="0" enqueued="0" />
  <object-monitors candidates="101" cleared="0"  />
</gc-op>
<heap-resize id="2643" type="expand" space="nursery" amount="3145728" count="1" timems="0.019" reason="excessive time being spent scavenging" timestamp="2026-09-06T06:51:05.262" />
<gc-end id="2644" type="scavenge" contextid="2639" durationms="2.408" usertimems="14.914" systemtimems="0.991" stalltimems="6.035" timestamp="2026-09-06T06:51:05.262" activeThreads="10">
  <mem-info id="2645" free="47625672" total="125370368" percent="37">
    <mem type="nursery" free="34395704" total="54788096" percent="62">
      <mem type="allocate" free="34395704" total="43515904" percent="79" />
      <mem type="survivor" free="0" total="11272192" percent="0" />
    </mem>
    <mem type="tenure" free="13229968" total="70582272" percent="18">
      <mem type="soa" free="9700240" total="67052544" percent="14" />
      <mem type="loa" free="3529728" total="3529728" percent="100" />
    </mem>
    <pending-finalizers system="1" default="226" reference="120" classloader="0" />
    <remembered-set count="3079" />
  </mem-info>
</gc-end>
<cycle-end id="2646" type="scavenge" contextid="2639" timestamp="2026-09-06T06:51:05.263" />
<allocation-satisfied id="2647" threadId="000000000074FF00" bytesRequested="8200" />
<af-end id="2648" timestamp="2026-09-06T06:51:05.263" threadId="00000000007509C0" success="true" from="nursery"/>
<exclusive-end id="2649" timestamp="2026-09-06T06:51:05.263" durationms="3.075" />

<exclusive-start id="2650" timestamp="2026-09-06T06:51:05.281" intervalms="21.669">
  <response-info timems="0.034" idlems="0.027" threads="1" lastid="000000000074E700" lastname="Default Executor-thread-5" />
</exclusive-start>
<af-start id="2651" threadId="000000000077CBC0" totalBytesRequested="2064" timestamp="2026-09-06T06:51:05.281" intervalms="21.670" type="nursery" />
<cycle-start id="2652" type="scavenge" contextid="0" timestamp="2026-09-06T06:51:05.281" intervalms="21.665" />
<gc-start id="2653" type="scavenge" contextid="2652" timestamp="2026-09-06T06:51:05.282">
  <mem-info id="2654" free="13227136" total="125370368" percent="10">
    <mem type="nursery" free="0" total="54788096" percent="0">
      <mem type="allocate" free="0" total="43515904" percent="0" />
      <mem type="survivor" free="0" total="11272192" percent="0" />
    </mem>
    <mem type="tenure" free="13227136" total="70582272" percent="18">
      <mem type="soa" free="9697408" total="67052544" percent="14" />
      <mem type="loa" free="3529728" total="3529728" percent="100" />
    </mem>
    <remembered-set count="3331" />
  </mem-info>
</gc-start>
<allocation-stats totalBytes="34330216" discardedBytes="68320" >
  <allocated-bytes non-tlh="76576" tlh="34253640" />
  <largest-consumer threadName="ClassloaderMapProcessingThread-9" threadId="00000000011B5200" bytes="8428608" />
</allocation-stats>
<gc-op id="2655" type="scavenge" timems="3.070" contextid="2652" timestamp="2026-09-06T06:51:05.285">
  <scavenger-info tenureage="3" tenuremask="7fe8" tiltratio="79" />
  <memory-copied type="nursery" objects="115906" bytes="9033992" bytesdiscarded="418504" />
  <memory-copied type="tenure" objects="33900" bytes="2693056" bytesdiscarded="3264" />
  <finalization candidates="387" enqueued="357" />
  <ownableSynchronizers candidates="62" cleared="11" />
  <references type="soft" candidates="45" cleared="0" enqueued="0" dynamicThreshold="9" maxThreshold="32" />
  <references type="weak" candidates="242" cleared="70" enqueued="67" />
  <references type="phantom" candidates="185" cleared="0" enqueued="0" />
  <object-monitors candidates="101" cleared="0"  />
</gc-op>
<heap-resize id="2656" type="expand" space="nursery" amount="3801088" count="1" timems="0.022" reason="excessive time being spent scavenging" timestamp="2026-09-06T06:51:05.285" />
<gc-end id="2657" type="scavenge" contextid="2652" durationms="3.329" usertimems="22.511" systemtimems="0.952" stalltimems="7.053" timestamp="2026-09-06T06:51:05.285" activeThreads="10">
  <mem-info id="2658" free="48072096" total="129171456" percent="37">
    <mem type="nursery" free="37533928" total="58589184" percent="64">
      <mem type="allocate" free="37533928" total="46989312" percent="79" />
      <mem type="survivor" free="0" total="11599872" percent="0" />
    </mem>
    <mem type="tenure" free="10538168" total="70582272" percent="14">
      <mem type="soa" free="7008440" total="67052544" percent="10" />
      <mem type="loa" free="3529728" total="3529728" percent="100" />
    </mem>
    <pending-finalizers system="1" default="356" reference="67" classloader="0" />
    <remembered-set count="4669" />
  </mem-info>
</gc-end>
<cycle-end id="2659" type="scavenge" contextid="2652" timestamp="2026-09-06T06:51:05.285" />
<allocation-satisfied id="2660" threadId="000000000077C100" bytesRequested="2064" />
<af-end id="2661" timestamp="2026-09-06T06:51:05.285" threadId="000000000077CBC0" success="true" from="nursery"/>
<exclusive-end id="2662" timestamp="2026-09-06T06:51:05.285" durationms="4.008" />

<exclusive-start id="2663" timestamp="2026-09-06T06:51:05.304" intervalms="23.178">
  <response-info timems="0.048" idlems="0.032" threads="1" lastid="000000000074DB00" lastname="Default Executor-thread-4" />
</exclusive-start>
<af-start id="2664" threadId="000000000077CBC0" totalBytesRequested="40" timestamp="2026-09-06T06:51:05.305" intervalms="23.199" type="nursery" />
<cycle-start id="2665" type="scavenge" contextid="0" timestamp="2026-09-06T06:51:05.305" intervalms="23.214" />
<gc-start id="2666" type="scavenge" contextid="2665" timestamp="2026-09-06T06:51:05.305">
  <mem-info id="2667" free="10537264" total="129171456" percent="8">
    <mem type="nursery" free="0" total="58589184" percent="0">
      <mem type="allocate" free="0" total="46989312" percent="0" />
      <mem type="survivor" free="0" total="11599872" percent="0" />
    </mem>
    <mem type="tenure" free="10537264" total="70582272" percent="14">
      <mem type="soa" free="7007536" total="67052544" percent="10" />
      <mem type="loa" free="3529728" total="3529728" percent="100" />
    </mem>
    <remembered-set count="4823" />
  </mem-info>
</gc-start>
<allocation-stats totalBytes="37414544" discardedBytes="120288" >
  <allocated-bytes non-tlh="2968" tlh="37411576" />
  <largest-consumer threadName="Default Executor-thread-5" threadId="000000000074E700" bytes="8790056" />
</allocation-stats>
<gc-op id="2668" type="scavenge" timems="2.963" contextid="2665" timestamp="2026-09-06T06:51:05.308">
  <scavenger-info tenureage="5" tenuremask="7fe0" tiltratio="80" />
  <memory-copied type="nursery" objects="108459" bytes="9769232" bytesdiscarded="196736" />
  <memory-copied type="tenure" objects="16394" bytes="912848" bytesdiscarded="672" />
  <finalization candidates="920" enqueued="911" />
  <ownableSynchronizers candidates="55" cleared="3" />
  <references type="soft" candidates="46" cleared="0" enqueued="0" dynamicThreshold="9" maxThreshold="32" />
  <references type="weak" candidates="220" cleared="44" enqueued="44" />
  <references type="phantom" candidates="187" cleared="0" enqueued="0" />
  <object-monitors candidates="101" cleared="0"  />
</gc-op>
<heap-resize id="2669" type="expand" space="nursery" amount="3932160" count="1" timems="0.028" reason="excessive time being spent scavenging" timestamp="2026-09-06T06:51:05.308" />
<gc-end id="2670" type="scavenge" contextid="2665" durationms="3.260" usertimems="19.558" systemtimems="1.721" stalltimems="8.231" timestamp="2026-09-06T06:51:05.308" activeThreads="10">
  <mem-info id="2671" free="49421544" total="133103616" percent="37">
    <mem type="nursery" free="39969488" total="62521344" percent="63">
      <mem type="allocate" free="39969488" total="49938432" percent="80" />
      <mem type="survivor" free="0" total="12582912" percent="0" />
    </mem>
    <mem type="tenure" free="9452056" total="70582272" percent="13">
      <mem type="soa" free="5922328" total="67052544" percent="8" />
      <mem type="loa" free="3529728" total="3529728" percent="100" />
    </mem>
    <pending-finalizers system="1" default="910" reference="44" classloader="0" />
    <remembered-set count="2437" />
  </mem-info>
</gc-end>
<cycle-end id="2672" type="scavenge" contextid="2665" timestamp="2026-09-06T06:51:05.308" />
<allocation-satisfied id="2673" threadId="000000000077C100" bytesRequested="40" />
<af-end id="2674" timestamp="2026-09-06T06:51:05.308" threadId="000000000077CBC0" success="true" from="nursery"/>
<exclusive-end id="2675" timestamp="2026-09-06T06:51:05.309" durationms="4.040" />

<exclusive-start id="2676" timestamp="2026-09-06T06:51:05.329" intervalms="24.107">
  <response-info timems="0.064" idlems="0.036" threads="2" lastid="000000000074FF00" lastname="Default Executor-thread-3" />
</exclusive-start>
<af-start id="2677" threadId="000000000077CBC0" totalBytesRequested="4592" timestamp="2026-09-06T06:51:05.329" intervalms="24.072" type="nursery" />
<cycle-start id="2678" type="scavenge" contextid="0" timestamp="2026-09-06T06:51:05.329" intervalms="24.065" />
<gc-start id="2679" type="scavenge" contextid="2678" timestamp="2026-09-06T06:51:05.329">
  <mem-info id="2680" free="9449264" total="133103616" percent="7">
    <mem type="nursery" free="0" total="62521344" percent="0">
      <mem type="allocate" free="0" total="49938432" percent="0" />
      <mem type="survivor" free="0" total="12582912" percent="0" />
    </mem>
    <mem type="tenure" free="9449264" total="70582272" percent="13">
      <mem type="soa" free="5919536" total="67052544" percent="8" />
      <mem type="loa" free="3529728" total="3529728" percent="100" />
    </mem>
    <remembered-set count="2559" />
  </mem-info>
</gc-start>
<allocation-stats totalBytes="39955304" discardedBytes="16976" >
  <allocated-bytes non-tlh="179920" tlh="39775384" />
  <largest-consumer threadName="Default Executor-thread-6" threadId="000000000077C100" bytes="8605416" />
</allocation-stats>
<gc-op id="2681" type="scavenge" timems="3.837" contextid="2678" timestamp="2026-09-06T06:51:05.333">
  <scavenger-info tenureage="3" tenuremask="7fe8" tiltratio="79" />
  <memory-copied type="nursery" objects="114613" bytes="8768400" bytesdiscarded="570288" />
  <memory-copied type="tenure" objects="31511" bytes="3195368" bytesdiscarded="3224" />
  <finalization candidates="1007" enqueued="1005" />
  <ownableSynchronizers candidates="52" cleared="0" />
  <references type="soft" candidates="16" cleared="0" enqueued="0" dynamicThreshold="9" maxThreshold="32" />
  <references type="weak" candidates="135" cleared="42" enqueued="41" />
  <references type="phantom" candidates="45" cleared="0" enqueued="0" />
  <object-monitors candidates="101" cleared="0"  />
</gc-op>
<heap-resize id="2682" type="expand" space="nursery" amount="4849664" count="1" timems="0.030" reason="excessive time being spent scavenging" timestamp="2026-09-06T06:51:05.333" />
<gc-end id="2683" type="scavenge" contextid="2678" durationms="4.117" usertimems="20.269" systemtimems="6.223" stalltimems="8.727" timestamp="2026-09-06T06:51:05.333" activeThreads="10">
  <mem-info id="2684" free="51777680" total="137953280" percent="37">
    <mem type="nursery" free="45446864" total="67371008" percent="67">
      <mem type="allocate" free="45446864" total="54788096" percent="82" />
      <mem type="survivor" free="0" total="12582912" percent="0" />
    </mem>
    <mem type="tenure" free="6330816" total="70582272" percent="8">
      <mem type="soa" free="2801088" total="67052544" percent="4" />
      <mem type="loa" free="3529728" total="3529728" percent="100" />
    </mem>
    <pending-finalizers system="1" default="1004" reference="41" classloader="0" />
    <remembered-set count="2996" />
  </mem-info>
</gc-end>
<cycle-end id="2685" type="scavenge" contextid="2678" timestamp="2026-09-06T06:51:05.333" />
<allocation-satisfied id="2686" threadId="000000000077C100" bytesRequested="4592" />
<af-end id="2687" timestamp="2026-09-06T06:51:05.333" threadId="000000000077CBC0" success="true" from="nursery"/>
<exclusive-end id="2688" timestamp="2026-09-06T06:51:05.333" durationms="4.837" />

<concurrent-kickoff id="2689" timestamp="2026-09-06T06:51:05.353">
  <kickoff reason="threshold reached" targetBytes="35422361" thresholdFreeBytes="4896180"  remainingFree="4785872" tenureFreeBytes="6330816" nurseryFreeBytes="4785872" />
</concurrent-kickoff>
<exclusive-start id="2690" timestamp="2026-09-06T06:51:05.353" intervalms="24.385">
  <response-info timems="0.041" idlems="0.026" threads="1" lastid="000000000077C100" lastname="Default Executor-thread-6" />
</exclusive-start>
<cycle-start id="2691" type="global" contextid="0" timestamp="2026-09-06T06:51:05.353" intervalms="313.006" />
<concurrent-start id="2692" type="global mark" contextid="2691" timestamp="2026-09-06T06:51:05.353">
</concurrent-start>
<exclusive-end id="2693" timestamp="2026-09-06T06:51:05.353" durationms="0.124" />

<exclusive-start id="2694" timestamp="2026-09-06T06:51:05.365" intervalms="12.448">
  <response-info timems="0.040" idlems="0.026" threads="1" lastid="000000000074FF00" lastname="Default Executor-thread-3" />
</exclusive-start>
<af-start id="2695" threadId="00000000011B5CC0" totalBytesRequested="72" timestamp="2026-09-06T06:51:05.365" intervalms="36.844" type="nursery" />
<cycle-start id="2696" type="scavenge" contextid="0" timestamp="2026-09-06T06:51:05.366" intervalms="36.836" />
<gc-start id="2697" type="scavenge" contextid="2696" timestamp="2026-09-06T06:51:05.366">
  <mem-info id="2698" free="6330816" total="137953280" percent="4">
    <mem type="nursery" free="0" total="67371008" percent="0">
      <mem type="allocate" free="0" total="54788096" percent="0" />
      <mem type="survivor" free="0" total="12582912" percent="0" />
    </mem>
    <mem type="tenure" free="6330816" total="70582272" percent="8">
      <mem type="soa" free="2801088" total="67052544" percent="4" />
      <mem type="loa" free="3529728" total="3529728" percent="100" />
    </mem>
    <remembered-set count="3163" />
  </mem-info>
</gc-start>
<allocation-stats totalBytes="45357720" discardedBytes="89144" >
  <allocated-bytes non-tlh="4592" tlh="45353128" />
  <largest-consumer threadName="Default Executor-thread-3" threadId="000000000074FF00" bytes="10797416" />
</allocation-stats>
<gc-op id="2699" type="scavenge" timems="2.667" contextid="2696" timestamp="2026-09-06T06:51:05.369">
  <scavenger-info tenureage="5" tenuremask="7fe0" tiltratio="81" />
  <memory-copied type="nursery" objects="115386" bytes="9581608" bytesdiscarded="364016" />
  <memory-copied type="tenure" objects="12729" bytes="841560" bytesdiscarded="616" />
  <finalization candidates="1297" enqueued="1292" />
  <ownableSynchronizers candidates="49" cleared="0" />
  <references type="soft" candidates="6" cleared="0" enqueued="0" dynamicThreshold="9" maxThreshold="32" />
  <references type="weak" candidates="47" cleared="9" enqueued="9" />
  <references type="phantom" candidates="45" cleared="0" enqueued="0" />
  <object-monitors candidates="101" cleared="0"  />
</gc-op>
<heap-resize id="2700" type="expand" space="nursery" amount="2359296" count="1" timems="0.033" reason="excessive time being spent scavenging" timestamp="2026-09-06T06:51:05.369" />
<gc-end id="2701" type="scavenge" contextid="2696" durationms="2.918" usertimems="21.145" systemtimems="0.000" stalltimems="5.680" timestamp="2026-09-06T06:51:05.369" activeThreads="10">
  <mem-info id="2702" free="52695880" total="140312576" percent="37">
    <mem type="nursery" free="47460800" total="69730304" percent="68">
      <mem type="allocate" free="47460800" total="57409536" percent="82" />
      <mem type="survivor" free="0" total="12320768" percent="0" />
    </mem>
    <mem type="tenure" free="5235080" total="70582272" percent="7">
      <mem type="soa" free="1705352" total="67052544" percent="2" />
      <mem type="loa" free="3529728" total="3529728" percent="100" />
    </mem>
    <pending-finalizers system="0" default="1292" reference="9" classloader="0" />
    <remembered-set count="899" />
  </mem-info>
</gc-end>
<cycle-end id="2703" type="scavenge" contextid="2696" timestamp="2026-09-06T06:51:05.369" />
<allocation-satisfied id="2704" threadId="00000000011B5200" bytesRequested="72" />
<af-end id="2705" timestamp="2026-09-06T06:51:05.369" threadId="00000000011B5CC0" success="true" from="nursery"/>
<exclusive-end id="2706" timestamp="2026-09-06T06:51:05.369" durationms="3.544" />

<concurrent-end id="2707" type="global mark" contextid="2691" timestamp="2026-09-06T06:51:05.369">
<gc-op id="2708" type="trace" timems="16.279" contextid="2691" timestamp="2026-09-06T06:51:05.369">
  <trace bytesTraced="34591096" workStackOverflowCount="0" />
  <card-cleaning reason="card cleaning threshold reached" bytesTraced="22436" cardsCleaned="54" />
</gc-op>
</concurrent-end>

<exclusive-start id="2709" timestamp="2026-09-06T06:51:05.376" intervalms="10.236">
  <response-info timems="0.046" idlems="0.029" threads="4" lastid="000000000074FF00" lastname="Default Executor-thread-3" />
</exclusive-start>
<concurrent-global-final id="2710" timestamp="2026-09-06T06:51:05.376" contextid="2691" intervalms="319.241" >
  <concurrent-trace-info reason="card cleaning threshold reached" tracedByMutators="30018316" tracedByHelpers="4595216" cardsCleaned="54" workStackOverflowCount="0" />
</concurrent-global-final>
<gc-start id="2711" type="global" contextid="2691" timestamp="2026-09-06T06:51:05.376">
  <mem-info id="2712" free="39867136" total="140312576" percent="28">
    <mem type="nursery" free="34632056" total="69730304" percent="49">
      <mem type="allocate" free="34632056" total="57409536" percent="60" />
      <mem type="survivor" free="0" total="12320768" percent="0" />
    </mem>
    <mem type="tenure" free="5235080" total="70582272" percent="7">
      <mem type="soa" free="1705352" total="67052544" percent="2" />
      <mem type="loa" free="3529728" total="3529728" percent="100" />
    </mem>
    <remembered-set count="920" />
  </mem-info>
</gc-start>
<allocation-stats totalBytes="12814752" discardedBytes="13992" >
  <allocated-bytes non-tlh="72" tlh="12814680" />
  <largest-consumer threadName="Default Executor-thread-3" threadId="000000000074FF00" bytes="3581280" />
</allocation-stats>
<heap-resize id="2713" type="loa contract" space="tenure" amount="705536" count="1" timems="0.000" reason="contract underutilized loa" timestamp="2026-09-06T06:51:05.376" />
<gc-op id="2714" type="rs-scan" timems="1.408" contextid="2691" timestamp="2026-09-06T06:51:05.377">
  <scan objectsFound="109538" bytesTraced="5085012" workStackOverflowCount="0" />
</gc-op>
<gc-op id="2715" type="card-cleaning" timems="0.918" contextid="2691" timestamp="2026-09-06T06:51:05.378">
  <card-cleaning cardsCleaned="470" bytesTraced="3002288" workStackOverflowCount="0" />
</gc-op>
<gc-op id="2716" type="mark" timems="4.346" contextid="2691" timestamp="2026-09-06T06:51:05.383">
  <trace-info objectcount="22264" scancount="19257" scanbytes="1149892" />
  <finalization candidates="2075" enqueued="335" />
  <ownableSynchronizers candidates="8785" cleared="3" />
  <references type="soft" candidates="13321" cleared="2" enqueued="2" dynamicThreshold="9" maxThreshold="32" />
  <references type="weak" candidates="17526" cleared="6" enqueued="5" />
  <references type="phantom" candidates="537" cleared="0" enqueued="0" />
  <stringconstants candidates="41802" cleared="18"  />
  <object-monitors candidates="101" cleared="0"  />
</gc-op>
<gc-op id="2717" type="classunload" timems="0.020" contextid="2691" timestamp="2026-09-06T06:51:05.383">
  <classunload-info classloadercandidates="391" classloadersunloaded="0" classesunloaded="0" anonymousclassesunloaded="0" quiescems="0.000" setupms="0.020" scanms="0.000" postms="0.000" />
</gc-op>
<gc-op id="2718" type="sweep" timems="0.625" contextid="2691" timestamp="2026-09-06T06:51:05.383" />
<heap-resize id="2719" type="expand" space="tenure" amount="17367040" count="1" timems="0.221" reason="insufficient free space following gc" timestamp="2026-09-06T06:51:05.384" />
<heap-resize id="2720" type="loa contract" space="tenure" amount="2638848" count="1" timems="0.000" reason="contract to meet minimum soa" timestamp="2026-09-06T06:51:05.384" />
<gc-end id="2721" type="global" contextid="2691" durationms="8.180" usertimems="42.957" systemtimems="0.641" stalltimems="23.002" timestamp="2026-09-06T06:51:05.384" activeThreads="10">
  <mem-info id="2722" free="76833544" total="157679616" percent="48">
    <mem type="nursery" free="50402384" total="69730304" percent="72">
      <mem type="allocate" free="50402384" total="57409536" percent="87" />
      <mem type="survivor" free="0" total="12320768" percent="0" />
    </mem>
    <mem type="tenure" free="26431160" total="87949312" percent="30" micro-fragmented="1919818" macro-fragmented="0">
      <mem type="soa" free="25551544" total="87069696" percent="29" />
      <mem type="loa" free="879616" total="879616" percent="100" />
    </mem>
    <pending-finalizers system="0" default="335" reference="7" classloader="0" />
    <remembered-set count="899" />
  </mem-info>
</gc-end>
<cycle-end id="2723" type="global" contextid="2691" timestamp="2026-09-06T06:51:05.384" />
<exclusive-end id="2724" timestamp="2026-09-06T06:51:05.384" durationms="8.565" />

<exclusive-start id="2725" timestamp="2026-09-06T06:51:05.407" intervalms="31.492">
  <response-info timems="0.068" idlems="0.049" threads="1" lastid="000000000077C100" lastname="Default Executor-thread-6" />
</exclusive-start>
<af-start id="2726" threadId="000000000074E5C0" totalBytesRequested="80" timestamp="2026-09-06T06:51:05.407" intervalms="41.726" type="nursery" />
<cycle-start id="2727" type="scavenge" contextid="0" timestamp="2026-09-06T06:51:05.407" intervalms="41.732" />
<gc-start id="2728" type="scavenge" contextid="2727" timestamp="2026-09-06T06:51:05.408">
  <mem-info id="2729" free="26431160" total="157679616" percent="16">
    <mem type="nursery" free="0" total="69730304" percent="0">
      <mem type="allocate" free="0" total="57409536" percent="0" />
      <mem type="survivor" free="0" total="12320768" percent="0" />
    </mem>
    <mem type="tenure" free="26431160" total="87949312" percent="30">
      <mem type="soa" free="25551544" total="87069696" percent="29" />
      <mem type="loa" free="879616" total="879616" percent="100" />
    </mem>
    <remembered-set count="961" />
  </mem-info>
</gc-start>
<allocation-stats totalBytes="50182160" discardedBytes="196192" >
  <allocated-bytes non-tlh="2867720" tlh="47314440" />
  <largest-consumer threadName="Default Executor-thread-6" threadId="000000000077C100" bytes="12899208" />
</allocation-stats>
<gc-op id="2730" type="scavenge" timems="3.406" contextid="2727" timestamp="2026-09-06T06:51:05.411">
  <scavenger-info tenureage="4" tenuremask="7ff0" tiltratio="82" />
  <memory-copied type="nursery" objects="95173" bytes="9574904" bytesdiscarded="418352" />
  <memory-copied type="tenure" objects="40079" bytes="1925752" bytesdiscarded="5304" />
  <finalization candidates="1485" enqueued="1480" />
  <ownableSynchronizers candidates="17559" cleared="17548" />
  <references type="soft" candidates="2" cleared="0" enqueued="0" dynamicThreshold="9" maxThreshold="32" />
  <references type="weak" candidates="26" cleared="4" enqueued="4" />
  <references type="phantom" candidates="34" cleared="0" enqueued="0" />
  <object-monitors candidates="101" cleared="0"  />
</gc-op>
<heap-resize id="2731" type="expand" space="nursery" amount="2752512" count="1" timems="0.031" reason="excessive time being spent scavenging" timestamp="2026-09-06T06:51:05.411" />
<gc-end id="2732" type="scavenge" contextid="2727" durationms="3.713" usertimems="23.033" systemtimems="0.834" stalltimems="8.200" timestamp="2026-09-06T06:51:05.411" activeThreads="10">
  <mem-info id="2733" free="75248504" total="160432128" percent="46">
    <mem type="nursery" free="50886536" total="72482816" percent="70">
      <mem type="allocate" free="50886536" total="60882944" percent="83" />
      <mem type="survivor" free="0" total="11599872" percent="0" />
    </mem>
    <mem type="tenure" free="24361968" total="87949312" percent="27">
      <mem type="soa" free="23482352" total="87069696" percent="26" />
      <mem type="loa" free="879616" total="879616" percent="100" />
    </mem>
    <pending-finalizers system="0" default="1480" reference="4" classloader="0" />
    <remembered-set count="1178" />
  </mem-info>
</gc-end>
<cycle-end id="2734" type="scavenge" contextid="2727" timestamp="2026-09-06T06:51:05.412" />
<allocation-satisfied id="2735" threadId="000000000074DB00" bytesRequested="80" />
<af-end id="2736" timestamp="2026-09-06T06:51:05.412" threadId="000000000074E5C0" success="true" from="nursery"/>
<exclusive-end id="2737" timestamp="2026-09-06T06:51:05.412" durationms="4.686" />

<exclusive-start id="2738" timestamp="2026-09-06T06:51:05.438" intervalms="31.090">
  <response-info timems="0.023" idlems="0.016" threads="1" lastid="000000000074E700" lastname="Default Executor-thread-5" />
</exclusive-start>
<af-start id="2739" threadId="000000000077CBC0" totalBytesRequested="15912" timestamp="2026-09-06T06:51:05.438" intervalms="31.098" type="nursery" />
<cycle-start id="2740" type="scavenge" contextid="0" timestamp="2026-09-06T06:51:05.438" intervalms="31.108" />
<gc-start id="2741" type="scavenge" contextid="2740" timestamp="2026-09-06T06:51:05.439">
  <mem-info id="2742" free="24361824" total="160432128" percent="15">
    <mem type="nursery" free="0" total="72482816" percent="0">
      <mem type="allocate" free="0" total="60882944" percent="0" />
      <mem type="survivor" free="0" total="11599872" percent="0" />
    </mem>
    <mem type="tenure" free="24361824" total="87949312" percent="27">
      <mem type="soa" free="23482208" total="87069696" percent="26" />
      <mem type="loa" free="879616" total="879616" percent="100" />
    </mem>
    <remembered-set count="1384" />
  </mem-info>
</gc-start>
<allocation-stats totalBytes="50874112" discardedBytes="12568" >
  <allocated-bytes non-tlh="224" tlh="50873888" />
  <largest-consumer threadName="Default Executor-thread-4" threadId="000000000074DB00" bytes="12623352" />
</allocation-stats>
<gc-op id="2743" type="scavenge" timems="2.681" contextid="2740" timestamp="2026-09-06T06:51:05.441">
  <scavenger-info tenureage="5" tenuremask="7fe0" tiltratio="83" />
  <memory-copied type="nursery" objects="119140" bytes="10994504" bytesdiscarded="244128" />
  <finalization candidates="1496" enqueued="1479" />
  <ownableSynchronizers candidates="5" cleared="0" />
  <references type="soft" candidates="2" cleared="0" enqueued="0" dynamicThreshold="9" maxThreshold="32" />
  <references type="weak" candidates="47" cleared="16" enqueued="16" />
  <references type="phantom" candidates="42" cleared="0" enqueued="0" />
  <object-monitors candidates="101" cleared="0"  />
</gc-op>
<heap-resize id="2744" type="expand" space="nursery" amount="3276800" count="1" timems="0.022" reason="excessive time being spent scavenging" timestamp="2026-09-06T06:51:05.442" />
<gc-end id="2745" type="scavenge" contextid="2740" durationms="2.961" usertimems="17.493" systemtimems="1.604" stalltimems="8.639" timestamp="2026-09-06T06:51:05.442" activeThreads="10">
  <mem-info id="2746" free="74722672" total="163708928" percent="45">
    <mem type="nursery" free="50360848" total="75759616" percent="66">
      <mem type="allocate" free="50360848" total="61603840" percent="81" />
      <mem type="survivor" free="0" total="14155776" percent="0" />
    </mem>
    <mem type="tenure" free="24361824" total="87949312" percent="27">
      <mem type="soa" free="23482208" total="87069696" percent="26" />
      <mem type="loa" free="879616" total="879616" percent="100" />
    </mem>
    <pending-finalizers system="0" default="1479" reference="16" classloader="0" />
    <remembered-set count="1317" />
  </mem-info>
</gc-end>
<cycle-end id="2747" type="scavenge" contextid="2740" timestamp="2026-09-06T06:51:05.442" />
<allocation-satisfied id="2748" threadId="000000000077C100" bytesRequested="15912" />
<af-end id="2749" timestamp="2026-09-06T06:51:05.442" threadId="000000000077CBC0" success="true" from="nursery"/>
<exclusive-end id="2750" timestamp="2026-09-06T06:51:05.442" durationms="3.686" />

<exclusive-start id="2751" timestamp="2026-09-06T06:51:05.472" intervalms="33.627">
  <response-info timems="0.054" idlems="0.054" threads="0" lastid="00000000011B5200" lastname="ClassloaderMapProcessingThread-9" />
</exclusive-start>
<af-start id="2752" threadId="00000000011B5CC0" totalBytesRequested="24" timestamp="2026-09-06T06:51:05.472" intervalms="33.619" type="nursery" />
<cycle-start id="2753" type="scavenge" contextid="0" timestamp="2026-09-06T06:51:05.472" intervalms="33.602" />
<gc-start id="2754" type="scavenge" contextid="2753" timestamp="2026-09-06T06:51:05.472">
  <mem-info id="2755" free="24361824" total="163708928" percent="14">
    <mem type="nursery" free="0" total="75759616" percent="0">
      <mem type="allocate" free="0" total="61603840" percent="0" />
      <mem type="survivor" free="0" total="14155776" percent="0" />
    </mem>
    <mem type="tenure" free="24361824" total="87949312" percent="27">
      <mem type="soa" free="23482208" total="87069696" percent="26" />
      <mem type="loa" free="879616" total="879616" percent="100" />
    </mem>
    <remembered-set count="1683" />
  </mem-info>
</gc-start>
<allocation-stats totalBytes="50299440" discardedBytes="61408" >
  <allocated-bytes non-tlh="15912" tlh="50283528" />
  <largest-consumer threadName="Default Executor-thread-5" threadId="000000000074E700" bytes="13056624" />
</allocation-stats>
<gc-op id="2756" type="scavenge" timems="2.761" contextid="2753" timestamp="2026-09-06T06:51:05.475">
  <scavenger-info tenureage="5" tenuremask="7fe0" tiltratio="81" />
  <memory-copied type="nursery" objects="118639" bytes="8996928" bytesdiscarded="375608" />
  <memory-copied type="tenure" objects="12275" bytes="898976" bytesdiscarded="4080" />
  <finalization candidates="907" enqueued="876" />
  <ownableSynchronizers candidates="7" cleared="0" />
  <references type="soft" candidates="1" cleared="0" enqueued="0" dynamicThreshold="9" maxThreshold="32" />
  <references type="weak" candidates="77" cleared="57" enqueued="57" />
  <references type="phantom" candidates="37" cleared="0" enqueued="0" />
  <object-monitors candidates="101" cleared="0"  />
</gc-op>
<heap-resize id="2757" type="expand" space="nursery" amount="3014656" count="1" timems="0.022" reason="excessive time being spent scavenging" timestamp="2026-09-06T06:51:05.475" />
<gc-end id="2758" type="scavenge" contextid="2753" durationms="3.033" usertimems="18.956" systemtimems="0.502" stalltimems="6.763" timestamp="2026-09-06T06:51:05.475" activeThreads="10">
  <mem-info id="2759" free="78728808" total="166723584" percent="47">
    <mem type="nursery" free="55493112" total="78774272" percent="70">
      <mem type="allocate" free="55493112" total="64880640" percent="85" />
      <mem type="survivor" free="0" total="13893632" percent="0" />
    </mem>
    <mem type="tenure" free="23235696" total="87949312" percent="26">
      <mem type="soa" free="22356080" total="87069696" percent="25" />
      <mem type="loa" free="879616" total="879616" percent="100" />
    </mem>
    <pending-finalizers system="0" default="876" reference="57" classloader="0" />
    <remembered-set count="2326" />
  </mem-info>
</gc-end>
<cycle-end id="2760" type="scavenge" contextid="2753" timestamp="2026-09-06T06:51:05.475" />
<allocation-satisfied id="2761" threadId="00000000011B5200" bytesRequested="24" />
<af-end id="2762" timestamp="2026-09-06T06:51:05.476" threadId="00000000011B5CC0" success="true" from="nursery"/>
<exclusive-end id="2763" timestamp="2026-09-06T06:51:05.476" durationms="3.722" />

<exclusive-start id="2764" timestamp="2026-09-06T06:51:05.504" intervalms="32.002">
  <response-info timems="0.042" idlems="0.042" threads="0" lastid="000000000074FF00" lastname="Default Executor-thread-3" />
</exclusive-start>
<af-start id="2765" threadId="00000000007509C0" totalBytesRequested="2552" timestamp="2026-09-06T06:51:05.504" intervalms="32.015" type="nursery" />
<cycle-start id="2766" type="scavenge" contextid="0" timestamp="2026-09-06T06:51:05.504" intervalms="32.023" />
<gc-start id="2767" type="scavenge" contextid="2766" timestamp="2026-09-06T06:51:05.504">
  <mem-info id="2768" free="23232568" total="166723584" percent="13">
    <mem type="nursery" free="0" total="78774272" percent="0">
      <mem type="allocate" free="0" total="64880640" percent="0" />
      <mem type="survivor" free="0" total="13893632" percent="0" />
    </mem>
    <mem type="tenure" free="23232568" total="87949312" percent="26">
      <mem type="soa" free="22352952" total="87069696" percent="25" />
      <mem type="loa" free="879616" total="879616" percent="100" />
    </mem>
    <remembered-set count="2772" />
  </mem-info>
</gc-start>
<allocation-stats totalBytes="55452552" discardedBytes="43688" >
  <allocated-bytes non-tlh="3152" tlh="55449400" />
  <largest-consumer threadName="Default Executor-thread-5" threadId="000000000074E700" bytes="14521112" />
</allocation-stats>
<gc-op id="2769" type="scavenge" timems="2.929" contextid="2766" timestamp="2026-09-06T06:51:05.507">
  <scavenger-info tenureage="5" tenuremask="7fe0" tiltratio="82" />
  <memory-copied type="nursery" objects="91161" bytes="8670528" bytesdiscarded="295160" />
  <memory-copied type="tenure" objects="34458" bytes="1312584" bytesdiscarded="1256" />
  <finalization candidates="1136" enqueued="1104" />
  <ownableSynchronizers candidates="24" cleared="5" />
  <references type="soft" candidates="18" cleared="0" enqueued="0" dynamicThreshold="9" maxThreshold="32" />
  <references type="weak" candidates="76" cleared="54" enqueued="54" />
  <references type="phantom" candidates="178" cleared="144" enqueued="144" />
  <object-monitors candidates="107" cleared="6"  />
</gc-op>
<heap-resize id="2770" type="expand" space="nursery" amount="3538944" count="1" timems="0.020" reason="excessive time being spent scavenging" timestamp="2026-09-06T06:51:05.507" />
<gc-end id="2771" type="scavenge" contextid="2766" durationms="3.178" usertimems="20.660" systemtimems="0.000" stalltimems="9.485" timestamp="2026-09-06T06:51:05.507" activeThreads="10">
  <mem-info id="2772" free="81857800" total="170262528" percent="48">
    <mem type="nursery" free="59968016" total="82313216" percent="72">
      <mem type="allocate" free="59968016" total="68943872" percent="86" />
      <mem type="survivor" free="0" total="13369344" percent="0" />
    </mem>
    <mem type="tenure" free="21889784" total="87949312" percent="24">
      <mem type="soa" free="21010168" total="87069696" percent="24" />
      <mem type="loa" free="879616" total="879616" percent="100" />
    </mem>
    <pending-finalizers system="6" default="1098" reference="198" classloader="0" />
    <remembered-set count="2957" />
  </mem-info>
</gc-end>
<cycle-end id="2773" type="scavenge" contextid="2766" timestamp="2026-09-06T06:51:05.508" />
<allocation-satisfied id="2774" threadId="000000000074FF00" bytesRequested="2552" />
<af-end id="2775" timestamp="2026-09-06T06:51:05.508" threadId="00000000007509C0" success="true" from="nursery"/>
<exclusive-end id="2776" timestamp="2026-09-06T06:51:05.508" durationms="3.886" />

<exclusive-start id="2777" timestamp="2026-09-06T06:51:05.536" intervalms="32.638">
  <response-info timems="0.023" idlems="0.023" threads="0" lastid="000000000074E700" lastname="Default Executor-thread-5" />
</exclusive-start>
<af-start id="2778" threadId="000000000074F1C0" totalBytesRequested="128" timestamp="2026-09-06T06:51:05.537" intervalms="32.645" type="nursery" />
<cycle-start id="2779" type="scavenge" contextid="0" timestamp="2026-09-06T06:51:05.537" intervalms="32.653" />
<gc-start id="2780" type="scavenge" contextid="2779" timestamp="2026-09-06T06:51:05.537">
  <mem-info id="2781" free="21883288" total="170262528" percent="12">
    <mem type="nursery" free="0" total="82313216" percent="0">
      <mem type="allocate" free="0" total="68943872" percent="0" />
      <mem type="survivor" free="0" total="13369344" percent="0" />
    </mem>
    <mem type="tenure" free="21883288" total="87949312" percent="24">
      <mem type="soa" free="21003672" total="87069696" percent="24" />
      <mem type="loa" free="879616" total="879616" percent="100" />
    </mem>
    <remembered-set count="3583" />
  </mem-info>
</gc-start>
<allocation-stats totalBytes="59957064" discardedBytes="17448" >
  <allocated-bytes non-tlh="9048" tlh="59948016" />
  <largest-consumer threadName="Default Executor-thread-3" threadId="000000000074FF00" bytes="16755688" />
</allocation-stats>
<gc-op id="2782" type="scavenge" timems="2.750" contextid="2779" timestamp="2026-09-06T06:51:05.540">
  <scavenger-info tenureage="5" tenuremask="7fe0" tiltratio="83" />
  <memory-copied type="nursery" objects="92420" bytes="8856936" bytesdiscarded="229048" />
  <memory-copied type="tenure" objects="12366" bytes="899616" bytesdiscarded="216" />
  <finalization candidates="1162" enqueued="1128" />
  <ownableSynchronizers candidates="44" cleared="9" />
  <references type="soft" candidates="48" cleared="0" enqueued="0" dynamicThreshold="9" maxThreshold="32" />
  <references type="weak" candidates="169" cleared="125" enqueued="125" />
  <references type="phantom" candidates="110" cleared="64" enqueued="64" />
  <object-monitors candidates="103" cleared="2"  />
</gc-op>
<heap-resize id="2783" type="expand" space="nursery" amount="3407872" count="1" timems="0.021" reason="excessive time being spent scavenging" timestamp="2026-09-06T06:51:05.540" />
<gc-end id="2784" type="scavenge" contextid="2779" durationms="3.009" usertimems="18.918" systemtimems="1.916" stalltimems="6.266" timestamp="2026-09-06T06:51:05.540" activeThreads="10">
  <mem-info id="2785" free="84422016" total="173670400" percent="48">
    <mem type="nursery" free="63846848" total="85721088" percent="74">
      <mem type="allocate" free="63846848" total="72941568" percent="87" />
      <mem type="survivor" free="0" total="12779520" percent="0" />
    </mem>
    <mem type="tenure" free="20575168" total="87949312" percent="23">
      <mem type="soa" free="19695552" total="87069696" percent="22" />
      <mem type="loa" free="879616" total="879616" percent="100" />
    </mem>
    <pending-finalizers system="2" default="1126" reference="189" classloader="0" />
    <remembered-set count="4009" />
  </mem-info>
</gc-end>
<cycle-end id="2786" type="scavenge" contextid="2779" timestamp="2026-09-06T06:51:05.540" />
<allocation-satisfied id="2787" threadId="000000000074E700" bytesRequested="128" />
<af-end id="2788" timestamp="2026-09-06T06:51:05.540" threadId="000000000074F1C0" success="true" from="nursery"/>
<exclusive-end id="2789" timestamp="2026-09-06T06:51:05.540" durationms="3.705" />

<exclusive-start id="2790" timestamp="2026-09-06T06:51:05.585" intervalms="48.819">
  <response-info timems="0.045" idlems="0.032" threads="1" lastid="000000000074FF00" lastname="Default Executor-thread-3" />
</exclusive-start>
<af-start id="2791" threadId="000000000074F1C0" totalBytesRequested="13736" timestamp="2026-09-06T06:51:05.585" intervalms="48.805" type="nursery" />
<cycle-start id="2792" type="scavenge" contextid="0" timestamp="2026-09-06T06:51:05.585" intervalms="48.794" />
<gc-start id="2793" type="scavenge" contextid="2792" timestamp="2026-09-06T06:51:05.586">
  <mem-info id="2794" free="20547520" total="173670400" percent="11">
    <mem type="nursery" free="0" total="85721088" percent="0">
      <mem type="allocate" free="0" total="72941568" percent="0" />
      <mem type="survivor" free="0" total="12779520" percent="0" />
    </mem>
    <mem type="tenure" free="20547520" total="87949312" percent="23">
      <mem type="soa" free="19667904" total="87069696" percent="22" />
      <mem type="loa" free="879616" total="879616" percent="100" />
    </mem>
    <remembered-set count="4864" />
  </mem-info>
</gc-start>
<allocation-stats totalBytes="63847464" discardedBytes="27032" >
  <allocated-bytes non-tlh="27776" tlh="63819688" />
  <largest-consumer threadName="Default Executor-thread-6" threadId="000000000077C100" bytes="24777720" />
</allocation-stats>
<gc-op id="2795" type="scavenge" timems="2.982" contextid="2792" timestamp="2026-09-06T06:51:05.589">
  <scavenger-info tenureage="4" tenuremask="7ff0" tiltratio="85" />
  <memory-copied type="nursery" objects="66327" bytes="7171568" bytesdiscarded="436360" />
  <memory-copied type="tenure" objects="40964" bytes="3209792" bytesdiscarded="2080" />
  <finalization candidates="1229" enqueued="1198" />
  <ownableSynchronizers candidates="58" cleared="23" />
  <references type="soft" candidates="66" cleared="0" enqueued="0" dynamicThreshold="9" maxThreshold="32" />
  <references type="weak" candidates="305" cleared="231" enqueued="231" />
  <references type="phantom" candidates="79" cleared="28" enqueued="28" />
  <object-monitors candidates="144" cleared="41"  />
</gc-op>
<gc-end id="2796" type="scavenge" contextid="2792" durationms="3.180" usertimems="19.035" systemtimems="1.925" stalltimems="8.904" timestamp="2026-09-06T06:51:05.589" activeThreads="10">
  <mem-info id="2797" free="83626680" total="173670400" percent="48">
    <mem type="nursery" free="66245104" total="85721088" percent="77">
      <mem type="allocate" free="66245104" total="73859072" percent="89" />
      <mem type="survivor" free="0" total="11862016" percent="0" />
    </mem>
    <mem type="tenure" free="17381576" total="87949312" percent="19">
      <mem type="soa" free="16501960" total="87069696" percent="18" />
      <mem type="loa" free="879616" total="879616" percent="100" />
    </mem>
    <pending-finalizers system="62" default="1136" reference="259" classloader="0" />
    <remembered-set count="3495" />
  </mem-info>
</gc-end>
<cycle-end id="2798" type="scavenge" contextid="2792" timestamp="2026-09-06T06:51:05.589" />
<allocation-satisfied id="2799" threadId="000000000074E700" bytesRequested="13736" />
<af-end id="2800" timestamp="2026-09-06T06:51:05.589" threadId="000000000074F1C0" success="true" from="nursery"/>
<exclusive-end id="2801" timestamp="2026-09-06T06:51:05.589" durationms="3.884" />

<exclusive-start id="2802" timestamp="2026-09-06T06:51:05.644" intervalms="59.024">
  <response-info timems="0.020" idlems="0.020" threads="0" lastid="000000000074E700" lastname="Default Executor-thread-5" />
</exclusive-start>
<af-start id="2803" threadId="000000000074F1C0" totalBytesRequested="24" timestamp="2026-09-06T06:51:05.644" intervalms="59.030" type="nursery" />
<cycle-start id="2804" type="scavenge" contextid="0" timestamp="2026-09-06T06:51:05.645" intervalms="59.036" />
<gc-start id="2805" type="scavenge" contextid="2804" timestamp="2026-09-06T06:51:05.645">
  <mem-info id="2806" free="17292344" total="173670400" percent="9">
    <mem type="nursery" free="0" total="85721088" percent="0">
      <mem type="allocate" free="0" total="73859072" percent="0" />
      <mem type="survivor" free="0" total="11862016" percent="0" />
    </mem>
    <mem type="tenure" free="17292344" total="87949312" percent="19">
      <mem type="soa" free="16412728" total="87069696" percent="18" />
      <mem type="loa" free="879616" total="879616" percent="100" />
    </mem>
    <remembered-set count="5120" />
  </mem-info>
</gc-start>
<allocation-stats totalBytes="66226920" discardedBytes="107416" >
  <allocated-bytes non-tlh="102968" tlh="66123952" />
  <largest-consumer threadName="Default Executor-thread-5" threadId="000000000074E700" bytes="34492056" />
</allocation-stats>
<gc-op id="2807" type="scavenge" timems="2.605" contextid="2804" timestamp="2026-09-06T06:51:05.647">
  <scavenger-info tenureage="6" tenuremask="7fc0" tiltratio="86" />
  <memory-copied type="nursery" objects="89766" bytes="10337712" bytesdiscarded="463768" />
  <finalization candidates="1889" enqueued="1872" />
  <ownableSynchronizers candidates="55" cleared="13" />
  <references type="soft" candidates="100" cleared="0" enqueued="0" dynamicThreshold="9" maxThreshold="32" />
  <references type="weak" candidates="657" cleared="512" enqueued="512" />
  <references type="phantom" candidates="88" cleared="28" enqueued="28" />
  <object-monitors candidates="257" cleared="148"  />
</gc-op>
<gc-end id="2808" type="scavenge" contextid="2804" durationms="2.818" usertimems="17.544" systemtimems="1.284" stalltimems="7.774" timestamp="2026-09-06T06:51:05.648" activeThreads="10">
  <mem-info id="2809" free="77525736" total="173670400" percent="44">
    <mem type="nursery" free="60233392" total="85721088" percent="70">
      <mem type="allocate" free="60233392" total="71041024" percent="84" />
      <mem type="survivor" free="0" total="14680064" percent="0" />
    </mem>
    <mem type="tenure" free="17292344" total="87949312" percent="19">
      <mem type="soa" free="16412728" total="87069696" percent="18" />
      <mem type="loa" free="879616" total="879616" percent="100" />
    </mem>
    <pending-finalizers system="144" default="1728" reference="540" classloader="0" />
    <remembered-set count="4525" />
  </mem-info>
</gc-end>
<cycle-end id="2810" type="scavenge" contextid="2804" timestamp="2026-09-06T06:51:05.648" />
<allocation-satisfied id="2811" threadId="000000000074E700" bytesRequested="24" />
<af-end id="2812" timestamp="2026-09-06T06:51:05.648" threadId="000000000074F1C0" success="true" from="nursery"/>
<exclusive-end id="2813" timestamp="2026-09-06T06:51:05.648" durationms="3.535" />

<exclusive-start id="2814" timestamp="2026-09-06T06:51:05.721" intervalms="76.823">
  <response-info timems="0.062" idlems="0.036" threads="2" lastid="000000000074E700" lastname="Default Executor-thread-5" />
</exclusive-start>
<af-start id="2815" threadId="00000000007509C0" totalBytesRequested="736" timestamp="2026-09-06T06:51:05.721" intervalms="76.830" type="nursery" />
<cycle-start id="2816" type="scavenge" contextid="0" timestamp="2026-09-06T06:51:05.721" intervalms="76.817" />
<gc-start id="2817" type="scavenge" contextid="2816" timestamp="2026-09-06T06:51:05.722">
  <mem-info id="2818" free="17239528" total="173670400" percent="9">
    <mem type="nursery" free="0" total="85721088" percent="0">
      <mem type="allocate" free="0" total="71041024" percent="0" />
      <mem type="survivor" free="0" total="14680064" percent="0" />
    </mem>
    <mem type="tenure" free="17239528" total="87949312" percent="19">
      <mem type="soa" free="16359912" total="87069696" percent="18" />
      <mem type="loa" free="879616" total="879616" percent="100" />
    </mem>
    <remembered-set count="5833" />
  </mem-info>
</gc-start>
<allocation-stats totalBytes="60274712" discardedBytes="11496" >
  <allocated-bytes non-tlh="52840" tlh="60221872" />
  <largest-consumer threadName="Default Executor-thread-5" threadId="000000000074E700" bytes="38447976" />
</allocation-stats>
<gc-op id="2819" type="scavenge" timems="3.157" contextid="2816" timestamp="2026-09-06T06:51:05.725">
  <scavenger-info tenureage="6" tenuremask="7fc0" tiltratio="82" />
  <memory-copied type="nursery" objects="135967" bytes="12551392" bytesdiscarded="549888" />
  <finalization candidates="1629" enqueued="1611" />
  <ownableSynchronizers candidates="53" cleared="10" />
  <references type="soft" candidates="220" cleared="0" enqueued="0" dynamicThreshold="9" maxThreshold="32" />
  <references type="weak" candidates="726" cleared="455" enqueued="455" />
  <references type="phantom" candidates="81" cleared="0" enqueued="0" />
  <object-monitors candidates="175" cleared="61"  />
</gc-op>
<gc-end id="2820" type="scavenge" contextid="2816" durationms="3.368" usertimems="21.801" systemtimems="2.391" stalltimems="7.945" timestamp="2026-09-06T06:51:05.725" activeThreads="10">
  <mem-info id="2821" free="73400688" total="173670400" percent="42">
    <mem type="nursery" free="56161160" total="85721088" percent="65">
      <mem type="allocate" free="56161160" total="69271552" percent="81" />
      <mem type="survivor" free="0" total="16449536" percent="0" />
    </mem>
    <mem type="tenure" free="17239528" total="87949312" percent="19">
      <mem type="soa" free="16359912" total="87069696" percent="18" />
      <mem type="loa" free="879616" total="879616" percent="100" />
    </mem>
    <pending-finalizers system="52" default="1559" reference="455" classloader="0" />
    <remembered-set count="5161" />
  </mem-info>
</gc-end>
<cycle-end id="2822" type="scavenge" contextid="2816" timestamp="2026-09-06T06:51:05.725" />
<allocation-satisfied id="2823" threadId="000000000074FF00" bytesRequested="736" />
<af-end id="2824" timestamp="2026-09-06T06:51:05.725" threadId="00000000007509C0" success="true" from="nursery"/>
<exclusive-end id="2825" timestamp="2026-09-06T06:51:05.725" durationms="4.136" />

<exclusive-start id="2826" timestamp="2026-09-06T06:51:05.805" intervalms="84.193">
  <response-info timems="0.263" idlems="0.115" threads="4" lastid="000000000077C100" lastname="Default Executor-thread-6" />
</exclusive-start>
<af-start id="2827" threadId="000000000074F1C0" totalBytesRequested="1216" timestamp="2026-09-06T06:51:05.805" intervalms="84.188" type="nursery" />
<cycle-start id="2828" type="scavenge" contextid="0" timestamp="2026-09-06T06:51:05.806" intervalms="84.212" />
<gc-start id="2829" type="scavenge" contextid="2828" timestamp="2026-09-06T06:51:05.806">
  <mem-info id="2830" free="17171616" total="173670400" percent="9">
    <mem type="nursery" free="0" total="85721088" percent="0">
      <mem type="allocate" free="0" total="69271552" percent="0" />
      <mem type="survivor" free="0" total="16449536" percent="0" />
    </mem>
    <mem type="tenure" free="17171616" total="87949312" percent="19">
      <mem type="soa" free="16292000" total="87069696" percent="18" />
      <mem type="loa" free="879616" total="879616" percent="100" />
    </mem>
    <remembered-set count="7252" />
  </mem-info>
</gc-start>
<allocation-stats totalBytes="56199912" discardedBytes="29160" >
  <allocated-bytes non-tlh="88152" tlh="56111760" />
  <largest-consumer threadName="Default Executor-thread-5" threadId="000000000074E700" bytes="42100224" />
</allocation-stats>
<gc-op id="2831" type="scavenge" timems="3.989" contextid="2828" timestamp="2026-09-06T06:51:05.810">
  <scavenger-info tenureage="6" tenuremask="7fc0" tiltratio="80" />
  <memory-copied type="nursery" objects="194606" bytes="16328136" bytesdiscarded="108864" />
  <memory-copied type="tenure" objects="13249" bytes="1234528" bytesdiscarded="3192" />
  <copy-failed type="nursery" objects="1828" bytes="686816" />
  <finalization candidates="2448" enqueued="2431" />
  <ownableSynchronizers candidates="609" cleared="296" />
  <references type="soft" candidates="1030" cleared="0" enqueued="0" dynamicThreshold="9" maxThreshold="32" />
  <references type="weak" candidates="729" cleared="295" enqueued="295" />
  <references type="phantom" candidates="111" cleared="0" enqueued="0" />
  <object-monitors candidates="127" cleared="9"  />
</gc-op>
<gc-end id="2832" type="scavenge" contextid="2828" durationms="4.249" usertimems="32.737" systemtimems="0.723" stalltimems="6.899" timestamp="2026-09-06T06:51:05.810" activeThreads="10">
  <mem-info id="2833" free="60836152" total="173670400" percent="35">
    <mem type="nursery" free="44761088" total="85721088" percent="52">
      <mem type="allocate" free="44761088" total="61210624" percent="73" />
      <mem type="survivor" free="0" total="24510464" percent="0" />
    </mem>
    <mem type="tenure" free="16075064" total="87949312" percent="18">
      <mem type="soa" free="15195448" total="87069696" percent="17" />
      <mem type="loa" free="879616" total="879616" percent="100" />
    </mem>
    <pending-finalizers system="26" default="2405" reference="295" classloader="0" />
    <remembered-set count="6177" />
  </mem-info>
</gc-end>
<cycle-end id="2834" type="scavenge" contextid="2828" timestamp="2026-09-06T06:51:05.810" />
<allocation-satisfied id="2835" threadId="000000000074E700" bytesRequested="1216" />
<af-end id="2836" timestamp="2026-09-06T06:51:05.810" threadId="000000000074F1C0" success="true" from="nursery"/>
<exclusive-end id="2837" timestamp="2026-09-06T06:51:05.810" durationms="5.013" />

<exclusive-start id="2838" timestamp="2026-09-06T06:51:05.876" intervalms="70.621">
  <response-info timems="0.073" idlems="0.045" threads="1" lastid="000000000077C100" lastname="Default Executor-thread-6" />
</exclusive-start>
<af-start id="2839" threadId="000000000074F1C0" totalBytesRequested="65544" timestamp="2026-09-06T06:51:05.876" intervalms="70.619" type="nursery" />
<cycle-start id="2840" type="scavenge" contextid="0" timestamp="2026-09-06T06:51:05.876" intervalms="70.606" />
<gc-start id="2841" type="scavenge" contextid="2840" timestamp="2026-09-06T06:51:05.876">
  <mem-info id="2842" free="16074416" total="173670400" percent="9">
    <mem type="nursery" free="0" total="85721088" percent="0">
      <mem type="allocate" free="0" total="61210624" percent="0" />
      <mem type="survivor" free="0" total="24510464" percent="0" />
    </mem>
    <mem type="tenure" free="16074416" total="87949312" percent="18">
      <mem type="soa" free="15194800" total="87069696" percent="17" />
      <mem type="loa" free="879616" total="879616" percent="100" />
    </mem>
    <remembered-set count="6674" />
  </mem-info>
</gc-start>
<allocation-stats totalBytes="44655472" discardedBytes="106264" >
  <allocated-bytes non-tlh="1864" tlh="44653608" />
  <largest-consumer threadName="Default Executor-thread-5" threadId="000000000074E700" bytes="42685192" />
</allocation-stats>
<gc-op id="2843" type="scavenge" timems="4.712" contextid="2840" timestamp="2026-09-06T06:51:05.881">
  <scavenger-info tenureage="6" tenuremask="7fc0" tiltratio="71" />
  <memory-copied type="nursery" objects="212316" bytes="17882808" bytesdiscarded="617568" />
  <memory-copied type="tenure" objects="7149" bytes="420376" bytesdiscarded="1128" />
  <finalization candidates="1957" enqueued="1955" />
  <ownableSynchronizers candidates="441" cleared="160" />
  <references type="soft" candidates="1017" cleared="0" enqueued="0" dynamicThreshold="9" maxThreshold="32" />
  <references type="weak" candidates="500" cleared="4" enqueued="4" />
  <references type="phantom" candidates="120" cleared="0" enqueued="0" />
  <object-monitors candidates="118" cleared="0"  />
</gc-op>
<heap-resize id="2844" type="expand" space="nursery" amount="3932160" count="1" timems="0.024" reason="excessive time being spent scavenging" timestamp="2026-09-06T06:51:05.881" />
<gc-end id="2845" type="scavenge" contextid="2840" durationms="5.007" usertimems="37.391" systemtimems="1.585" stalltimems="6.907" timestamp="2026-09-06T06:51:05.881" activeThreads="10">
  <mem-info id="2846" free="63558968" total="177602560" percent="35">
    <mem type="nursery" free="48139520" total="89653248" percent="53">
      <mem type="allocate" free="48139520" total="66650112" percent="72" />
      <mem type="survivor" free="0" total="23003136" percent="0" />
    </mem>
    <mem type="tenure" free="15419448" total="87949312" percent="17">
      <mem type="soa" free="14539832" total="87069696" percent="16" />
      <mem type="loa" free="879616" total="879616" percent="100" />
    </mem>
    <pending-finalizers system="1" default="1954" reference="4" classloader="0" />
    <remembered-set count="5801" />
  </mem-info>
</gc-end>
<cycle-end id="2847" type="scavenge" contextid="2840" timestamp="2026-09-06T06:51:05.882" />
<allocation-satisfied id="2848" threadId="000000000074E700" bytesRequested="65544" />
<af-end id="2849" timestamp="2026-09-06T06:51:05.882" threadId="000000000074F1C0" success="true" from="nursery"/>
<exclusive-end id="2850" timestamp="2026-09-06T06:51:05.882" durationms="5.802" />

<exclusive-start id="2851" timestamp="2026-09-06T06:51:05.982" intervalms="106.518">
  <response-info timems="0.092" idlems="0.055" threads="1" lastid="000000000074FF00" lastname="Default Executor-thread-3" />
</exclusive-start>
<af-start id="2852" threadId="000000000074F1C0" totalBytesRequested="4112" timestamp="2026-09-06T06:51:05.983" intervalms="106.525" type="nursery" />
<cycle-start id="2853" type="scavenge" contextid="0" timestamp="2026-09-06T06:51:05.983" intervalms="106.537" />
<gc-start id="2854" type="scavenge" contextid="2853" timestamp="2026-09-06T06:51:05.983">
  <mem-info id="2855" free="15363952" total="177602560" percent="8">
    <mem type="nursery" free="0" total="89653248" percent="0">
      <mem type="allocate" free="0" total="66650112" percent="0" />
      <mem type="survivor" free="0" total="23003136" percent="0" />
    </mem>
    <mem type="tenure" free="15363952" total="87949312" percent="17">
      <mem type="soa" free="14484336" total="87069696" percent="16" />
      <mem type="loa" free="879616" total="879616" percent="100" />
    </mem>
    <remembered-set count="9276" />
  </mem-info>
</gc-start>
<allocation-stats totalBytes="48145208" discardedBytes="49808" >
  <allocated-bytes non-tlh="121040" tlh="48024168" />
  <largest-consumer threadName="Default Executor-thread-5" threadId="000000000074E700" bytes="33084096" />
</allocation-stats>
<gc-op id="2856" type="scavenge" timems="5.176" contextid="2853" timestamp="2026-09-06T06:51:05.988">
  <scavenger-info tenureage="6" tenuremask="7fc0" tiltratio="74" />
  <memory-copied type="nursery" objects="265850" bytes="19255048" bytesdiscarded="478472" />
  <memory-copied type="tenure" objects="14739" bytes="1508168" bytesdiscarded="1344" />
  <finalization candidates="554" enqueued="552" />
  <ownableSynchronizers candidates="297" cleared="16" />
  <references type="soft" candidates="1074" cleared="0" enqueued="0" dynamicThreshold="9" maxThreshold="32" />
  <references type="weak" candidates="917" cleared="348" enqueued="348" />
  <references type="phantom" candidates="110" cleared="0" enqueued="0" />
  <object-monitors candidates="206" cleared="85"  />
</gc-op>
<gc-end id="2857" type="scavenge" contextid="2853" durationms="5.495" usertimems="40.969" systemtimems="4.247" stalltimems="6.081" timestamp="2026-09-06T06:51:05.988" activeThreads="10">
  <mem-info id="2858" free="60482776" total="177602560" percent="34">
    <mem type="nursery" free="46644232" total="89653248" percent="52">
      <mem type="allocate" free="46644232" total="66387968" percent="70" />
      <mem type="survivor" free="0" total="23265280" percent="0" />
    </mem>
    <mem type="tenure" free="13838544" total="87949312" percent="15">
      <mem type="soa" free="12958928" total="87069696" percent="14" />
      <mem type="loa" free="879616" total="879616" percent="100" />
    </mem>
    <pending-finalizers system="107" default="445" reference="348" classloader="0" />
    <remembered-set count="8196" />
  </mem-info>
</gc-end>
<cycle-end id="2859" type="scavenge" contextid="2853" timestamp="2026-09-06T06:51:05.989" />
<allocation-satisfied id="2860" threadId="000000000074E700" bytesRequested="4112" />
<af-end id="2861" timestamp="2026-09-06T06:51:05.989" threadId="000000000074F1C0" success="true" from="nursery"/>
<exclusive-end id="2862" timestamp="2026-09-06T06:51:05.989" durationms="6.370" />

<exclusive-start id="2863" timestamp="2026-09-06T06:51:06.113" intervalms="130.574">
  <response-info timems="0.203" idlems="0.104" threads="4" lastid="000000000074DB00" lastname="Default Executor-thread-4" />
</exclusive-start>
<af-start id="2864" threadId="000000000074F1C0" totalBytesRequested="24" timestamp="2026-09-06T06:51:06.113" intervalms="130.573" type="nursery" />
<cycle-start id="2865" type="scavenge" contextid="0" timestamp="2026-09-06T06:51:06.113" intervalms="130.576" />
<gc-start id="2866" type="scavenge" contextid="2865" timestamp="2026-09-06T06:51:06.114">
  <mem-info id="2867" free="13815224" total="177602560" percent="7">
    <mem type="nursery" free="0" total="89653248" percent="0">
      <mem type="allocate" free="0" total="66387968" percent="0" />
      <mem type="survivor" free="0" total="23265280" percent="0" />
    </mem>
    <mem type="tenure" free="13815224" total="87949312" percent="15">
      <mem type="soa" free="12935608" total="87069696" percent="14" />
      <mem type="loa" free="879616" total="879616" percent="100" />
    </mem>
    <remembered-set count="8912" />
  </mem-info>
</gc-start>
<allocation-stats totalBytes="46661128" discardedBytes="6424" >
  <allocated-bytes non-tlh="27432" tlh="46633696" />
  <largest-consumer threadName="Default Executor-thread-5" threadId="000000000074E700" bytes="38409592" />
</allocation-stats>
<gc-op id="2868" type="scavenge" timems="6.086" contextid="2865" timestamp="2026-09-06T06:51:06.120">
  <scavenger-info tenureage="6" tenuremask="7fc0" tiltratio="74" />
  <memory-copied type="nursery" objects="356627" bytes="20247024" bytesdiscarded="249912" />
  <memory-copied type="tenure" objects="17230" bytes="1674952" bytesdiscarded="752" />
  <finalization candidates="75" enqueued="75" />
  <ownableSynchronizers candidates="462" cleared="148" />
  <references type="soft" candidates="1201" cleared="0" enqueued="0" dynamicThreshold="9" maxThreshold="32" />
  <references type="weak" candidates="704" cleared="102" enqueued="102" />
  <references type="phantom" candidates="87" cleared="0" enqueued="0" />
  <object-monitors candidates="164" cleared="41"  />
</gc-op>
<gc-end id="2869" type="scavenge" contextid="2865" durationms="6.392" usertimems="53.862" systemtimems="0.206" stalltimems="7.209" timestamp="2026-09-06T06:51:06.120" activeThreads="10">
  <mem-info id="2870" free="57143544" total="177602560" percent="32">
    <mem type="nursery" free="45089296" total="89653248" percent="50">
      <mem type="allocate" free="45089296" total="65601536" percent="68" />
      <mem type="survivor" free="0" total="24051712" percent="0" />
    </mem>
    <mem type="tenure" free="12054248" total="87949312" percent="13">
      <mem type="soa" free="11174632" total="87069696" percent="12" />
      <mem type="loa" free="879616" total="879616" percent="100" />
    </mem>
    <pending-finalizers system="27" default="48" reference="102" classloader="0" />
    <remembered-set count="9689" />
  </mem-info>
</gc-end>
<cycle-end id="2871" type="scavenge" contextid="2865" timestamp="2026-09-06T06:51:06.120" />
<allocation-satisfied id="2872" threadId="000000000074E700" bytesRequested="24" />
<af-end id="2873" timestamp="2026-09-06T06:51:06.120" threadId="000000000074F1C0" success="true" from="nursery"/>
<exclusive-end id="2874" timestamp="2026-09-06T06:51:06.120" durationms="7.239" />

<exclusive-start id="2875" timestamp="2026-09-06T06:51:06.256" intervalms="143.240">
  <response-info timems="0.039" idlems="0.024" threads="1" lastid="000000000074FF00" lastname="Default Executor-thread-3" />
</exclusive-start>
<af-start id="2876" threadId="000000000074F1C0" totalBytesRequested="328" timestamp="2026-09-06T06:51:06.256" intervalms="143.248" type="nursery" />
<cycle-start id="2877" type="scavenge" contextid="0" timestamp="2026-09-06T06:51:06.257" intervalms="143.244" />
<gc-start id="2878" type="scavenge" contextid="2877" timestamp="2026-09-06T06:51:06.257">
  <mem-info id="2879" free="12023704" total="177602560" percent="6">
    <mem type="nursery" free="0" total="89653248" percent="0">
      <mem type="allocate" free="0" total="65601536" percent="0" />
      <mem type="survivor" free="0" total="24051712" percent="0" />
    </mem>
    <mem type="tenure" free="12023704" total="87949312" percent="13">
      <mem type="soa" free="11144088" total="87069696" percent="12" />
      <mem type="loa" free="879616" total="879616" percent="100" />
    </mem>
    <remembered-set count="10389" />
  </mem-info>
</gc-start>
<allocation-stats totalBytes="45109160" discardedBytes="10680" >
  <allocated-bytes non-tlh="30568" tlh="45078592" />
  <largest-consumer threadName="Default Executor-thread-5" threadId="000000000074E700" bytes="34123880" />
</allocation-stats>
<gc-op id="2880" type="scavenge" timems="7.532" contextid="2877" timestamp="2026-09-06T06:51:06.264">
  <scavenger-info tenureage="4" tenuremask="7ff0" tiltratio="73" />
  <memory-copied type="nursery" objects="362833" bytes="20305832" bytesdiscarded="246896" />
  <memory-copied type="tenure" objects="131366" bytes="6897440" bytesdiscarded="3384" />
  <finalization candidates="698" enqueued="698" />
  <ownableSynchronizers candidates="1025" cleared="741" />
  <references type="soft" candidates="364" cleared="0" enqueued="0" dynamicThreshold="9" maxThreshold="32" />
  <references type="weak" candidates="398" cleared="76" enqueued="76" />
  <references type="phantom" candidates="39" cleared="0" enqueued="0" />
  <object-monitors candidates="137" cleared="9"  />
</gc-op>
<gc-end id="2881" type="scavenge" contextid="2877" durationms="7.852" usertimems="64.822" systemtimems="2.543" stalltimems="8.137" timestamp="2026-09-06T06:51:06.265" activeThreads="10">
  <mem-info id="2882" free="51132448" total="177602560" percent="28">
    <mem type="nursery" free="45691272" total="89653248" percent="50">
      <mem type="allocate" free="45691272" total="66256896" percent="68" />
      <mem type="survivor" free="0" total="23396352" percent="0" />
    </mem>
    <mem type="tenure" free="5441176" total="87949312" percent="6">
      <mem type="soa" free="4561560" total="87069696" percent="5" />
      <mem type="loa" free="879616" total="879616" percent="100" />
    </mem>
    <pending-finalizers system="7" default="691" reference="76" classloader="0" />
    <remembered-set count="10233" />
  </mem-info>
</gc-end>
<cycle-end id="2883" type="scavenge" contextid="2877" timestamp="2026-09-06T06:51:06.265" />
<allocation-satisfied id="2884" threadId="000000000074E700" bytesRequested="328" />
<af-end id="2885" timestamp="2026-09-06T06:51:06.265" threadId="000000000074F1C0" success="true" from="nursery"/>
<exclusive-end id="2886" timestamp="2026-09-06T06:51:06.265" durationms="8.741" />

<concurrent-kickoff id="2887" timestamp="2026-09-06T06:51:06.325">
  <kickoff reason="threshold reached" targetBytes="43965518" thresholdFreeBytes="6042848"  remainingFree="5976128" tenureFreeBytes="5428328" nurseryFreeBytes="5976128" />
</concurrent-kickoff>
<exclusive-start id="2888" timestamp="2026-09-06T06:51:06.326" intervalms="69.432">
  <response-info timems="0.116" idlems="0.053" threads="2" lastid="000000000077C100" lastname="Default Executor-thread-6" />
</exclusive-start>
<cycle-start id="2889" type="global" contextid="0" timestamp="2026-09-06T06:51:06.326" intervalms="972.802" />
<concurrent-start id="2890" type="global mark" contextid="2889" timestamp="2026-09-06T06:51:06.326">
</concurrent-start>
<exclusive-end id="2891" timestamp="2026-09-06T06:51:06.326" durationms="0.140" />

<exclusive-start id="2892" timestamp="2026-09-06T06:51:06.352" intervalms="26.529">
  <response-info timems="0.046" idlems="0.046" threads="0" lastid="000000000074FF00" lastname="Default Executor-thread-3" />
</exclusive-start>
<af-start id="2893" threadId="00000000007509C0" totalBytesRequested="40" timestamp="2026-09-06T06:51:06.352" intervalms="95.941" type="nursery" />
<percolate-collect id="2894" from="nursery" to="global" reason="concurrent mark exhausted" timestamp="2026-09-06T06:51:06.352"/>
<concurrent-end id="2895" type="global mark" contextid="2889" timestamp="2026-09-06T06:51:06.352">
<gc-op id="2896" type="trace" timems="26.377" contextid="2889" timestamp="2026-09-06T06:51:06.352">
  <trace bytesTraced="48028016" workStackOverflowCount="0" />
  <card-cleaning reason="card cleaning threshold reached" bytesTraced="50228" cardsCleaned="151" />
</gc-op>
</concurrent-end>

<gc-start id="2897" type="global" contextid="2889" timestamp="2026-09-06T06:51:06.353">
  <mem-info id="2898" free="5418296" total="177602560" percent="3">
    <mem type="nursery" free="0" total="89653248" percent="0">
      <mem type="allocate" free="0" total="66256896" percent="0" />
      <mem type="survivor" free="0" total="23396352" percent="0" />
    </mem>
    <mem type="tenure" free="5418296" total="87949312" percent="6">
      <mem type="soa" free="4538680" total="87069696" percent="5" />
      <mem type="loa" free="879616" total="879616" percent="100" />
    </mem>
    <remembered-set count="11211" />
  </mem-info>
</gc-start>
<allocation-stats totalBytes="45672152" discardedBytes="42000" >
  <allocated-bytes non-tlh="23208" tlh="45648944" />
  <largest-consumer threadName="Default Executor-thread-5" threadId="000000000074E700" bytes="37486360" />
</allocation-stats>
<concurrent-halted id="2899" timestamp="2026-09-06T06:51:06.353">
  <halted state="Complete" status="exhausted" />
  <traced bytesTarget="43965518" bytesTotal="48078244" bytesByMutator="25100860" bytesByHelper="22977384" percent="109" />
  <cards cleaned="151" thresholdBytes="2380516" />
</concurrent-halted>
<gc-op id="2900" type="rs-scan" timems="3.460" contextid="2889" timestamp="2026-09-06T06:51:06.356">
  <scan objectsFound="397315" bytesTraced="18624896" workStackOverflowCount="0" />
</gc-op>
<gc-op id="2901" type="card-cleaning" timems="0.220" contextid="2889" timestamp="2026-09-06T06:51:06.357">
  <card-cleaning cardsCleaned="1" bytesTraced="96" workStackOverflowCount="0" />
</gc-op>
<gc-op id="2902" type="mark" timems="4.426" contextid="2889" timestamp="2026-09-06T06:51:06.361">
  <trace-info objectcount="33470" scancount="27012" scanbytes="830688" />
  <finalization candidates="3377" enqueued="1609" />
  <ownableSynchronizers candidates="9821" cleared="753" />
  <references type="soft" candidates="14767" cleared="0" enqueued="0" dynamicThreshold="9" maxThreshold="32" />
  <references type="weak" candidates="18421" cleared="88" enqueued="88" />
  <references type="phantom" candidates="401" cleared="0" enqueued="0" />
  <stringconstants candidates="43753" cleared="42"  />
  <object-monitors candidates="143" cleared="18"  />
</gc-op>
<gc-op id="2903" type="classunload" timems="1.106" contextid="2889" timestamp="2026-09-06T06:51:06.362">
  <classunload-info classloadercandidates="395" classloadersunloaded="1" classesunloaded="4" anonymousclassesunloaded="3" quiescems="0.000" setupms="1.082" scanms="0.016" postms="0.006" />
</gc-op>
<gc-op id="2904" type="sweep" timems="0.708" contextid="2889" timestamp="2026-09-06T06:51:06.363" />
<heap-resize id="2905" type="expand" space="tenure" amount="21299200" count="1" timems="0.246" reason="insufficient free space following gc" timestamp="2026-09-06T06:51:06.363" />
<gc-end id="2906" type="global" contextid="2889" durationms="10.687" usertimems="57.834" systemtimems="6.078" stalltimems="20.443" timestamp="2026-09-06T06:51:06.363" activeThreads="10">
  <mem-info id="2907" free="74133984" total="198901760" percent="37">
    <mem type="nursery" free="41331904" total="89653248" percent="46">
      <mem type="allocate" free="41331904" total="66256896" percent="62" />
      <mem type="survivor" free="0" total="23396352" percent="0" />
    </mem>
    <mem type="tenure" free="32802080" total="109248512" percent="30" micro-fragmented="2232175" macro-fragmented="0">
      <mem type="soa" free="31709472" total="108155904" percent="29" />
      <mem type="loa" free="1092608" total="1092608" percent="100" />
    </mem>
    <pending-finalizers system="28" default="1581" reference="88" classloader="0" />
    <remembered-set count="10356" />
  </mem-info>
</gc-end>
<cycle-end id="2908" type="global" contextid="2889" timestamp="2026-09-06T06:51:06.364" />
<allocation-satisfied id="2909" threadId="000000000074FF00" bytesRequested="40" />
<af-end id="2910" timestamp="2026-09-06T06:51:06.364" threadId="00000000007509C0" success="true" from="nursery"/>
<exclusive-end id="2911" timestamp="2026-09-06T06:51:06.364" durationms="11.415" />

<exclusive-start id="2912" timestamp="2026-09-06T06:51:06.420" intervalms="67.378">
  <response-info timems="0.059" idlems="0.035" threads="2" lastid="000000000077C100" lastname="Default Executor-thread-6" />
</exclusive-start>
<af-start id="2913" threadId="000000000074F1C0" totalBytesRequested="2848" timestamp="2026-09-06T06:51:06.420" intervalms="67.397" type="nursery" />
<cycle-start id="2914" type="scavenge" contextid="0" timestamp="2026-09-06T06:51:06.420" intervalms="163.343" />
<gc-start id="2915" type="scavenge" contextid="2914" timestamp="2026-09-06T06:51:06.420">
  <mem-info id="2916" free="32790920" total="198901760" percent="16">
    <mem type="nursery" free="0" total="89653248" percent="0">
      <mem type="allocate" free="0" total="66256896" percent="0" />
      <mem type="survivor" free="0" total="23396352" percent="0" />
    </mem>
    <mem type="tenure" free="32790920" total="109248512" percent="30">
      <mem type="soa" free="31698312" total="108155904" percent="29" />
      <mem type="loa" free="1092608" total="1092608" percent="100" />
    </mem>
    <remembered-set count="10607" />
  </mem-info>
</gc-start>
<allocation-stats totalBytes="40698656" discardedBytes="538240" >
  <allocated-bytes non-tlh="9906608" tlh="30792048" />
  <largest-consumer threadName="Default Executor-thread-5" threadId="000000000074E700" bytes="29527728" />
</allocation-stats>
<gc-op id="2917" type="scavenge" timems="5.809" contextid="2914" timestamp="2026-09-06T06:51:06.426">
  <scavenger-info tenureage="3" tenuremask="7ff8" tiltratio="73" />
  <memory-copied type="nursery" objects="319654" bytes="15308080" bytesdiscarded="296568" />
  <memory-copied type="tenure" objects="78150" bytes="7382264" bytesdiscarded="30520" />
  <finalization candidates="1136" enqueued="1135" />
  <ownableSynchronizers candidates="20079" cleared="20008" />
  <references type="soft" candidates="361" cleared="0" enqueued="0" dynamicThreshold="9" maxThreshold="32" />
  <references type="weak" candidates="275" cleared="35" enqueued="35" />
  <references type="phantom" candidates="35" cleared="0" enqueued="0" />
  <object-monitors candidates="135" cleared="7"  />
</gc-op>
<gc-end id="2918" type="scavenge" contextid="2914" durationms="6.059" usertimems="48.030" systemtimems="1.658" stalltimems="8.287" timestamp="2026-09-06T06:51:06.426" activeThreads="10">
  <mem-info id="2919" free="75641728" total="198901760" percent="38">
    <mem type="nursery" free="50714600" total="89653248" percent="56">
      <mem type="allocate" free="50714600" total="66322432" percent="76" />
      <mem type="survivor" free="0" total="23330816" percent="0" />
    </mem>
    <mem type="tenure" free="24927128" total="109248512" percent="22">
      <mem type="soa" free="23834520" total="108155904" percent="22" />
      <mem type="loa" free="1092608" total="1092608" percent="100" />
    </mem>
    <pending-finalizers system="5" default="1130" reference="35" classloader="0" />
    <remembered-set count="3147" />
  </mem-info>
</gc-end>
<cycle-end id="2920" type="scavenge" contextid="2914" timestamp="2026-09-06T06:51:06.426" />
<allocation-satisfied id="2921" threadId="000000000074E700" bytesRequested="2848" />
<af-end id="2922" timestamp="2026-09-06T06:51:06.426" threadId="000000000074F1C0" success="true" from="nursery"/>
<exclusive-end id="2923" timestamp="2026-09-06T06:51:06.426" durationms="6.841" />

<exclusive-start id="2924" timestamp="2026-09-06T06:51:06.499" intervalms="79.188">
  <response-info timems="0.068" idlems="0.038" threads="2" lastid="000000000074FF00" lastname="Default Executor-thread-3" />
</exclusive-start>
<af-start id="2925" threadId="000000000074F1C0" totalBytesRequested="43864" timestamp="2026-09-06T06:51:06.499" intervalms="79.177" type="nursery" />
<cycle-start id="2926" type="scavenge" contextid="0" timestamp="2026-09-06T06:51:06.499" intervalms="79.166" />
<gc-start id="2927" type="scavenge" contextid="2926" timestamp="2026-09-06T06:51:06.499">
  <mem-info id="2928" free="24899896" total="198901760" percent="12">
    <mem type="nursery" free="0" total="89653248" percent="0">
      <mem type="allocate" free="0" total="66322432" percent="0" />
      <mem type="survivor" free="0" total="23330816" percent="0" />
    </mem>
    <mem type="tenure" free="24899896" total="109248512" percent="22">
      <mem type="soa" free="23807288" total="108155904" percent="22" />
      <mem type="loa" free="1092608" total="1092608" percent="100" />
    </mem>
    <remembered-set count="3752" />
  </mem-info>
</gc-start>
<allocation-stats totalBytes="50661328" discardedBytes="80504" >
  <allocated-bytes non-tlh="30080" tlh="50631248" />
  <largest-consumer threadName="Default Executor-thread-5" threadId="000000000074E700" bytes="35009496" />
</allocation-stats>
<gc-op id="2929" type="scavenge" timems="5.308" contextid="2926" timestamp="2026-09-06T06:51:06.505">
  <scavenger-info tenureage="3" tenuremask="7ff8" tiltratio="73" />
  <memory-copied type="nursery" objects="241107" bytes="13664576" bytesdiscarded="429288" />
  <memory-copied type="tenure" objects="138813" bytes="4951952" bytesdiscarded="856" />
  <finalization candidates="1837" enqueued="1836" />
  <ownableSynchronizers candidates="2699" cleared="2662" />
  <references type="soft" candidates="306" cleared="0" enqueued="0" dynamicThreshold="9" maxThreshold="32" />
  <references type="weak" candidates="301" cleared="85" enqueued="85" />
  <references type="phantom" candidates="51" cleared="0" enqueued="0" />
  <object-monitors candidates="137" cleared="3"  />
</gc-op>
<heap-resize id="2930" type="expand" space="nursery" amount="4063232" count="1" timems="0.026" reason="excessive time being spent scavenging" timestamp="2026-09-06T06:51:06.505" />
<gc-end id="2931" type="scavenge" contextid="2926" durationms="5.610" usertimems="39.334" systemtimems="1.854" stalltimems="8.944" timestamp="2026-09-06T06:51:06.505" activeThreads="10">
  <mem-info id="2932" free="76521800" total="202964992" percent="37">
    <mem type="nursery" free="56418080" total="93716480" percent="60">
      <mem type="allocate" free="56418080" total="70516736" percent="80" />
      <mem type="survivor" free="0" total="23199744" percent="0" />
    </mem>
    <mem type="tenure" free="20103720" total="109248512" percent="18">
      <mem type="soa" free="19011112" total="108155904" percent="17" />
      <mem type="loa" free="1092608" total="1092608" percent="100" />
    </mem>
    <pending-finalizers system="13" default="1823" reference="85" classloader="0" />
    <remembered-set count="3751" />
  </mem-info>
</gc-end>
<cycle-end id="2933" type="scavenge" contextid="2926" timestamp="2026-09-06T06:51:06.505" />
<allocation-satisfied id="2934" threadId="000000000074E700" bytesRequested="43864" />
<af-end id="2935" timestamp="2026-09-06T06:51:06.505" threadId="000000000074F1C0" success="true" from="nursery"/>
<exclusive-end id="2936" timestamp="2026-09-06T06:51:06.505" durationms="6.347" />

<exclusive-start id="2937" timestamp="2026-09-06T06:51:06.580" intervalms="81.354">
  <response-info timems="0.019" idlems="0.017" threads="1" lastid="000000000074E700" lastname="Default Executor-thread-5" />
</exclusive-start>
<af-start id="2938" threadId="000000000074E5C0" totalBytesRequested="1032" timestamp="2026-09-06T06:51:06.580" intervalms="81.371" type="nursery" />
<cycle-start id="2939" type="scavenge" contextid="0" timestamp="2026-09-06T06:51:06.580" intervalms="81.364" />
<gc-start id="2940" type="scavenge" contextid="2939" timestamp="2026-09-06T06:51:06.581">
  <mem-info id="2941" free="20056448" total="202964992" percent="9">
    <mem type="nursery" free="0" total="93716480" percent="0">
      <mem type="allocate" free="0" total="70516736" percent="0" />
      <mem type="survivor" free="0" total="23199744" percent="0" />
    </mem>
    <mem type="tenure" free="20056448" total="109248512" percent="18">
      <mem type="soa" free="18963840" total="108155904" percent="17" />
      <mem type="loa" free="1092608" total="1092608" percent="100" />
    </mem>
    <remembered-set count="5055" />
  </mem-info>
</gc-start>
<allocation-stats totalBytes="56434576" discardedBytes="30776" >
  <allocated-bytes non-tlh="91136" tlh="56343440" />
  <largest-consumer threadName="Default Executor-thread-5" threadId="000000000074E700" bytes="38336208" />
</allocation-stats>
<gc-op id="2942" type="scavenge" timems="4.103" contextid="2939" timestamp="2026-09-06T06:51:06.585">
  <scavenger-info tenureage="3" tenuremask="7ff8" tiltratio="75" />
  <memory-copied type="nursery" objects="74346" bytes="8970808" bytesdiscarded="507888" />
  <memory-copied type="tenure" objects="105041" bytes="4033376" bytesdiscarded="1136" />
  <finalization candidates="1655" enqueued="1643" />
  <ownableSynchronizers candidates="51" cleared="19" />
  <references type="soft" candidates="522" cleared="0" enqueued="0" dynamicThreshold="9" maxThreshold="32" />
  <references type="weak" candidates="403" cleared="193" enqueued="193" />
  <references type="phantom" candidates="57" cleared="0" enqueued="0" />
  <object-monitors candidates="156" cleared="20"  />
</gc-op>
<gc-end id="2943" type="scavenge" contextid="2939" durationms="4.335" usertimems="30.093" systemtimems="0.914" stalltimems="10.998" timestamp="2026-09-06T06:51:06.585" activeThreads="10">
  <mem-info id="2944" free="79230352" total="202964992" percent="39">
    <mem type="nursery" free="63390744" total="93716480" percent="67">
      <mem type="allocate" free="63390744" total="72876032" percent="86" />
      <mem type="survivor" free="0" total="20840448" percent="0" />
    </mem>
    <mem type="tenure" free="15839608" total="109248512" percent="14">
      <mem type="soa" free="14747000" total="108155904" percent="13" />
      <mem type="loa" free="1092608" total="1092608" percent="100" />
    </mem>
    <pending-finalizers system="32" default="1611" reference="193" classloader="0" />
    <remembered-set count="3164" />
  </mem-info>
</gc-end>
<cycle-end id="2945" type="scavenge" contextid="2939" timestamp="2026-09-06T06:51:06.585" />
<allocation-satisfied id="2946" threadId="000000000074DB00" bytesRequested="1032" />
<af-end id="2947" timestamp="2026-09-06T06:51:06.585" threadId="000000000074E5C0" success="true" from="nursery"/>
<exclusive-end id="2948" timestamp="2026-09-06T06:51:06.585" durationms="5.098" />

<exclusive-start id="2949" timestamp="2026-09-06T06:51:06.646" intervalms="65.738">
  <response-info timems="0.018" idlems="0.018" threads="0" lastid="000000000074E700" lastname="Default Executor-thread-5" />
</exclusive-start>
<af-start id="2950" threadId="000000000074F1C0" totalBytesRequested="2216" timestamp="2026-09-06T06:51:06.646" intervalms="65.718" type="nursery" />
<cycle-start id="2951" type="scavenge" contextid="0" timestamp="2026-09-06T06:51:06.646" intervalms="65.711" />
<gc-start id="2952" type="scavenge" contextid="2951" timestamp="2026-09-06T06:51:06.646">
  <mem-info id="2953" free="15816040" total="202964992" percent="7">
    <mem type="nursery" free="0" total="93716480" percent="0">
      <mem type="allocate" free="0" total="72876032" percent="0" />
      <mem type="survivor" free="0" total="20840448" percent="0" />
    </mem>
    <mem type="tenure" free="15816040" total="109248512" percent="14">
      <mem type="soa" free="14723432" total="108155904" percent="13" />
      <mem type="loa" free="1092608" total="1092608" percent="100" />
    </mem>
    <remembered-set count="4313" />
  </mem-info>
</gc-start>
<allocation-stats totalBytes="63384520" discardedBytes="29792" >
  <allocated-bytes non-tlh="24600" tlh="63359920" />
  <largest-consumer threadName="Default Executor-thread-5" threadId="000000000074E700" bytes="34734032" />
</allocation-stats>
<gc-op id="2954" type="scavenge" timems="2.410" contextid="2951" timestamp="2026-09-06T06:51:06.649">
  <scavenger-info tenureage="4" tenuremask="7ff0" tiltratio="77" />
  <memory-copied type="nursery" objects="93180" bytes="10454120" bytesdiscarded="377728" />
  <finalization candidates="1751" enqueued="1728" />
  <ownableSynchronizers candidates="55" cleared="19" />
  <references type="soft" candidates="570" cleared="0" enqueued="0" dynamicThreshold="9" maxThreshold="32" />
  <references type="weak" candidates="512" cleared="218" enqueued="199" />
  <references type="phantom" candidates="246" cleared="90" enqueued="90" />
  <object-monitors candidates="168" cleared="30"  />
</gc-op>
<gc-end id="2955" type="scavenge" contextid="2951" durationms="2.598" usertimems="15.690" systemtimems="1.980" stalltimems="6.613" timestamp="2026-09-06T06:51:06.649" activeThreads="10">
  <mem-info id="2956" free="79294304" total="202964992" percent="39">
    <mem type="nursery" free="63478264" total="93716480" percent="67">
      <mem type="allocate" free="63478264" total="74317824" percent="85" />
      <mem type="survivor" free="0" total="19398656" percent="0" />
    </mem>
    <mem type="tenure" free="15816040" total="109248512" percent="14">
      <mem type="soa" free="14723432" total="108155904" percent="13" />
      <mem type="loa" free="1092608" total="1092608" percent="100" />
    </mem>
    <pending-finalizers system="48" default="1680" reference="289" classloader="0" />
    <remembered-set count="3564" />
  </mem-info>
</gc-end>
<cycle-end id="2957" type="scavenge" contextid="2951" timestamp="2026-09-06T06:51:06.649" />
<allocation-satisfied id="2958" threadId="000000000074E700" bytesRequested="2216" />
<af-end id="2959" timestamp="2026-09-06T06:51:06.649" threadId="000000000074F1C0" success="true" from="nursery"/>
<exclusive-end id="2960" timestamp="2026-09-06T06:51:06.649" durationms="3.268" />

<exclusive-start id="2961" timestamp="2026-09-06T06:51:06.752" intervalms="105.682">
  <response-info timems="0.015" idlems="0.015" threads="0" lastid="000000000074E700" lastname="Default Executor-thread-5" />
</exclusive-start>
<af-start id="2962" threadId="000000000074F1C0" totalBytesRequested="24" timestamp="2026-09-06T06:51:06.752" intervalms="105.695" type="nursery" />
<cycle-start id="2963" type="scavenge" contextid="0" timestamp="2026-09-06T06:51:06.752" intervalms="105.709" />
<gc-start id="2964" type="scavenge" contextid="2963" timestamp="2026-09-06T06:51:06.752">
  <mem-info id="2965" free="15815800" total="202964992" percent="7">
    <mem type="nursery" free="0" total="93716480" percent="0">
      <mem type="allocate" free="0" total="74317824" percent="0" />
      <mem type="survivor" free="0" total="19398656" percent="0" />
    </mem>
    <mem type="tenure" free="15815800" total="109248512" percent="14">
      <mem type="soa" free="14723192" total="108155904" percent="13" />
      <mem type="loa" free="1092608" total="1092608" percent="100" />
    </mem>
    <remembered-set count="4008" />
  </mem-info>
</gc-start>
<allocation-stats totalBytes="63468784" discardedBytes="9720" >
  <allocated-bytes non-tlh="22952" tlh="63445832" />
  <largest-consumer threadName="Default Executor-thread-5" threadId="000000000074E700" bytes="62780424" />
</allocation-stats>
<gc-op id="2966" type="scavenge" timems="3.017" contextid="2963" timestamp="2026-09-06T06:51:06.755">
  <scavenger-info tenureage="4" tenuremask="7ff0" tiltratio="79" />
  <memory-copied type="nursery" objects="93137" bytes="13481960" bytesdiscarded="252752" />
  <memory-copied type="tenure" objects="22194" bytes="1471960" bytesdiscarded="888" />
  <finalization candidates="2439" enqueued="2416" />
  <ownableSynchronizers candidates="45" cleared="0" />
  <references type="soft" candidates="481" cleared="0" enqueued="0" dynamicThreshold="9" maxThreshold="32" />
  <references type="weak" candidates="242" cleared="9" enqueued="9" />
  <references type="phantom" candidates="133" cleared="0" enqueued="0" />
  <object-monitors candidates="138" cleared="0"  />
</gc-op>
<gc-end id="2967" type="scavenge" contextid="2963" durationms="3.263" usertimems="22.313" systemtimems="0.000" stalltimems="7.684" timestamp="2026-09-06T06:51:06.755" activeThreads="10">
  <mem-info id="2968" free="74854400" total="202964992" percent="36">
    <mem type="nursery" free="60643776" total="93716480" percent="64">
      <mem type="allocate" free="60643776" total="74383360" percent="81" />
      <mem type="survivor" free="0" total="19333120" percent="0" />
    </mem>
    <mem type="tenure" free="14210624" total="109248512" percent="13">
      <mem type="soa" free="13118016" total="108155904" percent="12" />
      <mem type="loa" free="1092608" total="1092608" percent="100" />
    </mem>
    <pending-finalizers system="2" default="2414" reference="9" classloader="0" />
    <remembered-set count="2904" />
  </mem-info>
</gc-end>
<cycle-end id="2969" type="scavenge" contextid="2963" timestamp="2026-09-06T06:51:06.756" />
<allocation-satisfied id="2970" threadId="000000000074E700" bytesRequested="24" />
<af-end id="2971" timestamp="2026-09-06T06:51:06.756" threadId="000000000074F1C0" success="true" from="nursery"/>
<exclusive-end id="2972" timestamp="2026-09-06T06:51:06.756" durationms="4.080" />

<exclusive-start id="2973" timestamp="2026-09-06T06:51:06.852" intervalms="100.402">
  <response-info timems="0.016" idlems="0.016" threads="0" lastid="000000000074E700" lastname="Default Executor-thread-5" />
</exclusive-start>
<af-start id="2974" threadId="000000000074F1C0" totalBytesRequested="32" timestamp="2026-09-06T06:51:06.852" intervalms="100.403" type="nursery" />
<cycle-start id="2975" type="scavenge" contextid="0" timestamp="2026-09-06T06:51:06.852" intervalms="100.398" />
<gc-start id="2976" type="scavenge" contextid="2975" timestamp="2026-09-06T06:51:06.852">
  <mem-info id="2977" free="14210624" total="202964992" percent="7">
    <mem type="nursery" free="0" total="93716480" percent="0">
      <mem type="allocate" free="0" total="74383360" percent="0" />
      <mem type="survivor" free="0" total="19333120" percent="0" />
    </mem>
    <mem type="tenure" free="14210624" total="109248512" percent="13">
      <mem type="soa" free="13118016" total="108155904" percent="12" />
      <mem type="loa" free="1092608" total="1092608" percent="100" />
    </mem>
    <remembered-set count="3301" />
  </mem-info>
</gc-start>
<allocation-stats totalBytes="60634448" discardedBytes="9328" >
  <allocated-bytes non-tlh="24" tlh="60634424" />
  <largest-consumer threadName="Default Executor-thread-5" threadId="000000000074E700" bytes="60630352" />
</allocation-stats>
<gc-op id="2978" type="scavenge" timems="3.184" contextid="2975" timestamp="2026-09-06T06:51:06.856">
  <scavenger-info tenureage="4" tenuremask="7ff0" tiltratio="79" />
  <memory-copied type="nursery" objects="99552" bytes="13444184" bytesdiscarded="463936" />
  <memory-copied type="tenure" objects="13326" bytes="929904" bytesdiscarded="664" />
  <finalization candidates="2620" enqueued="2598" />
  <ownableSynchronizers candidates="42" cleared="0" />
  <references type="soft" candidates="391" cleared="0" enqueued="0" dynamicThreshold="9" maxThreshold="32" />
  <references type="weak" candidates="223" cleared="16" enqueued="16" />
  <references type="phantom" candidates="115" cleared="0" enqueued="0" />
  <object-monitors candidates="138" cleared="0"  />
</gc-op>
<gc-end id="2979" type="scavenge" contextid="2975" durationms="3.441" usertimems="16.950" systemtimems="4.237" stalltimems="10.298" timestamp="2026-09-06T06:51:06.856" activeThreads="10">
  <mem-info id="2980" free="74423728" total="202964992" percent="36">
    <mem type="nursery" free="61257888" total="93716480" percent="65">
      <mem type="allocate" free="61257888" total="75169792" percent="81" />
      <mem type="survivor" free="0" total="18546688" percent="0" />
    </mem>
    <mem type="tenure" free="13165840" total="109248512" percent="12">
      <mem type="soa" free="12073232" total="108155904" percent="11" />
      <mem type="loa" free="1092608" total="1092608" percent="100" />
    </mem>
    <pending-finalizers system="0" default="2598" reference="16" classloader="0" />
    <remembered-set count="1714" />
  </mem-info>
</gc-end>
<cycle-end id="2981" type="scavenge" contextid="2975" timestamp="2026-09-06T06:51:06.856" />
<allocation-satisfied id="2982" threadId="000000000074E700" bytesRequested="32" />
<af-end id="2983" timestamp="2026-09-06T06:51:06.856" threadId="000000000074F1C0" success="true" from="nursery"/>
<exclusive-end id="2984" timestamp="2026-09-06T06:51:06.856" durationms="4.204" />

<exclusive-start id="2985" timestamp="2026-09-06T06:51:06.940" intervalms="87.820">
  <response-info timems="0.016" idlems="0.016" threads="0" lastid="000000000074E700" lastname="Default Executor-thread-5" />
</exclusive-start>
<af-start id="2986" threadId="000000000074F1C0" totalBytesRequested="72" timestamp="2026-09-06T06:51:06.940" intervalms="87.811" type="nursery" />
<cycle-start id="2987" type="scavenge" contextid="0" timestamp="2026-09-06T06:51:06.940" intervalms="87.812" />
<gc-start id="2988" type="scavenge" contextid="2987" timestamp="2026-09-06T06:51:06.940">
  <mem-info id="2989" free="13165840" total="202964992" percent="6">
    <mem type="nursery" free="0" total="93716480" percent="0">
      <mem type="allocate" free="0" total="75169792" percent="0" />
      <mem type="survivor" free="0" total="18546688" percent="0" />
    </mem>
    <mem type="tenure" free="13165840" total="109248512" percent="12">
      <mem type="soa" free="12073232" total="108155904" percent="11" />
      <mem type="loa" free="1092608" total="1092608" percent="100" />
    </mem>
    <remembered-set count="2284" />
  </mem-info>
</gc-start>
<allocation-stats totalBytes="61252048" discardedBytes="5840" >
  <allocated-bytes non-tlh="32" tlh="61252016" />
  <largest-consumer threadName="Default Executor-thread-5" threadId="000000000074E700" bytes="61067728" />
</allocation-stats>
<gc-op id="2990" type="scavenge" timems="2.298" contextid="2987" timestamp="2026-09-06T06:51:06.943">
  <scavenger-info tenureage="4" tenuremask="7ff0" tiltratio="80" />
  <memory-copied type="nursery" objects="81899" bytes="8697896" bytesdiscarded="427104" />
  <memory-copied type="tenure" objects="16215" bytes="1032376" bytesdiscarded="672" />
  <finalization candidates="116" enqueued="94" />
  <ownableSynchronizers candidates="46" cleared="15" />
  <references type="soft" candidates="48" cleared="0" enqueued="0" dynamicThreshold="9" maxThreshold="32" />
  <references type="weak" candidates="179" cleared="68" enqueued="68" />
  <references type="phantom" candidates="164" cleared="0" enqueued="0" />
  <object-monitors candidates="138" cleared="0"  />
</gc-op>
<gc-end id="2991" type="scavenge" contextid="2987" durationms="2.529" usertimems="15.033" systemtimems="0.756" stalltimems="7.136" timestamp="2026-09-06T06:51:06.943" activeThreads="10">
  <mem-info id="2992" free="78952464" total="202964992" percent="38">
    <mem type="nursery" free="66694240" total="93716480" percent="71">
      <mem type="allocate" free="66694240" total="75825152" percent="87" />
      <mem type="survivor" free="0" total="17891328" percent="0" />
    </mem>
    <mem type="tenure" free="12258224" total="109248512" percent="11">
      <mem type="soa" free="11165616" total="108155904" percent="10" />
      <mem type="loa" free="1092608" total="1092608" percent="100" />
    </mem>
    <pending-finalizers system="0" default="94" reference="68" classloader="0" />
    <remembered-set count="2032" />
  </mem-info>
</gc-end>
<cycle-end id="2993" type="scavenge" contextid="2987" timestamp="2026-09-06T06:51:06.943" />
<allocation-satisfied id="2994" threadId="000000000074E700" bytesRequested="72" />
<af-end id="2995" timestamp="2026-09-06T06:51:06.943" threadId="000000000074F1C0" success="true" from="nursery"/>
<exclusive-end id="2996" timestamp="2026-09-06T06:51:06.943" durationms="3.264" />

<exclusive-start id="2997" timestamp="2026-09-06T06:51:06.999" intervalms="59.269">
  <response-info timems="0.018" idlems="0.018" threads="0" lastid="000000000074E700" lastname="Default Executor-thread-5" />
</exclusive-start>
<af-start id="2998" threadId="000000000074F1C0" totalBytesRequested="16" timestamp="2026-09-06T06:51:06.999" intervalms="59.273" type="nursery" />
<cycle-start id="2999" type="scavenge" contextid="0" timestamp="2026-09-06T06:51:06.999" intervalms="59.276" />
<gc-start id="3000" type="scavenge" contextid="2999" timestamp="2026-09-06T06:51:07.000">
  <mem-info id="3001" free="12256136" total="202964992" percent="6">
    <mem type="nursery" free="0" total="93716480" percent="0">
      <mem type="allocate" free="0" total="75825152" percent="0" />
      <mem type="survivor" free="0" total="17891328" percent="0" />
    </mem>
    <mem type="tenure" free="12256136" total="109248512" percent="11">
      <mem type="soa" free="11163528" total="108155904" percent="10" />
      <mem type="loa" free="1092608" total="1092608" percent="100" />
    </mem>
    <remembered-set count="2292" />
  </mem-info>
</gc-start>
<allocation-stats totalBytes="66685136" discardedBytes="11192" >
  <allocated-bytes non-tlh="2160" tlh="66682976" />
  <largest-consumer threadName="Default Executor-thread-5" threadId="000000000074E700" bytes="66578640" />
</allocation-stats>
<gc-op id="3002" type="scavenge" timems="2.038" contextid="2999" timestamp="2026-09-06T06:51:07.002">
  <scavenger-info tenureage="4" tenuremask="7ff0" tiltratio="80" />
  <memory-copied type="nursery" objects="64247" bytes="6618152" bytesdiscarded="486752" />
  <memory-copied type="tenure" objects="20662" bytes="2093872" bytesdiscarded="1936" />
  <finalization candidates="12" enqueued="2" />
  <ownableSynchronizers candidates="78" cleared="32" />
  <references type="weak" candidates="61" cleared="42" enqueued="42" />
  <references type="phantom" candidates="113" cleared="0" enqueued="0" />
  <object-monitors candidates="138" cleared="0"  />
</gc-op>
<gc-end id="3003" type="scavenge" contextid="2999" durationms="2.247" usertimems="14.298" systemtimems="0.261" stalltimems="5.828" timestamp="2026-09-06T06:51:07.002" activeThreads="10">
  <mem-info id="3004" free="80321400" total="202964992" percent="39">
    <mem type="nursery" free="70292744" total="93716480" percent="75">
      <mem type="allocate" free="70292744" total="77398016" percent="90" />
      <mem type="survivor" free="0" total="16318464" percent="0" />
    </mem>
    <mem type="tenure" free="10028656" total="109248512" percent="9">
      <mem type="soa" free="8936048" total="108155904" percent="8" />
      <mem type="loa" free="1092608" total="1092608" percent="100" />
    </mem>
    <pending-finalizers system="0" default="2" reference="42" classloader="0" />
    <remembered-set count="1422" />
  </mem-info>
</gc-end>
<cycle-end id="3005" type="scavenge" contextid="2999" timestamp="2026-09-06T06:51:07.002" />
<allocation-satisfied id="3006" threadId="000000000074E700" bytesRequested="16" />
<af-end id="3007" timestamp="2026-09-06T06:51:07.002" threadId="000000000074F1C0" success="true" from="nursery"/>
<exclusive-end id="3008" timestamp="2026-09-06T06:51:07.002" durationms="3.009" />

<concurrent-kickoff id="3009" timestamp="2026-09-06T06:51:07.076">
  <kickoff reason="threshold reached" targetBytes="55612872" thresholdFreeBytes="7646433"  remainingFree="6984952" tenureFreeBytes="10020040" nurseryFreeBytes="6984952" />
</concurrent-kickoff>
<exclusive-start id="3010" timestamp="2026-09-06T06:51:07.076" intervalms="77.126">
  <response-info timems="0.018" idlems="0.018" threads="0" lastid="000000000074E700" lastname="Default Executor-thread-5" />
</exclusive-start>
<cycle-start id="3011" type="global" contextid="0" timestamp="2026-09-06T06:51:07.076" intervalms="750.482" />
<concurrent-start id="3012" type="global mark" contextid="3011" timestamp="2026-09-06T06:51:07.076">
</concurrent-start>
<exclusive-end id="3013" timestamp="2026-09-06T06:51:07.076" durationms="0.136" />

<exclusive-start id="3014" timestamp="2026-09-06T06:51:07.127" intervalms="50.501">
  <response-info timems="0.016" idlems="0.016" threads="0" lastid="000000000074E700" lastname="Default Executor-thread-5" />
</exclusive-start>
<af-start id="3015" threadId="000000000074F1C0" totalBytesRequested="24" timestamp="2026-09-06T06:51:07.127" intervalms="127.638" type="nursery" />
<cycle-start id="3016" type="scavenge" contextid="0" timestamp="2026-09-06T06:51:07.127" intervalms="127.645" />
<gc-start id="3017" type="scavenge" contextid="3016" timestamp="2026-09-06T06:51:07.127">
  <mem-info id="3018" free="10019832" total="202964992" percent="4">
    <mem type="nursery" free="0" total="93716480" percent="0">
      <mem type="allocate" free="0" total="77398016" percent="0" />
      <mem type="survivor" free="0" total="16318464" percent="0" />
    </mem>
    <mem type="tenure" free="10019832" total="109248512" percent="9">
      <mem type="soa" free="8927224" total="108155904" percent="8" />
      <mem type="loa" free="1092608" total="1092608" percent="100" />
    </mem>
    <remembered-set count="1971" />
  </mem-info>
</gc-start>
<allocation-stats totalBytes="70295208" discardedBytes="6360" >
  <allocated-bytes non-tlh="8840" tlh="70286368" />
  <largest-consumer threadName="Default Executor-thread-5" threadId="000000000074E700" bytes="70205128" />
</allocation-stats>
<gc-op id="3019" type="scavenge" timems="2.370" contextid="3016" timestamp="2026-09-06T06:51:07.130">
  <scavenger-info tenureage="5" tenuremask="7fe0" tiltratio="82" />
  <memory-copied type="nursery" objects="93885" bytes="7271528" bytesdiscarded="169424" />
  <finalization candidates="579" enqueued="579" />
  <ownableSynchronizers candidates="67" cleared="26" />
  <references type="soft" candidates="75" cleared="0" enqueued="0" dynamicThreshold="9" maxThreshold="32" />
  <references type="weak" candidates="271" cleared="237" enqueued="237" />
  <references type="phantom" candidates="659" cleared="576" enqueued="576" />
  <object-monitors candidates="138" cleared="0"  />
</gc-op>
<gc-end id="3020" type="scavenge" contextid="3016" durationms="2.591" usertimems="16.349" systemtimems="0.701" stalltimems="6.592" timestamp="2026-09-06T06:51:07.130" activeThreads="10">
  <mem-info id="3021" free="81388328" total="202964992" percent="40">
    <mem type="nursery" free="71368496" total="93716480" percent="76">
      <mem type="allocate" free="71368496" total="78839808" percent="90" />
      <mem type="survivor" free="0" total="14876672" percent="0" />
    </mem>
    <mem type="tenure" free="10019832" total="109248512" percent="9">
      <mem type="soa" free="8927224" total="108155904" percent="8" />
      <mem type="loa" free="1092608" total="1092608" percent="100" />
    </mem>
    <pending-finalizers system="3" default="576" reference="813" classloader="0" />
    <remembered-set count="1879" />
  </mem-info>
</gc-end>
<cycle-end id="3022" type="scavenge" contextid="3016" timestamp="2026-09-06T06:51:07.130" />
<allocation-satisfied id="3023" threadId="000000000074E700" bytesRequested="24" />
<af-end id="3024" timestamp="2026-09-06T06:51:07.130" threadId="000000000074F1C0" success="true" from="nursery"/>
<exclusive-end id="3025" timestamp="2026-09-06T06:51:07.130" durationms="3.365" />

<concurrent-end id="3026" type="global mark" contextid="3011" timestamp="2026-09-06T06:51:07.130">
<gc-op id="3027" type="trace" timems="53.828" contextid="3011" timestamp="2026-09-06T06:51:07.130">
  <trace bytesTraced="60850340" workStackOverflowCount="0" />
  <card-cleaning reason="card cleaning threshold reached" bytesTraced="56692" cardsCleaned="136" />
</gc-op>
</concurrent-end>

<exclusive-start id="3028" timestamp="2026-09-06T06:51:07.130" intervalms="3.535">
  <response-info timems="0.018" idlems="0.018" threads="0" lastid="000000000074E700" lastname="Default Executor-thread-5" />
</exclusive-start>
<concurrent-global-final id="3029" timestamp="2026-09-06T06:51:07.130" contextid="3011" intervalms="1754.613" >
  <concurrent-trace-info reason="card cleaning threshold reached" tracedByMutators="23029988" tracedByHelpers="37877044" cardsCleaned="136" workStackOverflowCount="0" />
</concurrent-global-final>
<gc-start id="3030" type="global" contextid="3011" timestamp="2026-09-06T06:51:07.130">
  <mem-info id="3031" free="80909072" total="202964992" percent="39">
    <mem type="nursery" free="70889240" total="93716480" percent="75">
      <mem type="allocate" free="70889240" total="78839808" percent="89" />
      <mem type="survivor" free="0" total="14876672" percent="0" />
    </mem>
    <mem type="tenure" free="10019832" total="109248512" percent="9">
      <mem type="soa" free="8927224" total="108155904" percent="8" />
      <mem type="loa" free="1092608" total="1092608" percent="100" />
    </mem>
    <pending-finalizers system="3" default="576" reference="684" classloader="0" />
    <remembered-set count="1880" />
  </mem-info>
</gc-start>
<allocation-stats totalBytes="479256" discardedBytes="0" >
  <allocated-bytes non-tlh="24" tlh="479232" />
  <largest-consumer threadName="Default Executor-thread-5" threadId="000000000074E700" bytes="479256" />
</allocation-stats>
<gc-op id="3032" type="rs-scan" timems="1.381" contextid="3011" timestamp="2026-09-06T06:51:07.132">
  <scan objectsFound="70912" bytesTraced="6309536" workStackOverflowCount="0" />
</gc-op>
<gc-op id="3033" type="card-cleaning" timems="0.245" contextid="3011" timestamp="2026-09-06T06:51:07.132">
  <card-cleaning cardsCleaned="135" bytesTraced="124400" workStackOverflowCount="0" />
</gc-op>
<gc-op id="3034" type="mark" timems="4.090" contextid="3011" timestamp="2026-09-06T06:51:07.136">
  <trace-info objectcount="30490" scancount="23545" scanbytes="721620" />
  <finalization candidates="1789" enqueued="0" />
  <ownableSynchronizers candidates="9102" cleared="73" />
  <references type="soft" candidates="15340" cleared="0" enqueued="0" dynamicThreshold="9" maxThreshold="32" />
  <references type="weak" candidates="18245" cleared="2" enqueued="2" />
  <references type="phantom" candidates="370" cleared="0" enqueued="0" />
  <stringconstants candidates="44390" cleared="19"  />
  <object-monitors candidates="138" cleared="13"  />
</gc-op>
<gc-op id="3035" type="classunload" timems="1.077" contextid="3011" timestamp="2026-09-06T06:51:07.137">
  <classunload-info classloadercandidates="395" classloadersunloaded="1" classesunloaded="2" anonymousclassesunloaded="1" quiescems="0.000" setupms="1.056" scanms="0.014" postms="0.006" />
</gc-op>
<gc-op id="3036" type="sweep" timems="0.632" contextid="3011" timestamp="2026-09-06T06:51:07.138" />
<heap-resize id="3037" type="expand" space="tenure" amount="18677760" count="1" timems="0.072" reason="insufficient free space following gc" timestamp="2026-09-06T06:51:07.138" />
<gc-end id="3038" type="global" contextid="3011" durationms="7.970" usertimems="36.939" systemtimems="3.320" stalltimems="19.624" timestamp="2026-09-06T06:51:07.138" activeThreads="10">
  <mem-info id="3039" free="110111656" total="221642752" percent="49">
    <mem type="nursery" free="71728600" total="93716480" percent="76">
      <mem type="allocate" free="71728600" total="78839808" percent="90" />
      <mem type="survivor" free="0" total="14876672" percent="0" />
    </mem>
    <mem type="tenure" free="38383056" total="127926272" percent="30" micro-fragmented="2712122" macro-fragmented="0">
      <mem type="soa" free="37103056" total="126646272" percent="29" />
      <mem type="loa" free="1280000" total="1280000" percent="100" />
    </mem>
    <pending-finalizers system="3" default="576" reference="686" classloader="0" />
    <remembered-set count="1639" />
  </mem-info>
</gc-end>
<cycle-end id="3040" type="global" contextid="3011" timestamp="2026-09-06T06:51:07.138" />
<exclusive-end id="3041" timestamp="2026-09-06T06:51:07.139" durationms="8.278" />

<exclusive-start id="3042" timestamp="2026-09-06T06:51:07.396" intervalms="265.947">
  <response-info timems="0.017" idlems="0.017" threads="0" lastid="000000000074E700" lastname="Default Executor-thread-5" />
</exclusive-start>
<af-start id="3043" threadId="000000000074F1C0" totalBytesRequested="24" timestamp="2026-09-06T06:51:07.396" intervalms="269.476" type="nursery" />
<cycle-start id="3044" type="scavenge" contextid="0" timestamp="2026-09-06T06:51:07.396" intervalms="269.476" />
<gc-start id="3045" type="scavenge" contextid="3044" timestamp="2026-09-06T06:51:07.397">
  <mem-info id="3046" free="38356008" total="221642752" percent="17">
    <mem type="nursery" free="0" total="93716480" percent="0">
      <mem type="allocate" free="0" total="78839808" percent="0" />
      <mem type="survivor" free="0" total="14876672" percent="0" />
    </mem>
    <mem type="tenure" free="38356008" total="127926272" percent="29">
      <mem type="soa" free="37076008" total="126646272" percent="29" />
      <mem type="loa" free="1280000" total="1280000" percent="100" />
    </mem>
    <remembered-set count="2795" />
  </mem-info>
</gc-start>
<allocation-stats totalBytes="71727152" discardedBytes="16560" >
  <allocated-bytes non-tlh="15112" tlh="71712040" />
  <largest-consumer threadName="Default Executor-thread-5" threadId="000000000074E700" bytes="47033088" />
</allocation-stats>
<gc-op id="3047" type="scavenge" timems="3.335" contextid="3044" timestamp="2026-09-06T06:51:07.400">
  <scavenger-info tenureage="6" tenuremask="7fc0" tiltratio="84" />
  <memory-copied type="nursery" objects="177290" bytes="9558160" bytesdiscarded="223128" />
  <finalization candidates="16" enqueued="16" />
  <ownableSynchronizers candidates="27971" cleared="27855" />
  <references type="soft" candidates="160" cleared="0" enqueued="0" dynamicThreshold="9" maxThreshold="32" />
  <references type="weak" candidates="417" cleared="240" enqueued="240" />
  <references type="phantom" candidates="88" cleared="0" enqueued="0" />
  <object-monitors candidates="131" cleared="0"  />
</gc-op>
<gc-end id="3048" type="scavenge" contextid="3044" durationms="3.580" usertimems="23.175" systemtimems="2.261" stalltimems="8.187" timestamp="2026-09-06T06:51:07.400" activeThreads="10">
  <mem-info id="3049" free="107664232" total="221642752" percent="48">
    <mem type="nursery" free="69308224" total="93716480" percent="73">
      <mem type="allocate" free="69308224" total="79101952" percent="87" />
      <mem type="survivor" free="0" total="14614528" percent="0" />
    </mem>
    <mem type="tenure" free="38356008" total="127926272" percent="29">
      <mem type="soa" free="37076008" total="126646272" percent="29" />
      <mem type="loa" free="1280000" total="1280000" percent="100" />
    </mem>
    <pending-finalizers system="8" default="8" reference="240" classloader="0" />
    <remembered-set count="2107" />
  </mem-info>
</gc-end>
<cycle-end id="3050" type="scavenge" contextid="3044" timestamp="2026-09-06T06:51:07.400" />
<allocation-satisfied id="3051" threadId="000000000074E700" bytesRequested="24" />
<af-end id="3052" timestamp="2026-09-06T06:51:07.401" threadId="000000000074F1C0" success="true" from="nursery"/>
<exclusive-end id="3053" timestamp="2026-09-06T06:51:07.401" durationms="4.372" />

<exclusive-start id="3054" timestamp="2026-09-06T06:51:07.600" intervalms="203.748">
  <response-info timems="0.019" idlems="0.019" threads="0" lastid="0000000000728900" lastname="Default Executor-thread-1" />
</exclusive-start>
<af-start id="3055" threadId="00000000007293C0" totalBytesRequested="200" timestamp="2026-09-06T06:51:07.600" intervalms="203.748" type="nursery" />
<cycle-start id="3056" type="scavenge" contextid="0" timestamp="2026-09-06T06:51:07.600" intervalms="203.740" />
<gc-start id="3057" type="scavenge" contextid="3056" timestamp="2026-09-06T06:51:07.600">
  <mem-info id="3058" free="38156776" total="221642752" percent="17">
    <mem type="nursery" free="0" total="93716480" percent="0">
      <mem type="allocate" free="0" total="79101952" percent="0" />
      <mem type="survivor" free="0" total="14614528" percent="0" />
    </mem>
    <mem type="tenure" free="38156776" total="127926272" percent="29">
      <mem type="soa" free="36876776" total="126646272" percent="29" />
      <mem type="loa" free="1280000" total="1280000" percent="100" />
    </mem>
    <remembered-set count="6730" />
  </mem-info>
</gc-start>
<allocation-stats totalBytes="69461608" discardedBytes="38848" >
  <allocated-bytes non-tlh="376440" tlh="69085168" />
  <largest-consumer threadName="Default Executor-thread-2" threadId="000000000074C200" bytes="54797760" />
</allocation-stats>
<gc-op id="3059" type="scavenge" timems="3.218" contextid="3056" timestamp="2026-09-06T06:51:07.604">
  <scavenger-info tenureage="6" tenuremask="7fc0" tiltratio="84" />
  <memory-copied type="nursery" objects="136287" bytes="8985552" bytesdiscarded="121064" />
  <memory-copied type="tenure" objects="15810" bytes="1159992" bytesdiscarded="22400" />
  <finalization candidates="551" enqueued="540" />
  <ownableSynchronizers candidates="1293" cleared="1134" />
  <references type="soft" candidates="369" cleared="0" enqueued="0" dynamicThreshold="9" maxThreshold="32" />
  <references type="weak" candidates="1503" cleared="1119" enqueued="1109" />
  <references type="phantom" candidates="568" cleared="432" enqueued="432" />
  <object-monitors candidates="132" cleared="4"  />
</gc-op>
<gc-end id="3060" type="scavenge" contextid="3056" durationms="3.452" usertimems="21.833" systemtimems="1.634" stalltimems="9.111" timestamp="2026-09-06T06:51:07.604" activeThreads="10">
  <mem-info id="3061" free="107403576" total="221642752" percent="48">
    <mem type="nursery" free="70752928" total="93716480" percent="75">
      <mem type="allocate" free="70752928" total="79888384" percent="88" />
      <mem type="survivor" free="0" total="13828096" percent="0" />
    </mem>
    <mem type="tenure" free="36650648" total="127926272" percent="28">
      <mem type="soa" free="35370648" total="126646272" percent="27" />
      <mem type="loa" free="1280000" total="1280000" percent="100" />
    </mem>
    <pending-finalizers system="89" default="451" reference="1541" classloader="0" />
    <remembered-set count="7300" />
  </mem-info>
</gc-end>
<cycle-end id="3062" type="scavenge" contextid="3056" timestamp="2026-09-06T06:51:07.604" />
<allocation-satisfied id="3063" threadId="0000000000728900" bytesRequested="200" />
<af-end id="3064" timestamp="2026-09-06T06:51:07.604" threadId="00000000007293C0" success="true" from="nursery"/>
<exclusive-end id="3065" timestamp="2026-09-06T06:51:07.604" durationms="4.207" />

<exclusive-start id="3066" timestamp="2026-09-06T06:52:31.124" intervalms="83524.462">
  <response-info timems="0.092" idlems="0.092" threads="0" lastid="00000000015A9300" lastname="Default Executor-thread-65" />
</exclusive-start>
<af-start id="3067" threadId="00000000015A9DC0" totalBytesRequested="24" timestamp="2026-09-06T06:52:31.127" intervalms="83526.977" type="nursery" />
<cycle-start id="3068" type="scavenge" contextid="0" timestamp="2026-09-06T06:52:31.127" intervalms="83527.277" />
<gc-start id="3069" type="scavenge" contextid="3068" timestamp="2026-09-06T06:52:31.128">
  <mem-info id="3070" free="36534408" total="221642752" percent="16">
    <mem type="nursery" free="0" total="93716480" percent="0">
      <mem type="allocate" free="0" total="79888384" percent="0" />
      <mem type="survivor" free="0" total="13828096" percent="0" />
    </mem>
    <mem type="tenure" free="36534408" total="127926272" percent="28">
      <mem type="soa" free="35254408" total="126646272" percent="27" />
      <mem type="loa" free="1280000" total="1280000" percent="100" />
    </mem>
    <remembered-set count="30038" />
  </mem-info>
</gc-start>
<allocation-stats totalBytes="70794880" discardedBytes="67880" >
  <allocated-bytes non-tlh="763592" tlh="70031288" />
  <largest-consumer threadName="Active Thread: Equinox Container: 6067a48d-7b8f-47e3-87ea-0c1144ca6b94" threadId="000000000049D400" bytes="6641640" />
</allocation-stats>
<gc-op id="3071" type="scavenge" timems="8.296" contextid="3068" timestamp="2026-09-06T06:52:31.137">
  <scavenger-info tenureage="6" tenuremask="7fc0" tiltratio="85" />
  <memory-copied type="nursery" objects="154235" bytes="7280744" bytesdiscarded="211624" />
  <memory-copied type="tenure" objects="21290" bytes="1863272" bytesdiscarded="12304" />
  <finalization candidates="106" enqueued="82" />
  <ownableSynchronizers candidates="6302" cleared="6054" />
  <references type="soft" candidates="711" cleared="0" enqueued="0" dynamicThreshold="9" maxThreshold="32" />
  <references type="weak" candidates="1635" cleared="765" enqueued="759" />
  <references type="phantom" candidates="149" cleared="0" enqueued="0" />
  <object-monitors candidates="237" cleared="88"  />
</gc-op>
<gc-end id="3072" type="scavenge" contextid="3068" durationms="35.221" usertimems="49.331" systemtimems="7.304" stalltimems="11.963" timestamp="2026-09-06T06:52:31.163" activeThreads="10">
  <mem-info id="3073" free="107743360" total="221642752" percent="48">
    <mem type="nursery" free="73041624" total="93716480" percent="77">
      <mem type="allocate" free="73041624" total="80543744" percent="90" />
      <mem type="survivor" free="0" total="13172736" percent="0" />
    </mem>
    <mem type="tenure" free="34701736" total="127926272" percent="27" macro-fragmented="0">
      <mem type="soa" free="33421736" total="126646272" percent="26" />
      <mem type="loa" free="1280000" total="1280000" percent="100" />
    </mem>
    <pending-finalizers system="62" default="20" reference="759" classloader="0" />
    <remembered-set count="26885" />
  </mem-info>
</gc-end>
<cycle-end id="3074" type="scavenge" contextid="3068" timestamp="2026-09-06T06:52:31.164" />
<allocation-satisfied id="3075" threadId="00000000015A9300" bytesRequested="24" />
<af-end id="3076" timestamp="2026-09-06T06:52:31.164" threadId="00000000015A9DC0" success="true" from="nursery"/>
<exclusive-end id="3077" timestamp="2026-09-06T06:52:31.164" durationms="40.221" />

<exclusive-start id="3078" timestamp="2026-09-06T06:54:09.168" intervalms="98043.840">
  <response-info timems="0.022" idlems="0.022" threads="0" lastid="000000000074DB00" lastname="Default Executor-thread-147" />
</exclusive-start>
<af-start id="3079" threadId="000000000074E5C0" totalBytesRequested="21504" timestamp="2026-09-06T06:54:09.168" intervalms="98041.297" type="nursery" />
<cycle-start id="3080" type="scavenge" contextid="0" timestamp="2026-09-06T06:54:09.168" intervalms="98041.006" />
<gc-start id="3081" type="scavenge" contextid="3080" timestamp="2026-09-06T06:54:09.168">
  <mem-info id="3082" free="34500400" total="221642752" percent="15">
    <mem type="nursery" free="0" total="93716480" percent="0">
      <mem type="allocate" free="0" total="80543744" percent="0" />
      <mem type="survivor" free="0" total="13172736" percent="0" />
    </mem>
    <mem type="tenure" free="34500400" total="127926272" percent="26">
      <mem type="soa" free="33220400" total="126646272" percent="26" />
      <mem type="loa" free="1280000" total="1280000" percent="100" />
    </mem>
    <remembered-set count="29943" />
  </mem-info>
</gc-start>
<allocation-stats totalBytes="72888064" discardedBytes="342408" >
  <allocated-bytes non-tlh="3208768" tlh="69679296" />
  <largest-consumer threadName="Default Executor-thread-147" threadId="000000000074DB00" bytes="18863168" />
</allocation-stats>
<gc-op id="3083" type="scavenge" timems="3.622" contextid="3080" timestamp="2026-09-06T06:54:09.172">
  <scavenger-info tenureage="7" tenuremask="7f80" tiltratio="85" />
  <memory-copied type="nursery" objects="171094" bytes="8749080" bytesdiscarded="135936" />
  <finalization candidates="103" enqueued="75" />
  <ownableSynchronizers candidates="7359" cleared="7100" />
  <references type="soft" candidates="858" cleared="0" enqueued="0" dynamicThreshold="9" maxThreshold="32" />
  <references type="weak" candidates="2041" cleared="749" enqueued="746" />
  <references type="phantom" candidates="227" cleared="0" enqueued="0" />
  <object-monitors candidates="259" cleared="110"  />
</gc-op>
<gc-end id="3084" type="scavenge" contextid="3080" durationms="13.557" usertimems="28.395" systemtimems="1.481" stalltimems="7.448" timestamp="2026-09-06T06:54:09.182" activeThreads="10">
  <mem-info id="3085" free="106476224" total="221642752" percent="48">
    <mem type="nursery" free="71975824" total="93716480" percent="76">
      <mem type="allocate" free="71975824" total="80871424" percent="89" />
      <mem type="survivor" free="0" total="12845056" percent="0" />
    </mem>
    <mem type="tenure" free="34500400" total="127926272" percent="26" macro-fragmented="10485760">
      <mem type="soa" free="33220400" total="126646272" percent="26" />
      <mem type="loa" free="1280000" total="1280000" percent="100" />
    </mem>
    <pending-finalizers system="75" default="0" reference="746" classloader="0" />
    <remembered-set count="27860" />
  </mem-info>
</gc-end>
<cycle-end id="3086" type="scavenge" contextid="3080" timestamp="2026-09-06T06:54:09.182" />
<allocation-satisfied id="3087" threadId="000000000074DB00" bytesRequested="21504" />
<af-end id="3088" timestamp="2026-09-06T06:54:09.182" threadId="000000000074E5C0" success="true" from="nursery"/>
<exclusive-end id="3089" timestamp="2026-09-06T06:54:09.182" durationms="14.454" />

<exclusive-start id="3090" timestamp="2026-09-06T06:54:10.214" intervalms="1045.904">
  <response-info timems="0.026" idlems="0.026" threads="0" lastid="0000000000532200" lastname="Default Executor-thread-136" />
</exclusive-start>
<af-start id="3091" threadId="0000000000532CC0" totalBytesRequested="32" timestamp="2026-09-06T06:54:10.214" intervalms="1045.917" type="nursery" />
<cycle-start id="3092" type="scavenge" contextid="0" timestamp="2026-09-06T06:54:10.214" intervalms="1045.913" />
<gc-start id="3093" type="scavenge" contextid="3092" timestamp="2026-09-06T06:54:10.214">
  <mem-info id="3094" free="34301904" total="221642752" percent="15">
    <mem type="nursery" free="0" total="93716480" percent="0">
      <mem type="allocate" free="0" total="80871424" percent="0" />
      <mem type="survivor" free="0" total="12845056" percent="0" />
    </mem>
    <mem type="tenure" free="34301904" total="127926272" percent="26">
      <mem type="soa" free="33021904" total="126646272" percent="26" />
      <mem type="loa" free="1280000" total="1280000" percent="100" />
    </mem>
    <remembered-set count="30676" />
  </mem-info>
</gc-start>
<allocation-stats totalBytes="72096712" discardedBytes="73992" >
  <allocated-bytes non-tlh="2752744" tlh="69343968" />
  <largest-consumer threadName="Default Executor-thread-147" threadId="000000000074DB00" bytes="57828976" />
</allocation-stats>
<gc-op id="3095" type="scavenge" timems="3.574" contextid="3092" timestamp="2026-09-06T06:54:10.218">
  <scavenger-info tenureage="5" tenuremask="7fa0" tiltratio="86" />
  <memory-copied type="nursery" objects="191930" bytes="9513720" bytesdiscarded="284128" />
  <memory-copied type="tenure" objects="21128" bytes="1959032" bytesdiscarded="31912" />
  <finalization candidates="252" enqueued="132" />
  <ownableSynchronizers candidates="423" cleared="140" />
  <references type="soft" candidates="1077" cleared="0" enqueued="0" dynamicThreshold="9" maxThreshold="32" />
  <references type="weak" candidates="2383" cleared="748" enqueued="747" />
  <references type="phantom" candidates="234" cleared="0" enqueued="0" />
  <object-monitors candidates="204" cleared="45"  />
</gc-op>
<gc-end id="3096" type="scavenge" contextid="3092" durationms="6.903" usertimems="26.906" systemtimems="3.282" stalltimems="7.250" timestamp="2026-09-06T06:54:10.221" activeThreads="10">
  <mem-info id="3097" free="103689368" total="221642752" percent="46">
    <mem type="nursery" free="71262464" total="93716480" percent="76">
      <mem type="allocate" free="71262464" total="81068032" percent="87" />
      <mem type="survivor" free="0" total="12648448" percent="0" />
    </mem>
    <mem type="tenure" free="32426904" total="127926272" percent="25" macro-fragmented="20971520">
      <mem type="soa" free="31146904" total="126646272" percent="24" />
      <mem type="loa" free="1280000" total="1280000" percent="100" />
    </mem>
    <pending-finalizers system="132" default="0" reference="747" classloader="0" />
    <remembered-set count="29572" />
  </mem-info>
</gc-end>
<cycle-end id="3098" type="scavenge" contextid="3092" timestamp="2026-09-06T06:54:10.221" />
<allocation-satisfied id="3099" threadId="0000000000532200" bytesRequested="32" />
<af-end id="3100" timestamp="2026-09-06T06:54:10.222" threadId="0000000000532CC0" success="true" from="nursery"/>
<exclusive-end id="3101" timestamp="2026-09-06T06:54:10.222" durationms="7.828" />

<exclusive-start id="3102" timestamp="2026-09-06T06:54:10.374" intervalms="159.837">
  <response-info timems="0.030" idlems="0.030" threads="0" lastid="00000000014FCF00" lastname="Default Executor-thread-199" />
</exclusive-start>
<af-start id="3103" threadId="00000000014FD9C0" totalBytesRequested="80" timestamp="2026-09-06T06:54:10.374" intervalms="159.848" type="nursery" />
<cycle-start id="3104" type="scavenge" contextid="0" timestamp="2026-09-06T06:54:10.374" intervalms="159.842" />
<gc-start id="3105" type="scavenge" contextid="3104" timestamp="2026-09-06T06:54:10.374">
  <mem-info id="3106" free="32296784" total="221642752" percent="14">
    <mem type="nursery" free="0" total="93716480" percent="0">
      <mem type="allocate" free="0" total="81068032" percent="0" />
      <mem type="survivor" free="0" total="12648448" percent="0" />
    </mem>
    <mem type="tenure" free="32296784" total="127926272" percent="25">
      <mem type="soa" free="31016784" total="126646272" percent="24" />
      <mem type="loa" free="1280000" total="1280000" percent="100" />
    </mem>
    <remembered-set count="31490" />
  </mem-info>
</gc-start>
<allocation-stats totalBytes="71350944" discardedBytes="40920" >
  <allocated-bytes non-tlh="129432" tlh="71221512" />
  <largest-consumer threadName="Default Executor-thread-199" threadId="00000000014FCF00" bytes="40129912" />
</allocation-stats>
<gc-op id="3107" type="scavenge" timems="3.304" contextid="3104" timestamp="2026-09-06T06:54:10.378">
  <scavenger-info tenureage="5" tenuremask="7fa0" tiltratio="86" />
  <memory-copied type="nursery" objects="138399" bytes="7189504" bytesdiscarded="546672" />
  <memory-copied type="tenure" objects="49032" bytes="1991128" bytesdiscarded="5920" />
  <finalization candidates="502" enqueued="374" />
  <ownableSynchronizers candidates="392" cleared="45" />
  <references type="soft" candidates="1240" cleared="0" enqueued="0" dynamicThreshold="9" maxThreshold="32" />
  <references type="weak" candidates="2786" cleared="776" enqueued="773" />
  <references type="phantom" candidates="226" cleared="0" enqueued="0" />
  <object-monitors candidates="214" cleared="44"  />
</gc-op>
<gc-end id="3108" type="scavenge" contextid="3104" durationms="3.710" usertimems="22.439" systemtimems="4.569" stalltimems="5.883" timestamp="2026-09-06T06:54:10.378" activeThreads="10">
  <mem-info id="3109" free="103794480" total="221642752" percent="46">
    <mem type="nursery" free="73719288" total="93716480" percent="78">
      <mem type="allocate" free="73719288" total="81461248" percent="90" />
      <mem type="survivor" free="0" total="12255232" percent="0" />
    </mem>
    <mem type="tenure" free="30075192" total="127926272" percent="23" macro-fragmented="10485760">
      <mem type="soa" free="28795192" total="126646272" percent="22" />
      <mem type="loa" free="1280000" total="1280000" percent="100" />
    </mem>
    <pending-finalizers system="374" default="0" reference="773" classloader="0" />
    <remembered-set count="28501" />
  </mem-info>
</gc-end>
<cycle-end id="3110" type="scavenge" contextid="3104" timestamp="2026-09-06T06:54:10.378" />
<allocation-satisfied id="3111" threadId="00000000014FCF00" bytesRequested="80" />
<af-end id="3112" timestamp="2026-09-06T06:54:10.378" threadId="00000000014FD9C0" success="true" from="nursery"/>
<exclusive-end id="3113" timestamp="2026-09-06T06:54:10.378" durationms="4.676" />

<exclusive-start id="3114" timestamp="2026-09-06T06:54:10.476" intervalms="102.175">
  <response-info timems="0.025" idlems="0.025" threads="0" lastid="00000000014EC200" lastname="Default Executor-thread-207" />
</exclusive-start>
<af-start id="3115" threadId="00000000014ECCC0" totalBytesRequested="16" timestamp="2026-09-06T06:54:10.476" intervalms="102.179" type="nursery" />
<cycle-start id="3116" type="scavenge" contextid="0" timestamp="2026-09-06T06:54:10.476" intervalms="102.184" />
<gc-start id="3117" type="scavenge" contextid="3116" timestamp="2026-09-06T06:54:10.476">
  <mem-info id="3118" free="30061320" total="221642752" percent="13">
    <mem type="nursery" free="0" total="93716480" percent="0">
      <mem type="allocate" free="0" total="81461248" percent="0" />
      <mem type="survivor" free="0" total="12255232" percent="0" />
    </mem>
    <mem type="tenure" free="30061320" total="127926272" percent="23">
      <mem type="soa" free="28781320" total="126646272" percent="22" />
      <mem type="loa" free="1280000" total="1280000" percent="100" />
    </mem>
    <remembered-set count="29061" />
  </mem-info>
</gc-start>
<allocation-stats totalBytes="73707616" discardedBytes="24840" >
  <allocated-bytes non-tlh="13248" tlh="73694368" />
  <largest-consumer threadName="Default Executor-thread-212" threadId="0000000001544900" bytes="43191352" />
</allocation-stats>
<gc-op id="3119" type="scavenge" timems="3.224" contextid="3116" timestamp="2026-09-06T06:54:10.480">
  <scavenger-info tenureage="8" tenuremask="7f00" tiltratio="86" />
  <memory-copied type="nursery" objects="157972" bytes="7850560" bytesdiscarded="291568" />
  <finalization candidates="163" enqueued="15" />
  <ownableSynchronizers candidates="480" cleared="61" />
  <references type="soft" candidates="1449" cleared="0" enqueued="0" dynamicThreshold="9" maxThreshold="32" />
  <references type="weak" candidates="2514" cleared="268" enqueued="262" />
  <references type="phantom" candidates="222" cleared="0" enqueued="0" />
  <object-monitors candidates="172" cleared="0"  />
</gc-op>
<gc-end id="3120" type="scavenge" contextid="3116" durationms="3.517" usertimems="21.884" systemtimems="1.412" stalltimems="7.469" timestamp="2026-09-06T06:54:10.480" activeThreads="10">
  <mem-info id="3121" free="103832248" total="221642752" percent="46">
    <mem type="nursery" free="73770928" total="93716480" percent="78">
      <mem type="allocate" free="73770928" total="81920000" percent="90" />
      <mem type="survivor" free="0" total="11796480" percent="0" />
    </mem>
    <mem type="tenure" free="30061320" total="127926272" percent="23" macro-fragmented="20971520">
      <mem type="soa" free="28781320" total="126646272" percent="22" />
      <mem type="loa" free="1280000" total="1280000" percent="100" />
    </mem>
    <pending-finalizers system="15" default="0" reference="262" classloader="0" />
    <remembered-set count="26889" />
  </mem-info>
</gc-end>
<cycle-end id="3122" type="scavenge" contextid="3116" timestamp="2026-09-06T06:54:10.480" />
<allocation-satisfied id="3123" threadId="00000000014EC200" bytesRequested="16" />
<af-end id="3124" timestamp="2026-09-06T06:54:10.480" threadId="00000000014ECCC0" success="true" from="nursery"/>
<exclusive-end id="3125" timestamp="2026-09-06T06:54:10.480" durationms="4.605" />

<exclusive-start id="3126" timestamp="2026-09-06T06:56:03.860" intervalms="113385.033">
  <response-info timems="0.079" idlems="0.079" threads="0" lastid="0000000000DEFB00" lastname="Timer-7" />
</exclusive-start>
<af-start id="3127" threadId="0000000000DF05C0" totalBytesRequested="1440" timestamp="2026-09-06T06:56:03.861" intervalms="113385.343" type="nursery" />
<cycle-start id="3128" type="scavenge" contextid="0" timestamp="2026-09-06T06:56:03.861" intervalms="113385.497" />
<gc-start id="3129" type="scavenge" contextid="3128" timestamp="2026-09-06T06:56:03.862">
  <mem-info id="3130" free="30058680" total="221642752" percent="13">
    <mem type="nursery" free="0" total="93716480" percent="0">
      <mem type="allocate" free="0" total="81920000" percent="0" />
      <mem type="survivor" free="0" total="11796480" percent="0" />
    </mem>
    <mem type="tenure" free="30058680" total="127926272" percent="23">
      <mem type="soa" free="28778680" total="126646272" percent="22" />
      <mem type="loa" free="1280000" total="1280000" percent="100" />
    </mem>
    <remembered-set count="27070" />
  </mem-info>
</gc-start>
<allocation-stats totalBytes="73715512" discardedBytes="57312" >
  <allocated-bytes non-tlh="548224" tlh="73167288" />
  <largest-consumer threadName="Timer-7" threadId="0000000000DEFB00" bytes="12315024" />
</allocation-stats>
<gc-op id="3131" type="scavenge" timems="4.819" contextid="3128" timestamp="2026-09-06T06:56:03.867">
  <scavenger-info tenureage="9" tenuremask="7e00" tiltratio="87" />
  <memory-copied type="nursery" objects="133388" bytes="5776376" bytesdiscarded="523152" />
  <finalization candidates="158" enqueued="4" />
  <ownableSynchronizers candidates="8640" cleared="8220" />
  <references type="soft" candidates="1461" cleared="0" enqueued="0" dynamicThreshold="9" maxThreshold="32" />
  <references type="weak" candidates="2000" cleared="117" enqueued="115" />
  <references type="phantom" candidates="215" cleared="0" enqueued="0" />
  <object-monitors candidates="302" cleared="120"  />
</gc-op>
<gc-end id="3132" type="scavenge" contextid="3128" durationms="12.431" usertimems="30.376" systemtimems="1.968" stalltimems="14.592" timestamp="2026-09-06T06:56:03.874" activeThreads="10">
  <mem-info id="3133" free="106262232" total="221642752" percent="47">
    <mem type="nursery" free="76203552" total="93716480" percent="81">
      <mem type="allocate" free="76203552" total="82509824" percent="92" />
      <mem type="survivor" free="0" total="11206656" percent="0" />
    </mem>
    <mem type="tenure" free="30058680" total="127926272" percent="23" macro-fragmented="14680064">
      <mem type="soa" free="28778680" total="126646272" percent="22" />
      <mem type="loa" free="1280000" total="1280000" percent="100" />
    </mem>
    <pending-finalizers system="4" default="0" reference="115" classloader="0" />
    <remembered-set count="25829" />
  </mem-info>
</gc-end>
<cycle-end id="3134" type="scavenge" contextid="3128" timestamp="2026-09-06T06:56:03.874" />
<allocation-satisfied id="3135" threadId="0000000000DEFB00" bytesRequested="1440" />
<af-end id="3136" timestamp="2026-09-06T06:56:03.875" threadId="0000000000DF05C0" success="true" from="nursery"/>
<exclusive-end id="3137" timestamp="2026-09-06T06:56:03.875" durationms="14.434" />

<exclusive-start id="3138" timestamp="2026-09-06T06:57:00.156" intervalms="56295.291">
  <response-info timems="0.024" idlems="0.024" threads="0" lastid="0000000001511400" lastname="Framework stop - Equinox Container: 6067a48d-7b8f-47e3-87ea-0c1" />
</exclusive-start>
<af-start id="3139" threadId="0000000001511EC0" totalBytesRequested="16" timestamp="2026-09-06T06:57:00.156" intervalms="56294.996" type="nursery" />
<cycle-start id="3140" type="scavenge" contextid="0" timestamp="2026-09-06T06:57:00.156" intervalms="56294.866" />
<gc-start id="3141" type="scavenge" contextid="3140" timestamp="2026-09-06T06:57:00.156">
  <mem-info id="3142" free="29956120" total="221642752" percent="13">
    <mem type="nursery" free="0" total="93716480" percent="0">
      <mem type="allocate" free="0" total="82509824" percent="0" />
      <mem type="survivor" free="0" total="11206656" percent="0" />
    </mem>
    <mem type="tenure" free="29956120" total="127926272" percent="23">
      <mem type="soa" free="28676120" total="126646272" percent="22" />
      <mem type="loa" free="1280000" total="1280000" percent="100" />
    </mem>
    <remembered-set count="35241" />
  </mem-info>
</gc-start>
<allocation-stats totalBytes="76217960" discardedBytes="71944" >
  <allocated-bytes non-tlh="730680" tlh="75487280" />
  <largest-consumer threadName="Framework stop - Equinox Container: 6067a48d-7b8f-47e3-87ea-0c1144ca6b94" threadId="0000000001511400" bytes="35628928" />
</allocation-stats>
<gc-op id="3143" type="scavenge" timems="3.189" contextid="3140" timestamp="2026-09-06T06:57:00.159">
  <scavenger-info tenureage="6" tenuremask="7c40" tiltratio="88" />
  <memory-copied type="nursery" objects="79251" bytes="5160032" bytesdiscarded="603568" />
  <memory-copied type="tenure" objects="56820" bytes="1282432" bytesdiscarded="4312" />
  <finalization candidates="824" enqueued="452" />
  <ownableSynchronizers candidates="4712" cleared="4359" />
  <references type="soft" candidates="2060" cleared="0" enqueued="0" dynamicThreshold="9" maxThreshold="32" />
  <references type="weak" candidates="1950" cleared="311" enqueued="282" />
  <references type="phantom" candidates="226" cleared="0" enqueued="0" />
  <object-monitors candidates="272" cleared="96"  />
</gc-op>
<gc-end id="3144" type="scavenge" contextid="3140" durationms="9.119" usertimems="25.196" systemtimems="0.108" stalltimems="9.520" timestamp="2026-09-06T06:57:00.165" activeThreads="10">
  <mem-info id="3145" free="106533584" total="221642752" percent="48">
    <mem type="nursery" free="77658640" total="93716480" percent="82">
      <mem type="allocate" free="77658640" total="83427328" percent="93" />
      <mem type="survivor" free="0" total="10289152" percent="0" />
    </mem>
    <mem type="tenure" free="28874944" total="127926272" percent="22" macro-fragmented="16777216">
      <mem type="soa" free="27594944" total="126646272" percent="21" />
      <mem type="loa" free="1280000" total="1280000" percent="100" />
    </mem>
    <pending-finalizers system="452" default="0" reference="282" classloader="0" />
    <remembered-set count="9299" />
  </mem-info>
</gc-end>
<cycle-end id="3146" type="scavenge" contextid="3140" timestamp="2026-09-06T06:57:00.165" />
<allocation-satisfied id="3147" threadId="0000000001511400" bytesRequested="16" />
<af-end id="3148" timestamp="2026-09-06T06:57:00.166" threadId="0000000001511EC0" success="true" from="nursery"/>
<exclusive-end id="3149" timestamp="2026-09-06T06:57:00.166" durationms="10.037" />

</verbosegc>

