<?xml version="1.0" ?>

<verbosegc xmlns="http://www.ibm.com/j9/verbosegc" version="6426f03fa_CMPRSS">

<initialized id="1" timestamp="2026-09-06T07:47:48.619">
  <attribute name="gcPolicy" value="-Xgcpolicy:gencon" />
  <attribute name="maxHeapSize" value="0x20000000" />
  <attribute name="initialHeapSize" value="0x10000000" />
  <attribute name="compressedRefs" value="true" />
  <attribute name="compressedRefsDisplacement" value="0x0" />
  <attribute name="compressedRefsShift" value="0x3" />
  <attribute name="pageSize" value="0x1000" />
  <attribute name="pageType" value="not used" />
  <attribute name="requestedPageSize" value="0x1000" />
  <attribute name="requestedPageType" value="not used" />
  <attribute name="gcthreads" value="10" />
  <attribute name="gcthreads Concurrent Mark" value="1" />
  <attribute name="packetListSplit" value="2" />
  <attribute name="cacheListSplit" value="2" />
  <attribute name="splitFreeListSplitAmount" value="2" />
  <attribute name="numaNodes" value="0" />
  <system>
    <attribute name="physicalMemory" value="8319504384" />
    <attribute name="addressablePhysicalMemory" value="8319504384" />
    <attribute name="container memory limit set" value="false" />
    <attribute name="numCPUs" value="10" />
    <attribute name="numCPUs active" value="10" />
    <attribute name="architecture" value="amd64" />
    <attribute name="os" value="Linux" />
    <attribute name="osVersion" value="7.0.12-linuxkit" />
  </system>
  <vmargs>
    <vmarg name="-Xoptionsfile=/opt/java/openjdk/lib/options.default" />
    <vmarg name="-Xlockword:mode=default,noLockword=java/lang/String,noLockword=java/util/MapEntry,noLockword=java/util/HashMap$Entry,noLockword..." />
    <vmarg name="-XX:+EnsureHashed:java/lang/Class,java/lang/Thread" />
    <vmarg name="-Dcom.ibm.oti.vm.bootstrap.library.path=/opt/java/openjdk/lib/default:/opt/java/openjdk/lib" />
    <vmarg name="-Dsun.boot.library.path=/opt/java/openjdk/lib/default:/opt/java/openjdk/lib" />
    <vmarg name="-Djava.library.path=/opt/java/openjdk/lib/default:/opt/java/openjdk/lib:/usr/lib64:/usr/lib" />
    <vmarg name="-Djava.home=/opt/java/openjdk" />
    <vmarg name="-Duser.dir=/gradle/daemon/9.5.0" />
    <vmarg name="-XX:+IgnoreUnrecognizedVMOptions" />
    <vmarg name="-XX:+PortableSharedCache" />
    <vmarg name="-XX:+IdleTuningGcOnIdle" />
    <vmarg name="-Xshareclasses:name=openj9_system_scc,cacheDir=/opt/java/.scc,readonly,nonFatal" />
    <vmarg name="-Xverbosegclog:/liberty/logs/verbosegc.%seq.log,10,1024" />
    <vmarg name="-Djdk.nativePBKDF2=true" />
    <vmarg name="-XX:+IgnoreUnrecognizedVMOptions" />
    <vmarg name="-XX:+IdleTuningGcOnIdle" />
    <vmarg name="-Xshareclasses:name=openj9_system_scc,cacheDir=/opt/java/.scc,readonly,nonFatal" />
    <vmarg name="-Dosgi.checkConfiguration=false" />
    <vmarg name="-Djdk.nativePBKDF2=true" />
    <vmarg name="-XX:+IgnoreUnrecognizedVMOptions" />
    <vmarg name="-XX:+IdleTuningGcOnIdle" />
    <vmarg name="-Xshareclasses:name=openj9_system_scc,cacheDir=/opt/java/.scc,readonly,nonFatal" />
    <vmarg name="-Dosgi.checkConfiguration=false" />
    <vmarg name="--add-opens=java.base/java.lang=ALL-UNNAMED" />
    <vmarg name="--add-opens=java.base/java.lang.invoke=ALL-UNNAMED" />
    <vmarg name="--add-opens=java.base/java.util=ALL-UNNAMED" />
    <vmarg name="--add-opens=java.prefs/java.util.prefs=ALL-UNNAMED" />
    <vmarg name="--add-exports=jdk.compiler/com.sun.tools.javac.api=ALL-UNNAMED" />
    <vmarg name="--add-exports=jdk.compiler/com.sun.tools.javac.util=ALL-UNNAMED" />
    <vmarg name="--add-opens=java.base/java.nio.charset=ALL-UNNAMED" />
    <vmarg name="--add-opens=java.base/java.net=ALL-UNNAMED" />
    <vmarg name="--add-opens=java.base/java.util.concurrent=ALL-UNNAMED" />
    <vmarg name="--add-opens=java.base/java.util.concurrent.atomic=ALL-UNNAMED" />
    <vmarg name="--add-opens=java.xml/javax.xml.namespace=ALL-UNNAMED" />
    <vmarg name="--add-opens=java.base/java.time=ALL-UNNAMED" />
    <vmarg name="--enable-native-access=ALL-UNNAMED" />
    <vmarg name="-XX:MaxMetaspaceSize=384m" />
    <vmarg name="-XX:+HeapDumpOnOutOfMemoryError" />
    <vmarg name="-Xms256m" />
    <vmarg name="-Xmx512m" />
    <vmarg name="-Dfile.encoding=UTF-8" />
    <vmarg name="-Duser.country=US" />
    <vmarg name="-Duser.language=en" />
    <vmarg name="-Duser.variant" />
    <vmarg name="-Djava.class.path=/opt/gradle/lib/gradle-daemon-main-9.5.0.jar" />
    <vmarg name="-javaagent:/opt/gradle/lib/agents/gradle-instrumentation-agent-9.5.0.jar" />
    <vmarg name="-Dsun.java.command=org.gradle.launcher.daemon.bootstrap.GradleDaemon 9.5.0" />
    <vmarg name="-Dsun.java.launcher=SUN_STANDARD" />
  </vmargs>
</initialized>

<exclusive-start id="2" timestamp="2026-09-06T07:47:49.380" intervalms="760.834">
  <response-info timems="0.015" idlems="0.015" threads="0" lastid="0000000000019700" lastname="main" />
</exclusive-start>
<af-start id="3" threadId="000000000001A1C0" totalBytesRequested="32" timestamp="2026-09-06T07:47:49.380" intervalms="761.343" type="nursery" />
<cycle-start id="4" type="scavenge" contextid="0" timestamp="2026-09-06T07:47:49.382" intervalms="762.255" />
<gc-start id="5" type="scavenge" contextid="4" timestamp="2026-09-06T07:47:49.382">
  <mem-info id="6" free="200734944" total="268435456" percent="74">
    <mem type="nursery" free="0" total="67108864" percent="0">
      <mem type="allocate" free="0" total="33554432" percent="0" />
      <mem type="survivor" free="0" total="33554432" percent="0" />
    </mem>
    <mem type="tenure" free="200734944" total="201326592" percent="99">
      <mem type="soa" free="190668000" total="191259648" percent="99" />
      <mem type="loa" free="10066944" total="10066944" percent="100" />
    </mem>
    <remembered-set count="7556" />
  </mem-info>
</gc-start>
<allocation-stats totalBytes="34136112" discardedBytes="9968" >
  <allocated-bytes non-tlh="4982496" tlh="29153616" />
  <largest-consumer threadName="main" threadId="0000000000019700" bytes="34015712" />
</allocation-stats>
<gc-op id="7" type="scavenge" timems="47.481" contextid="4" timestamp="2026-09-06T07:47:49.430">
  <scavenger-info tenureage="1" tenuremask="fffe" tiltratio="50" />
  <memory-copied type="nursery" objects="53882" bytes="10097792" bytesdiscarded="274000" />
  <finalization candidates="760" enqueued="565" />
  <ownableSynchronizers candidates="17" cleared="9" />
  <references type="soft" candidates="446" cleared="0" enqueued="0" dynamicThreshold="32" maxThreshold="32" />
  <references type="weak" candidates="2872" cleared="2493" enqueued="2491" />
  <references type="phantom" candidates="608" cleared="0" enqueued="0" />
  <object-monitors candidates="1" cleared="0"  />
</gc-op>
<gc-end id="8" type="scavenge" contextid="4" durationms="49.724" usertimems="45.554" systemtimems="6.161" stalltimems="26.681" timestamp="2026-09-06T07:47:49.432" activeThreads="10">
  <mem-info id="9" free="223911400" total="268435456" percent="83">
    <mem type="nursery" free="23176456" total="67108864" percent="34">
      <mem type="allocate" free="23176456" total="33554432" percent="69" />
      <mem type="survivor" free="0" total="33554432" percent="0" />
    </mem>
    <mem type="tenure" free="200734944" total="201326592" percent="99">
      <mem type="soa" free="190668000" total="191259648" percent="99" />
      <mem type="loa" free="10066944" total="10066944" percent="100" />
    </mem>
    <pending-finalizers system="565" default="0" reference="2491" classloader="0" />
    <remembered-set count="7556" />
  </mem-info>
</gc-end>
<cycle-end id="10" type="scavenge" contextid="4" timestamp="2026-09-06T07:47:49.433" />
<allocation-satisfied id="11" threadId="0000000000019700" bytesRequested="32" />
<af-end id="12" timestamp="2026-09-06T07:47:49.433" threadId="000000000001A1C0" success="true" from="nursery"/>
<exclusive-end id="13" timestamp="2026-09-06T07:47:49.433" durationms="53.430" />

<exclusive-start id="14" timestamp="2026-09-06T07:47:49.643" intervalms="262.827">
  <response-info timems="0.011" idlems="0.011" threads="0" lastid="0000000000019700" lastname="main" />
</exclusive-start>
<af-start id="15" threadId="000000000001A1C0" totalBytesRequested="16392" timestamp="2026-09-06T07:47:49.643" intervalms="262.432" type="nursery" />
<cycle-start id="16" type="scavenge" contextid="0" timestamp="2026-09-06T07:47:49.643" intervalms="261.614" />
<gc-start id="17" type="scavenge" contextid="16" timestamp="2026-09-06T07:47:49.643">
  <mem-info id="18" free="200422560" total="268435456" percent="74">
    <mem type="nursery" free="0" total="67108864" percent="0">
      <mem type="allocate" free="0" total="33554432" percent="0" />
      <mem type="survivor" free="0" total="33554432" percent="0" />
    </mem>
    <mem type="tenure" free="200422560" total="201326592" percent="99">
      <mem type="soa" free="190355616" total="191259648" percent="99" />
      <mem type="loa" free="10066944" total="10066944" percent="100" />
    </mem>
    <remembered-set count="11854" />
  </mem-info>
</gc-start>
<allocation-stats totalBytes="23470472" discardedBytes="18368" >
  <allocated-bytes non-tlh="2180296" tlh="21290176" />
  <largest-consumer threadName="main" threadId="0000000000019700" bytes="23466256" />
</allocation-stats>
<gc-op id="19" type="scavenge" timems="6.479" contextid="16" timestamp="2026-09-06T07:47:49.650">
  <scavenger-info tenureage="1" tenuremask="7ffe" tiltratio="50" />
  <memory-copied type="nursery" objects="52484" bytes="5360720" bytesdiscarded="506480" />
  <memory-copied type="tenure" objects="45847" bytes="9829728" bytesdiscarded="5608" />
  <finalization candidates="540" enqueued="198" />
  <ownableSynchronizers candidates="9" cleared="0" />
  <references type="soft" candidates="2711" cleared="0" enqueued="0" dynamicThreshold="32" maxThreshold="32" />
  <references type="weak" candidates="1561" cleared="1386" enqueued="1323" />
  <references type="phantom" candidates="885" cleared="0" enqueued="0" />
  <object-monitors candidates="1" cleared="0"  />
</gc-op>
<gc-end id="20" type="scavenge" contextid="16" durationms="6.856" usertimems="20.455" systemtimems="1.530" stalltimems="7.913" timestamp="2026-09-06T07:47:49.650" activeThreads="10">
  <mem-info id="21" free="217760952" total="268435456" percent="81">
    <mem type="nursery" free="27685200" total="67108864" percent="41">
      <mem type="allocate" free="27685200" total="33554432" percent="82" />
      <mem type="survivor" free="0" total="33554432" percent="0" />
    </mem>
    <mem type="tenure" free="190075752" total="201326592" percent="94">
      <mem type="soa" free="180008808" total="191259648" percent="94" />
      <mem type="loa" free="10066944" total="10066944" percent="100" />
    </mem>
    <pending-finalizers system="198" default="0" reference="1323" classloader="0" />
    <remembered-set count="12221" />
  </mem-info>
</gc-end>
<cycle-end id="22" type="scavenge" contextid="16" timestamp="2026-09-06T07:47:49.650" />
<allocation-satisfied id="23" threadId="0000000000019700" bytesRequested="16392" />
<af-end id="24" timestamp="2026-09-06T07:47:49.650" threadId="000000000001A1C0" success="true" from="nursery"/>
<exclusive-end id="25" timestamp="2026-09-06T07:47:49.650" durationms="7.465" />

<exclusive-start id="26" timestamp="2026-09-06T07:47:49.946" intervalms="303.634">
  <response-info timems="0.013" idlems="0.013" threads="0" lastid="0000000000581100" lastname="Daemon worker" />
</exclusive-start>
<af-start id="27" threadId="0000000000581BC0" totalBytesRequested="880" timestamp="2026-09-06T07:47:49.946" intervalms="303.649" type="nursery" />
<cycle-start id="28" type="scavenge" contextid="0" timestamp="2026-09-06T07:47:49.946" intervalms="303.641" />
<gc-start id="29" type="scavenge" contextid="28" timestamp="2026-09-06T07:47:49.947">
  <mem-info id="30" free="189536824" total="268435456" percent="70">
    <mem type="nursery" free="0" total="67108864" percent="0">
      <mem type="allocate" free="0" total="33554432" percent="0" />
      <mem type="survivor" free="0" total="33554432" percent="0" />
    </mem>
    <mem type="tenure" free="189536824" total="201326592" percent="94">
      <mem type="soa" free="179469880" total="191259648" percent="93" />
      <mem type="loa" free="10066944" total="10066944" percent="100" />
    </mem>
    <remembered-set count="19860" />
  </mem-info>
</gc-start>
<allocation-stats totalBytes="27996512" discardedBytes="227616" >
  <allocated-bytes non-tlh="665912" tlh="27330600" />
  <largest-consumer threadName="main" threadId="0000000000019700" bytes="13295720" />
</allocation-stats>
<gc-op id="31" type="scavenge" timems="2.571" contextid="28" timestamp="2026-09-06T07:47:49.949">
  <scavenger-info tenureage="1" tenuremask="7ffe" tiltratio="50" />
  <memory-copied type="nursery" objects="39976" bytes="1473640" bytesdiscarded="480904" />
  <memory-copied type="tenure" objects="48637" bytes="5229856" bytesdiscarded="5728" />
  <finalization candidates="958" enqueued="667" />
  <ownableSynchronizers candidates="77" cleared="11" />
  <references type="soft" candidates="470" cleared="0" enqueued="0" dynamicThreshold="32" maxThreshold="32" />
  <references type="weak" candidates="3584" cleared="3086" enqueued="3086" />
  <references type="phantom" candidates="8" cleared="0" enqueued="0" />
  <object-monitors candidates="1" cleared="0"  />
</gc-op>
<gc-end id="32" type="scavenge" contextid="28" durationms="2.862" usertimems="14.500" systemtimems="1.238" stalltimems="7.446" timestamp="2026-09-06T07:47:49.949" activeThreads="10">
  <mem-info id="33" free="216127472" total="268435456" percent="80">
    <mem type="nursery" free="31598072" total="67108864" percent="47">
      <mem type="allocate" free="31598072" total="33554432" percent="94" />
      <mem type="survivor" free="0" total="33554432" percent="0" />
    </mem>
    <mem type="tenure" free="184529400" total="201326592" percent="91">
      <mem type="soa" free="174462456" total="191259648" percent="91" />
      <mem type="loa" free="10066944" total="10066944" percent="100" />
    </mem>
    <pending-finalizers system="667" default="0" reference="3086" classloader="0" />
    <remembered-set count="12224" />
  </mem-info>
</gc-end>
<cycle-end id="34" type="scavenge" contextid="28" timestamp="2026-09-06T07:47:49.950" />
<allocation-satisfied id="35" threadId="0000000000581100" bytesRequested="880" />
<af-end id="36" timestamp="2026-09-06T07:47:49.950" threadId="0000000000581BC0" success="true" from="nursery"/>
<exclusive-end id="37" timestamp="2026-09-06T07:47:49.950" durationms="3.439" />

<exclusive-start id="38" timestamp="2026-09-06T07:47:50.170" intervalms="224.188">
  <response-info timems="0.011" idlems="0.011" threads="0" lastid="0000000000581100" lastname="Daemon worker" />
</exclusive-start>
<af-start id="39" threadId="0000000000581BC0" totalBytesRequested="2200" timestamp="2026-09-06T07:47:50.171" intervalms="224.190" type="nursery" />
<cycle-start id="40" type="scavenge" contextid="0" timestamp="2026-09-06T07:47:50.171" intervalms="224.178" />
<gc-start id="41" type="scavenge" contextid="40" timestamp="2026-09-06T07:47:50.171">
  <mem-info id="42" free="184026544" total="268435456" percent="68">
    <mem type="nursery" free="0" total="67108864" percent="0">
      <mem type="allocate" free="0" total="33554432" percent="0" />
      <mem type="survivor" free="0" total="33554432" percent="0" />
    </mem>
    <mem type="tenure" free="184026544" total="201326592" percent="91">
      <mem type="soa" free="173959600" total="191259648" percent="90" />
      <mem type="loa" free="10066944" total="10066944" percent="100" />
    </mem>
    <remembered-set count="18478" />
  </mem-info>
</gc-start>
<allocation-stats totalBytes="31998312" discardedBytes="102616" >
  <allocated-bytes non-tlh="540808" tlh="31457504" />
  <largest-consumer threadName="Daemon worker" threadId="0000000000581100" bytes="31833960" />
</allocation-stats>
<gc-op id="43" type="scavenge" timems="2.168" contextid="40" timestamp="2026-09-06T07:47:50.173">
  <scavenger-info tenureage="2" tenuremask="7ffc" tiltratio="50" />
  <memory-copied type="nursery" objects="75476" bytes="2718944" bytesdiscarded="583688" />
  <finalization candidates="1178" enqueued="833" />
  <ownableSynchronizers candidates="211" cleared="5" />
  <references type="soft" candidates="1253" cleared="0" enqueued="0" dynamicThreshold="32" maxThreshold="32" />
  <references type="weak" candidates="5251" cleared="4267" enqueued="4267" />
  <references type="phantom" candidates="25" cleared="10" enqueued="10" />
  <object-monitors candidates="1" cleared="0"  />
</gc-op>
<gc-end id="44" type="scavenge" contextid="40" durationms="2.368" usertimems="12.414" systemtimems="1.228" stalltimems="6.554" timestamp="2026-09-06T07:47:50.173" activeThreads="10">
  <mem-info id="45" free="214275720" total="268435456" percent="79">
    <mem type="nursery" free="30249176" total="67108864" percent="45">
      <mem type="allocate" free="30249176" total="33554432" percent="90" />
      <mem type="survivor" free="0" total="33554432" percent="0" />
    </mem>
    <mem type="tenure" free="184026544" total="201326592" percent="91">
      <mem type="soa" free="173959600" total="191259648" percent="90" />
      <mem type="loa" free="10066944" total="10066944" percent="100" />
    </mem>
    <pending-finalizers system="833" default="0" reference="4277" classloader="0" />
    <remembered-set count="13976" />
  </mem-info>
</gc-end>
<cycle-end id="46" type="scavenge" contextid="40" timestamp="2026-09-06T07:47:50.173" />
<allocation-satisfied id="47" threadId="0000000000581100" bytesRequested="2200" />
<af-end id="48" timestamp="2026-09-06T07:47:50.173" threadId="0000000000581BC0" success="true" from="nursery"/>
<exclusive-end id="49" timestamp="2026-09-06T07:47:50.173" durationms="2.922" />

<exclusive-start id="50" timestamp="2026-09-06T07:47:50.350" intervalms="179.385">
  <response-info timems="0.013" idlems="0.013" threads="0" lastid="0000000000581100" lastname="Daemon worker" />
</exclusive-start>
<af-start id="51" threadId="0000000000581BC0" totalBytesRequested="24" timestamp="2026-09-06T07:47:50.350" intervalms="179.378" type="nursery" />
<cycle-start id="52" type="scavenge" contextid="0" timestamp="2026-09-06T07:47:50.350" intervalms="179.383" />
<gc-start id="53" type="scavenge" contextid="52" timestamp="2026-09-06T07:47:50.350">
  <mem-info id="54" free="183636912" total="268435456" percent="68">
    <mem type="nursery" free="0" total="67108864" percent="0">
      <mem type="allocate" free="0" total="33554432" percent="0" />
      <mem type="survivor" free="0" total="33554432" percent="0" />
    </mem>
    <mem type="tenure" free="183636912" total="201326592" percent="91">
      <mem type="soa" free="173569968" total="191259648" percent="90" />
      <mem type="loa" free="10066944" total="10066944" percent="100" />
    </mem>
    <remembered-set count="18685" />
  </mem-info>
</gc-start>
<allocation-stats totalBytes="30631944" discardedBytes="6864" >
  <allocated-bytes non-tlh="391832" tlh="30240112" />
  <largest-consumer threadName="Daemon worker" threadId="0000000000581100" bytes="30611408" />
</allocation-stats>
<gc-op id="55" type="scavenge" timems="2.672" contextid="52" timestamp="2026-09-06T07:47:50.353">
  <scavenger-info tenureage="3" tenuremask="7ff8" tiltratio="50" />
  <memory-copied type="nursery" objects="118434" bytes="4139816" bytesdiscarded="334152" />
  <finalization candidates="1227" enqueued="690" />
  <ownableSynchronizers candidates="255" cleared="0" />
  <references type="soft" candidates="2214" cleared="0" enqueued="0" dynamicThreshold="32" maxThreshold="32" />
  <references type="weak" candidates="4843" cleared="3392" enqueued="3389" />
  <references type="phantom" candidates="20" cleared="0" enqueued="0" />
  <object-monitors candidates="1" cleared="0"  />
</gc-op>
<gc-end id="56" type="scavenge" contextid="52" durationms="3.035" usertimems="17.296" systemtimems="1.832" stalltimems="6.773" timestamp="2026-09-06T07:47:50.353" activeThreads="10">
  <mem-info id="57" free="214090032" total="268435456" percent="79">
    <mem type="nursery" free="30453120" total="67108864" percent="45">
      <mem type="allocate" free="30453120" total="34930688" percent="87" />
      <mem type="survivor" free="0" total="32178176" percent="0" />
    </mem>
    <mem type="tenure" free="183636912" total="201326592" percent="91">
      <mem type="soa" free="173569968" total="191259648" percent="90" />
      <mem type="loa" free="10066944" total="10066944" percent="100" />
    </mem>
    <pending-finalizers system="690" default="0" reference="3389" classloader="0" />
    <remembered-set count="12526" />
  </mem-info>
</gc-end>
<cycle-end id="58" type="scavenge" contextid="52" timestamp="2026-09-06T07:47:50.353" />
<allocation-satisfied id="59" threadId="0000000000581100" bytesRequested="24" />
<af-end id="60" timestamp="2026-09-06T07:47:50.353" threadId="0000000000581BC0" success="true" from="nursery"/>
<exclusive-end id="61" timestamp="2026-09-06T07:47:50.353" durationms="3.613" />

<exclusive-start id="62" timestamp="2026-09-06T07:47:50.526" intervalms="176.186">
  <response-info timems="0.018" idlems="0.018" threads="0" lastid="0000000000581100" lastname="Daemon worker" />
</exclusive-start>
<af-start id="63" threadId="0000000000581BC0" totalBytesRequested="16392" timestamp="2026-09-06T07:47:50.526" intervalms="176.170" type="nursery" />
<cycle-start id="64" type="scavenge" contextid="0" timestamp="2026-09-06T07:47:50.526" intervalms="176.164" />
<gc-start id="65" type="scavenge" contextid="64" timestamp="2026-09-06T07:47:50.526">
  <mem-info id="66" free="183364040" total="268435456" percent="68">
    <mem type="nursery" free="0" total="67108864" percent="0">
      <mem type="allocate" free="0" total="34930688" percent="0" />
      <mem type="survivor" free="0" total="32178176" percent="0" />
    </mem>
    <mem type="tenure" free="183364040" total="201326592" percent="91">
      <mem type="soa" free="173297096" total="191259648" percent="90" />
      <mem type="loa" free="10066944" total="10066944" percent="100" />
    </mem>
    <remembered-set count="15542" />
  </mem-info>
</gc-start>
<allocation-stats totalBytes="30656232" discardedBytes="69760" >
  <allocated-bytes non-tlh="272896" tlh="30383336" />
  <largest-consumer threadName="Daemon worker" threadId="0000000000581100" bytes="30619184" />
</allocation-stats>
<gc-op id="67" type="scavenge" timems="2.930" contextid="64" timestamp="2026-09-06T07:47:50.529">
  <scavenger-info tenureage="3" tenuremask="7ff8" tiltratio="52" />
  <memory-copied type="nursery" objects="111670" bytes="3790984" bytesdiscarded="161360" />
  <memory-copied type="tenure" objects="30436" bytes="1153376" bytesdiscarded="304" />
  <finalization candidates="1215" enqueued="677" />
  <ownableSynchronizers candidates="460" cleared="6" />
  <references type="soft" candidates="2276" cleared="0" enqueued="0" dynamicThreshold="32" maxThreshold="32" />
  <references type="weak" candidates="4231" cleared="2738" enqueued="2738" />
  <references type="phantom" candidates="43" cleared="29" enqueued="29" />
  <object-monitors candidates="1" cleared="0"  />
</gc-op>
<gc-end id="68" type="scavenge" contextid="64" durationms="3.133" usertimems="19.937" systemtimems="1.816" stalltimems="5.369" timestamp="2026-09-06T07:47:50.529" activeThreads="10">
  <mem-info id="69" free="218426760" total="268435456" percent="81">
    <mem type="nursery" free="36479688" total="67108864" percent="54">
      <mem type="allocate" free="36479688" total="40435712" percent="90" />
      <mem type="survivor" free="0" total="26673152" percent="0" />
    </mem>
    <mem type="tenure" free="181947072" total="201326592" percent="90">
      <mem type="soa" free="171880128" total="191259648" percent="89" />
      <mem type="loa" free="10066944" total="10066944" percent="100" />
    </mem>
    <pending-finalizers system="677" default="0" reference="2767" classloader="0" />
    <remembered-set count="9698" />
  </mem-info>
</gc-end>
<cycle-end id="70" type="scavenge" contextid="64" timestamp="2026-09-06T07:47:50.530" />
<allocation-satisfied id="71" threadId="0000000000581100" bytesRequested="16392" />
<af-end id="72" timestamp="2026-09-06T07:47:50.530" threadId="0000000000581BC0" success="true" from="nursery"/>
<exclusive-end id="73" timestamp="2026-09-06T07:47:50.530" durationms="3.740" />

<exclusive-start id="74" timestamp="2026-09-06T07:47:50.734" intervalms="208.290">
  <response-info timems="0.014" idlems="0.014" threads="0" lastid="0000000000581100" lastname="Daemon worker" />
</exclusive-start>
<af-start id="75" threadId="0000000000581BC0" totalBytesRequested="3080" timestamp="2026-09-06T07:47:50.734" intervalms="208.310" type="nursery" />
<cycle-start id="76" type="scavenge" contextid="0" timestamp="2026-09-06T07:47:50.735" intervalms="208.325" />
<gc-start id="77" type="scavenge" contextid="76" timestamp="2026-09-06T07:47:50.735">
  <mem-info id="78" free="181615896" total="268435456" percent="67">
    <mem type="nursery" free="0" total="67108864" percent="0">
      <mem type="allocate" free="0" total="40435712" percent="0" />
      <mem type="survivor" free="0" total="26673152" percent="0" />
    </mem>
    <mem type="tenure" free="181615896" total="201326592" percent="90">
      <mem type="soa" free="171548952" total="191259648" percent="89" />
      <mem type="loa" free="10066944" total="10066944" percent="100" />
    </mem>
    <remembered-set count="13466" />
  </mem-info>
</gc-start>
<allocation-stats totalBytes="36791480" discardedBytes="19384" >
  <allocated-bytes non-tlh="347568" tlh="36443912" />
  <largest-consumer threadName="Daemon worker" threadId="0000000000581100" bytes="36766904" />
</allocation-stats>
<gc-op id="79" type="scavenge" timems="3.052" contextid="76" timestamp="2026-09-06T07:47:50.738">
  <scavenger-info tenureage="3" tenuremask="7ff8" tiltratio="60" />
  <memory-copied type="nursery" objects="120094" bytes="4001704" bytesdiscarded="127384" />
  <memory-copied type="tenure" objects="36849" bytes="1285640" bytesdiscarded="304" />
  <finalization candidates="1220" enqueued="808" />
  <ownableSynchronizers candidates="796" cleared="6" />
  <references type="soft" candidates="3585" cleared="0" enqueued="0" dynamicThreshold="32" maxThreshold="32" />
  <references type="weak" candidates="4534" cleared="2874" enqueued="2874" />
  <references type="phantom" candidates="15" cleared="1" enqueued="1" />
  <object-monitors candidates="1" cleared="0"  />
</gc-op>
<gc-end id="80" type="scavenge" contextid="76" durationms="3.242" usertimems="21.716" systemtimems="1.221" stalltimems="5.282" timestamp="2026-09-06T07:47:50.738" activeThreads="10">
  <mem-info id="81" free="221000688" total="268435456" percent="82">
    <mem type="nursery" free="40628456" total="67108864" percent="60">
      <mem type="allocate" free="40628456" total="44761088" percent="90" />
      <mem type="survivor" free="0" total="22347776" percent="0" />
    </mem>
    <mem type="tenure" free="180372232" total="201326592" percent="89">
      <mem type="soa" free="170305288" total="191259648" percent="89" />
      <mem type="loa" free="10066944" total="10066944" percent="100" />
    </mem>
    <pending-finalizers system="808" default="0" reference="2875" classloader="0" />
    <remembered-set count="9612" />
  </mem-info>
</gc-end>
<cycle-end id="82" type="scavenge" contextid="76" timestamp="2026-09-06T07:47:50.738" />
<allocation-satisfied id="83" threadId="0000000000581100" bytesRequested="3080" />
<af-end id="84" timestamp="2026-09-06T07:47:50.738" threadId="0000000000581BC0" success="true" from="nursery"/>
<exclusive-end id="85" timestamp="2026-09-06T07:47:50.738" durationms="3.920" />

<exclusive-start id="86" timestamp="2026-09-06T07:47:51.029" intervalms="294.299">
  <response-info timems="0.012" idlems="0.012" threads="0" lastid="0000000000581100" lastname="Daemon worker" />
</exclusive-start>
<af-start id="87" threadId="0000000000581BC0" totalBytesRequested="32" timestamp="2026-09-06T07:47:51.029" intervalms="294.296" type="nursery" />
<cycle-start id="88" type="scavenge" contextid="0" timestamp="2026-09-06T07:47:51.029" intervalms="294.299" />
<gc-start id="89" type="scavenge" contextid="88" timestamp="2026-09-06T07:47:51.029">
  <mem-info id="90" free="179939128" total="268435456" percent="67">
    <mem type="nursery" free="0" total="67108864" percent="0">
      <mem type="allocate" free="0" total="44761088" percent="0" />
      <mem type="survivor" free="0" total="22347776" percent="0" />
    </mem>
    <mem type="tenure" free="179939128" total="201326592" percent="89">
      <mem type="soa" free="169872184" total="191259648" percent="88" />
      <mem type="loa" free="10066944" total="10066944" percent="100" />
    </mem>
    <remembered-set count="15797" />
  </mem-info>
</gc-start>
<allocation-stats totalBytes="41045528" discardedBytes="16032" >
  <allocated-bytes non-tlh="2704328" tlh="38341200" />
  <largest-consumer threadName="Daemon worker" threadId="0000000000581100" bytes="40347272" />
</allocation-stats>
<gc-op id="91" type="scavenge" timems="3.637" contextid="88" timestamp="2026-09-06T07:47:51.033">
  <scavenger-info tenureage="3" tenuremask="7fe8" tiltratio="66" />
  <memory-copied type="nursery" objects="171458" bytes="6498088" bytesdiscarded="404424" />
  <memory-copied type="tenure" objects="40390" bytes="1319656" bytesdiscarded="208" />
  <finalization candidates="668" enqueued="457" />
  <ownableSynchronizers candidates="2410" cleared="3" />
  <references type="soft" candidates="5254" cleared="0" enqueued="0" dynamicThreshold="32" maxThreshold="32" />
  <references type="weak" candidates="4785" cleared="1963" enqueued="1963" />
  <references type="phantom" candidates="20" cleared="9" enqueued="9" />
  <object-monitors candidates="1" cleared="0"  />
</gc-op>
<gc-end id="92" type="scavenge" contextid="88" durationms="3.919" usertimems="28.919" systemtimems="0.000" stalltimems="7.622" timestamp="2026-09-06T07:47:51.033" activeThreads="10">
  <mem-info id="93" free="218743696" total="268435456" percent="81">
    <mem type="nursery" free="40278360" total="67108864" percent="60">
      <mem type="allocate" free="40278360" total="47185920" percent="85" />
      <mem type="survivor" free="0" total="19922944" percent="0" />
    </mem>
    <mem type="tenure" free="178465336" total="201326592" percent="88">
      <mem type="soa" free="168398392" total="191259648" percent="88" />
      <mem type="loa" free="10066944" total="10066944" percent="100" />
    </mem>
    <pending-finalizers system="456" default="1" reference="1972" classloader="0" />
    <remembered-set count="12473" />
  </mem-info>
</gc-end>
<cycle-end id="94" type="scavenge" contextid="88" timestamp="2026-09-06T07:47:51.033" />
<allocation-satisfied id="95" threadId="0000000000581100" bytesRequested="32" />
<af-end id="96" timestamp="2026-09-06T07:47:51.033" threadId="0000000000581BC0" success="true" from="nursery"/>
<exclusive-end id="97" timestamp="2026-09-06T07:47:51.033" durationms="4.586" />

<exclusive-start id="98" timestamp="2026-09-06T07:47:51.361" intervalms="332.763">
  <response-info timems="0.011" idlems="0.011" threads="0" lastid="0000000000581100" lastname="Daemon worker" />
</exclusive-start>
<af-start id="99" threadId="0000000000581BC0" totalBytesRequested="10888" timestamp="2026-09-06T07:47:51.361" intervalms="332.761" type="nursery" />
<cycle-start id="100" type="scavenge" contextid="0" timestamp="2026-09-06T07:47:51.362" intervalms="332.762" />
<gc-start id="101" type="scavenge" contextid="100" timestamp="2026-09-06T07:47:51.362">
  <mem-info id="102" free="178079896" total="268435456" percent="66">
    <mem type="nursery" free="0" total="67108864" percent="0">
      <mem type="allocate" free="0" total="47185920" percent="0" />
      <mem type="survivor" free="0" total="19922944" percent="0" />
    </mem>
    <mem type="tenure" free="178079896" total="201326592" percent="88">
      <mem type="soa" free="168012952" total="191259648" percent="87" />
      <mem type="loa" free="10066944" total="10066944" percent="100" />
    </mem>
    <remembered-set count="16746" />
  </mem-info>
</gc-start>
<allocation-stats totalBytes="40611904" discardedBytes="51896" >
  <allocated-bytes non-tlh="878944" tlh="39732960" />
  <largest-consumer threadName="Daemon worker" threadId="0000000000581100" bytes="40554560" />
</allocation-stats>
<gc-op id="103" type="scavenge" timems="3.907" contextid="100" timestamp="2026-09-06T07:47:51.366">
  <scavenger-info tenureage="3" tenuremask="7fe8" tiltratio="70" />
  <memory-copied type="nursery" objects="198382" bytes="7117224" bytesdiscarded="441608" />
  <memory-copied type="tenure" objects="25789" bytes="887232" bytesdiscarded="80" />
  <finalization candidates="401" enqueued="380" />
  <ownableSynchronizers candidates="2372" cleared="10" />
  <references type="soft" candidates="5574" cleared="0" enqueued="0" dynamicThreshold="32" maxThreshold="32" />
  <references type="weak" candidates="5415" cleared="2930" enqueued="2742" />
  <references type="phantom" candidates="8" cleared="0" enqueued="0" />
  <object-monitors candidates="1" cleared="0"  />
</gc-op>
<gc-end id="104" type="scavenge" contextid="100" durationms="4.187" usertimems="30.380" systemtimems="0.000" stalltimems="8.485" timestamp="2026-09-06T07:47:51.366" activeThreads="10">
  <mem-info id="105" free="219096664" total="268435456" percent="81">
    <mem type="nursery" free="41834232" total="67108864" percent="62">
      <mem type="allocate" free="41834232" total="49414144" percent="84" />
      <mem type="survivor" free="0" total="17694720" percent="0" />
    </mem>
    <mem type="tenure" free="177262432" total="201326592" percent="88">
      <mem type="soa" free="167195488" total="191259648" percent="87" />
      <mem type="loa" free="10066944" total="10066944" percent="100" />
    </mem>
    <pending-finalizers system="380" default="0" reference="2742" classloader="0" />
    <remembered-set count="12446" />
  </mem-info>
</gc-end>
<cycle-end id="106" type="scavenge" contextid="100" timestamp="2026-09-06T07:47:51.366" />
<allocation-satisfied id="107" threadId="0000000000581100" bytesRequested="10888" />
<af-end id="108" timestamp="2026-09-06T07:47:51.366" threadId="0000000000581BC0" success="true" from="nursery"/>
<exclusive-end id="109" timestamp="2026-09-06T07:47:51.366" durationms="4.887" />

<exclusive-start id="110" timestamp="2026-09-06T07:47:51.658" intervalms="296.422">
  <response-info timems="0.012" idlems="0.012" threads="0" lastid="0000000000581100" lastname="Daemon worker" />
</exclusive-start>
<af-start id="111" threadId="0000000000581BC0" totalBytesRequested="3080" timestamp="2026-09-06T07:47:51.658" intervalms="296.409" type="nursery" />
<cycle-start id="112" type="scavenge" contextid="0" timestamp="2026-09-06T07:47:51.658" intervalms="296.397" />
<gc-start id="113" type="scavenge" contextid="112" timestamp="2026-09-06T07:47:51.658">
  <mem-info id="114" free="176882912" total="268435456" percent="65">
    <mem type="nursery" free="0" total="67108864" percent="0">
      <mem type="allocate" free="0" total="49414144" percent="0" />
      <mem type="survivor" free="0" total="17694720" percent="0" />
    </mem>
    <mem type="tenure" free="176882912" total="201326592" percent="87">
      <mem type="soa" free="166815968" total="191259648" percent="87" />
      <mem type="loa" free="10066944" total="10066944" percent="100" />
    </mem>
    <remembered-set count="17896" />
  </mem-info>
</gc-start>
<allocation-stats totalBytes="42177008" discardedBytes="36744" >
  <allocated-bytes non-tlh="466936" tlh="41710072" />
  <largest-consumer threadName="Daemon worker" threadId="0000000000581100" bytes="40925296" />
</allocation-stats>
<gc-op id="115" type="scavenge" timems="4.662" contextid="112" timestamp="2026-09-06T07:47:51.663">
  <scavenger-info tenureage="3" tenuremask="7fe8" tiltratio="73" />
  <memory-copied type="nursery" objects="228127" bytes="8283296" bytesdiscarded="229376" />
  <memory-copied type="tenure" objects="41922" bytes="1419280" bytesdiscarded="368" />
  <finalization candidates="962" enqueued="924" />
  <ownableSynchronizers candidates="3023" cleared="23" />
  <references type="soft" candidates="7334" cleared="0" enqueued="0" dynamicThreshold="32" maxThreshold="32" />
  <references type="weak" candidates="8102" cleared="2989" enqueued="2870" />
  <references type="phantom" candidates="36" cleared="26" enqueued="26" />
  <object-monitors candidates="1" cleared="0"  />
</gc-op>
<gc-end id="116" type="scavenge" contextid="112" durationms="4.964" usertimems="34.661" systemtimems="0.673" stalltimems="8.011" timestamp="2026-09-06T07:47:51.663" activeThreads="10">
  <mem-info id="117" free="217564864" total="268435456" percent="81">
    <mem type="nursery" free="42254048" total="67108864" percent="62">
      <mem type="allocate" free="42254048" total="50790400" percent="83" />
      <mem type="survivor" free="0" total="16318464" percent="0" />
    </mem>
    <mem type="tenure" free="175310816" total="201326592" percent="87">
      <mem type="soa" free="165243872" total="191259648" percent="86" />
      <mem type="loa" free="10066944" total="10066944" percent="100" />
    </mem>
    <pending-finalizers system="924" default="0" reference="2896" classloader="0" />
    <remembered-set count="11390" />
  </mem-info>
</gc-end>
<cycle-end id="118" type="scavenge" contextid="112" timestamp="2026-09-06T07:47:51.663" />
<allocation-satisfied id="119" threadId="0000000000581100" bytesRequested="3080" />
<af-end id="120" timestamp="2026-09-06T07:47:51.663" threadId="0000000000581BC0" success="true" from="nursery"/>
<exclusive-end id="121" timestamp="2026-09-06T07:47:51.664" durationms="5.720" />

<exclusive-start id="122" timestamp="2026-09-06T07:47:52.198" intervalms="539.628">
  <response-info timems="0.018" idlems="0.018" threads="0" lastid="0000000000581100" lastname="Daemon worker" />
</exclusive-start>
<af-start id="123" threadId="0000000000581BC0" totalBytesRequested="1488" timestamp="2026-09-06T07:47:52.198" intervalms="539.658" type="nursery" />
<cycle-start id="124" type="scavenge" contextid="0" timestamp="2026-09-06T07:47:52.198" intervalms="539.674" />
<gc-start id="125" type="scavenge" contextid="124" timestamp="2026-09-06T07:47:52.198">
  <mem-info id="126" free="174837176" total="268435456" percent="65">
    <mem type="nursery" free="0" total="67108864" percent="0">
      <mem type="allocate" free="0" total="50790400" percent="0" />
      <mem type="survivor" free="0" total="16318464" percent="0" />
    </mem>
    <mem type="tenure" free="174837176" total="201326592" percent="86">
      <mem type="soa" free="164770232" total="191259648" percent="86" />
      <mem type="loa" free="10066944" total="10066944" percent="100" />
    </mem>
    <remembered-set count="17500" />
  </mem-info>
</gc-start>
<allocation-stats totalBytes="42710776" discardedBytes="16912" >
  <allocated-bytes non-tlh="484920" tlh="42225856" />
  <largest-consumer threadName="Daemon worker" threadId="0000000000581100" bytes="42495296" />
</allocation-stats>
<gc-op id="127" type="scavenge" timems="4.420" contextid="124" timestamp="2026-09-06T07:47:52.203">
  <scavenger-info tenureage="3" tenuremask="7fe8" tiltratio="75" />
  <memory-copied type="nursery" objects="214752" bytes="8335112" bytesdiscarded="129416" />
  <memory-copied type="tenure" objects="67749" bytes="2706368" bytesdiscarded="416" />
  <finalization candidates="683" enqueued="621" />
  <ownableSynchronizers candidates="2762" cleared="20" />
  <references type="soft" candidates="6366" cleared="0" enqueued="0" dynamicThreshold="32" maxThreshold="32" />
  <references type="weak" candidates="7276" cleared="2936" enqueued="2935" />
  <references type="phantom" candidates="40" cleared="26" enqueued="26" />
  <object-monitors candidates="2" cleared="0"  />
</gc-op>
<gc-end id="128" type="scavenge" contextid="124" durationms="4.855" usertimems="35.694" systemtimems="1.804" stalltimems="6.924" timestamp="2026-09-06T07:47:52.203" activeThreads="10">
  <mem-info id="129" free="215743448" total="268435456" percent="80">
    <mem type="nursery" free="43615008" total="67108864" percent="64">
      <mem type="allocate" free="43615008" total="52101120" percent="83" />
      <mem type="survivor" free="0" total="15007744" percent="0" />
    </mem>
    <mem type="tenure" free="172128440" total="201326592" percent="85">
      <mem type="soa" free="162061496" total="191259648" percent="84" />
      <mem type="loa" free="10066944" total="10066944" percent="100" />
    </mem>
    <pending-finalizers system="621" default="0" reference="2961" classloader="0" />
    <remembered-set count="13576" />
  </mem-info>
</gc-end>
<cycle-end id="130" type="scavenge" contextid="124" timestamp="2026-09-06T07:47:52.203" />
<allocation-satisfied id="131" threadId="0000000000581100" bytesRequested="1488" />
<af-end id="132" timestamp="2026-09-06T07:47:52.203" threadId="0000000000581BC0" success="true" from="nursery"/>
<exclusive-end id="133" timestamp="2026-09-06T07:47:52.203" durationms="5.673" />

<exclusive-start id="134" timestamp="2026-09-06T07:47:55.946" intervalms="3748.887">
  <response-info timems="0.019" idlems="0.019" threads="0" lastid="0000000000581100" lastname="Daemon worker" />
</exclusive-start>
<af-start id="135" threadId="0000000000581BC0" totalBytesRequested="32" timestamp="2026-09-06T07:47:55.947" intervalms="3748.834" type="nursery" />
<cycle-start id="136" type="scavenge" contextid="0" timestamp="2026-09-06T07:47:55.947" intervalms="3748.816" />
<gc-start id="137" type="scavenge" contextid="136" timestamp="2026-09-06T07:47:55.947">
  <mem-info id="138" free="171525344" total="268435456" percent="63">
    <mem type="nursery" free="0" total="67108864" percent="0">
      <mem type="allocate" free="0" total="52101120" percent="0" />
      <mem type="survivor" free="0" total="15007744" percent="0" />
    </mem>
    <mem type="tenure" free="171525344" total="201326592" percent="85">
      <mem type="soa" free="161458400" total="191259648" percent="84" />
      <mem type="loa" free="10066944" total="10066944" percent="100" />
    </mem>
    <remembered-set count="21535" />
  </mem-info>
</gc-start>
<allocation-stats totalBytes="44193504" discardedBytes="24600" >
  <allocated-bytes non-tlh="641480" tlh="43552024" />
  <largest-consumer threadName="Daemon worker" threadId="0000000000581100" bytes="43764672" />
</allocation-stats>
<gc-op id="139" type="scavenge" timems="4.537" contextid="136" timestamp="2026-09-06T07:47:55.952">
  <scavenger-info tenureage="3" tenuremask="7fe8" tiltratio="77" />
  <memory-copied type="nursery" objects="213794" bytes="8082080" bytesdiscarded="162552" />
  <memory-copied type="tenure" objects="80287" bytes="2714128" bytesdiscarded="928" />
  <finalization candidates="902" enqueued="758" />
  <ownableSynchronizers candidates="1115" cleared="51" />
  <references type="soft" candidates="6445" cleared="0" enqueued="0" dynamicThreshold="32" maxThreshold="32" />
  <references type="weak" candidates="7462" cleared="2841" enqueued="2841" />
  <references type="phantom" candidates="152" cleared="105" enqueued="105" />
  <object-monitors candidates="4" cleared="0"  />
</gc-op>
<gc-end id="140" type="scavenge" contextid="136" durationms="4.839" usertimems="38.202" systemtimems="0.000" stalltimems="7.337" timestamp="2026-09-06T07:47:55.952" activeThreads="10">
  <mem-info id="141" free="213728152" total="268435456" percent="79">
    <mem type="nursery" free="44962752" total="67108864" percent="66">
      <mem type="allocate" free="44962752" total="53215232" percent="84" />
      <mem type="survivor" free="0" total="13893632" percent="0" />
    </mem>
    <mem type="tenure" free="168765400" total="201326592" percent="83">
      <mem type="soa" free="158698456" total="191259648" percent="82" />
      <mem type="loa" free="10066944" total="10066944" percent="100" />
    </mem>
    <pending-finalizers system="757" default="1" reference="2946" classloader="0" />
    <remembered-set count="17182" />
  </mem-info>
</gc-end>
<cycle-end id="142" type="scavenge" contextid="136" timestamp="2026-09-06T07:47:55.952" />
<allocation-satisfied id="143" threadId="0000000000581100" bytesRequested="32" />
<af-end id="144" timestamp="2026-09-06T07:47:55.952" threadId="0000000000581BC0" success="true" from="nursery"/>
<exclusive-end id="145" timestamp="2026-09-06T07:47:55.952" durationms="5.795" />

<exclusive-start id="146" timestamp="2026-09-06T07:48:05.047" intervalms="9100.102">
  <response-info timems="0.020" idlems="0.020" threads="0" lastid="0000000000581100" lastname="Daemon worker" />
</exclusive-start>
<af-start id="147" threadId="0000000000581BC0" totalBytesRequested="56" timestamp="2026-09-06T07:48:05.049" intervalms="9102.173" type="nursery" />
<cycle-start id="148" type="scavenge" contextid="0" timestamp="2026-09-06T07:48:05.049" intervalms="9102.228" />
<gc-start id="149" type="scavenge" contextid="148" timestamp="2026-09-06T07:48:05.049">
  <mem-info id="150" free="168690192" total="268435456" percent="62">
    <mem type="nursery" free="0" total="67108864" percent="0">
      <mem type="allocate" free="0" total="53215232" percent="0" />
      <mem type="survivor" free="0" total="13893632" percent="0" />
    </mem>
    <mem type="tenure" free="168690192" total="201326592" percent="83">
      <mem type="soa" free="158623248" total="191259648" percent="82" />
      <mem type="loa" free="10066944" total="10066944" percent="100" />
    </mem>
    <remembered-set count="18584" />
  </mem-info>
</gc-start>
<allocation-stats totalBytes="44921656" discardedBytes="116304" >
  <allocated-bytes non-tlh="288392" tlh="44633264" />
  <largest-consumer threadName="Daemon worker" threadId="0000000000581100" bytes="19956032" />
</allocation-stats>
<gc-op id="151" type="scavenge" timems="3.911" contextid="148" timestamp="2026-09-06T07:48:05.053">
  <scavenger-info tenureage="3" tenuremask="7fe8" tiltratio="79" />
  <memory-copied type="nursery" objects="158115" bytes="7293168" bytesdiscarded="240960" />
  <memory-copied type="tenure" objects="71288" bytes="2555184" bytesdiscarded="832" />
  <finalization candidates="218" enqueued="76" />
  <ownableSynchronizers candidates="1425" cleared="99" />
  <references type="soft" candidates="2661" cleared="0" enqueued="0" dynamicThreshold="32" maxThreshold="32" />
  <references type="weak" candidates="2002" cleared="274" enqueued="274" />
  <references type="phantom" candidates="807" cleared="670" enqueued="670" />
  <object-monitors candidates="8" cleared="1"  />
</gc-op>
<gc-end id="152" type="scavenge" contextid="148" durationms="5.170" usertimems="30.853" systemtimems="0.000" stalltimems="8.238" timestamp="2026-09-06T07:48:05.055" activeThreads="10">
  <mem-info id="153" free="213041544" total="268435456" percent="79">
    <mem type="nursery" free="46590336" total="67108864" percent="69">
      <mem type="allocate" free="46590336" total="54132736" percent="86" />
      <mem type="survivor" free="0" total="12976128" percent="0" />
    </mem>
    <mem type="tenure" free="166451208" total="201326592" percent="82" macro-fragmented="100663296">
      <mem type="soa" free="156384264" total="191259648" percent="81" />
      <mem type="loa" free="10066944" total="10066944" percent="100" />
    </mem>
    <pending-finalizers system="76" default="0" reference="944" classloader="0" />
    <remembered-set count="11625" />
  </mem-info>
</gc-end>
<cycle-end id="154" type="scavenge" contextid="148" timestamp="2026-09-06T07:48:05.055" />
<allocation-satisfied id="155" threadId="0000000000581100" bytesRequested="56" />
<af-end id="156" timestamp="2026-09-06T07:48:05.055" threadId="0000000000581BC0" success="true" from="nursery"/>
<exclusive-end id="157" timestamp="2026-09-06T07:48:05.055" durationms="8.257" />

<exclusive-start id="158" timestamp="2026-09-06T07:48:09.694" intervalms="4646.948">
  <response-info timems="0.062" idlems="0.062" threads="0" lastid="0000000001566C00" lastname="Unconstrained build operations Thread 45" />
</exclusive-start>
<af-start id="159" threadId="00000000015676C0" totalBytesRequested="56" timestamp="2026-09-06T07:48:09.694" intervalms="4644.891" type="nursery" />
<cycle-start id="160" type="scavenge" contextid="0" timestamp="2026-09-06T07:48:09.694" intervalms="4644.870" />
<gc-start id="161" type="scavenge" contextid="160" timestamp="2026-09-06T07:48:09.694">
  <mem-info id="162" free="166439312" total="268435456" percent="62">
    <mem type="nursery" free="0" total="67108864" percent="0">
      <mem type="allocate" free="0" total="54132736" percent="0" />
      <mem type="survivor" free="0" total="12976128" percent="0" />
    </mem>
    <mem type="tenure" free="166439312" total="201326592" percent="82">
      <mem type="soa" free="156372368" total="191259648" percent="81" />
      <mem type="loa" free="10066944" total="10066944" percent="100" />
    </mem>
    <remembered-set count="11874" />
  </mem-info>
</gc-start>
<allocation-stats totalBytes="46482072" discardedBytes="120160" >
  <allocated-bytes non-tlh="11952" tlh="46470120" />
  <largest-consumer threadName="Daemon worker" threadId="0000000000581100" bytes="15379088" />
</allocation-stats>
<gc-op id="163" type="scavenge" timems="3.208" contextid="160" timestamp="2026-09-06T07:48:09.697">
  <scavenger-info tenureage="3" tenuremask="7fe8" tiltratio="80" />
  <memory-copied type="nursery" objects="128527" bytes="7169376" bytesdiscarded="293496" />
  <memory-copied type="tenure" objects="51951" bytes="1860424" bytesdiscarded="616" />
  <finalization candidates="128" enqueued="4" />
  <ownableSynchronizers candidates="614" cleared="69" />
  <references type="soft" candidates="1061" cleared="0" enqueued="0" dynamicThreshold="32" maxThreshold="32" />
  <references type="weak" candidates="1570" cleared="53" enqueued="53" />
  <references type="phantom" candidates="327" cleared="162" enqueued="162" />
  <object-monitors candidates="8" cleared="0"  />
</gc-op>
<gc-end id="164" type="scavenge" contextid="160" durationms="3.470" usertimems="22.576" systemtimems="0.971" stalltimems="6.004" timestamp="2026-09-06T07:48:09.697" activeThreads="10">
  <mem-info id="165" free="211948832" total="268435456" percent="78">
    <mem type="nursery" free="47578512" total="67108864" percent="70">
      <mem type="allocate" free="47578512" total="55050240" percent="86" />
      <mem type="survivor" free="0" total="12058624" percent="0" />
    </mem>
    <mem type="tenure" free="164370320" total="201326592" percent="81" macro-fragmented="134217728">
      <mem type="soa" free="154303376" total="191259648" percent="80" />
      <mem type="loa" free="10066944" total="10066944" percent="100" />
    </mem>
    <pending-finalizers system="4" default="0" reference="215" classloader="0" />
    <remembered-set count="4584" />
  </mem-info>
</gc-end>
<cycle-end id="166" type="scavenge" contextid="160" timestamp="2026-09-06T07:48:09.698" />
<allocation-satisfied id="167" threadId="0000000001566C00" bytesRequested="56" />
<af-end id="168" timestamp="2026-09-06T07:48:09.698" threadId="00000000015676C0" success="true" from="nursery"/>
<exclusive-end id="169" timestamp="2026-09-06T07:48:09.698" durationms="4.297" />

<exclusive-start id="170" timestamp="2026-09-06T07:48:12.908" intervalms="3214.303">
  <response-info timems="0.089" idlems="0.089" threads="0" lastid="000000000156C200" lastname="Unconstrained build operations Thread 63" />
</exclusive-start>
<af-start id="171" threadId="000000000156CCC0" totalBytesRequested="8200" timestamp="2026-09-06T07:48:12.908" intervalms="3214.341" type="nursery" />
<cycle-start id="172" type="scavenge" contextid="0" timestamp="2026-09-06T07:48:12.908" intervalms="3214.400" />
<gc-start id="173" type="scavenge" contextid="172" timestamp="2026-09-06T07:48:12.908">
  <mem-info id="174" free="164364256" total="268435456" percent="61">
    <mem type="nursery" free="0" total="67108864" percent="0">
      <mem type="allocate" free="0" total="55050240" percent="0" />
      <mem type="survivor" free="0" total="12058624" percent="0" />
    </mem>
    <mem type="tenure" free="164364256" total="201326592" percent="81">
      <mem type="soa" free="154297312" total="191259648" percent="80" />
      <mem type="loa" free="10066944" total="10066944" percent="100" />
    </mem>
    <remembered-set count="4751" />
  </mem-info>
</gc-start>
<allocation-stats totalBytes="47474688" discardedBytes="109888" >
  <allocated-bytes non-tlh="6120" tlh="47468568" />
  <largest-consumer threadName="Daemon worker" threadId="0000000000581100" bytes="8998152" />
</allocation-stats>
<gc-op id="175" type="scavenge" timems="4.339" contextid="172" timestamp="2026-09-06T07:48:12.913">
  <scavenger-info tenureage="3" tenuremask="7fe8" tiltratio="82" />
  <memory-copied type="nursery" objects="60741" bytes="4537720" bytesdiscarded="278848" />
  <memory-copied type="tenure" objects="75029" bytes="2974928" bytesdiscarded="1872" />
  <finalization candidates="85" enqueued="3" />
  <ownableSynchronizers candidates="510" cleared="91" />
  <references type="soft" candidates="167" cleared="0" enqueued="0" dynamicThreshold="32" maxThreshold="32" />
  <references type="weak" candidates="1108" cleared="58" enqueued="58" />
  <references type="phantom" candidates="284" cleared="139" enqueued="139" />
  <object-monitors candidates="8" cleared="0"  />
</gc-op>
<gc-end id="176" type="scavenge" contextid="172" durationms="4.764" usertimems="20.603" systemtimems="0.585" stalltimems="19.065" timestamp="2026-09-06T07:48:12.913" activeThreads="10">
  <mem-info id="177" free="212813504" total="268435456" percent="79">
    <mem type="nursery" free="51013096" total="67108864" percent="76">
      <mem type="allocate" free="51013096" total="55836672" percent="91" />
      <mem type="survivor" free="0" total="11272192" percent="0" />
    </mem>
    <mem type="tenure" free="161800408" total="201326592" percent="80" macro-fragmented="100663296">
      <mem type="soa" free="151733464" total="191259648" percent="79" />
      <mem type="loa" free="10066944" total="10066944" percent="100" />
    </mem>
    <pending-finalizers system="3" default="0" reference="197" classloader="0" />
    <remembered-set count="1203" />
  </mem-info>
</gc-end>
<cycle-end id="178" type="scavenge" contextid="172" timestamp="2026-09-06T07:48:12.914" />
<allocation-satisfied id="179" threadId="000000000156C200" bytesRequested="8200" />
<af-end id="180" timestamp="2026-09-06T07:48:12.914" threadId="000000000156CCC0" success="true" from="nursery"/>
<exclusive-end id="181" timestamp="2026-09-06T07:48:12.914" durationms="5.870" />

<exclusive-start id="182" timestamp="2026-09-06T07:48:19.421" intervalms="6513.437">
  <response-info timems="0.123" idlems="0.123" threads="0" lastid="00000000016A8D00" lastname="Build operations Thread 7" />
</exclusive-start>
<af-start id="183" threadId="00000000016A97C0" totalBytesRequested="4256" timestamp="2026-09-06T07:48:19.421" intervalms="6513.483" type="nursery" />
<cycle-start id="184" type="scavenge" contextid="0" timestamp="2026-09-06T07:48:19.422" intervalms="6513.642" />
<gc-start id="185" type="scavenge" contextid="184" timestamp="2026-09-06T07:48:19.423">
  <mem-info id="186" free="161776208" total="268435456" percent="60">
    <mem type="nursery" free="0" total="67108864" percent="0">
      <mem type="allocate" free="0" total="55836672" percent="0" />
      <mem type="survivor" free="0" total="11272192" percent="0" />
    </mem>
    <mem type="tenure" free="161776208" total="201326592" percent="80">
      <mem type="soa" free="151709264" total="191259648" percent="79" />
      <mem type="loa" free="10066944" total="10066944" percent="100" />
    </mem>
    <remembered-set count="1681" />
  </mem-info>
</gc-start>
<allocation-stats totalBytes="50792824" discardedBytes="244472" >
  <allocated-bytes non-tlh="233280" tlh="50559544" />
  <largest-consumer threadName="Daemon worker" threadId="0000000000581100" bytes="20539344" />
</allocation-stats>
<gc-op id="187" type="scavenge" timems="6.271" contextid="184" timestamp="2026-09-06T07:48:19.429">
  <scavenger-info tenureage="3" tenuremask="7fc8" tiltratio="83" />
  <memory-copied type="nursery" objects="61815" bytes="3843784" bytesdiscarded="508216" />
  <memory-copied type="tenure" objects="21993" bytes="1908296" bytesdiscarded="2936" />
  <finalization candidates="53" enqueued="53" />
  <ownableSynchronizers candidates="522" cleared="88" />
  <references type="soft" candidates="122" cleared="0" enqueued="0" dynamicThreshold="32" maxThreshold="32" />
  <references type="weak" candidates="1205" cleared="200" enqueued="200" />
  <references type="phantom" candidates="197" cleared="126" enqueued="126" />
  <object-monitors candidates="9" cleared="0"  />
</gc-op>
<gc-end id="188" type="scavenge" contextid="184" durationms="7.095" usertimems="19.993" systemtimems="1.136" stalltimems="12.887" timestamp="2026-09-06T07:48:19.430" activeThreads="10">
  <mem-info id="189" free="212551760" total="268435456" percent="79">
    <mem type="nursery" free="52722856" total="67108864" percent="78">
      <mem type="allocate" free="52722856" total="57081856" percent="92" />
      <mem type="survivor" free="0" total="10027008" percent="0" />
    </mem>
    <mem type="tenure" free="159828904" total="201326592" percent="79" macro-fragmented="83886080">
      <mem type="soa" free="149761960" total="191259648" percent="78" />
      <mem type="loa" free="10066944" total="10066944" percent="100" />
    </mem>
    <pending-finalizers system="53" default="0" reference="326" classloader="0" />
    <remembered-set count="1847" />
  </mem-info>
</gc-end>
<cycle-end id="190" type="scavenge" contextid="184" timestamp="2026-09-06T07:48:19.431" />
<allocation-satisfied id="191" threadId="00000000016A8D00" bytesRequested="4256" />
<af-end id="192" timestamp="2026-09-06T07:48:19.431" threadId="00000000016A97C0" success="true" from="nursery"/>
<exclusive-end id="193" timestamp="2026-09-06T07:48:19.431" durationms="9.632" />

<exclusive-start id="194" timestamp="2026-09-06T07:48:38.488" intervalms="19066.616">
  <response-info timems="0.218" idlems="0.218" threads="0" lastid="00000000014CB000" lastname="Build operations Thread 2" />
</exclusive-start>
<af-start id="195" threadId="00000000014CBAC0" totalBytesRequested="12792" timestamp="2026-09-06T07:48:38.488" intervalms="19066.707" type="nursery" />
<cycle-start id="196" type="scavenge" contextid="0" timestamp="2026-09-06T07:48:38.488" intervalms="19066.776" />
<gc-start id="197" type="scavenge" contextid="196" timestamp="2026-09-06T07:48:38.489">
  <mem-info id="198" free="159828904" total="268435456" percent="59">
    <mem type="nursery" free="0" total="67108864" percent="0">
      <mem type="allocate" free="0" total="57081856" percent="0" />
      <mem type="survivor" free="0" total="10027008" percent="0" />
    </mem>
    <mem type="tenure" free="159828904" total="201326592" percent="79">
      <mem type="soa" free="149761960" total="191259648" percent="78" />
      <mem type="loa" free="10066944" total="10066944" percent="100" />
    </mem>
    <remembered-set count="1980" />
  </mem-info>
</gc-start>
<allocation-stats totalBytes="50727096" discardedBytes="1995760" >
  <allocated-bytes non-tlh="20656" tlh="50706440" />
  <largest-consumer threadName="Build operations Thread 2" threadId="00000000014CB000" bytes="9696984" />
</allocation-stats>
<gc-op id="199" type="scavenge" timems="5.625" contextid="196" timestamp="2026-09-06T07:48:38.495">
  <scavenger-info tenureage="3" tenuremask="7f88" tiltratio="85" />
  <memory-copied type="nursery" objects="44378" bytes="2469704" bytesdiscarded="399112" />
  <memory-copied type="tenure" objects="18039" bytes="1527736" bytesdiscarded="592" />
  <ownableSynchronizers candidates="159" cleared="46" />
  <references type="soft" candidates="58" cleared="0" enqueued="0" dynamicThreshold="32" maxThreshold="32" />
  <references type="weak" candidates="613" cleared="0" enqueued="0" />
  <references type="phantom" candidates="80" cleared="44" enqueued="44" />
  <object-monitors candidates="9" cleared="0"  />
</gc-op>
<gc-end id="200" type="scavenge" contextid="196" durationms="20.817" usertimems="34.380" systemtimems="1.339" stalltimems="13.860" timestamp="2026-09-06T07:48:38.510" activeThreads="10">
  <mem-info id="201" free="213284272" total="268435456" percent="79">
    <mem type="nursery" free="55322528" total="67108864" percent="82">
      <mem type="allocate" free="55322528" total="58195968" percent="95" />
      <mem type="survivor" free="0" total="8912896" percent="0" />
    </mem>
    <mem type="tenure" free="157961744" total="201326592" percent="78" macro-fragmented="117440512">
      <mem type="soa" free="147894800" total="191259648" percent="77" />
      <mem type="loa" free="10066944" total="10066944" percent="100" />
    </mem>
    <pending-finalizers system="0" default="0" reference="44" classloader="0" />
    <remembered-set count="2024" />
  </mem-info>
</gc-end>
<cycle-end id="202" type="scavenge" contextid="196" timestamp="2026-09-06T07:48:38.511" />
<allocation-satisfied id="203" threadId="00000000014CB000" bytesRequested="12792" />
<af-end id="204" timestamp="2026-09-06T07:48:38.511" threadId="00000000014CBAC0" success="true" from="nursery"/>
<exclusive-end id="205" timestamp="2026-09-06T07:48:38.511" durationms="23.592" />

<exclusive-start id="206" timestamp="2026-09-06T07:48:59.434" intervalms="20946.807">
  <response-info timems="0.467" idlems="0.244" threads="9" lastid="00000000014CB000" lastname="Build operations Thread 2" />
</exclusive-start>
<af-start id="207" threadId="00000000014C8AC0" totalBytesRequested="816" timestamp="2026-09-06T07:48:59.434" intervalms="20946.651" type="nursery" />
<cycle-start id="208" type="scavenge" contextid="0" timestamp="2026-09-06T07:48:59.434" intervalms="20946.376" />
<gc-start id="209" type="scavenge" contextid="208" timestamp="2026-09-06T07:48:59.435">
  <mem-info id="210" free="157898584" total="268435456" percent="58">
    <mem type="nursery" free="0" total="67108864" percent="0">
      <mem type="allocate" free="0" total="58195968" percent="0" />
      <mem type="survivor" free="0" total="8912896" percent="0" />
    </mem>
    <mem type="tenure" free="157898584" total="201326592" percent="78">
      <mem type="soa" free="147831640" total="191259648" percent="77" />
      <mem type="loa" free="10066944" total="10066944" percent="100" />
    </mem>
    <remembered-set count="3123" />
  </mem-info>
</gc-start>
<allocation-stats totalBytes="54025240" discardedBytes="1360448" >
  <allocated-bytes non-tlh="543760" tlh="53481480" />
  <largest-consumer threadName="Build operations Thread 8" threadId="00000000016ACA00" bytes="8159184" />
</allocation-stats>
<gc-op id="211" type="scavenge" timems="2.031" contextid="208" timestamp="2026-09-06T07:48:59.437">
  <scavenger-info tenureage="8" tenuremask="7f00" tiltratio="86" />
  <memory-copied type="nursery" objects="65220" bytes="3660472" bytesdiscarded="420072" />
  <finalization candidates="285" enqueued="283" />
  <ownableSynchronizers candidates="292" cleared="159" />
  <references type="soft" candidates="105" cleared="0" enqueued="0" dynamicThreshold="32" maxThreshold="32" />
  <references type="weak" candidates="1450" cleared="562" enqueued="562" />
  <references type="phantom" candidates="495" cleared="434" enqueued="434" />
  <object-monitors candidates="48" cleared="34"  />
</gc-op>
<gc-end id="212" type="scavenge" contextid="208" durationms="9.809" usertimems="15.772" systemtimems="1.367" stalltimems="5.852" timestamp="2026-09-06T07:48:59.444" activeThreads="9">
  <mem-info id="213" free="212663152" total="268435456" percent="79">
    <mem type="nursery" free="54764568" total="67108864" percent="81">
      <mem type="allocate" free="54764568" total="58851328" percent="93" />
      <mem type="survivor" free="0" total="8257536" percent="0" />
    </mem>
    <mem type="tenure" free="157898584" total="201326592" percent="78" macro-fragmented="134217728">
      <mem type="soa" free="147831640" total="191259648" percent="77" />
      <mem type="loa" free="10066944" total="10066944" percent="100" />
    </mem>
    <pending-finalizers system="283" default="0" reference="996" classloader="0" />
    <remembered-set count="2616" />
  </mem-info>
</gc-end>
<cycle-end id="214" type="scavenge" contextid="208" timestamp="2026-09-06T07:48:59.445" />
<allocation-satisfied id="215" threadId="00000000014C8000" bytesRequested="816" />
<af-end id="216" timestamp="2026-09-06T07:48:59.445" threadId="00000000014C8AC0" success="true" from="nursery"/>
<exclusive-end id="217" timestamp="2026-09-06T07:48:59.445" durationms="10.563" />

<exclusive-start id="218" timestamp="2026-09-06T07:48:59.729" intervalms="294.496">
  <response-info timems="0.101" idlems="0.045" threads="2" lastid="00000000014CB000" lastname="Build operations Thread 2" />
</exclusive-start>
<af-start id="219" threadId="00000000016BF3C0" totalBytesRequested="24" timestamp="2026-09-06T07:48:59.729" intervalms="294.472" type="nursery" />
<cycle-start id="220" type="scavenge" contextid="0" timestamp="2026-09-06T07:48:59.729" intervalms="294.462" />
<gc-start id="221" type="scavenge" contextid="220" timestamp="2026-09-06T07:48:59.729">
  <mem-info id="222" free="157856056" total="268435456" percent="58">
    <mem type="nursery" free="0" total="67108864" percent="0">
      <mem type="allocate" free="0" total="58851328" percent="0" />
      <mem type="survivor" free="0" total="8257536" percent="0" />
    </mem>
    <mem type="tenure" free="157856056" total="201326592" percent="78">
      <mem type="soa" free="147789112" total="191259648" percent="77" />
      <mem type="loa" free="10066944" total="10066944" percent="100" />
    </mem>
    <remembered-set count="3214" />
  </mem-info>
</gc-start>
<allocation-stats totalBytes="54565064" discardedBytes="242032" >
  <allocated-bytes non-tlh="447880" tlh="54117184" />
  <largest-consumer threadName="Build operations" threadId="00000000014C7300" bytes="12455000" />
</allocation-stats>
<gc-op id="223" type="scavenge" timems="2.400" contextid="220" timestamp="2026-09-06T07:48:59.732">
  <scavenger-info tenureage="4" tenuremask="7e10" tiltratio="87" />
  <memory-copied type="nursery" objects="85216" bytes="3757976" bytesdiscarded="376448" />
  <memory-copied type="tenure" objects="16858" bytes="815728" bytesdiscarded="32" />
  <finalization candidates="211" enqueued="209" />
  <ownableSynchronizers candidates="263" cleared="130" />
  <references type="soft" candidates="73" cleared="0" enqueued="0" dynamicThreshold="32" maxThreshold="32" />
  <references type="weak" candidates="1102" cleared="211" enqueued="211" />
  <references type="phantom" candidates="244" cleared="208" enqueued="208" />
  <object-monitors candidates="54" cleared="33"  />
</gc-op>
<gc-end id="224" type="scavenge" contextid="220" durationms="3.499" usertimems="13.225" systemtimems="1.330" stalltimems="7.509" timestamp="2026-09-06T07:48:59.733" activeThreads="9">
  <mem-info id="225" free="212380720" total="268435456" percent="79">
    <mem type="nursery" free="55499944" total="67108864" percent="82">
      <mem type="allocate" free="55499944" total="59637760" percent="93" />
      <mem type="survivor" free="0" total="7471104" percent="0" />
    </mem>
    <mem type="tenure" free="156880776" total="201326592" percent="77" macro-fragmented="134217728">
      <mem type="soa" free="146813832" total="191259648" percent="76" />
      <mem type="loa" free="10066944" total="10066944" percent="100" />
    </mem>
    <pending-finalizers system="209" default="0" reference="419" classloader="0" />
    <remembered-set count="2816" />
  </mem-info>
</gc-end>
<cycle-end id="226" type="scavenge" contextid="220" timestamp="2026-09-06T07:48:59.733" />
<allocation-satisfied id="227" threadId="00000000016BE900" bytesRequested="24" />
<af-end id="228" timestamp="2026-09-06T07:48:59.733" threadId="00000000016BF3C0" success="true" from="nursery"/>
<exclusive-end id="229" timestamp="2026-09-06T07:48:59.733" durationms="4.422" />

<exclusive-start id="230" timestamp="2026-09-06T07:48:59.779" intervalms="50.711">
  <response-info timems="0.108" idlems="0.058" threads="1" lastid="00000000014C8000" lastname="Build operations Thread 10" />
</exclusive-start>
<af-start id="231" threadId="00000000016A1DC0" totalBytesRequested="40" timestamp="2026-09-06T07:48:59.779" intervalms="50.716" type="nursery" />
<cycle-start id="232" type="scavenge" contextid="0" timestamp="2026-09-06T07:48:59.780" intervalms="50.727" />
<gc-start id="233" type="scavenge" contextid="232" timestamp="2026-09-06T07:48:59.780">
  <mem-info id="234" free="156880536" total="268435456" percent="58">
    <mem type="nursery" free="0" total="67108864" percent="0">
      <mem type="allocate" free="0" total="59637760" percent="0" />
      <mem type="survivor" free="0" total="7471104" percent="0" />
    </mem>
    <mem type="tenure" free="156880536" total="201326592" percent="77">
      <mem type="soa" free="146813592" total="191259648" percent="76" />
      <mem type="loa" free="10066944" total="10066944" percent="100" />
    </mem>
    <remembered-set count="2891" />
  </mem-info>
</gc-start>
<allocation-stats totalBytes="55406264" discardedBytes="93920" >
  <allocated-bytes non-tlh="1911840" tlh="53494424" />
  <largest-consumer threadName="Build operations Thread 5" threadId="00000000016A1300" bytes="13323400" />
</allocation-stats>
<gc-op id="235" type="scavenge" timems="2.444" contextid="232" timestamp="2026-09-06T07:48:59.783">
  <scavenger-info tenureage="4" tenuremask="7c10" tiltratio="88" />
  <memory-copied type="nursery" objects="104437" bytes="4493456" bytesdiscarded="215776" />
  <memory-copied type="tenure" objects="23067" bytes="1291896" bytesdiscarded="144" />
  <finalization candidates="4" enqueued="2" />
  <ownableSynchronizers candidates="197" cleared="76" />
  <references type="soft" candidates="47" cleared="0" enqueued="0" dynamicThreshold="32" maxThreshold="32" />
  <references type="weak" candidates="699" cleared="0" enqueued="0" />
  <references type="phantom" candidates="144" cleared="124" enqueued="124" />
  <object-monitors candidates="21" cleared="0"  />
</gc-op>
<gc-end id="236" type="scavenge" contextid="232" durationms="2.684" usertimems="14.115" systemtimems="2.134" stalltimems="5.260" timestamp="2026-09-06T07:48:59.783" activeThreads="9">
  <mem-info id="237" free="210756448" total="268435456" percent="78">
    <mem type="nursery" free="55190032" total="67108864" percent="82">
      <mem type="allocate" free="55190032" total="59899904" percent="92" />
      <mem type="survivor" free="0" total="7208960" percent="0" />
    </mem>
    <mem type="tenure" free="155566416" total="201326592" percent="77" macro-fragmented="67108864">
      <mem type="soa" free="145499472" total="191259648" percent="76" />
      <mem type="loa" free="10066944" total="10066944" percent="100" />
    </mem>
    <pending-finalizers system="2" default="0" reference="124" classloader="0" />
    <remembered-set count="1897" />
  </mem-info>
</gc-end>
<cycle-end id="238" type="scavenge" contextid="232" timestamp="2026-09-06T07:48:59.783" />
<allocation-satisfied id="239" threadId="00000000016A1300" bytesRequested="40" />
<af-end id="240" timestamp="2026-09-06T07:48:59.783" threadId="00000000016A1DC0" success="true" from="nursery"/>
<exclusive-end id="241" timestamp="2026-09-06T07:48:59.783" durationms="3.545" />

<exclusive-start id="242" timestamp="2026-09-06T07:48:59.812" intervalms="33.101">
  <response-info timems="2.752" idlems="2.009" threads="3" lastid="00000000014CBC00" lastname="Build operations Thread 3" />
</exclusive-start>
<af-start id="243" threadId="00000000014CD3C0" totalBytesRequested="168" timestamp="2026-09-06T07:48:59.813" intervalms="33.109" type="nursery" />
<cycle-start id="244" type="scavenge" contextid="0" timestamp="2026-09-06T07:48:59.813" intervalms="33.119" />
<gc-start id="245" type="scavenge" contextid="244" timestamp="2026-09-06T07:48:59.813">
  <mem-info id="246" free="155566416" total="268435456" percent="57">
    <mem type="nursery" free="0" total="67108864" percent="0">
      <mem type="allocate" free="0" total="59899904" percent="0" />
      <mem type="survivor" free="0" total="7208960" percent="0" />
    </mem>
    <mem type="tenure" free="155566416" total="201326592" percent="77">
      <mem type="soa" free="145499472" total="191259648" percent="76" />
      <mem type="loa" free="10066944" total="10066944" percent="100" />
    </mem>
    <remembered-set count="1958" />
  </mem-info>
</gc-start>
<allocation-stats totalBytes="55102792" discardedBytes="87240" >
  <allocated-bytes non-tlh="296992" tlh="54805800" />
  <largest-consumer threadName="Build operations Thread 7" threadId="00000000016A8D00" bytes="8894832" />
</allocation-stats>
<gc-op id="247" type="scavenge" timems="3.511" contextid="244" timestamp="2026-09-06T07:48:59.817">
  <scavenger-info tenureage="11" tenuremask="7800" tiltratio="89" />
  <memory-copied type="nursery" objects="143341" bytes="5328136" bytesdiscarded="119560" />
  <finalization candidates="2" enqueued="0" />
  <ownableSynchronizers candidates="175" cleared="74" />
  <references type="soft" candidates="47" cleared="0" enqueued="0" dynamicThreshold="32" maxThreshold="32" />
  <references type="weak" candidates="791" cleared="0" enqueued="0" />
  <references type="phantom" candidates="146" cleared="122" enqueued="122" />
  <object-monitors candidates="21" cleared="0"  />
</gc-op>
<heap-resize id="248" type="expand" space="nursery" amount="4325376" count="1" timems="0.325" reason="excessive time being spent scavenging" timestamp="2026-09-06T07:48:59.818" />
<gc-end id="249" type="scavenge" contextid="244" durationms="4.432" usertimems="17.916" systemtimems="0.755" stalltimems="14.011" timestamp="2026-09-06T07:48:59.818" activeThreads="10">
  <mem-info id="250" free="214015568" total="272760832" percent="78">
    <mem type="nursery" free="58449152" total="71434240" percent="81">
      <mem type="allocate" free="58449152" total="63897600" percent="91" />
      <mem type="survivor" free="0" total="7536640" percent="0" />
    </mem>
    <mem type="tenure" free="155566416" total="201326592" percent="77" macro-fragmented="83886080">
      <mem type="soa" free="145499472" total="191259648" percent="76" />
      <mem type="loa" free="10066944" total="10066944" percent="100" />
    </mem>
    <pending-finalizers system="0" default="0" reference="122" classloader="0" />
    <remembered-set count="1605" />
  </mem-info>
</gc-end>
<cycle-end id="251" type="scavenge" contextid="244" timestamp="2026-09-06T07:48:59.818" />
<allocation-satisfied id="252" threadId="00000000014CC900" bytesRequested="168" />
<af-end id="253" timestamp="2026-09-06T07:48:59.818" threadId="00000000014CD3C0" success="true" from="nursery"/>
<exclusive-end id="254" timestamp="2026-09-06T07:48:59.818" durationms="5.567" />

<exclusive-start id="255" timestamp="2026-09-06T07:48:59.962" intervalms="149.247">
  <response-info timems="0.033" idlems="0.033" threads="0" lastid="00000000014C7300" lastname="Build operations" />
</exclusive-start>
<af-start id="256" threadId="00000000014C7DC0" totalBytesRequested="65544" timestamp="2026-09-06T07:48:59.962" intervalms="149.258" type="nursery" />
<cycle-start id="257" type="scavenge" contextid="0" timestamp="2026-09-06T07:48:59.962" intervalms="149.250" />
<gc-start id="258" type="scavenge" contextid="257" timestamp="2026-09-06T07:48:59.962">
  <mem-info id="259" free="155552728" total="272760832" percent="57">
    <mem type="nursery" free="0" total="71434240" percent="0">
      <mem type="allocate" free="0" total="63897600" percent="0" />
      <mem type="survivor" free="0" total="7536640" percent="0" />
    </mem>
    <mem type="tenure" free="155552728" total="201326592" percent="77">
      <mem type="soa" free="145485784" total="191259648" percent="76" />
      <mem type="loa" free="10066944" total="10066944" percent="100" />
    </mem>
    <remembered-set count="1969" />
  </mem-info>
</gc-start>
<allocation-stats totalBytes="58323704" discardedBytes="139136" >
  <allocated-bytes non-tlh="81704" tlh="58242000" />
  <largest-consumer threadName="Build operations Thread 3" threadId="00000000014CBC00" bytes="9740488" />
</allocation-stats>
<gc-op id="260" type="scavenge" timems="3.440" contextid="257" timestamp="2026-09-06T07:48:59.966">
  <scavenger-info tenureage="3" tenuremask="7008" tiltratio="89" />
  <memory-copied type="nursery" objects="160116" bytes="5337904" bytesdiscarded="173968" />
  <memory-copied type="tenure" objects="37574" bytes="1400368" bytesdiscarded="120" />
  <finalization candidates="88" enqueued="82" />
  <ownableSynchronizers candidates="346" cleared="344" />
  <references type="soft" candidates="111" cleared="0" enqueued="0" dynamicThreshold="32" maxThreshold="32" />
  <references type="weak" candidates="969" cleared="75" enqueued="75" />
  <references type="phantom" candidates="741" cleared="730" enqueued="730" />
  <object-monitors candidates="27" cleared="2"  />
</gc-op>
<gc-end id="261" type="scavenge" contextid="257" durationms="3.697" usertimems="21.056" systemtimems="1.518" stalltimems="8.679" timestamp="2026-09-06T07:48:59.966" activeThreads="9">
  <mem-info id="262" free="212852912" total="272760832" percent="78">
    <mem type="nursery" free="58778112" total="71434240" percent="82">
      <mem type="allocate" free="58778112" total="64290816" percent="91" />
      <mem type="survivor" free="0" total="7143424" percent="0" />
    </mem>
    <mem type="tenure" free="154074800" total="201326592" percent="76" macro-fragmented="134217728">
      <mem type="soa" free="144007856" total="191259648" percent="75" />
      <mem type="loa" free="10066944" total="10066944" percent="100" />
    </mem>
    <pending-finalizers system="82" default="0" reference="805" classloader="0" />
    <remembered-set count="2417" />
  </mem-info>
</gc-end>
<cycle-end id="263" type="scavenge" contextid="257" timestamp="2026-09-06T07:48:59.966" />
<allocation-satisfied id="264" threadId="00000000014C7300" bytesRequested="65544" />
<af-end id="265" timestamp="2026-09-06T07:48:59.966" threadId="00000000014C7DC0" success="true" from="nursery"/>
<exclusive-end id="266" timestamp="2026-09-06T07:48:59.966" durationms="4.762" />

<exclusive-start id="267" timestamp="2026-09-06T07:49:00.307" intervalms="345.735">
  <response-info timems="0.098" idlems="0.071" threads="2" lastid="00000000014C8000" lastname="Build operations Thread 10" />
</exclusive-start>
<af-start id="268" threadId="00000000016AD4C0" totalBytesRequested="200048" timestamp="2026-09-06T07:49:00.308" intervalms="345.720" type="nursery" />
<cycle-start id="269" type="scavenge" contextid="0" timestamp="2026-09-06T07:49:00.308" intervalms="345.711" />
<gc-start id="270" type="scavenge" contextid="269" timestamp="2026-09-06T07:49:00.308">
  <mem-info id="271" free="154026936" total="272760832" percent="56">
    <mem type="nursery" free="0" total="71434240" percent="0">
      <mem type="allocate" free="0" total="64290816" percent="0" />
      <mem type="survivor" free="0" total="7143424" percent="0" />
    </mem>
    <mem type="tenure" free="154026936" total="201326592" percent="76">
      <mem type="soa" free="143959992" total="191259648" percent="75" />
      <mem type="loa" free="10066944" total="10066944" percent="100" />
    </mem>
    <remembered-set count="3157" />
  </mem-info>
</gc-start>
<allocation-stats totalBytes="58727112" discardedBytes="98864" >
  <allocated-bytes non-tlh="544328" tlh="58182784" />
  <largest-consumer threadName="Build operations Thread 2" threadId="00000000014CB000" bytes="8878336" />
</allocation-stats>
<gc-op id="272" type="scavenge" timems="3.212" contextid="269" timestamp="2026-09-06T07:49:00.311">
  <scavenger-info tenureage="13" tenuremask="6000" tiltratio="90" />
  <memory-copied type="nursery" objects="181718" bytes="7016120" bytesdiscarded="126096" />
  <memory-copied type="tenure" objects="2334" bytes="98504" bytesdiscarded="16" />
  <copy-failed type="nursery" objects="2334" bytes="98504" />
  <finalization candidates="112" enqueued="106" />
  <ownableSynchronizers candidates="245" cleared="243" />
  <references type="soft" candidates="114" cleared="0" enqueued="0" dynamicThreshold="32" maxThreshold="32" />
  <references type="weak" candidates="1615" cleared="406" enqueued="406" />
  <references type="phantom" candidates="526" cleared="477" enqueued="477" />
  <object-monitors candidates="63" cleared="36"  />
</gc-op>
<gc-end id="273" type="scavenge" contextid="269" durationms="3.650" usertimems="21.848" systemtimems="0.257" stalltimems="10.704" timestamp="2026-09-06T07:49:00.312" activeThreads="10">
  <mem-info id="274" free="208097464" total="272760832" percent="76">
    <mem type="nursery" free="54132736" total="71434240" percent="75">
      <mem type="allocate" free="54132736" total="61276160" percent="88" />
      <mem type="survivor" free="0" total="10158080" percent="0" />
    </mem>
    <mem type="tenure" free="153964728" total="201326592" percent="76" macro-fragmented="134217728">
      <mem type="soa" free="143897784" total="191259648" percent="75" />
      <mem type="loa" free="10066944" total="10066944" percent="100" />
    </mem>
    <pending-finalizers system="106" default="0" reference="883" classloader="0" />
    <remembered-set count="3302" />
  </mem-info>
</gc-end>
<cycle-end id="275" type="scavenge" contextid="269" timestamp="2026-09-06T07:49:00.312" />
<allocation-satisfied id="276" threadId="00000000016ACA00" bytesRequested="200048" />
<af-end id="277" timestamp="2026-09-06T07:49:00.312" threadId="00000000016AD4C0" success="true" from="nursery"/>
<exclusive-end id="278" timestamp="2026-09-06T07:49:00.312" durationms="4.608" />

<exclusive-start id="279" timestamp="2026-09-06T07:49:00.433" intervalms="125.481">
  <response-info timems="0.274" idlems="0.100" threads="6" lastid="00000000014CC900" lastname="Build operations Thread 4" />
</exclusive-start>
<af-start id="280" threadId="0000000000581BC0" totalBytesRequested="72" timestamp="2026-09-06T07:49:00.433" intervalms="125.484" type="nursery" />
<cycle-start id="281" type="scavenge" contextid="0" timestamp="2026-09-06T07:49:00.433" intervalms="125.473" />
<gc-start id="282" type="scavenge" contextid="281" timestamp="2026-09-06T07:49:00.434">
  <mem-info id="283" free="153964552" total="272760832" percent="56">
    <mem type="nursery" free="0" total="71434240" percent="0">
      <mem type="allocate" free="0" total="61276160" percent="0" />
      <mem type="survivor" free="0" total="10158080" percent="0" />
    </mem>
    <mem type="tenure" free="153964552" total="201326592" percent="76">
      <mem type="soa" free="143897608" total="191259648" percent="75" />
      <mem type="loa" free="10066944" total="10066944" percent="100" />
    </mem>
    <remembered-set count="3374" />
  </mem-info>
</gc-start>
<allocation-stats totalBytes="54080040" discardedBytes="52872" >
  <allocated-bytes non-tlh="399096" tlh="53680944" />
  <largest-consumer threadName="Build operations Thread 8" threadId="00000000016ACA00" bytes="11205744" />
</allocation-stats>
<gc-op id="284" type="scavenge" timems="3.252" contextid="281" timestamp="2026-09-06T07:49:00.437">
  <scavenger-info tenureage="3" tenuremask="6088" tiltratio="85" />
  <memory-copied type="nursery" objects="153474" bytes="6392608" bytesdiscarded="210760" />
  <memory-copied type="tenure" objects="41011" bytes="1504448" bytesdiscarded="1024" />
  <finalization candidates="7" enqueued="1" />
  <ownableSynchronizers candidates="159" cleared="157" />
  <references type="soft" candidates="114" cleared="0" enqueued="0" dynamicThreshold="32" maxThreshold="32" />
  <references type="weak" candidates="1258" cleared="0" enqueued="0" />
  <references type="phantom" candidates="372" cleared="319" enqueued="319" />
  <object-monitors candidates="27" cleared="0"  />
</gc-op>
<gc-end id="285" type="scavenge" contextid="281" durationms="3.460" usertimems="22.742" systemtimems="0.000" stalltimems="7.816" timestamp="2026-09-06T07:49:00.437" activeThreads="10">
  <mem-info id="286" free="207662352" total="272760832" percent="76">
    <mem type="nursery" free="55064648" total="71434240" percent="77">
      <mem type="allocate" free="55064648" total="61669376" percent="89" />
      <mem type="survivor" free="0" total="9764864" percent="0" />
    </mem>
    <mem type="tenure" free="152597704" total="201326592" percent="75" macro-fragmented="100663296">
      <mem type="soa" free="142530760" total="191259648" percent="74" />
      <mem type="loa" free="10066944" total="10066944" percent="100" />
    </mem>
    <pending-finalizers system="1" default="0" reference="319" classloader="0" />
    <remembered-set count="6468" />
  </mem-info>
</gc-end>
<cycle-end id="287" type="scavenge" contextid="281" timestamp="2026-09-06T07:49:00.437" />
<allocation-satisfied id="288" threadId="0000000000581100" bytesRequested="72" />
<af-end id="289" timestamp="2026-09-06T07:49:00.437" threadId="0000000000581BC0" success="true" from="nursery"/>
<exclusive-end id="290" timestamp="2026-09-06T07:49:00.437" durationms="4.525" />

<exclusive-start id="291" timestamp="2026-09-06T07:49:00.477" intervalms="43.972">
  <response-info timems="0.107" idlems="0.061" threads="4" lastid="00000000016A1300" lastname="Build operations Thread 5" />
</exclusive-start>
<af-start id="292" threadId="00000000014CC6C0" totalBytesRequested="48" timestamp="2026-09-06T07:49:00.477" intervalms="43.965" type="nursery" />
<cycle-start id="293" type="scavenge" contextid="0" timestamp="2026-09-06T07:49:00.477" intervalms="43.998" />
<gc-start id="294" type="scavenge" contextid="293" timestamp="2026-09-06T07:49:00.478">
  <mem-info id="295" free="152597528" total="272760832" percent="55">
    <mem type="nursery" free="0" total="71434240" percent="0">
      <mem type="allocate" free="0" total="61669376" percent="0" />
      <mem type="survivor" free="0" total="9764864" percent="0" />
    </mem>
    <mem type="tenure" free="152597528" total="201326592" percent="75">
      <mem type="soa" free="142530584" total="191259648" percent="74" />
      <mem type="loa" free="10066944" total="10066944" percent="100" />
    </mem>
    <remembered-set count="6552" />
  </mem-info>
</gc-start>
<allocation-stats totalBytes="54981128" discardedBytes="83696" >
  <allocated-bytes non-tlh="248" tlh="54980880" />
  <largest-consumer threadName="Build operations Thread 10" threadId="00000000014C8000" bytes="15953272" />
</allocation-stats>
<gc-op id="296" type="scavenge" timems="2.868" contextid="293" timestamp="2026-09-06T07:49:00.481">
  <scavenger-info tenureage="3" tenuremask="6008" tiltratio="86" />
  <memory-copied type="nursery" objects="108459" bytes="4850056" bytesdiscarded="380536" />
  <memory-copied type="tenure" objects="51516" bytes="1680864" bytesdiscarded="304" />
  <finalization candidates="7" enqueued="1" />
  <ownableSynchronizers candidates="170" cleared="167" />
  <references type="soft" candidates="50" cleared="0" enqueued="0" dynamicThreshold="32" maxThreshold="32" />
  <references type="weak" candidates="1089" cleared="0" enqueued="0" />
  <references type="phantom" candidates="387" cleared="335" enqueued="335" />
  <object-monitors candidates="27" cleared="0"  />
</gc-op>
<heap-resize id="297" type="expand" space="nursery" amount="2621440" count="1" timems="0.028" reason="excessive time being spent scavenging" timestamp="2026-09-06T07:49:00.481" />
<gc-end id="298" type="scavenge" contextid="293" durationms="3.135" usertimems="18.229" systemtimems="0.999" stalltimems="7.372" timestamp="2026-09-06T07:49:00.481" activeThreads="10">
  <mem-info id="299" free="209886568" total="275382272" percent="76">
    <mem type="nursery" free="59124560" total="74055680" percent="79">
      <mem type="allocate" free="59124560" total="64356352" percent="91" />
      <mem type="survivor" free="0" total="9699328" percent="0" />
    </mem>
    <mem type="tenure" free="150762008" total="201326592" percent="74" macro-fragmented="134217728">
      <mem type="soa" free="140695064" total="191259648" percent="73" />
      <mem type="loa" free="10066944" total="10066944" percent="100" />
    </mem>
    <pending-finalizers system="1" default="0" reference="335" classloader="0" />
    <remembered-set count="6662" />
  </mem-info>
</gc-end>
<cycle-end id="300" type="scavenge" contextid="293" timestamp="2026-09-06T07:49:00.481" />
<allocation-satisfied id="301" threadId="00000000014CBC00" bytesRequested="48" />
<af-end id="302" timestamp="2026-09-06T07:49:00.481" threadId="00000000014CC6C0" success="true" from="nursery"/>
<exclusive-end id="303" timestamp="2026-09-06T07:49:00.481" durationms="4.146" />

<exclusive-start id="304" timestamp="2026-09-06T07:49:00.506" intervalms="29.574">
  <response-info timems="0.085" idlems="0.085" threads="0" lastid="0000000000581100" lastname="Daemon worker" />
</exclusive-start>
<af-start id="305" threadId="0000000000581BC0" totalBytesRequested="224" timestamp="2026-09-06T07:49:00.507" intervalms="29.587" type="nursery" />
<cycle-start id="306" type="scavenge" contextid="0" timestamp="2026-09-06T07:49:00.507" intervalms="29.559" />
<gc-start id="307" type="scavenge" contextid="306" timestamp="2026-09-06T07:49:00.507">
  <mem-info id="308" free="150761640" total="275382272" percent="54">
    <mem type="nursery" free="0" total="74055680" percent="0">
      <mem type="allocate" free="0" total="64356352" percent="0" />
      <mem type="survivor" free="0" total="9699328" percent="0" />
    </mem>
    <mem type="tenure" free="150761640" total="201326592" percent="74">
      <mem type="soa" free="140694696" total="191259648" percent="73" />
      <mem type="loa" free="10066944" total="10066944" percent="100" />
    </mem>
    <remembered-set count="6703" />
  </mem-info>
</gc-start>
<allocation-stats totalBytes="59047152" discardedBytes="77776" >
  <allocated-bytes non-tlh="416" tlh="59046736" />
  <largest-consumer threadName="Build operations" threadId="00000000014C7300" bytes="12518296" />
</allocation-stats>
<gc-op id="309" type="scavenge" timems="2.440" contextid="306" timestamp="2026-09-06T07:49:00.510">
  <scavenger-info tenureage="14" tenuremask="4000" tiltratio="86" />
  <memory-copied type="nursery" objects="111509" bytes="4883632" bytesdiscarded="382472" />
  <finalization candidates="2" enqueued="0" />
  <ownableSynchronizers candidates="34" cleared="32" />
  <references type="soft" candidates="50" cleared="0" enqueued="0" dynamicThreshold="32" maxThreshold="32" />
  <references type="weak" candidates="1144" cleared="0" enqueued="0" />
  <references type="phantom" candidates="109" cleared="70" enqueued="70" />
  <object-monitors candidates="28" cleared="0"  />
</gc-op>
<heap-resize id="310" type="expand" space="nursery" amount="3670016" count="1" timems="0.024" reason="excessive time being spent scavenging" timestamp="2026-09-06T07:49:00.510" />
<gc-end id="311" type="scavenge" contextid="306" durationms="2.733" usertimems="15.789" systemtimems="0.274" stalltimems="6.938" timestamp="2026-09-06T07:49:00.510" activeThreads="10">
  <mem-info id="312" free="214241816" total="279052288" percent="76">
    <mem type="nursery" free="63480176" total="77725696" percent="81">
      <mem type="allocate" free="63480176" total="68747264" percent="92" />
      <mem type="survivor" free="0" total="8978432" percent="0" />
    </mem>
    <mem type="tenure" free="150761640" total="201326592" percent="74" macro-fragmented="100663296">
      <mem type="soa" free="140694696" total="191259648" percent="73" />
      <mem type="loa" free="10066944" total="10066944" percent="100" />
    </mem>
    <pending-finalizers system="0" default="0" reference="70" classloader="0" />
    <remembered-set count="6656" />
  </mem-info>
</gc-end>
<cycle-end id="313" type="scavenge" contextid="306" timestamp="2026-09-06T07:49:00.510" />
<allocation-satisfied id="314" threadId="0000000000581100" bytesRequested="224" />
<af-end id="315" timestamp="2026-09-06T07:49:00.510" threadId="0000000000581BC0" success="true" from="nursery"/>
<exclusive-end id="316" timestamp="2026-09-06T07:49:00.510" durationms="3.884" />

<exclusive-start id="317" timestamp="2026-09-06T07:49:00.565" intervalms="58.049">
  <response-info timems="0.500" idlems="0.260" threads="5" lastid="00000000014CC900" lastname="Build operations Thread 4" />
</exclusive-start>
<af-start id="318" threadId="00000000014C7DC0" totalBytesRequested="88" timestamp="2026-09-06T07:49:00.565" intervalms="58.031" type="nursery" />
<cycle-start id="319" type="scavenge" contextid="0" timestamp="2026-09-06T07:49:00.565" intervalms="58.029" />
<gc-start id="320" type="scavenge" contextid="319" timestamp="2026-09-06T07:49:00.565">
  <mem-info id="321" free="150761528" total="279052288" percent="54">
    <mem type="nursery" free="0" total="77725696" percent="0">
      <mem type="allocate" free="0" total="68747264" percent="0" />
      <mem type="survivor" free="0" total="8978432" percent="0" />
    </mem>
    <mem type="tenure" free="150761528" total="201326592" percent="74">
      <mem type="soa" free="140694584" total="191259648" percent="73" />
      <mem type="loa" free="10066944" total="10066944" percent="100" />
    </mem>
    <remembered-set count="6706" />
  </mem-info>
</gc-start>
<allocation-stats totalBytes="63445624" discardedBytes="34664" >
  <allocated-bytes non-tlh="459104" tlh="62986520" />
  <largest-consumer threadName="Build operations" threadId="00000000014C7300" bytes="13632416" />
</allocation-stats>
<gc-op id="322" type="scavenge" timems="2.592" contextid="319" timestamp="2026-09-06T07:49:00.568">
  <scavenger-info tenureage="4" tenuremask="4290" tiltratio="88" />
  <memory-copied type="nursery" objects="51274" bytes="3042856" bytesdiscarded="427400" />
  <memory-copied type="tenure" objects="78020" bytes="2834744" bytesdiscarded="392" />
  <finalization candidates="2" enqueued="0" />
  <ownableSynchronizers candidates="67" cleared="65" />
  <references type="weak" candidates="534" cleared="0" enqueued="0" />
  <references type="phantom" candidates="160" cleared="124" enqueued="124" />
  <object-monitors candidates="28" cleared="0"  />
</gc-op>
<gc-end id="323" type="scavenge" contextid="319" durationms="2.832" usertimems="13.855" systemtimems="4.389" stalltimems="5.704" timestamp="2026-09-06T07:49:00.568" activeThreads="10">
  <mem-info id="324" free="214388344" total="279052288" percent="76">
    <mem type="nursery" free="66324872" total="77725696" percent="85">
      <mem type="allocate" free="66324872" total="69795840" percent="95" />
      <mem type="survivor" free="0" total="7929856" percent="0" />
    </mem>
    <mem type="tenure" free="148063472" total="201326592" percent="73" macro-fragmented="83886080">
      <mem type="soa" free="137996528" total="191259648" percent="72" />
      <mem type="loa" free="10066944" total="10066944" percent="100" />
    </mem>
    <pending-finalizers system="0" default="0" reference="124" classloader="0" />
    <remembered-set count="1768" />
  </mem-info>
</gc-end>
<cycle-end id="325" type="scavenge" contextid="319" timestamp="2026-09-06T07:49:00.568" />
<allocation-satisfied id="326" threadId="00000000014C7300" bytesRequested="88" />
<af-end id="327" timestamp="2026-09-06T07:49:00.568" threadId="00000000014C7DC0" success="true" from="nursery"/>
<exclusive-end id="328" timestamp="2026-09-06T07:49:00.568" durationms="3.821" />

<exclusive-start id="329" timestamp="2026-09-06T07:49:00.598" intervalms="33.153">
  <response-info timems="0.275" idlems="0.171" threads="4" lastid="00000000014CBC00" lastname="Build operations Thread 3" />
</exclusive-start>
<af-start id="330" threadId="00000000006F97C0" totalBytesRequested="4104" timestamp="2026-09-06T07:49:00.598" intervalms="33.158" type="nursery" />
<cycle-start id="331" type="scavenge" contextid="0" timestamp="2026-09-06T07:49:00.598" intervalms="33.152" />
<gc-start id="332" type="scavenge" contextid="331" timestamp="2026-09-06T07:49:00.598">
  <mem-info id="333" free="148063072" total="279052288" percent="53">
    <mem type="nursery" free="0" total="77725696" percent="0">
      <mem type="allocate" free="0" total="69795840" percent="0" />
      <mem type="survivor" free="0" total="7929856" percent="0" />
    </mem>
    <mem type="tenure" free="148063072" total="201326592" percent="73">
      <mem type="soa" free="137996128" total="191259648" percent="72" />
      <mem type="loa" free="10066944" total="10066944" percent="100" />
    </mem>
    <remembered-set count="1885" />
  </mem-info>
</gc-start>
<allocation-stats totalBytes="66249544" discardedBytes="75728" >
  <allocated-bytes non-tlh="82776" tlh="66166768" />
  <largest-consumer threadName="Build operations" threadId="00000000014C7300" bytes="15648584" />
</allocation-stats>
<gc-op id="334" type="scavenge" timems="3.005" contextid="331" timestamp="2026-09-06T07:49:00.602">
  <scavenger-info tenureage="14" tenuremask="4000" tiltratio="89" />
  <memory-copied type="nursery" objects="50283" bytes="2815488" bytesdiscarded="110912" />
  <ownableSynchronizers candidates="42" cleared="40" />
  <references type="weak" candidates="574" cleared="0" enqueued="0" />
  <references type="phantom" candidates="109" cleared="81" enqueued="81" />
  <object-monitors candidates="28" cleared="0"  />
</gc-op>
<heap-resize id="335" type="expand" space="nursery" amount="4587520" count="1" timems="0.022" reason="excessive time being spent scavenging" timestamp="2026-09-06T07:49:00.602" />
<gc-end id="336" type="scavenge" contextid="331" durationms="3.305" usertimems="3.375" systemtimems="4.819" stalltimems="20.253" timestamp="2026-09-06T07:49:00.602" activeThreads="10">
  <mem-info id="337" free="219191760" total="283639808" percent="77">
    <mem type="nursery" free="71128688" total="82313216" percent="86">
      <mem type="allocate" free="71128688" total="74055680" percent="96" />
      <mem type="survivor" free="0" total="8257536" percent="0" />
    </mem>
    <mem type="tenure" free="148063072" total="201326592" percent="73" macro-fragmented="134217728">
      <mem type="soa" free="137996128" total="191259648" percent="72" />
      <mem type="loa" free="10066944" total="10066944" percent="100" />
    </mem>
    <pending-finalizers system="0" default="0" reference="81" classloader="0" />
    <remembered-set count="1823" />
  </mem-info>
</gc-end>
<cycle-end id="338" type="scavenge" contextid="331" timestamp="2026-09-06T07:49:00.602" />
<allocation-satisfied id="339" threadId="00000000006F8D00" bytesRequested="4104" />
<af-end id="340" timestamp="2026-09-06T07:49:00.602" threadId="00000000006F97C0" success="true" from="nursery"/>
<exclusive-end id="341" timestamp="2026-09-06T07:49:00.602" durationms="4.296" />

<exclusive-start id="342" timestamp="2026-09-06T07:49:00.644" intervalms="45.952">
  <response-info timems="0.128" idlems="0.053" threads="2" lastid="00000000014CC900" lastname="Build operations Thread 4" />
</exclusive-start>
<af-start id="343" threadId="00000000016AD4C0" totalBytesRequested="72" timestamp="2026-09-06T07:49:00.644" intervalms="45.946" type="nursery" />
<cycle-start id="344" type="scavenge" contextid="0" timestamp="2026-09-06T07:49:00.644" intervalms="45.956" />
<gc-start id="345" type="scavenge" contextid="344" timestamp="2026-09-06T07:49:00.645">
  <mem-info id="346" free="148062432" total="283639808" percent="52">
    <mem type="nursery" free="0" total="82313216" percent="0">
      <mem type="allocate" free="0" total="74055680" percent="0" />
      <mem type="survivor" free="0" total="8257536" percent="0" />
    </mem>
    <mem type="tenure" free="148062432" total="201326592" percent="73">
      <mem type="soa" free="137995488" total="191259648" percent="72" />
      <mem type="loa" free="10066944" total="10066944" percent="100" />
    </mem>
    <remembered-set count="1977" />
  </mem-info>
</gc-start>
<allocation-stats totalBytes="71037096" discardedBytes="92232" >
  <allocated-bytes non-tlh="1499040" tlh="69538056" />
  <largest-consumer threadName="Build operations Thread 9" threadId="00000000016BE900" bytes="17400152" />
</allocation-stats>
<gc-op id="347" type="scavenge" timems="2.384" contextid="344" timestamp="2026-09-06T07:49:00.647">
  <scavenger-info tenureage="14" tenuremask="4000" tiltratio="89" />
  <memory-copied type="nursery" objects="111558" bytes="6978624" bytesdiscarded="98896" />
  <finalization candidates="3" enqueued="3" />
  <ownableSynchronizers candidates="115" cleared="115" />
  <references type="weak" candidates="672" cleared="0" enqueued="0" />
  <references type="phantom" candidates="256" cleared="227" enqueued="227" />
  <object-monitors candidates="28" cleared="0"  />
</gc-op>
<gc-end id="348" type="scavenge" contextid="344" durationms="2.614" usertimems="14.850" systemtimems="0.000" stalltimems="4.952" timestamp="2026-09-06T07:49:00.647" activeThreads="8">
  <mem-info id="349" free="211697632" total="283639808" percent="74">
    <mem type="nursery" free="63635200" total="82313216" percent="77">
      <mem type="allocate" free="63635200" total="70713344" percent="89" />
      <mem type="survivor" free="0" total="11599872" percent="0" />
    </mem>
    <mem type="tenure" free="148062432" total="201326592" percent="73" macro-fragmented="134217728">
      <mem type="soa" free="137995488" total="191259648" percent="72" />
      <mem type="loa" free="10066944" total="10066944" percent="100" />
    </mem>
    <pending-finalizers system="3" default="0" reference="227" classloader="0" />
    <remembered-set count="1907" />
  </mem-info>
</gc-end>
<cycle-end id="350" type="scavenge" contextid="344" timestamp="2026-09-06T07:49:00.647" />
<allocation-satisfied id="351" threadId="00000000016ACA00" bytesRequested="72" />
<af-end id="352" timestamp="2026-09-06T07:49:00.647" threadId="00000000016AD4C0" success="true" from="nursery"/>
<exclusive-end id="353" timestamp="2026-09-06T07:49:00.647" durationms="3.778" />

<exclusive-start id="354" timestamp="2026-09-06T07:49:00.692" intervalms="48.490">
  <response-info timems="0.274" idlems="0.122" threads="5" lastid="00000000014C7300" lastname="Build operations" />
</exclusive-start>
<af-start id="355" threadId="00000000014CD3C0" totalBytesRequested="4104" timestamp="2026-09-06T07:49:00.692" intervalms="48.517" type="nursery" />
<cycle-start id="356" type="scavenge" contextid="0" timestamp="2026-09-06T07:49:00.692" intervalms="48.532" />
<gc-start id="357" type="scavenge" contextid="356" timestamp="2026-09-06T07:49:00.693">
  <mem-info id="358" free="148062176" total="283639808" percent="52">
    <mem type="nursery" free="0" total="82313216" percent="0">
      <mem type="allocate" free="0" total="70713344" percent="0" />
      <mem type="survivor" free="0" total="11599872" percent="0" />
    </mem>
    <mem type="tenure" free="148062176" total="201326592" percent="73">
      <mem type="soa" free="137995232" total="191259648" percent="72" />
      <mem type="loa" free="10066944" total="10066944" percent="100" />
    </mem>
    <remembered-set count="2053" />
  </mem-info>
</gc-start>
<allocation-stats totalBytes="63573264" discardedBytes="62192" >
  <allocated-bytes non-tlh="1037448" tlh="62535816" />
  <largest-consumer threadName="Build operations Thread 9" threadId="00000000016BE900" bytes="17800736" />
</allocation-stats>
<gc-op id="359" type="scavenge" timems="1.642" contextid="356" timestamp="2026-09-06T07:49:00.695">
  <scavenger-info tenureage="14" tenuremask="4000" tiltratio="85" />
  <memory-copied type="nursery" objects="69826" bytes="3680088" bytesdiscarded="190568" />
  <finalization candidates="1" enqueued="1" />
  <ownableSynchronizers candidates="70" cleared="69" />
  <references type="weak" candidates="734" cleared="0" enqueued="0" />
  <references type="phantom" candidates="189" cleared="153" enqueued="153" />
  <object-monitors candidates="28" cleared="0"  />
</gc-op>
<gc-end id="360" type="scavenge" contextid="356" durationms="1.861" usertimems="10.951" systemtimems="0.192" stalltimems="4.231" timestamp="2026-09-06T07:49:00.695" activeThreads="8">
  <mem-info id="361" free="215625048" total="283639808" percent="76">
    <mem type="nursery" free="67562872" total="82313216" percent="82">
      <mem type="allocate" free="67562872" total="71434240" percent="94" />
      <mem type="survivor" free="0" total="10878976" percent="0" />
    </mem>
    <mem type="tenure" free="148062176" total="201326592" percent="73" macro-fragmented="83886080">
      <mem type="soa" free="137995232" total="191259648" percent="72" />
      <mem type="loa" free="10066944" total="10066944" percent="100" />
    </mem>
    <pending-finalizers system="1" default="0" reference="153" classloader="0" />
    <remembered-set count="1983" />
  </mem-info>
</gc-end>
<cycle-end id="362" type="scavenge" contextid="356" timestamp="2026-09-06T07:49:00.695" />
<allocation-satisfied id="363" threadId="00000000014CC900" bytesRequested="4104" />
<af-end id="364" timestamp="2026-09-06T07:49:00.695" threadId="00000000014CD3C0" success="true" from="nursery"/>
<exclusive-end id="365" timestamp="2026-09-06T07:49:00.695" durationms="2.954" />

<exclusive-start id="366" timestamp="2026-09-06T07:49:00.744" intervalms="51.791">
  <response-info timems="0.471" idlems="0.211" threads="8" lastid="00000000014CB000" lastname="Build operations Thread 2" />
</exclusive-start>
<af-start id="367" threadId="00000000016A97C0" totalBytesRequested="8200" timestamp="2026-09-06T07:49:00.744" intervalms="51.759" type="nursery" />
<cycle-start id="368" type="scavenge" contextid="0" timestamp="2026-09-06T07:49:00.744" intervalms="51.728" />
<gc-start id="369" type="scavenge" contextid="368" timestamp="2026-09-06T07:49:00.745">
  <mem-info id="370" free="148060720" total="283639808" percent="52">
    <mem type="nursery" free="0" total="82313216" percent="0">
      <mem type="allocate" free="0" total="71434240" percent="0" />
      <mem type="survivor" free="0" total="10878976" percent="0" />
    </mem>
    <mem type="tenure" free="148060720" total="201326592" percent="73">
      <mem type="soa" free="137993776" total="191259648" percent="72" />
      <mem type="loa" free="10066944" total="10066944" percent="100" />
    </mem>
    <remembered-set count="2090" />
  </mem-info>
</gc-start>
<allocation-stats totalBytes="67483256" discardedBytes="81072" >
  <allocated-bytes non-tlh="707968" tlh="66775288" />
  <largest-consumer threadName="Build operations Thread 8" threadId="00000000016ACA00" bytes="22933032" />
</allocation-stats>
<gc-op id="371" type="scavenge" timems="1.579" contextid="368" timestamp="2026-09-06T07:49:00.746">
  <scavenger-info tenureage="4" tenuremask="4010" tiltratio="86" />
  <memory-copied type="nursery" objects="53408" bytes="2452248" bytesdiscarded="113512" />
  <memory-copied type="tenure" objects="18547" bytes="1189136" bytesdiscarded="328" />
  <ownableSynchronizers candidates="41" cleared="36" />
  <references type="weak" candidates="721" cleared="0" enqueued="0" />
  <references type="phantom" candidates="92" cleared="72" enqueued="72" />
  <object-monitors candidates="28" cleared="0"  />
</gc-op>
<gc-end id="372" type="scavenge" contextid="368" durationms="1.813" usertimems="8.761" systemtimems="1.087" stalltimems="2.669" timestamp="2026-09-06T07:49:00.746" activeThreads="8">
  <mem-info id="373" free="217219120" total="283639808" percent="76">
    <mem type="nursery" free="70178768" total="82313216" percent="85">
      <mem type="allocate" free="70178768" total="72744960" percent="96" />
      <mem type="survivor" free="0" total="9568256" percent="0" />
    </mem>
    <mem type="tenure" free="147040352" total="201326592" percent="73" macro-fragmented="33554432">
      <mem type="soa" free="136973408" total="191259648" percent="71" />
      <mem type="loa" free="10066944" total="10066944" percent="100" />
    </mem>
    <pending-finalizers system="0" default="0" reference="72" classloader="0" />
    <remembered-set count="3040" />
  </mem-info>
</gc-end>
<cycle-end id="374" type="scavenge" contextid="368" timestamp="2026-09-06T07:49:00.746" />
<allocation-satisfied id="375" threadId="00000000016A8D00" bytesRequested="8200" />
<af-end id="376" timestamp="2026-09-06T07:49:00.747" threadId="00000000016A97C0" success="true" from="nursery"/>
<exclusive-end id="377" timestamp="2026-09-06T07:49:00.747" durationms="2.620" />

<exclusive-start id="378" timestamp="2026-09-06T07:49:00.783" intervalms="38.986">
  <response-info timems="0.164" idlems="0.105" threads="2" lastid="00000000016A8D00" lastname="Build operations Thread 7" />
</exclusive-start>
<af-start id="379" threadId="0000000000581BC0" totalBytesRequested="67808" timestamp="2026-09-06T07:49:00.783" intervalms="38.988" type="nursery" />
<cycle-start id="380" type="scavenge" contextid="0" timestamp="2026-09-06T07:49:00.783" intervalms="38.992" />
<gc-start id="381" type="scavenge" contextid="380" timestamp="2026-09-06T07:49:00.784">
  <mem-info id="382" free="147040304" total="283639808" percent="51">
    <mem type="nursery" free="0" total="82313216" percent="0">
      <mem type="allocate" free="0" total="72744960" percent="0" />
      <mem type="survivor" free="0" total="9568256" percent="0" />
    </mem>
    <mem type="tenure" free="147040304" total="201326592" percent="73">
      <mem type="soa" free="136973360" total="191259648" percent="71" />
      <mem type="loa" free="10066944" total="10066944" percent="100" />
    </mem>
    <remembered-set count="3241" />
  </mem-info>
</gc-start>
<allocation-stats totalBytes="70086592" discardedBytes="92224" >
  <allocated-bytes non-tlh="367232" tlh="69719360" />
  <largest-consumer threadName="Build operations Thread 8" threadId="00000000016ACA00" bytes="16704664" />
</allocation-stats>
<gc-op id="383" type="scavenge" timems="1.598" contextid="380" timestamp="2026-09-06T07:49:00.785">
  <scavenger-info tenureage="14" tenuremask="4000" tiltratio="88" />
  <memory-copied type="nursery" objects="59544" bytes="2914536" bytesdiscarded="378232" />
  <ownableSynchronizers candidates="98" cleared="92" />
  <references type="weak" candidates="796" cleared="0" enqueued="0" />
  <references type="phantom" candidates="219" cleared="195" enqueued="195" />
  <object-monitors candidates="28" cleared="0"  />
</gc-op>
<heap-resize id="384" type="expand" space="nursery" amount="3014656" count="1" timems="0.027" reason="excessive time being spent scavenging" timestamp="2026-09-06T07:49:00.785" />
<gc-end id="385" type="scavenge" contextid="380" durationms="1.882" usertimems="9.575" systemtimems="1.064" stalltimems="3.042" timestamp="2026-09-06T07:49:00.785" activeThreads="8">
  <mem-info id="386" free="220358624" total="286654464" percent="76">
    <mem type="nursery" free="73318320" total="85327872" percent="85">
      <mem type="allocate" free="73318320" total="76611584" percent="95" />
      <mem type="survivor" free="0" total="8716288" percent="0" />
    </mem>
    <mem type="tenure" free="147040304" total="201326592" percent="73" macro-fragmented="134217728">
      <mem type="soa" free="136973360" total="191259648" percent="71" />
      <mem type="loa" free="10066944" total="10066944" percent="100" />
    </mem>
    <pending-finalizers system="0" default="0" reference="195" classloader="0" />
    <remembered-set count="3122" />
  </mem-info>
</gc-end>
<cycle-end id="387" type="scavenge" contextid="380" timestamp="2026-09-06T07:49:00.786" />
<allocation-satisfied id="388" threadId="0000000000581100" bytesRequested="67808" />
<af-end id="389" timestamp="2026-09-06T07:49:00.786" threadId="0000000000581BC0" success="true" from="nursery"/>
<exclusive-end id="390" timestamp="2026-09-06T07:49:00.786" durationms="2.782" />

<exclusive-start id="391" timestamp="2026-09-06T07:49:00.815" intervalms="32.226">
  <response-info timems="0.040" idlems="0.034" threads="2" lastid="0000000000581100" lastname="Daemon worker" />
</exclusive-start>
<af-start id="392" threadId="00000000014C7DC0" totalBytesRequested="64" timestamp="2026-09-06T07:49:00.815" intervalms="32.248" type="nursery" />
<cycle-start id="393" type="scavenge" contextid="0" timestamp="2026-09-06T07:49:00.815" intervalms="32.258" />
<gc-start id="394" type="scavenge" contextid="393" timestamp="2026-09-06T07:49:00.816">
  <mem-info id="395" free="147040304" total="286654464" percent="51">
    <mem type="nursery" free="0" total="85327872" percent="0">
      <mem type="allocate" free="0" total="76611584" percent="0" />
      <mem type="survivor" free="0" total="8716288" percent="0" />
    </mem>
    <mem type="tenure" free="147040304" total="201326592" percent="73">
      <mem type="soa" free="136973360" total="191259648" percent="71" />
      <mem type="loa" free="10066944" total="10066944" percent="100" />
    </mem>
    <remembered-set count="3216" />
  </mem-info>
</gc-start>
<allocation-stats totalBytes="73274624" discardedBytes="43696" >
  <allocated-bytes non-tlh="111856" tlh="73162768" />
  <largest-consumer threadName="Build operations" threadId="00000000014C7300" bytes="15352616" />
</allocation-stats>
<gc-op id="396" type="scavenge" timems="1.883" contextid="393" timestamp="2026-09-06T07:49:00.818">
  <scavenger-info tenureage="14" tenuremask="4000" tiltratio="89" />
  <memory-copied type="nursery" objects="68093" bytes="3336560" bytesdiscarded="173456" />
  <ownableSynchronizers candidates="74" cleared="74" />
  <references type="weak" candidates="855" cleared="0" enqueued="0" />
  <references type="phantom" candidates="190" cleared="160" enqueued="160" />
  <object-monitors candidates="28" cleared="0"  />
</gc-op>
<gc-end id="397" type="scavenge" contextid="393" durationms="2.083" usertimems="11.354" systemtimems="0.806" stalltimems="3.672" timestamp="2026-09-06T07:49:00.818" activeThreads="8">
  <mem-info id="398" free="220272384" total="286654464" percent="76">
    <mem type="nursery" free="73232080" total="85327872" percent="85">
      <mem type="allocate" free="73232080" total="76742656" percent="95" />
      <mem type="survivor" free="0" total="8585216" percent="0" />
    </mem>
    <mem type="tenure" free="147040304" total="201326592" percent="73" macro-fragmented="117440512">
      <mem type="soa" free="136973360" total="191259648" percent="71" />
      <mem type="loa" free="10066944" total="10066944" percent="100" />
    </mem>
    <pending-finalizers system="0" default="0" reference="160" classloader="0" />
    <remembered-set count="3093" />
  </mem-info>
</gc-end>
<cycle-end id="399" type="scavenge" contextid="393" timestamp="2026-09-06T07:49:00.818" />
<allocation-satisfied id="400" threadId="00000000014C7300" bytesRequested="64" />
<af-end id="401" timestamp="2026-09-06T07:49:00.818" threadId="00000000014C7DC0" success="true" from="nursery"/>
<exclusive-end id="402" timestamp="2026-09-06T07:49:00.818" durationms="2.988" />

<exclusive-start id="403" timestamp="2026-09-06T07:49:00.858" intervalms="42.407">
  <response-info timems="0.101" idlems="0.101" threads="0" lastid="00000000016A1300" lastname="Build operations Thread 5" />
</exclusive-start>
<af-start id="404" threadId="00000000016A1DC0" totalBytesRequested="80" timestamp="2026-09-06T07:49:00.858" intervalms="42.389" type="nursery" />
<cycle-start id="405" type="scavenge" contextid="0" timestamp="2026-09-06T07:49:00.858" intervalms="42.381" />
<gc-start id="406" type="scavenge" contextid="405" timestamp="2026-09-06T07:49:00.858">
  <mem-info id="407" free="147039248" total="286654464" percent="51">
    <mem type="nursery" free="0" total="85327872" percent="0">
      <mem type="allocate" free="0" total="76742656" percent="0" />
      <mem type="survivor" free="0" total="8585216" percent="0" />
    </mem>
    <mem type="tenure" free="147039248" total="201326592" percent="73">
      <mem type="soa" free="136972304" total="191259648" percent="71" />
      <mem type="loa" free="10066944" total="10066944" percent="100" />
    </mem>
    <remembered-set count="3279" />
  </mem-info>
</gc-start>
<allocation-stats totalBytes="73196248" discardedBytes="36888" >
  <allocated-bytes non-tlh="71128" tlh="73125120" />
  <largest-consumer threadName="Build operations Thread 8" threadId="00000000016ACA00" bytes="17192784" />
</allocation-stats>
<gc-op id="408" type="scavenge" timems="1.840" contextid="405" timestamp="2026-09-06T07:49:00.860">
  <scavenger-info tenureage="14" tenuremask="4000" tiltratio="89" />
  <memory-copied type="nursery" objects="82305" bytes="4265720" bytesdiscarded="214648" />
  <ownableSynchronizers candidates="76" cleared="76" />
  <references type="weak" candidates="920" cleared="0" enqueued="0" />
  <references type="phantom" candidates="184" cleared="161" enqueued="161" />
  <object-monitors candidates="29" cleared="0"  />
</gc-op>
<heap-resize id="409" type="expand" space="nursery" amount="3276800" count="1" timems="0.034" reason="excessive time being spent scavenging" timestamp="2026-09-06T07:49:00.860" />
<gc-end id="410" type="scavenge" contextid="405" durationms="2.196" usertimems="10.466" systemtimems="0.250" stalltimems="3.228" timestamp="2026-09-06T07:49:00.860" activeThreads="9">
  <mem-info id="411" free="222250168" total="289931264" percent="76">
    <mem type="nursery" free="75210920" total="88604672" percent="84">
      <mem type="allocate" free="75210920" total="79691776" percent="94" />
      <mem type="survivor" free="0" total="8912896" percent="0" />
    </mem>
    <mem type="tenure" free="147039248" total="201326592" percent="73" macro-fragmented="83886080">
      <mem type="soa" free="136972304" total="191259648" percent="71" />
      <mem type="loa" free="10066944" total="10066944" percent="100" />
    </mem>
    <pending-finalizers system="0" default="0" reference="161" classloader="0" />
    <remembered-set count="3184" />
  </mem-info>
</gc-end>
<cycle-end id="412" type="scavenge" contextid="405" timestamp="2026-09-06T07:49:00.861" />
<allocation-satisfied id="413" threadId="00000000016A1300" bytesRequested="80" />
<af-end id="414" timestamp="2026-09-06T07:49:00.861" threadId="00000000016A1DC0" success="true" from="nursery"/>
<exclusive-end id="415" timestamp="2026-09-06T07:49:00.861" durationms="3.262" />

<exclusive-start id="416" timestamp="2026-09-06T07:49:00.893" intervalms="35.744">
  <response-info timems="0.080" idlems="0.047" threads="1" lastid="00000000016A1300" lastname="Build operations Thread 5" />
</exclusive-start>
<af-start id="417" threadId="00000000016A97C0" totalBytesRequested="24" timestamp="2026-09-06T07:49:00.893" intervalms="35.752" type="nursery" />
<cycle-start id="418" type="scavenge" contextid="0" timestamp="2026-09-06T07:49:00.894" intervalms="35.783" />
<gc-start id="419" type="scavenge" contextid="418" timestamp="2026-09-06T07:49:00.894">
  <mem-info id="420" free="147039088" total="289931264" percent="50">
    <mem type="nursery" free="0" total="88604672" percent="0">
      <mem type="allocate" free="0" total="79691776" percent="0" />
      <mem type="survivor" free="0" total="8912896" percent="0" />
    </mem>
    <mem type="tenure" free="147039088" total="201326592" percent="73">
      <mem type="soa" free="136972144" total="191259648" percent="71" />
      <mem type="loa" free="10066944" total="10066944" percent="100" />
    </mem>
    <remembered-set count="3362" />
  </mem-info>
</gc-start>
<allocation-stats totalBytes="75075808" discardedBytes="135272" >
  <allocated-bytes non-tlh="253960" tlh="74821848" />
  <largest-consumer threadName="Build operations Thread 3" threadId="00000000014CBC00" bytes="12599560" />
</allocation-stats>
<gc-op id="421" type="scavenge" timems="1.681" contextid="418" timestamp="2026-09-06T07:49:00.896">
  <scavenger-info tenureage="6" tenuremask="4040" tiltratio="89" />
  <memory-copied type="nursery" objects="63898" bytes="3019680" bytesdiscarded="197824" />
  <memory-copied type="tenure" objects="6534" bytes="229992" bytesdiscarded="352" />
  <ownableSynchronizers candidates="57" cleared="53" />
  <references type="weak" candidates="880" cleared="0" enqueued="0" />
  <references type="phantom" candidates="132" cleared="101" enqueued="101" />
  <object-monitors candidates="29" cleared="0"  />
</gc-op>
<gc-end id="422" type="scavenge" contextid="418" durationms="1.940" usertimems="10.298" systemtimems="2.168" stalltimems="2.756" timestamp="2026-09-06T07:49:00.896" activeThreads="8">
  <mem-info id="423" free="223192456" total="289931264" percent="76">
    <mem type="nursery" free="76473624" total="88604672" percent="86">
      <mem type="allocate" free="76473624" total="79691776" percent="95" />
      <mem type="survivor" free="0" total="8912896" percent="0" />
    </mem>
    <mem type="tenure" free="146718832" total="201326592" percent="72" macro-fragmented="0">
      <mem type="soa" free="136651888" total="191259648" percent="71" />
      <mem type="loa" free="10066944" total="10066944" percent="100" />
    </mem>
    <pending-finalizers system="0" default="0" reference="101" classloader="0" />
    <remembered-set count="3260" />
  </mem-info>
</gc-end>
<cycle-end id="424" type="scavenge" contextid="418" timestamp="2026-09-06T07:49:00.896" />
<allocation-satisfied id="425" threadId="00000000016A8D00" bytesRequested="24" />
<af-end id="426" timestamp="2026-09-06T07:49:00.896" threadId="00000000016A97C0" success="true" from="nursery"/>
<exclusive-end id="427" timestamp="2026-09-06T07:49:00.896" durationms="3.043" />

<exclusive-start id="428" timestamp="2026-09-06T07:49:00.942" intervalms="48.866">
  <response-info timems="0.086" idlems="0.065" threads="2" lastid="00000000014CBC00" lastname="Build operations Thread 3" />
</exclusive-start>
<af-start id="429" threadId="00000000014CD3C0" totalBytesRequested="80" timestamp="2026-09-06T07:49:00.942" intervalms="48.876" type="nursery" />
<cycle-start id="430" type="scavenge" contextid="0" timestamp="2026-09-06T07:49:00.942" intervalms="48.901" />
<gc-start id="431" type="scavenge" contextid="430" timestamp="2026-09-06T07:49:00.943">
  <mem-info id="432" free="146718664" total="289931264" percent="50">
    <mem type="nursery" free="0" total="88604672" percent="0">
      <mem type="allocate" free="0" total="79691776" percent="0" />
      <mem type="survivor" free="0" total="8912896" percent="0" />
    </mem>
    <mem type="tenure" free="146718664" total="201326592" percent="72">
      <mem type="soa" free="136651720" total="191259648" percent="71" />
      <mem type="loa" free="10066944" total="10066944" percent="100" />
    </mem>
    <remembered-set count="3648" />
  </mem-info>
</gc-start>
<allocation-stats totalBytes="76301472" discardedBytes="172320" >
  <allocated-bytes non-tlh="192" tlh="76301280" />
  <largest-consumer threadName="Build operations Thread 7" threadId="00000000016A8D00" bytes="23139448" />
</allocation-stats>
<gc-op id="433" type="scavenge" timems="1.568" contextid="430" timestamp="2026-09-06T07:49:00.945">
  <scavenger-info tenureage="11" tenuremask="5800" tiltratio="89" />
  <memory-copied type="nursery" objects="49750" bytes="2609024" bytesdiscarded="290320" />
  <memory-copied type="tenure" objects="14386" bytes="421000" bytesdiscarded="592" />
  <ownableSynchronizers candidates="129" cleared="127" />
  <references type="weak" candidates="614" cleared="0" enqueued="0" />
  <references type="phantom" candidates="288" cleared="253" enqueued="253" />
  <object-monitors candidates="35" cleared="2"  />
</gc-op>
<gc-end id="434" type="scavenge" contextid="430" durationms="2.016" usertimems="9.407" systemtimems="0.479" stalltimems="2.630" timestamp="2026-09-06T07:49:00.945" activeThreads="8">
  <mem-info id="435" free="222742464" total="289931264" percent="76">
    <mem type="nursery" free="76791800" total="88604672" percent="86">
      <mem type="allocate" free="76791800" total="79691776" percent="96" />
      <mem type="survivor" free="0" total="8912896" percent="0" />
    </mem>
    <mem type="tenure" free="145950664" total="201326592" percent="72" macro-fragmented="117440512">
      <mem type="soa" free="135883720" total="191259648" percent="71" />
      <mem type="loa" free="10066944" total="10066944" percent="100" />
    </mem>
    <pending-finalizers system="0" default="0" reference="253" classloader="0" />
    <remembered-set count="2865" />
  </mem-info>
</gc-end>
<cycle-end id="436" type="scavenge" contextid="430" timestamp="2026-09-06T07:49:00.945" />
<allocation-satisfied id="437" threadId="00000000014CC900" bytesRequested="80" />
<af-end id="438" timestamp="2026-09-06T07:49:00.945" threadId="00000000014CD3C0" success="true" from="nursery"/>
<exclusive-end id="439" timestamp="2026-09-06T07:49:00.945" durationms="3.088" />

<exclusive-start id="440" timestamp="2026-09-06T07:49:00.997" intervalms="54.636">
  <response-info timems="0.110" idlems="0.052" threads="2" lastid="00000000014CC900" lastname="Build operations Thread 4" />
</exclusive-start>
<af-start id="441" threadId="00000000006BCAC0" totalBytesRequested="4104" timestamp="2026-09-06T07:49:00.997" intervalms="54.621" type="nursery" />
<cycle-start id="442" type="scavenge" contextid="0" timestamp="2026-09-06T07:49:00.997" intervalms="54.570" />
<gc-start id="443" type="scavenge" contextid="442" timestamp="2026-09-06T07:49:00.997">
  <mem-info id="444" free="145946544" total="289931264" percent="50">
    <mem type="nursery" free="0" total="88604672" percent="0">
      <mem type="allocate" free="0" total="79691776" percent="0" />
      <mem type="survivor" free="0" total="8912896" percent="0" />
    </mem>
    <mem type="tenure" free="145946544" total="201326592" percent="72">
      <mem type="soa" free="135879600" total="191259648" percent="71" />
      <mem type="loa" free="10066944" total="10066944" percent="100" />
    </mem>
    <remembered-set count="3178" />
  </mem-info>
</gc-start>
<allocation-stats totalBytes="76740040" discardedBytes="55880" >
  <allocated-bytes non-tlh="4200" tlh="76735840" />
  <largest-consumer threadName="Build operations Thread 10" threadId="00000000014C8000" bytes="21737840" />
</allocation-stats>
<gc-op id="445" type="scavenge" timems="1.412" contextid="442" timestamp="2026-09-06T07:49:00.999">
  <scavenger-info tenureage="14" tenuremask="4000" tiltratio="89" />
  <memory-copied type="nursery" objects="42083" bytes="1662480" bytesdiscarded="175656" />
  <finalization candidates="4" enqueued="4" />
  <ownableSynchronizers candidates="162" cleared="162" />
  <references type="weak" candidates="764" cleared="12" enqueued="12" />
  <references type="phantom" candidates="354" cleared="338" enqueued="338" />
  <object-monitors candidates="35" cleared="2"  />
</gc-op>
<gc-end id="446" type="scavenge" contextid="442" durationms="1.590" usertimems="8.677" systemtimems="0.000" stalltimems="3.805" timestamp="2026-09-06T07:49:00.999" activeThreads="8">
  <mem-info id="447" free="223799816" total="289931264" percent="77">
    <mem type="nursery" free="77853272" total="88604672" percent="87">
      <mem type="allocate" free="77853272" total="79691776" percent="97" />
      <mem type="survivor" free="0" total="8912896" percent="0" />
    </mem>
    <mem type="tenure" free="145946544" total="201326592" percent="72" macro-fragmented="134217728">
      <mem type="soa" free="135879600" total="191259648" percent="71" />
      <mem type="loa" free="10066944" total="10066944" percent="100" />
    </mem>
    <pending-finalizers system="4" default="0" reference="350" classloader="0" />
    <remembered-set count="3071" />
  </mem-info>
</gc-end>
<cycle-end id="448" type="scavenge" contextid="442" timestamp="2026-09-06T07:49:00.999" />
<allocation-satisfied id="449" threadId="00000000006BC000" bytesRequested="4104" />
<af-end id="450" timestamp="2026-09-06T07:49:00.999" threadId="00000000006BCAC0" success="true" from="nursery"/>
<exclusive-end id="451" timestamp="2026-09-06T07:49:00.999" durationms="2.448" />

<exclusive-start id="452" timestamp="2026-09-06T07:49:01.064" intervalms="66.981">
  <response-info timems="0.050" idlems="0.050" threads="0" lastid="00000000016ACA00" lastname="Build operations Thread 8" />
</exclusive-start>
<af-start id="453" threadId="00000000016AD4C0" totalBytesRequested="48" timestamp="2026-09-06T07:49:01.064" intervalms="67.034" type="nursery" />
<cycle-start id="454" type="scavenge" contextid="0" timestamp="2026-09-06T07:49:01.064" intervalms="67.049" />
<gc-start id="455" type="scavenge" contextid="454" timestamp="2026-09-06T07:49:01.064">
  <mem-info id="456" free="145946496" total="289931264" percent="50">
    <mem type="nursery" free="0" total="88604672" percent="0">
      <mem type="allocate" free="0" total="79691776" percent="0" />
      <mem type="survivor" free="0" total="8912896" percent="0" />
    </mem>
    <mem type="tenure" free="145946496" total="201326592" percent="72">
      <mem type="soa" free="135879552" total="191259648" percent="71" />
      <mem type="loa" free="10066944" total="10066944" percent="100" />
    </mem>
    <remembered-set count="3558" />
  </mem-info>
</gc-start>
<allocation-stats totalBytes="77742616" discardedBytes="110704" >
  <allocated-bytes non-tlh="212608" tlh="77530008" />
  <largest-consumer threadName="Daemon worker" threadId="0000000000581100" bytes="19422424" />
</allocation-stats>
<gc-op id="457" type="scavenge" timems="1.418" contextid="454" timestamp="2026-09-06T07:49:01.066">
  <scavenger-info tenureage="12" tenuremask="5000" tiltratio="89" />
  <memory-copied type="nursery" objects="51773" bytes="2093536" bytesdiscarded="351120" />
  <memory-copied type="tenure" objects="784" bytes="28680" bytesdiscarded="0" />
  <ownableSynchronizers candidates="186" cleared="186" />
  <references type="weak" candidates="822" cleared="0" enqueued="0" />
  <references type="phantom" candidates="384" cleared="361" enqueued="361" />
  <object-monitors candidates="34" cleared="0"  />
</gc-op>
<gc-end id="458" type="scavenge" contextid="454" durationms="1.622" usertimems="9.555" systemtimems="0.038" stalltimems="2.800" timestamp="2026-09-06T07:49:01.066" activeThreads="8">
  <mem-info id="459" free="223041008" total="289931264" percent="76">
    <mem type="nursery" free="77246576" total="88604672" percent="87">
      <mem type="allocate" free="77246576" total="79691776" percent="96" />
      <mem type="survivor" free="0" total="8912896" percent="0" />
    </mem>
    <mem type="tenure" free="145794432" total="201326592" percent="72" macro-fragmented="134217728">
      <mem type="soa" free="135727488" total="191259648" percent="70" />
      <mem type="loa" free="10066944" total="10066944" percent="100" />
    </mem>
    <pending-finalizers system="0" default="0" reference="361" classloader="0" />
    <remembered-set count="3421" />
  </mem-info>
</gc-end>
<cycle-end id="460" type="scavenge" contextid="454" timestamp="2026-09-06T07:49:01.066" />
<allocation-satisfied id="461" threadId="00000000016ACA00" bytesRequested="48" />
<af-end id="462" timestamp="2026-09-06T07:49:01.066" threadId="00000000016AD4C0" success="true" from="nursery"/>
<exclusive-end id="463" timestamp="2026-09-06T07:49:01.066" durationms="2.500" />

<exclusive-start id="464" timestamp="2026-09-06T07:49:01.226" intervalms="162.070">
  <response-info timems="0.432" idlems="0.112" threads="8" lastid="00000000014C7300" lastname="Build operations" />
</exclusive-start>
<af-start id="465" threadId="00000000014C8AC0" totalBytesRequested="21816" timestamp="2026-09-06T07:49:01.226" intervalms="162.024" type="nursery" />
<cycle-start id="466" type="scavenge" contextid="0" timestamp="2026-09-06T07:49:01.226" intervalms="162.015" />
<gc-start id="467" type="scavenge" contextid="466" timestamp="2026-09-06T07:49:01.226">
  <mem-info id="468" free="145794432" total="289931264" percent="50">
    <mem type="nursery" free="0" total="88604672" percent="0">
      <mem type="allocate" free="0" total="79691776" percent="0" />
      <mem type="survivor" free="0" total="8912896" percent="0" />
    </mem>
    <mem type="tenure" free="145794432" total="201326592" percent="72">
      <mem type="soa" free="135727488" total="191259648" percent="70" />
      <mem type="loa" free="10066944" total="10066944" percent="100" />
    </mem>
    <remembered-set count="3575" />
  </mem-info>
</gc-start>
<allocation-stats totalBytes="77142008" discardedBytes="104568" >
  <allocated-bytes non-tlh="48" tlh="77141960" />
  <largest-consumer threadName="Build operations Thread 8" threadId="00000000016ACA00" bytes="32866880" />
</allocation-stats>
<gc-op id="469" type="scavenge" timems="1.280" contextid="466" timestamp="2026-09-06T07:49:01.228">
  <scavenger-info tenureage="14" tenuremask="4000" tiltratio="89" />
  <memory-copied type="nursery" objects="50436" bytes="1729288" bytesdiscarded="152648" />
  <ownableSynchronizers candidates="110" cleared="110" />
  <references type="weak" candidates="916" cleared="0" enqueued="0" />
  <references type="phantom" candidates="238" cleared="222" enqueued="222" />
  <object-monitors candidates="34" cleared="0"  />
</gc-op>
<gc-end id="470" type="scavenge" contextid="466" durationms="1.676" usertimems="7.499" systemtimems="0.000" stalltimems="2.925" timestamp="2026-09-06T07:49:01.228" activeThreads="8">
  <mem-info id="471" free="223603800" total="289931264" percent="77">
    <mem type="nursery" free="77809368" total="88604672" percent="87">
      <mem type="allocate" free="77809368" total="79691776" percent="97" />
      <mem type="survivor" free="0" total="8912896" percent="0" />
    </mem>
    <mem type="tenure" free="145794432" total="201326592" percent="72" macro-fragmented="100663296">
      <mem type="soa" free="135727488" total="191259648" percent="70" />
      <mem type="loa" free="10066944" total="10066944" percent="100" />
    </mem>
    <pending-finalizers system="0" default="0" reference="222" classloader="0" />
    <remembered-set count="3483" />
  </mem-info>
</gc-end>
<cycle-end id="472" type="scavenge" contextid="466" timestamp="2026-09-06T07:49:01.228" />
<allocation-satisfied id="473" threadId="00000000014C8000" bytesRequested="21816" />
<af-end id="474" timestamp="2026-09-06T07:49:01.228" threadId="00000000014C8AC0" success="true" from="nursery"/>
<exclusive-end id="475" timestamp="2026-09-06T07:49:01.228" durationms="2.501" />

<exclusive-start id="476" timestamp="2026-09-06T07:49:01.352" intervalms="126.146">
  <response-info timems="0.032" idlems="0.032" threads="0" lastid="0000000000581100" lastname="Daemon worker" />
</exclusive-start>
<af-start id="477" threadId="0000000000581BC0" totalBytesRequested="8200" timestamp="2026-09-06T07:49:01.352" intervalms="126.197" type="nursery" />
<cycle-start id="478" type="scavenge" contextid="0" timestamp="2026-09-06T07:49:01.352" intervalms="126.231" />
<gc-start id="479" type="scavenge" contextid="478" timestamp="2026-09-06T07:49:01.353">
  <mem-info id="480" free="145784720" total="289931264" percent="50">
    <mem type="nursery" free="0" total="88604672" percent="0">
      <mem type="allocate" free="0" total="79691776" percent="0" />
      <mem type="survivor" free="0" total="8912896" percent="0" />
    </mem>
    <mem type="tenure" free="145784720" total="201326592" percent="72">
      <mem type="soa" free="135717776" total="191259648" percent="70" />
      <mem type="loa" free="10066944" total="10066944" percent="100" />
    </mem>
    <remembered-set count="4043" />
  </mem-info>
</gc-start>
<allocation-stats totalBytes="77534864" discardedBytes="284216" >
  <allocated-bytes non-tlh="532456" tlh="77002408" />
  <largest-consumer threadName="Build operations Thread 5" threadId="00000000016A1300" bytes="17498344" />
</allocation-stats>
<gc-op id="481" type="scavenge" timems="1.567" contextid="478" timestamp="2026-09-06T07:49:01.354">
  <scavenger-info tenureage="4" tenuremask="4550" tiltratio="89" />
  <memory-copied type="nursery" objects="42466" bytes="1794816" bytesdiscarded="223432" />
  <memory-copied type="tenure" objects="20182" bytes="724912" bytesdiscarded="96" />
  <finalization candidates="49" enqueued="49" />
  <ownableSynchronizers candidates="212" cleared="210" />
  <references type="weak" candidates="1034" cleared="51" enqueued="51" />
  <references type="phantom" candidates="1219" cleared="1212" enqueued="1212" />
  <object-monitors candidates="36" cleared="0"  />
</gc-op>
<gc-end id="482" type="scavenge" contextid="478" durationms="1.772" usertimems="10.037" systemtimems="1.002" stalltimems="3.489" timestamp="2026-09-06T07:49:01.354" activeThreads="8">
  <mem-info id="483" free="222634056" total="289931264" percent="76">
    <mem type="nursery" free="77670328" total="88604672" percent="87">
      <mem type="allocate" free="77670328" total="79691776" percent="97" />
      <mem type="survivor" free="0" total="8912896" percent="0" />
    </mem>
    <mem type="tenure" free="144963728" total="201326592" percent="72" macro-fragmented="117440512">
      <mem type="soa" free="134896784" total="191259648" percent="70" />
      <mem type="loa" free="10066944" total="10066944" percent="100" />
    </mem>
    <pending-finalizers system="49" default="0" reference="1263" classloader="0" />
    <remembered-set count="3501" />
  </mem-info>
</gc-end>
<cycle-end id="484" type="scavenge" contextid="478" timestamp="2026-09-06T07:49:01.355" />
<allocation-satisfied id="485" threadId="0000000000581100" bytesRequested="8200" />
<af-end id="486" timestamp="2026-09-06T07:49:01.355" threadId="0000000000581BC0" success="true" from="nursery"/>
<exclusive-end id="487" timestamp="2026-09-06T07:49:01.355" durationms="2.744" />

<exclusive-start id="488" timestamp="2026-09-06T07:49:01.553" intervalms="200.874">
  <response-info timems="0.024" idlems="0.024" threads="0" lastid="0000000000581100" lastname="Daemon worker" />
</exclusive-start>
<af-start id="489" threadId="0000000000581BC0" totalBytesRequested="8200" timestamp="2026-09-06T07:49:01.553" intervalms="200.833" type="nursery" />
<cycle-start id="490" type="scavenge" contextid="0" timestamp="2026-09-06T07:49:01.553" intervalms="200.809" />
<gc-start id="491" type="scavenge" contextid="490" timestamp="2026-09-06T07:49:01.553">
  <mem-info id="492" free="144962416" total="289931264" percent="49">
    <mem type="nursery" free="0" total="88604672" percent="0">
      <mem type="allocate" free="0" total="79691776" percent="0" />
      <mem type="survivor" free="0" total="8912896" percent="0" />
    </mem>
    <mem type="tenure" free="144962416" total="201326592" percent="72">
      <mem type="soa" free="134895472" total="191259648" percent="70" />
      <mem type="loa" free="10066944" total="10066944" percent="100" />
    </mem>
    <remembered-set count="3552" />
  </mem-info>
</gc-start>
<allocation-stats totalBytes="77134000" discardedBytes="537640" >
  <allocated-bytes non-tlh="12288" tlh="77121712" />
  <largest-consumer threadName="Daemon worker" threadId="0000000000581100" bytes="76757416" />
</allocation-stats>
<gc-op id="493" type="scavenge" timems="1.608" contextid="490" timestamp="2026-09-06T07:49:01.555">
  <scavenger-info tenureage="3" tenuremask="6548" tiltratio="89" />
  <memory-copied type="nursery" objects="36409" bytes="1209688" bytesdiscarded="518248" />
  <memory-copied type="tenure" objects="18156" bytes="539280" bytesdiscarded="296" />
  <finalization candidates="2" enqueued="2" />
  <ownableSynchronizers candidates="2" cleared="0" />
  <references type="weak" candidates="638" cleared="13" enqueued="13" />
  <references type="phantom" candidates="7052" cleared="7045" enqueued="7045" />
  <object-monitors candidates="36" cleared="0"  />
</gc-op>
<gc-end id="494" type="scavenge" contextid="490" durationms="1.867" usertimems="11.347" systemtimems="0.121" stalltimems="3.356" timestamp="2026-09-06T07:49:01.555" activeThreads="8">
  <mem-info id="495" free="222314568" total="289931264" percent="76">
    <mem type="nursery" free="77963744" total="88604672" percent="87">
      <mem type="allocate" free="77963744" total="79691776" percent="97" />
      <mem type="survivor" free="0" total="8912896" percent="0" />
    </mem>
    <mem type="tenure" free="144350824" total="201326592" percent="71" macro-fragmented="0">
      <mem type="soa" free="134283880" total="191259648" percent="70" />
      <mem type="loa" free="10066944" total="10066944" percent="100" />
    </mem>
    <pending-finalizers system="2" default="0" reference="7058" classloader="0" />
    <remembered-set count="1995" />
  </mem-info>
</gc-end>
<cycle-end id="496" type="scavenge" contextid="490" timestamp="2026-09-06T07:49:01.555" />
<allocation-satisfied id="497" threadId="0000000000581100" bytesRequested="8200" />
<af-end id="498" timestamp="2026-09-06T07:49:01.556" threadId="0000000000581BC0" success="true" from="nursery"/>
<exclusive-end id="499" timestamp="2026-09-06T07:49:01.556" durationms="2.710" />

<exclusive-start id="500" timestamp="2026-09-06T07:49:01.733" intervalms="180.195">
  <response-info timems="0.025" idlems="0.025" threads="0" lastid="0000000000581100" lastname="Daemon worker" />
</exclusive-start>
<af-start id="501" threadId="0000000000581BC0" totalBytesRequested="8200" timestamp="2026-09-06T07:49:01.733" intervalms="180.171" type="nursery" />
<cycle-start id="502" type="scavenge" contextid="0" timestamp="2026-09-06T07:49:01.733" intervalms="180.169" />
<gc-start id="503" type="scavenge" contextid="502" timestamp="2026-09-06T07:49:01.734">
  <mem-info id="504" free="144350824" total="289931264" percent="49">
    <mem type="nursery" free="0" total="88604672" percent="0">
      <mem type="allocate" free="0" total="79691776" percent="0" />
      <mem type="survivor" free="0" total="8912896" percent="0" />
    </mem>
    <mem type="tenure" free="144350824" total="201326592" percent="71">
      <mem type="soa" free="134283880" total="191259648" percent="70" />
      <mem type="loa" free="10066944" total="10066944" percent="100" />
    </mem>
    <remembered-set count="2010" />
  </mem-info>
</gc-start>
<allocation-stats totalBytes="77848792" discardedBytes="114952" >
  <allocated-bytes non-tlh="11248" tlh="77837544" />
  <largest-consumer threadName="Daemon worker" threadId="0000000000581100" bytes="77429728" />
</allocation-stats>
<gc-op id="505" type="scavenge" timems="1.334" contextid="502" timestamp="2026-09-06T07:49:01.735">
  <scavenger-info tenureage="5" tenuremask="4020" tiltratio="89" />
  <memory-copied type="nursery" objects="30433" bytes="1087696" bytesdiscarded="304168" />
  <memory-copied type="tenure" objects="5422" bytes="158624" bytesdiscarded="8" />
  <ownableSynchronizers candidates="2" cleared="0" />
  <references type="weak" candidates="485" cleared="0" enqueued="0" />
  <references type="phantom" candidates="6906" cleared="6899" enqueued="6899" />
  <object-monitors candidates="36" cleared="0"  />
</gc-op>
<gc-end id="506" type="scavenge" contextid="502" durationms="1.539" usertimems="8.378" systemtimems="0.000" stalltimems="2.978" timestamp="2026-09-06T07:49:01.735" activeThreads="8">
  <mem-info id="507" free="222519312" total="289931264" percent="76">
    <mem type="nursery" free="78299816" total="88604672" percent="88">
      <mem type="allocate" free="78299816" total="79691776" percent="98" />
      <mem type="survivor" free="0" total="8912896" percent="0" />
    </mem>
    <mem type="tenure" free="144219496" total="201326592" percent="71" macro-fragmented="100663296">
      <mem type="soa" free="134152552" total="191259648" percent="70" />
      <mem type="loa" free="10066944" total="10066944" percent="100" />
    </mem>
    <pending-finalizers system="0" default="0" reference="6899" classloader="0" />
    <remembered-set count="1544" />
  </mem-info>
</gc-end>
<cycle-end id="508" type="scavenge" contextid="502" timestamp="2026-09-06T07:49:01.735" />
<allocation-satisfied id="509" threadId="0000000000581100" bytesRequested="8200" />
<af-end id="510" timestamp="2026-09-06T07:49:01.735" threadId="0000000000581BC0" success="true" from="nursery"/>
<exclusive-end id="511" timestamp="2026-09-06T07:49:01.735" durationms="2.342" />

<exclusive-start id="512" timestamp="2026-09-06T07:49:01.908" intervalms="174.897">
  <response-info timems="0.025" idlems="0.025" threads="0" lastid="0000000000581100" lastname="Daemon worker" />
</exclusive-start>
<af-start id="513" threadId="0000000000581BC0" totalBytesRequested="8200" timestamp="2026-09-06T07:49:01.908" intervalms="174.913" type="nursery" />
<cycle-start id="514" type="scavenge" contextid="0" timestamp="2026-09-06T07:49:01.908" intervalms="174.920" />
<gc-start id="515" type="scavenge" contextid="514" timestamp="2026-09-06T07:49:01.908">
  <mem-info id="516" free="144219496" total="289931264" percent="49">
    <mem type="nursery" free="0" total="88604672" percent="0">
      <mem type="allocate" free="0" total="79691776" percent="0" />
      <mem type="survivor" free="0" total="8912896" percent="0" />
    </mem>
    <mem type="tenure" free="144219496" total="201326592" percent="71">
      <mem type="soa" free="134152552" total="191259648" percent="70" />
      <mem type="loa" free="10066944" total="10066944" percent="100" />
    </mem>
    <remembered-set count="1559" />
  </mem-info>
</gc-start>
<allocation-stats totalBytes="78218256" discardedBytes="81560" >
  <allocated-bytes non-tlh="8200" tlh="78210056" />
  <largest-consumer threadName="Daemon worker" threadId="0000000000581100" bytes="77925368" />
</allocation-stats>
<gc-op id="517" type="scavenge" timems="1.241" contextid="514" timestamp="2026-09-06T07:49:01.910">
  <scavenger-info tenureage="3" tenuremask="4018" tiltratio="89" />
  <memory-copied type="nursery" objects="15851" bytes="547552" bytesdiscarded="598280" />
  <memory-copied type="tenure" objects="15363" bytes="495432" bytesdiscarded="56" />
  <ownableSynchronizers candidates="2" cleared="0" />
  <references type="weak" candidates="6" cleared="0" enqueued="0" />
  <references type="phantom" candidates="6892" cleared="6887" enqueued="6887" />
  <object-monitors candidates="36" cleared="0"  />
</gc-op>
<gc-end id="518" type="scavenge" contextid="514" durationms="1.635" usertimems="6.678" systemtimems="0.000" stalltimems="2.899" timestamp="2026-09-06T07:49:01.910" activeThreads="8">
  <mem-info id="519" free="222240104" total="289931264" percent="76">
    <mem type="nursery" free="78545920" total="88604672" percent="88">
      <mem type="allocate" free="78545920" total="79691776" percent="98" />
      <mem type="survivor" free="0" total="8912896" percent="0" />
    </mem>
    <mem type="tenure" free="143694184" total="201326592" percent="71" macro-fragmented="67108864">
      <mem type="soa" free="133627240" total="191259648" percent="69" />
      <mem type="loa" free="10066944" total="10066944" percent="100" />
    </mem>
    <pending-finalizers system="0" default="0" reference="6887" classloader="0" />
    <remembered-set count="719" />
  </mem-info>
</gc-end>
<cycle-end id="520" type="scavenge" contextid="514" timestamp="2026-09-06T07:49:01.910" />
<allocation-satisfied id="521" threadId="0000000000581100" bytesRequested="8200" />
<af-end id="522" timestamp="2026-09-06T07:49:01.910" threadId="0000000000581BC0" success="true" from="nursery"/>
<exclusive-end id="523" timestamp="2026-09-06T07:49:01.910" durationms="2.440" />

<exclusive-start id="524" timestamp="2026-09-06T07:49:02.249" intervalms="341.112">
  <response-info timems="0.039" idlems="0.039" threads="0" lastid="0000000000581100" lastname="Daemon worker" />
</exclusive-start>
<af-start id="525" threadId="0000000000581BC0" totalBytesRequested="16392" timestamp="2026-09-06T07:49:02.249" intervalms="341.122" type="nursery" />
<cycle-start id="526" type="scavenge" contextid="0" timestamp="2026-09-06T07:49:02.249" intervalms="341.136" />
<gc-start id="527" type="scavenge" contextid="526" timestamp="2026-09-06T07:49:02.250">
  <mem-info id="528" free="143392520" total="289931264" percent="49">
    <mem type="nursery" free="0" total="88604672" percent="0">
      <mem type="allocate" free="0" total="79691776" percent="0" />
      <mem type="survivor" free="0" total="8912896" percent="0" />
    </mem>
    <mem type="tenure" free="143392520" total="201326592" percent="71">
      <mem type="soa" free="133325576" total="191259648" percent="69" />
      <mem type="loa" free="10066944" total="10066944" percent="100" />
    </mem>
    <remembered-set count="6229" />
  </mem-info>
</gc-start>
<allocation-stats totalBytes="78825448" discardedBytes="22136" >
  <allocated-bytes non-tlh="309864" tlh="78515584" />
  <largest-consumer threadName="Daemon worker" threadId="0000000000581100" bytes="78528320" />
</allocation-stats>
<gc-op id="529" type="scavenge" timems="2.024" contextid="526" timestamp="2026-09-06T07:49:02.252">
  <scavenger-info tenureage="14" tenuremask="4000" tiltratio="89" />
  <memory-copied type="nursery" objects="61210" bytes="3179944" bytesdiscarded="487808" />
  <finalization candidates="669" enqueued="649" />
  <ownableSynchronizers candidates="42" cleared="0" />
  <references type="soft" candidates="2538" cleared="0" enqueued="0" dynamicThreshold="32" maxThreshold="32" />
  <references type="weak" candidates="2635" cleared="1854" enqueued="1854" />
  <references type="phantom" candidates="3956" cleared="3849" enqueued="3849" />
  <object-monitors candidates="36" cleared="0"  />
</gc-op>
<gc-end id="530" type="scavenge" contextid="526" durationms="2.246" usertimems="12.281" systemtimems="1.348" stalltimems="4.445" timestamp="2026-09-06T07:49:02.252" activeThreads="8">
  <mem-info id="531" free="219414832" total="289931264" percent="75">
    <mem type="nursery" free="76022312" total="88604672" percent="85">
      <mem type="allocate" free="76022312" total="79691776" percent="95" />
      <mem type="survivor" free="0" total="8912896" percent="0" />
    </mem>
    <mem type="tenure" free="143392520" total="201326592" percent="71" macro-fragmented="67108864">
      <mem type="soa" free="133325576" total="191259648" percent="69" />
      <mem type="loa" free="10066944" total="10066944" percent="100" />
    </mem>
    <pending-finalizers system="649" default="0" reference="5703" classloader="0" />
    <remembered-set count="6034" />
  </mem-info>
</gc-end>
<cycle-end id="532" type="scavenge" contextid="526" timestamp="2026-09-06T07:49:02.252" />
<allocation-satisfied id="533" threadId="0000000000581100" bytesRequested="16392" />
<af-end id="534" timestamp="2026-09-06T07:49:02.252" threadId="0000000000581BC0" success="true" from="nursery"/>
<exclusive-end id="535" timestamp="2026-09-06T07:49:02.252" durationms="3.144" />

<exclusive-start id="536" timestamp="2026-09-06T07:49:02.931" intervalms="681.708">
  <response-info timems="0.024" idlems="0.024" threads="0" lastid="000000000195C200" lastname="Execution worker Thread 8" />
</exclusive-start>
<af-start id="537" threadId="000000000195CCC0" totalBytesRequested="88800" timestamp="2026-09-06T07:49:02.931" intervalms="681.738" type="nursery" />
<cycle-start id="538" type="scavenge" contextid="0" timestamp="2026-09-06T07:49:02.931" intervalms="681.707" />
<gc-start id="539" type="scavenge" contextid="538" timestamp="2026-09-06T07:49:02.932">
  <mem-info id="540" free="142845088" total="289931264" percent="49">
    <mem type="nursery" free="0" total="88604672" percent="0">
      <mem type="allocate" free="0" total="79691776" percent="0" />
      <mem type="survivor" free="0" total="8912896" percent="0" />
    </mem>
    <mem type="tenure" free="142845088" total="201326592" percent="70">
      <mem type="soa" free="132778144" total="191259648" percent="69" />
      <mem type="loa" free="10066944" total="10066944" percent="100" />
    </mem>
    <remembered-set count="14289" />
  </mem-info>
</gc-start>
<allocation-stats totalBytes="75706336" discardedBytes="863408" >
  <allocated-bytes non-tlh="2243640" tlh="73462696" />
  <largest-consumer threadName="Daemon worker" threadId="0000000000581100" bytes="38370536" />
</allocation-stats>
<gc-op id="541" type="scavenge" timems="3.612" contextid="538" timestamp="2026-09-06T07:49:02.935">
  <scavenger-info tenureage="14" tenuremask="4000" tiltratio="89" />
  <memory-copied type="nursery" objects="144395" bytes="8902192" bytesdiscarded="3336" />
  <memory-copied type="tenure" objects="24313" bytes="897192" bytesdiscarded="360" />
  <copy-failed type="nursery" objects="24314" bytes="897672" />
  <finalization candidates="1175" enqueued="1155" />
  <ownableSynchronizers candidates="459" cleared="114" />
  <references type="soft" candidates="6605" cleared="0" enqueued="0" dynamicThreshold="32" maxThreshold="32" />
  <references type="weak" candidates="8928" cleared="3737" enqueued="3735" />
  <references type="phantom" candidates="505" cleared="234" enqueued="234" />
  <object-monitors candidates="36" cleared="0"  />
</gc-op>
<gc-end id="542" type="scavenge" contextid="538" durationms="4.110" usertimems="26.511" systemtimems="0.270" stalltimems="6.170" timestamp="2026-09-06T07:49:02.936" activeThreads="9">
  <mem-info id="543" free="203272160" total="289931264" percent="70">
    <mem type="nursery" free="60948480" total="88604672" percent="68">
      <mem type="allocate" free="60948480" total="69861376" percent="87" />
      <mem type="survivor" free="0" total="18743296" percent="0" />
    </mem>
    <mem type="tenure" free="142323680" total="201326592" percent="70" macro-fragmented="117440512">
      <mem type="soa" free="132256736" total="191259648" percent="69" />
      <mem type="loa" free="10066944" total="10066944" percent="100" />
    </mem>
    <pending-finalizers system="1154" default="1" reference="3969" classloader="0" />
    <remembered-set count="20834" />
  </mem-info>
</gc-end>
<cycle-end id="544" type="scavenge" contextid="538" timestamp="2026-09-06T07:49:02.936" />
<allocation-satisfied id="545" threadId="000000000195C200" bytesRequested="88800" />
<af-end id="546" timestamp="2026-09-06T07:49:02.936" threadId="000000000195CCC0" success="true" from="nursery"/>
<exclusive-end id="547" timestamp="2026-09-06T07:49:02.936" durationms="5.303" />

<exclusive-start id="548" timestamp="2026-09-06T07:49:03.182" intervalms="251.192">
  <response-info timems="0.022" idlems="0.022" threads="0" lastid="000000000195C200" lastname="Execution worker Thread 8" />
</exclusive-start>
<af-start id="549" threadId="000000000195CCC0" totalBytesRequested="2008" timestamp="2026-09-06T07:49:03.182" intervalms="251.149" type="nursery" />
<cycle-start id="550" type="scavenge" contextid="0" timestamp="2026-09-06T07:49:03.182" intervalms="251.186" />
<gc-start id="551" type="scavenge" contextid="550" timestamp="2026-09-06T07:49:03.183">
  <mem-info id="552" free="141837408" total="289931264" percent="48">
    <mem type="nursery" free="0" total="88604672" percent="0">
      <mem type="allocate" free="0" total="69861376" percent="0" />
      <mem type="survivor" free="0" total="18743296" percent="0" />
    </mem>
    <mem type="tenure" free="141837408" total="201326592" percent="70">
      <mem type="soa" free="131770464" total="191259648" percent="68" />
      <mem type="loa" free="10066944" total="10066944" percent="100" />
    </mem>
    <remembered-set count="27687" />
  </mem-info>
</gc-start>
<allocation-stats totalBytes="60250336" discardedBytes="1184416" >
  <allocated-bytes non-tlh="663872" tlh="59586464" />
  <largest-consumer threadName="Execution worker Thread 8" threadId="000000000195C200" bytes="60082400" />
</allocation-stats>
<gc-op id="553" type="scavenge" timems="3.259" contextid="550" timestamp="2026-09-06T07:49:03.186">
  <scavenger-info tenureage="3" tenuremask="ffd8" tiltratio="78" />
  <memory-copied type="nursery" objects="153592" bytes="9434704" bytesdiscarded="253880" />
  <memory-copied type="tenure" objects="404" bytes="46840" bytesdiscarded="0" />
  <finalization candidates="455" enqueued="434" />
  <ownableSynchronizers candidates="340" cleared="0" />
  <references type="soft" candidates="6752" cleared="0" enqueued="0" dynamicThreshold="32" maxThreshold="32" />
  <references type="weak" candidates="9533" cleared="3242" enqueued="3242" />
  <references type="phantom" candidates="305" cleared="0" enqueued="0" />
  <object-monitors candidates="36" cleared="0"  />
</gc-op>
<gc-end id="554" type="scavenge" contextid="550" durationms="3.479" usertimems="24.849" systemtimems="0.353" stalltimems="6.637" timestamp="2026-09-06T07:49:03.186" activeThreads="10">
  <mem-info id="555" free="203495232" total="289931264" percent="70">
    <mem type="nursery" free="61674216" total="88604672" percent="69">
      <mem type="allocate" free="61674216" total="71368704" percent="86" />
      <mem type="survivor" free="0" total="17235968" percent="0" />
    </mem>
    <mem type="tenure" free="141821016" total="201326592" percent="70" macro-fragmented="117440512">
      <mem type="soa" free="131754072" total="191259648" percent="68" />
      <mem type="loa" free="10066944" total="10066944" percent="100" />
    </mem>
    <pending-finalizers system="434" default="0" reference="3242" classloader="0" />
    <remembered-set count="24396" />
  </mem-info>
</gc-end>
<cycle-end id="556" type="scavenge" contextid="550" timestamp="2026-09-06T07:49:03.186" />
<allocation-satisfied id="557" threadId="000000000195C200" bytesRequested="2008" />
<af-end id="558" timestamp="2026-09-06T07:49:03.186" threadId="000000000195CCC0" success="true" from="nursery"/>
<exclusive-end id="559" timestamp="2026-09-06T07:49:03.186" durationms="4.482" />

<exclusive-start id="560" timestamp="2026-09-06T07:49:04.108" intervalms="925.560">
  <response-info timems="0.031" idlems="0.031" threads="0" lastid="000000000148FE00" lastname="Unconstrained build operations Thread 25" />
</exclusive-start>
<af-start id="561" threadId="00000000014908C0" totalBytesRequested="24" timestamp="2026-09-06T07:49:04.108" intervalms="925.544" type="nursery" />
<cycle-start id="562" type="scavenge" contextid="0" timestamp="2026-09-06T07:49:04.108" intervalms="925.541" />
<gc-start id="563" type="scavenge" contextid="562" timestamp="2026-09-06T07:49:04.108">
  <mem-info id="564" free="141541304" total="289931264" percent="48">
    <mem type="nursery" free="0" total="88604672" percent="0">
      <mem type="allocate" free="0" total="71368704" percent="0" />
      <mem type="survivor" free="0" total="17235968" percent="0" />
    </mem>
    <mem type="tenure" free="141541304" total="201326592" percent="70">
      <mem type="soa" free="131474360" total="191259648" percent="68" />
      <mem type="loa" free="10066944" total="10066944" percent="100" />
    </mem>
    <remembered-set count="29069" />
  </mem-info>
</gc-start>
<allocation-stats totalBytes="61745440" discardedBytes="208488" >
  <allocated-bytes non-tlh="453872" tlh="61291568" />
  <largest-consumer threadName="Execution worker Thread 8" threadId="000000000195C200" bytes="32697880" />
</allocation-stats>
<gc-op id="565" type="scavenge" timems="4.164" contextid="562" timestamp="2026-09-06T07:49:04.112">
  <scavenger-info tenureage="3" tenuremask="ffc8" tiltratio="80" />
  <memory-copied type="nursery" objects="161974" bytes="9828712" bytesdiscarded="272304" />
  <memory-copied type="tenure" objects="40792" bytes="2494416" bytesdiscarded="800" />
  <finalization candidates="424" enqueued="372" />
  <ownableSynchronizers candidates="717" cleared="134" />
  <references type="soft" candidates="5881" cleared="0" enqueued="0" dynamicThreshold="32" maxThreshold="32" />
  <references type="weak" candidates="8645" cleared="1983" enqueued="1983" />
  <references type="phantom" candidates="1230" cleared="937" enqueued="937" />
  <object-monitors candidates="37" cleared="0"  />
</gc-op>
<gc-end id="566" type="scavenge" contextid="562" durationms="4.447" usertimems="27.719" systemtimems="4.100" stalltimems="6.840" timestamp="2026-09-06T07:49:04.113" activeThreads="10">
  <mem-info id="567" free="204386824" total="289931264" percent="70">
    <mem type="nursery" free="65716928" total="88604672" percent="74">
      <mem type="allocate" free="65716928" total="75825152" percent="86" />
      <mem type="survivor" free="0" total="12779520" percent="0" />
    </mem>
    <mem type="tenure" free="138669896" total="201326592" percent="68" macro-fragmented="100663296">
      <mem type="soa" free="128602952" total="191259648" percent="67" />
      <mem type="loa" free="10066944" total="10066944" percent="100" />
    </mem>
    <pending-finalizers system="372" default="0" reference="2920" classloader="0" />
    <remembered-set count="18918" />
  </mem-info>
</gc-end>
<cycle-end id="568" type="scavenge" contextid="562" timestamp="2026-09-06T07:49:04.113" />
<allocation-satisfied id="569" threadId="000000000148FE00" bytesRequested="24" />
<af-end id="570" timestamp="2026-09-06T07:49:04.113" threadId="00000000014908C0" success="true" from="nursery"/>
<exclusive-end id="571" timestamp="2026-09-06T07:49:04.113" durationms="5.377" />

<exclusive-start id="572" timestamp="2026-09-06T07:49:05.485" intervalms="1377.685">
  <response-info timems="0.036" idlems="0.036" threads="0" lastid="0000000001568500" lastname="Unconstrained build operations Thread 47" />
</exclusive-start>
<af-start id="573" threadId="0000000001568FC0" totalBytesRequested="24" timestamp="2026-09-06T07:49:05.485" intervalms="1377.655" type="nursery" />
<cycle-start id="574" type="scavenge" contextid="0" timestamp="2026-09-06T07:49:05.485" intervalms="1377.637" />
<gc-start id="575" type="scavenge" contextid="574" timestamp="2026-09-06T07:49:05.486">
  <mem-info id="576" free="138661936" total="289931264" percent="47">
    <mem type="nursery" free="0" total="88604672" percent="0">
      <mem type="allocate" free="0" total="75825152" percent="0" />
      <mem type="survivor" free="0" total="12779520" percent="0" />
    </mem>
    <mem type="tenure" free="138661936" total="201326592" percent="68">
      <mem type="soa" free="128594992" total="191259648" percent="67" />
      <mem type="loa" free="10066944" total="10066944" percent="100" />
    </mem>
    <remembered-set count="19439" />
  </mem-info>
</gc-start>
<allocation-stats totalBytes="65625232" discardedBytes="99656" >
  <allocated-bytes non-tlh="7984" tlh="65617248" />
  <largest-consumer threadName="Unconstrained build operations Thread 46" threadId="0000000001567900" bytes="10658880" />
</allocation-stats>
<gc-op id="577" type="scavenge" timems="3.901" contextid="574" timestamp="2026-09-06T07:49:05.490">
  <scavenger-info tenureage="3" tenuremask="ff68" tiltratio="85" />
  <memory-copied type="nursery" objects="103435" bytes="5339752" bytesdiscarded="473992" />
  <memory-copied type="tenure" objects="91600" bytes="5731376" bytesdiscarded="2696" />
  <finalization candidates="37" enqueued="5" />
  <ownableSynchronizers candidates="624" cleared="73" />
  <references type="soft" candidates="1375" cleared="0" enqueued="0" dynamicThreshold="32" maxThreshold="32" />
  <references type="weak" candidates="2331" cleared="49" enqueued="49" />
  <references type="phantom" candidates="215" cleared="105" enqueued="105" />
  <object-monitors candidates="37" cleared="0"  />
</gc-op>
<gc-end id="578" type="scavenge" contextid="574" durationms="4.166" usertimems="26.454" systemtimems="1.332" stalltimems="11.485" timestamp="2026-09-06T07:49:05.490" activeThreads="10">
  <mem-info id="579" free="203480448" total="289931264" percent="70">
    <mem type="nursery" free="70268472" total="88604672" percent="79">
      <mem type="allocate" free="70268472" total="76087296" percent="92" />
      <mem type="survivor" free="0" total="12517376" percent="0" />
    </mem>
    <mem type="tenure" free="133211976" total="201326592" percent="66" macro-fragmented="67108864">
      <mem type="soa" free="123145032" total="191259648" percent="64" />
      <mem type="loa" free="10066944" total="10066944" percent="100" />
    </mem>
    <pending-finalizers system="5" default="0" reference="154" classloader="0" />
    <remembered-set count="7093" />
  </mem-info>
</gc-end>
<cycle-end id="580" type="scavenge" contextid="574" timestamp="2026-09-06T07:49:05.490" />
<allocation-satisfied id="581" threadId="0000000001568500" bytesRequested="24" />
<af-end id="582" timestamp="2026-09-06T07:49:05.490" threadId="0000000001568FC0" success="true" from="nursery"/>
<exclusive-end id="583" timestamp="2026-09-06T07:49:05.490" durationms="5.065" />

<exclusive-start id="584" timestamp="2026-09-06T07:49:11.165" intervalms="5680.112">
  <response-info timems="0.022" idlems="0.022" threads="0" lastid="000000000195FF00" lastname="Execution worker Thread 9" />
</exclusive-start>
<af-start id="585" threadId="00000000019609C0" totalBytesRequested="40" timestamp="2026-09-06T07:49:11.165" intervalms="5680.175" type="nursery" />
<cycle-start id="586" type="scavenge" contextid="0" timestamp="2026-09-06T07:49:11.166" intervalms="5680.184" />
<gc-start id="587" type="scavenge" contextid="586" timestamp="2026-09-06T07:49:11.166">
  <mem-info id="588" free="132646176" total="289931264" percent="45">
    <mem type="nursery" free="0" total="88604672" percent="0">
      <mem type="allocate" free="0" total="76087296" percent="0" />
      <mem type="survivor" free="0" total="12517376" percent="0" />
    </mem>
    <mem type="tenure" free="132646176" total="201326592" percent="65">
      <mem type="soa" free="122579232" total="191259648" percent="64" />
      <mem type="loa" free="10066944" total="10066944" percent="100" />
    </mem>
    <remembered-set count="15999" />
  </mem-info>
</gc-start>
<allocation-stats totalBytes="70449200" discardedBytes="385072" >
  <allocated-bytes non-tlh="946040" tlh="69503160" />
  <largest-consumer threadName="Execution worker Thread 9" threadId="000000000195FF00" bytes="33107160" />
</allocation-stats>
<gc-op id="589" type="scavenge" timems="3.378" contextid="586" timestamp="2026-09-06T07:49:11.169">
  <scavenger-info tenureage="3" tenuremask="ffe8" tiltratio="85" />
  <memory-copied type="nursery" objects="125812" bytes="6689224" bytesdiscarded="278680" />
  <memory-copied type="tenure" objects="11843" bytes="910680" bytesdiscarded="896" />
  <finalization candidates="513" enqueued="466" />
  <ownableSynchronizers candidates="386" cleared="104" />
  <references type="soft" candidates="1335" cleared="0" enqueued="0" dynamicThreshold="32" maxThreshold="32" />
  <references type="weak" candidates="4100" cleared="1826" enqueued="1758" />
  <references type="phantom" candidates="355" cleared="133" enqueued="133" />
  <object-monitors candidates="37" cleared="0"  />
</gc-op>
<gc-end id="590" type="scavenge" contextid="586" durationms="3.599" usertimems="21.131" systemtimems="0.879" stalltimems="8.471" timestamp="2026-09-06T07:49:11.169" activeThreads="10">
  <mem-info id="591" free="201241920" total="289931264" percent="69">
    <mem type="nursery" free="69831024" total="88604672" percent="78">
      <mem type="allocate" free="69831024" total="76808192" percent="90" />
      <mem type="survivor" free="0" total="11796480" percent="0" />
    </mem>
    <mem type="tenure" free="131410896" total="201326592" percent="65" macro-fragmented="67108864">
      <mem type="soa" free="121343952" total="191259648" percent="63" />
      <mem type="loa" free="10066944" total="10066944" percent="100" />
    </mem>
    <pending-finalizers system="466" default="0" reference="1891" classloader="0" />
    <remembered-set count="10928" />
  </mem-info>
</gc-end>
<cycle-end id="592" type="scavenge" contextid="586" timestamp="2026-09-06T07:49:11.170" />
<allocation-satisfied id="593" threadId="000000000195FF00" bytesRequested="40" />
<af-end id="594" timestamp="2026-09-06T07:49:11.170" threadId="00000000019609C0" success="true" from="nursery"/>
<exclusive-end id="595" timestamp="2026-09-06T07:49:11.170" durationms="4.507" />

<exclusive-start id="596" timestamp="2026-09-06T07:49:11.579" intervalms="414.120">
  <response-info timems="0.144" idlems="0.144" threads="0" lastid="00000000014C8000" lastname="Build operations Thread 10" />
</exclusive-start>
<af-start id="597" threadId="00000000014C8AC0" totalBytesRequested="8200" timestamp="2026-09-06T07:49:11.580" intervalms="414.085" type="nursery" />
<cycle-start id="598" type="scavenge" contextid="0" timestamp="2026-09-06T07:49:11.580" intervalms="414.079" />
<gc-start id="599" type="scavenge" contextid="598" timestamp="2026-09-06T07:49:11.580">
  <mem-info id="600" free="131326152" total="289931264" percent="45">
    <mem type="nursery" free="0" total="88604672" percent="0">
      <mem type="allocate" free="0" total="76808192" percent="0" />
      <mem type="survivor" free="0" total="11796480" percent="0" />
    </mem>
    <mem type="tenure" free="131326152" total="201326592" percent="65">
      <mem type="soa" free="121259208" total="191259648" percent="63" />
      <mem type="loa" free="10066944" total="10066944" percent="100" />
    </mem>
    <remembered-set count="12351" />
  </mem-info>
</gc-start>
<allocation-stats totalBytes="69697032" discardedBytes="218736" >
  <allocated-bytes non-tlh="121680" tlh="69575352" />
  <largest-consumer threadName="Execution worker Thread 9" threadId="000000000195FF00" bytes="27377488" />
</allocation-stats>
<gc-op id="601" type="scavenge" timems="4.452" contextid="598" timestamp="2026-09-06T07:49:11.585">
  <scavenger-info tenureage="14" tenuremask="4000" tiltratio="86" />
  <memory-copied type="nursery" objects="192768" bytes="9114568" bytesdiscarded="202096" />
  <finalization candidates="358" enqueued="317" />
  <ownableSynchronizers candidates="302" cleared="6" />
  <references type="soft" candidates="1373" cleared="0" enqueued="0" dynamicThreshold="32" maxThreshold="32" />
  <references type="weak" candidates="3571" cleared="503" enqueued="503" />
  <references type="phantom" candidates="712" cleared="615" enqueued="615" />
  <object-monitors candidates="43" cleared="6"  />
</gc-op>
<gc-end id="602" type="scavenge" contextid="598" durationms="4.677" usertimems="27.402" systemtimems="1.220" stalltimems="11.240" timestamp="2026-09-06T07:49:11.585" activeThreads="10">
  <mem-info id="603" free="197696424" total="289931264" percent="68">
    <mem type="nursery" free="66370272" total="88604672" percent="74">
      <mem type="allocate" free="66370272" total="75694080" percent="87" />
      <mem type="survivor" free="0" total="12910592" percent="0" />
    </mem>
    <mem type="tenure" free="131326152" total="201326592" percent="65" macro-fragmented="83886080">
      <mem type="soa" free="121259208" total="191259648" percent="63" />
      <mem type="loa" free="10066944" total="10066944" percent="100" />
    </mem>
    <pending-finalizers system="268" default="49" reference="1118" classloader="0" />
    <remembered-set count="12050" />
  </mem-info>
</gc-end>
<cycle-end id="604" type="scavenge" contextid="598" timestamp="2026-09-06T07:49:11.585" />
<allocation-satisfied id="605" threadId="00000000014C8000" bytesRequested="8200" />
<af-end id="606" timestamp="2026-09-06T07:49:11.585" threadId="00000000014C8AC0" success="true" from="nursery"/>
<exclusive-end id="607" timestamp="2026-09-06T07:49:11.585" durationms="5.725" />

<exclusive-start id="608" timestamp="2026-09-06T07:49:11.670" intervalms="90.663">
  <response-info timems="0.049" idlems="0.022" threads="2" lastid="00000000016A8D00" lastname="Build operations Thread 7" />
</exclusive-start>
<af-start id="609" threadId="00000000016BF3C0" totalBytesRequested="8200" timestamp="2026-09-06T07:49:11.670" intervalms="90.679" type="nursery" />
<cycle-start id="610" type="scavenge" contextid="0" timestamp="2026-09-06T07:49:11.670" intervalms="90.680" />
<gc-start id="611" type="scavenge" contextid="610" timestamp="2026-09-06T07:49:11.671">
  <mem-info id="612" free="131326152" total="289931264" percent="45">
    <mem type="nursery" free="0" total="88604672" percent="0">
      <mem type="allocate" free="0" total="75694080" percent="0" />
      <mem type="survivor" free="0" total="12910592" percent="0" />
    </mem>
    <mem type="tenure" free="131326152" total="201326592" percent="65">
      <mem type="soa" free="121259208" total="191259648" percent="63" />
      <mem type="loa" free="10066944" total="10066944" percent="100" />
    </mem>
    <remembered-set count="12074" />
  </mem-info>
</gc-start>
<allocation-stats totalBytes="66233472" discardedBytes="136800" >
  <allocated-bytes non-tlh="106448" tlh="66127024" />
  <largest-consumer threadName="Cache worker for Java compile cache (/gradle/caches/9.5.0/javaCompile)" threadId="00000000015FBE00" bytes="10914104" />
</allocation-stats>
<gc-op id="613" type="scavenge" timems="4.199" contextid="610" timestamp="2026-09-06T07:49:11.675">
  <scavenger-info tenureage="3" tenuremask="4018" tiltratio="85" />
  <memory-copied type="nursery" objects="179968" bytes="7389920" bytesdiscarded="250696" />
  <memory-copied type="tenure" objects="55276" bytes="2523384" bytesdiscarded="1488" />
  <finalization candidates="57" enqueued="17" />
  <ownableSynchronizers candidates="296" cleared="44" />
  <references type="soft" candidates="145" cleared="0" enqueued="0" dynamicThreshold="32" maxThreshold="32" />
  <references type="weak" candidates="2839" cleared="0" enqueued="0" />
  <references type="phantom" candidates="1236" cleared="1213" enqueued="1213" />
  <object-monitors candidates="37" cleared="0"  />
</gc-op>
<gc-end id="614" type="scavenge" contextid="610" durationms="4.462" usertimems="30.459" systemtimems="0.891" stalltimems="10.419" timestamp="2026-09-06T07:49:11.675" activeThreads="10">
  <mem-info id="615" free="197422064" total="289931264" percent="68">
    <mem type="nursery" free="68574336" total="88604672" percent="77">
      <mem type="allocate" free="68574336" total="76218368" percent="89" />
      <mem type="survivor" free="0" total="12386304" percent="0" />
    </mem>
    <mem type="tenure" free="128847728" total="201326592" percent="63" macro-fragmented="100663296">
      <mem type="soa" free="118780784" total="191259648" percent="62" />
      <mem type="loa" free="10066944" total="10066944" percent="100" />
    </mem>
    <pending-finalizers system="0" default="17" reference="1213" classloader="0" />
    <remembered-set count="5010" />
  </mem-info>
</gc-end>
<cycle-end id="616" type="scavenge" contextid="610" timestamp="2026-09-06T07:49:11.675" />
<allocation-satisfied id="617" threadId="00000000016BE900" bytesRequested="8200" />
<af-end id="618" timestamp="2026-09-06T07:49:11.676" threadId="00000000016BF3C0" success="true" from="nursery"/>
<exclusive-end id="619" timestamp="2026-09-06T07:49:11.676" durationms="5.477" />

<exclusive-start id="620" timestamp="2026-09-06T07:49:11.721" intervalms="50.745">
  <response-info timems="0.066" idlems="0.054" threads="2" lastid="00000000016ACA00" lastname="Build operations Thread 8" />
</exclusive-start>
<af-start id="621" threadId="00000000015FC8C0" totalBytesRequested="4104" timestamp="2026-09-06T07:49:11.721" intervalms="50.753" type="nursery" />
<cycle-start id="622" type="scavenge" contextid="0" timestamp="2026-09-06T07:49:11.721" intervalms="50.746" />
<gc-start id="623" type="scavenge" contextid="622" timestamp="2026-09-06T07:49:11.721">
  <mem-info id="624" free="128847728" total="289931264" percent="44">
    <mem type="nursery" free="0" total="88604672" percent="0">
      <mem type="allocate" free="0" total="76218368" percent="0" />
      <mem type="survivor" free="0" total="12386304" percent="0" />
    </mem>
    <mem type="tenure" free="128847728" total="201326592" percent="63">
      <mem type="soa" free="118780784" total="191259648" percent="62" />
      <mem type="loa" free="10066944" total="10066944" percent="100" />
    </mem>
    <remembered-set count="5061" />
  </mem-info>
</gc-start>
<allocation-stats totalBytes="68457976" discardedBytes="116360" >
  <allocated-bytes non-tlh="1464024" tlh="66993952" />
  <largest-consumer threadName="Cache worker for Java compile cache (/gradle/caches/9.5.0/javaCompile)" threadId="00000000015FBE00" bytes="10841376" />
</allocation-stats>
<gc-op id="625" type="scavenge" timems="3.958" contextid="622" timestamp="2026-09-06T07:49:11.725">
  <scavenger-info tenureage="3" tenuremask="4008" tiltratio="86" />
  <memory-copied type="nursery" objects="155904" bytes="7208896" bytesdiscarded="161768" />
  <memory-copied type="tenure" objects="41556" bytes="1671072" bytesdiscarded="144" />
  <finalization candidates="22" enqueued="15" />
  <ownableSynchronizers candidates="22" cleared="0" />
  <references type="soft" candidates="43" cleared="0" enqueued="0" dynamicThreshold="32" maxThreshold="32" />
  <references type="weak" candidates="4293" cleared="0" enqueued="0" />
  <references type="phantom" candidates="1076" cleared="1059" enqueued="1059" />
  <object-monitors candidates="37" cleared="0"  />
</gc-op>
<heap-resize id="626" type="expand" space="nursery" amount="4456448" count="1" timems="0.027" reason="excessive time being spent scavenging" timestamp="2026-09-06T07:49:11.726" />
<gc-end id="627" type="scavenge" contextid="622" durationms="4.292" usertimems="27.390" systemtimems="1.110" stalltimems="9.429" timestamp="2026-09-06T07:49:11.726" activeThreads="10">
  <mem-info id="628" free="200591200" total="294387712" percent="68">
    <mem type="nursery" free="73500056" total="93061120" percent="78">
      <mem type="allocate" free="73500056" total="80871424" percent="90" />
      <mem type="survivor" free="0" total="12189696" percent="0" />
    </mem>
    <mem type="tenure" free="127091144" total="201326592" percent="63" macro-fragmented="83886080">
      <mem type="soa" free="117024200" total="191259648" percent="61" />
      <mem type="loa" free="10066944" total="10066944" percent="100" />
    </mem>
    <pending-finalizers system="0" default="15" reference="1059" classloader="0" />
    <remembered-set count="2012" />
  </mem-info>
</gc-end>
<cycle-end id="629" type="scavenge" contextid="622" timestamp="2026-09-06T07:49:11.726" />
<allocation-satisfied id="630" threadId="00000000015FBE00" bytesRequested="4104" />
<af-end id="631" timestamp="2026-09-06T07:49:11.726" threadId="00000000015FC8C0" success="true" from="nursery"/>
<exclusive-end id="632" timestamp="2026-09-06T07:49:11.726" durationms="5.188" />

<exclusive-start id="633" timestamp="2026-09-06T07:49:11.788" intervalms="67.356">
  <response-info timems="0.050" idlems="0.033" threads="1" lastid="00000000016A1300" lastname="Build operations Thread 5" />
</exclusive-start>
<af-start id="634" threadId="00000000016A5AC0" totalBytesRequested="8200" timestamp="2026-09-06T07:49:11.788" intervalms="67.343" type="nursery" />
<cycle-start id="635" type="scavenge" contextid="0" timestamp="2026-09-06T07:49:11.788" intervalms="67.340" />
<gc-start id="636" type="scavenge" contextid="635" timestamp="2026-09-06T07:49:11.789">
  <mem-info id="637" free="127091144" total="294387712" percent="43">
    <mem type="nursery" free="0" total="93061120" percent="0">
      <mem type="allocate" free="0" total="80871424" percent="0" />
      <mem type="survivor" free="0" total="12189696" percent="0" />
    </mem>
    <mem type="tenure" free="127091144" total="201326592" percent="63">
      <mem type="soa" free="117024200" total="191259648" percent="61" />
      <mem type="loa" free="10066944" total="10066944" percent="100" />
    </mem>
    <remembered-set count="2041" />
  </mem-info>
</gc-start>
<allocation-stats totalBytes="73344696" discardedBytes="155360" >
  <allocated-bytes non-tlh="551504" tlh="72793192" />
  <largest-consumer threadName="Build operations Thread 2" threadId="00000000014CB000" bytes="16585392" />
</allocation-stats>
<gc-op id="638" type="scavenge" timems="3.266" contextid="635" timestamp="2026-09-06T07:49:11.792">
  <scavenger-info tenureage="3" tenuremask="4008" tiltratio="86" />
  <memory-copied type="nursery" objects="91701" bytes="3242304" bytesdiscarded="289648" />
  <memory-copied type="tenure" objects="68401" bytes="2980752" bytesdiscarded="1080" />
  <finalization candidates="7" enqueued="2" />
  <ownableSynchronizers candidates="3" cleared="0" />
  <references type="weak" candidates="4003" cleared="0" enqueued="0" />
  <references type="phantom" candidates="1043" cleared="1037" enqueued="1037" />
  <object-monitors candidates="37" cleared="0"  />
</gc-op>
<gc-end id="639" type="scavenge" contextid="635" durationms="3.517" usertimems="19.224" systemtimems="3.374" stalltimems="8.129" timestamp="2026-09-06T07:49:11.792" activeThreads="10">
  <mem-info id="640" free="202727352" total="294387712" percent="68">
    <mem type="nursery" free="78584560" total="93061120" percent="84">
      <mem type="allocate" free="78584560" total="82116608" percent="95" />
      <mem type="survivor" free="0" total="10944512" percent="0" />
    </mem>
    <mem type="tenure" free="124142792" total="201326592" percent="61" macro-fragmented="83886080">
      <mem type="soa" free="114075848" total="191259648" percent="59" />
      <mem type="loa" free="10066944" total="10066944" percent="100" />
    </mem>
    <pending-finalizers system="0" default="2" reference="1037" classloader="0" />
    <remembered-set count="3440" />
  </mem-info>
</gc-end>
<cycle-end id="641" type="scavenge" contextid="635" timestamp="2026-09-06T07:49:11.792" />
<allocation-satisfied id="642" threadId="00000000016A5000" bytesRequested="8200" />
<af-end id="643" timestamp="2026-09-06T07:49:11.793" threadId="00000000016A5AC0" success="true" from="nursery"/>
<exclusive-end id="644" timestamp="2026-09-06T07:49:11.793" durationms="4.426" />

<exclusive-start id="645" timestamp="2026-09-06T07:49:11.856" intervalms="68.060">
  <response-info timems="0.028" idlems="0.028" threads="0" lastid="00000000015FBE00" lastname="Cache worker for Java compile cache (/gradle/caches/9.5.0/javaC" />
</exclusive-start>
<af-start id="646" threadId="00000000015FC8C0" totalBytesRequested="4104" timestamp="2026-09-06T07:49:11.856" intervalms="68.068" type="nursery" />
<cycle-start id="647" type="scavenge" contextid="0" timestamp="2026-09-06T07:49:11.856" intervalms="68.069" />
<gc-start id="648" type="scavenge" contextid="647" timestamp="2026-09-06T07:49:11.857">
  <mem-info id="649" free="124142520" total="294387712" percent="42">
    <mem type="nursery" free="0" total="93061120" percent="0">
      <mem type="allocate" free="0" total="82116608" percent="0" />
      <mem type="survivor" free="0" total="10944512" percent="0" />
    </mem>
    <mem type="tenure" free="124142520" total="201326592" percent="61">
      <mem type="soa" free="114075576" total="191259648" percent="59" />
      <mem type="loa" free="10066944" total="10066944" percent="100" />
    </mem>
    <remembered-set count="3553" />
  </mem-info>
</gc-start>
<allocation-stats totalBytes="78478272" discardedBytes="106560" >
  <allocated-bytes non-tlh="8472" tlh="78469800" />
  <largest-consumer threadName="Build operations Thread 6" threadId="00000000016A5000" bytes="21316704" />
</allocation-stats>
<gc-op id="650" type="scavenge" timems="2.636" contextid="647" timestamp="2026-09-06T07:49:11.860">
  <scavenger-info tenureage="14" tenuremask="4000" tiltratio="88" />
  <memory-copied type="nursery" objects="113244" bytes="3880904" bytesdiscarded="163384" />
  <finalization candidates="2" enqueued="1" />
  <references type="weak" candidates="5027" cleared="0" enqueued="0" />
  <references type="phantom" candidates="1270" cleared="1267" enqueued="1267" />
  <object-monitors candidates="37" cleared="0"  />
</gc-op>
<gc-end id="651" type="scavenge" contextid="647" durationms="2.844" usertimems="17.411" systemtimems="0.000" stalltimems="8.907" timestamp="2026-09-06T07:49:11.860" activeThreads="10">
  <mem-info id="652" free="203394448" total="294387712" percent="69">
    <mem type="nursery" free="79251928" total="93061120" percent="85">
      <mem type="allocate" free="79251928" total="83296256" percent="95" />
      <mem type="survivor" free="0" total="9764864" percent="0" />
    </mem>
    <mem type="tenure" free="124142520" total="201326592" percent="61" macro-fragmented="100663296">
      <mem type="soa" free="114075576" total="191259648" percent="59" />
      <mem type="loa" free="10066944" total="10066944" percent="100" />
    </mem>
    <pending-finalizers system="0" default="1" reference="1267" classloader="0" />
    <remembered-set count="3462" />
  </mem-info>
</gc-end>
<cycle-end id="653" type="scavenge" contextid="647" timestamp="2026-09-06T07:49:11.860" />
<allocation-satisfied id="654" threadId="00000000015FBE00" bytesRequested="4104" />
<af-end id="655" timestamp="2026-09-06T07:49:11.860" threadId="00000000015FC8C0" success="true" from="nursery"/>
<exclusive-end id="656" timestamp="2026-09-06T07:49:11.860" durationms="3.719" />

<exclusive-start id="657" timestamp="2026-09-06T07:49:11.986" intervalms="129.914">
  <response-info timems="0.027" idlems="0.027" threads="0" lastid="00000000016A1300" lastname="Build operations Thread 5" />
</exclusive-start>
<af-start id="658" threadId="00000000016A1DC0" totalBytesRequested="8200" timestamp="2026-09-06T07:49:11.986" intervalms="129.919" type="nursery" />
<cycle-start id="659" type="scavenge" contextid="0" timestamp="2026-09-06T07:49:11.986" intervalms="129.924" />
<gc-start id="660" type="scavenge" contextid="659" timestamp="2026-09-06T07:49:11.987">
  <mem-info id="661" free="124142520" total="294387712" percent="42">
    <mem type="nursery" free="0" total="93061120" percent="0">
      <mem type="allocate" free="0" total="83296256" percent="0" />
      <mem type="survivor" free="0" total="9764864" percent="0" />
    </mem>
    <mem type="tenure" free="124142520" total="201326592" percent="61">
      <mem type="soa" free="114075576" total="191259648" percent="59" />
      <mem type="loa" free="10066944" total="10066944" percent="100" />
    </mem>
    <remembered-set count="3513" />
  </mem-info>
</gc-start>
<allocation-stats totalBytes="79137816" discardedBytes="114112" >
  <allocated-bytes non-tlh="4104" tlh="79133712" />
  <largest-consumer threadName="Build operations Thread 5" threadId="00000000016A1300" bytes="53371504" />
</allocation-stats>
<gc-op id="662" type="scavenge" timems="3.072" contextid="659" timestamp="2026-09-06T07:49:11.990">
  <scavenger-info tenureage="4" tenuremask="4010" tiltratio="89" />
  <memory-copied type="nursery" objects="91692" bytes="3104664" bytesdiscarded="527512" />
  <memory-copied type="tenure" objects="38818" bytes="1291616" bytesdiscarded="1232" />
  <finalization candidates="1" enqueued="1" />
  <references type="weak" candidates="5117" cleared="0" enqueued="0" />
  <references type="phantom" candidates="1250" cleared="1249" enqueued="1249" />
  <object-monitors candidates="37" cleared="0"  />
</gc-op>
<gc-end id="663" type="scavenge" contextid="659" durationms="3.288" usertimems="18.498" systemtimems="1.034" stalltimems="9.638" timestamp="2026-09-06T07:49:11.990" activeThreads="10">
  <mem-info id="664" free="203153288" total="294387712" percent="69">
    <mem type="nursery" free="80122832" total="93061120" percent="86">
      <mem type="allocate" free="80122832" total="83755008" percent="95" />
      <mem type="survivor" free="0" total="9306112" percent="0" />
    </mem>
    <mem type="tenure" free="123030456" total="201326592" percent="61" macro-fragmented="100663296">
      <mem type="soa" free="112963512" total="191259648" percent="59" />
      <mem type="loa" free="10066944" total="10066944" percent="100" />
    </mem>
    <pending-finalizers system="0" default="1" reference="1249" classloader="0" />
    <remembered-set count="2455" />
  </mem-info>
</gc-end>
<cycle-end id="665" type="scavenge" contextid="659" timestamp="2026-09-06T07:49:11.990" />
<allocation-satisfied id="666" threadId="00000000016A1300" bytesRequested="8200" />
<af-end id="667" timestamp="2026-09-06T07:49:11.990" threadId="00000000016A1DC0" success="true" from="nursery"/>
<exclusive-end id="668" timestamp="2026-09-06T07:49:11.990" durationms="4.177" />

<exclusive-start id="669" timestamp="2026-09-06T07:52:25.126" intervalms="193171.858">
  <response-info timems="0.164" idlems="0.164" threads="0" lastid="00000000001A7100" lastname="VM Runtime State Listener" />
</exclusive-start>
<sys-start reason="vm idle" id="670" timestamp="2026-09-06T07:52:25.130" intervalms="276542.437" />
<cycle-start id="671" type="global" contextid="0" timestamp="2026-09-06T07:52:25.131" intervalms="276544.351" />
<gc-start id="672" type="global" contextid="671" timestamp="2026-09-06T07:52:25.134">
  <mem-info id="673" free="176134464" total="294387712" percent="59">
    <mem type="nursery" free="53182384" total="93061120" percent="57">
      <mem type="allocate" free="53182384" total="83755008" percent="63" />
      <mem type="survivor" free="0" total="9306112" percent="0" />
    </mem>
    <mem type="tenure" free="122952080" total="201326592" percent="61">
      <mem type="soa" free="112885136" total="191259648" percent="59" />
      <mem type="loa" free="10066944" total="10066944" percent="100" />
    </mem>
    <remembered-set count="5521" />
  </mem-info>
</gc-start>
<allocation-stats totalBytes="26869880" discardedBytes="148944" >
  <allocated-bytes non-tlh="829000" tlh="26040880" />
  <largest-consumer threadName="Cache worker for Java compile cache (/gradle/caches/9.5.0/javaCompile)" threadId="00000000015FBE00" bytes="2940192" />
</allocation-stats>
<gc-op id="674" type="mark" timems="75.175" contextid="671" timestamp="2026-09-06T07:52:25.210">
  <trace-info objectcount="1277442" scancount="1100634" scanbytes="36733212" />
  <finalization candidates="1340" enqueued="241" />
  <ownableSynchronizers candidates="4843" cleared="366" />
  <references type="soft" candidates="26900" cleared="0" enqueued="0" dynamicThreshold="32" maxThreshold="32" />
  <references type="weak" candidates="27834" cleared="1675" enqueued="1655" />
  <references type="phantom" candidates="2335" cleared="252" enqueued="252" />
  <stringconstants candidates="53933" cleared="1692"  />
  <object-monitors candidates="38" cleared="10"  />
</gc-op>
<gc-op id="675" type="classunload" timems="4.895" contextid="671" timestamp="2026-09-06T07:52:25.216">
  <classunload-info classloadercandidates="25" classloadersunloaded="11" classesunloaded="9" anonymousclassesunloaded="1" quiescems="0.000" setupms="4.174" scanms="0.514" postms="0.206" />
</gc-op>
<gc-op id="676" type="sweep" timems="7.728" contextid="671" timestamp="2026-09-06T07:52:25.223" />
<gc-end id="677" type="global" contextid="671" durationms="109.193" usertimems="268.437" systemtimems="15.239" stalltimems="97.446" timestamp="2026-09-06T07:52:25.243" activeThreads="10">
  <mem-info id="678" free="217737280" total="294387712" percent="73">
    <mem type="nursery" free="79908248" total="93061120" percent="85">
      <mem type="allocate" free="79908248" total="83755008" percent="95" />
      <mem type="survivor" free="0" total="9306112" percent="0" />
    </mem>
    <mem type="tenure" free="137829032" total="201326592" percent="68" micro-fragmented="1496191" macro-fragmented="58720256">
      <mem type="soa" free="127762088" total="191259648" percent="66" />
      <mem type="loa" free="10066944" total="10066944" percent="100" />
    </mem>
    <pending-finalizers system="237" default="4" reference="1907" classloader="0" />
    <remembered-set count="3170" />
  </mem-info>
</gc-end>
<cycle-end id="679" type="global" contextid="671" timestamp="2026-09-06T07:52:25.243" />
<heap-fixup timems="9.889" reason="class unloading"  timestamp="2026-09-06T07:52:25.243" />
<sys-end id="680" timestamp="2026-09-06T07:52:25.244" />
<exclusive-end id="681" timestamp="2026-09-06T07:52:25.244" durationms="117.385" />

<heap-resize id="682" type="release free pages" space="tenure" amount="135069696" count="1" timems="1.022" reason="idle" timestamp="2026-09-06T07:52:25.245" />
<exclusive-start id="683" timestamp="2026-09-06T08:25:52.900" intervalms="2007748.318">
  <response-info timems="0.103" idlems="0.103" threads="0" lastid="00000000001A7100" lastname="VM Runtime State Listener" />
</exclusive-start>
<sys-start reason="vm idle" id="684" timestamp="2026-09-06T08:25:52.900" intervalms="2007745.898" />
<cycle-start id="685" type="global" contextid="0" timestamp="2026-09-06T08:25:52.901" intervalms="2007744.841" />
<gc-start id="686" type="global" contextid="685" timestamp="2026-09-06T08:25:52.904">
  <mem-info id="687" free="199500656" total="294387712" percent="67">
    <mem type="nursery" free="61673008" total="93061120" percent="66">
      <mem type="allocate" free="61673008" total="83755008" percent="73" />
      <mem type="survivor" free="0" total="9306112" percent="0" />
    </mem>
    <mem type="tenure" free="137827648" total="201326592" percent="68">
      <mem type="soa" free="127760704" total="191259648" percent="66" />
      <mem type="loa" free="10066944" total="10066944" percent="100" />
    </mem>
    <remembered-set count="4454" />
  </mem-info>
</gc-start>
<allocation-stats totalBytes="18162536" discardedBytes="52016" >
  <allocated-bytes non-tlh="1653216" tlh="16509320" />
  <largest-consumer threadName="Memory manager" threadId="00000000016DA800" bytes="9481864" />
</allocation-stats>
<gc-op id="688" type="mark" timems="39.216" contextid="685" timestamp="2026-09-06T08:25:52.944">
  <trace-info objectcount="1230065" scancount="1064732" scanbytes="35166312" />
  <finalization candidates="1101" enqueued="2" />
  <ownableSynchronizers candidates="4879" cleared="673" />
  <references type="soft" candidates="26900" cleared="0" enqueued="0" dynamicThreshold="21" maxThreshold="32" />
  <references type="weak" candidates="26162" cleared="0" enqueued="0" />
  <references type="phantom" candidates="2054" cleared="60" enqueued="60" />
  <stringconstants candidates="52245" cleared="0"  />
  <object-monitors candidates="28" cleared="0"  />
</gc-op>
<gc-op id="689" type="classunload" timems="0.158" contextid="685" timestamp="2026-09-06T08:25:52.944">
  <classunload-info classloadercandidates="14" classloadersunloaded="0" classesunloaded="0" anonymousclassesunloaded="0" quiescems="0.000" setupms="0.153" scanms="0.002" postms="0.003" />
</gc-op>
<gc-op id="690" type="sweep" timems="1.717" contextid="685" timestamp="2026-09-06T08:25:52.946" />
<mem-info id="691" free="221181296" total="294387712" percent="75">
  <mem type="nursery" free="79971144" total="93061120" percent="85">
    <mem type="allocate" free="79971144" total="83755008" percent="95" />
    <mem type="survivor" free="0" total="9306112" percent="0" />
  </mem>
  <mem type="tenure" free="141210152" total="201326592" percent="70" micro-fragmented="1492146" macro-fragmented="50331648">
    <mem type="soa" free="131143208" total="191259648" percent="68" />
    <mem type="loa" free="10066944" total="10066944" percent="100" />
  </mem>
  <pending-finalizers system="2" default="0" reference="60" classloader="0" />
  <remembered-set count="4271" />
</mem-info>
<gc-op id="692" type="compact" timems="63.638" contextid="685" timestamp="2026-09-06T08:25:53.010">
  <compact-info movecount="1222029" movebytes="61070232" reason="compact on aggressive collection" />
</gc-op>
<gc-end id="693" type="global" contextid="685" durationms="118.113" usertimems="658.389" systemtimems="11.772" stalltimems="108.901" timestamp="2026-09-06T08:25:53.022" activeThreads="10">
  <mem-info id="694" free="223748408" total="294387712" percent="76">
    <mem type="nursery" free="80758464" total="93061120" percent="86">
      <mem type="allocate" free="80758464" total="83755008" percent="96" />
      <mem type="survivor" free="0" total="9306112" percent="0" />
    </mem>
    <mem type="tenure" free="142989944" total="201326592" percent="71">
      <mem type="soa" free="132923000" total="191259648" percent="69" />
      <mem type="loa" free="10066944" total="10066944" percent="100" />
    </mem>
    <pending-finalizers system="2" default="0" reference="60" classloader="0" />
    <remembered-set count="4271" />
  </mem-info>
</gc-end>
<cycle-end id="695" type="global" contextid="685" timestamp="2026-09-06T08:25:53.023" />
<sys-end id="696" timestamp="2026-09-06T08:25:53.023" />
<exclusive-end id="697" timestamp="2026-09-06T08:25:53.023" durationms="123.068" />

<heap-resize id="698" type="release free pages" space="tenure" amount="142954496" count="1" timems="0.312" reason="idle" timestamp="2026-09-06T08:25:53.023" />
<exclusive-start id="699" timestamp="2026-09-06T10:32:24.339" intervalms="7591315.980">
  <response-info timems="0.027" idlems="0.027" threads="0" lastid="0000000001944200" lastname="Daemon worker Thread 2" />
</exclusive-start>
<af-start id="700" threadId="0000000001944CC0" totalBytesRequested="32" timestamp="2026-09-06T10:32:24.340" intervalms="9792236.531" type="nursery" />
<cycle-start id="701" type="scavenge" contextid="0" timestamp="2026-09-06T10:32:24.340" intervalms="9792236.832" />
<gc-start id="702" type="scavenge" contextid="701" timestamp="2026-09-06T10:32:24.342">
  <mem-info id="703" free="142986520" total="294387712" percent="48">
    <mem type="nursery" free="0" total="93061120" percent="0">
      <mem type="allocate" free="0" total="83755008" percent="0" />
      <mem type="survivor" free="0" total="9306112" percent="0" />
    </mem>
    <mem type="tenure" free="142986520" total="201326592" percent="71">
      <mem type="soa" free="132919576" total="191259648" percent="69" />
      <mem type="loa" free="10066944" total="10066944" percent="100" />
    </mem>
    <remembered-set count="4694" />
  </mem-info>
</gc-start>
<allocation-stats totalBytes="80602416" discardedBytes="158728" >
  <allocated-bytes non-tlh="64216" tlh="80538200" />
  <largest-consumer threadName="Memory manager" threadId="00000000016DA800" bytes="36296088" />
</allocation-stats>
<gc-op id="704" type="scavenge" timems="7.976" contextid="701" timestamp="2026-09-06T10:32:24.350">
  <scavenger-info tenureage="14" tenuremask="4000" tiltratio="90" />
  <memory-copied type="nursery" objects="152159" bytes="4951136" bytesdiscarded="354680" />
  <finalization candidates="15" enqueued="15" />
  <ownableSynchronizers candidates="10662" cleared="10270" />
  <references type="soft" candidates="19" cleared="0" enqueued="0" dynamicThreshold="22" maxThreshold="32" />
  <references type="weak" candidates="5385" cleared="18" enqueued="18" />
  <references type="phantom" candidates="332" cleared="319" enqueued="319" />
  <object-monitors candidates="29" cleared="0"  />
</gc-op>
<gc-end id="705" type="scavenge" contextid="701" durationms="31.054" usertimems="32.571" systemtimems="7.018" stalltimems="14.634" timestamp="2026-09-06T10:32:24.373" activeThreads="10">
  <mem-info id="706" free="221423648" total="294387712" percent="75">
    <mem type="nursery" free="78437128" total="93061120" percent="84">
      <mem type="allocate" free="78437128" total="83755008" percent="93" />
      <mem type="survivor" free="0" total="9306112" percent="0" />
    </mem>
    <mem type="tenure" free="142986520" total="201326592" percent="71" macro-fragmented="117440512">
      <mem type="soa" free="132919576" total="191259648" percent="69" />
      <mem type="loa" free="10066944" total="10066944" percent="100" />
    </mem>
    <pending-finalizers system="15" default="0" reference="337" classloader="0" />
    <remembered-set count="3674" />
  </mem-info>
</gc-end>
<cycle-end id="707" type="scavenge" contextid="701" timestamp="2026-09-06T10:32:24.373" />
<allocation-satisfied id="708" threadId="0000000001944200" bytesRequested="32" />
<af-end id="709" timestamp="2026-09-06T10:32:24.375" threadId="0000000001944CC0" success="true" from="nursery"/>
<exclusive-end id="710" timestamp="2026-09-06T10:32:24.375" durationms="35.886" />

<exclusive-start id="711" timestamp="2026-09-06T10:32:33.163" intervalms="8823.675">
  <response-info timems="0.187" idlems="0.103" threads="1" lastid="0000000001486B00" lastname="Execution worker" />
</exclusive-start>
<af-start id="712" threadId="0000000001498FC0" totalBytesRequested="24" timestamp="2026-09-06T10:32:33.163" intervalms="8823.308" type="nursery" />
<cycle-start id="713" type="scavenge" contextid="0" timestamp="2026-09-06T10:32:33.163" intervalms="8822.996" />
<gc-start id="714" type="scavenge" contextid="713" timestamp="2026-09-06T10:32:33.163">
  <mem-info id="715" free="142970696" total="294387712" percent="48">
    <mem type="nursery" free="0" total="93061120" percent="0">
      <mem type="allocate" free="0" total="83755008" percent="0" />
      <mem type="survivor" free="0" total="9306112" percent="0" />
    </mem>
    <mem type="tenure" free="142970696" total="201326592" percent="71">
      <mem type="soa" free="132903752" total="191259648" percent="69" />
      <mem type="loa" free="10066944" total="10066944" percent="100" />
    </mem>
    <remembered-set count="4522" />
  </mem-info>
</gc-start>
<allocation-stats totalBytes="78312920" discardedBytes="140032" >
  <allocated-bytes non-tlh="1531936" tlh="76780984" />
  <largest-consumer threadName="Daemon worker Thread 2" threadId="0000000001944200" bytes="17459912" />
</allocation-stats>
<gc-op id="716" type="scavenge" timems="5.723" contextid="713" timestamp="2026-09-06T10:32:33.169">
  <scavenger-info tenureage="14" tenuremask="4000" tiltratio="90" />
  <memory-copied type="nursery" objects="193733" bytes="6995080" bytesdiscarded="323240" />
  <finalization candidates="120" enqueued="120" />
  <ownableSynchronizers candidates="1765" cleared="1379" />
  <references type="soft" candidates="24" cleared="0" enqueued="0" dynamicThreshold="22" maxThreshold="32" />
  <references type="weak" candidates="5815" cleared="142" enqueued="106" />
  <references type="phantom" candidates="5579" cleared="5558" enqueued="5558" />
  <object-monitors candidates="32" cleared="3"  />
</gc-op>
<gc-end id="717" type="scavenge" contextid="713" durationms="11.671" usertimems="28.328" systemtimems="2.603" stalltimems="15.720" timestamp="2026-09-06T10:32:33.175" activeThreads="10">
  <mem-info id="718" free="218736864" total="294387712" percent="74">
    <mem type="nursery" free="75766168" total="93061120" percent="81">
      <mem type="allocate" free="75766168" total="83099648" percent="91" />
      <mem type="survivor" free="0" total="9961472" percent="0" />
    </mem>
    <mem type="tenure" free="142970696" total="201326592" percent="71" macro-fragmented="25165824">
      <mem type="soa" free="132903752" total="191259648" percent="69" />
      <mem type="loa" free="10066944" total="10066944" percent="100" />
    </mem>
    <pending-finalizers system="75" default="45" reference="5664" classloader="0" />
    <remembered-set count="4189" />
  </mem-info>
</gc-end>
<cycle-end id="719" type="scavenge" contextid="713" timestamp="2026-09-06T10:32:33.175" />
<allocation-satisfied id="720" threadId="0000000001498500" bytesRequested="24" />
<af-end id="721" timestamp="2026-09-06T10:32:33.175" threadId="0000000001498FC0" success="true" from="nursery"/>
<exclusive-end id="722" timestamp="2026-09-06T10:32:33.175" durationms="12.546" />

<exclusive-start id="723" timestamp="2026-09-06T10:36:02.985" intervalms="209820.632">
  <response-info timems="0.057" idlems="0.057" threads="0" lastid="00000000001A7100" lastname="VM Runtime State Listener" />
</exclusive-start>
<sys-start reason="vm idle" id="724" timestamp="2026-09-06T10:36:02.988" intervalms="7809962.384" />
<cycle-start id="725" type="global" contextid="0" timestamp="2026-09-06T10:36:02.988" intervalms="7809961.756" />
<gc-start id="726" type="global" contextid="725" timestamp="2026-09-06T10:36:02.989">
  <mem-info id="727" free="170301752" total="294387712" percent="57">
    <mem type="nursery" free="27337152" total="93061120" percent="29">
      <mem type="allocate" free="27337152" total="83099648" percent="32" />
      <mem type="survivor" free="0" total="9961472" percent="0" />
    </mem>
    <mem type="tenure" free="142964600" total="201326592" percent="71">
      <mem type="soa" free="132897656" total="191259648" percent="69" />
      <mem type="loa" free="10066944" total="10066944" percent="100" />
    </mem>
    <remembered-set count="4475" />
  </mem-info>
</gc-start>
<allocation-stats totalBytes="48321832" discardedBytes="113280" >
  <allocated-bytes non-tlh="1449896" tlh="46871936" />
  <largest-consumer threadName="Memory manager" threadId="00000000016DA800" bytes="1159808" />
</allocation-stats>
<gc-op id="728" type="mark" timems="27.721" contextid="725" timestamp="2026-09-06T10:36:03.017">
  <trace-info objectcount="1200365" scancount="1042334" scanbytes="34562876" />
  <finalization candidates="1150" enqueued="52" />
  <ownableSynchronizers candidates="5130" cleared="880" />
  <references type="soft" candidates="26906" cleared="0" enqueued="0" dynamicThreshold="22" maxThreshold="32" />
  <references type="weak" candidates="26323" cleared="96" enqueued="81" />
  <references type="phantom" candidates="2409" cleared="415" enqueued="415" />
  <stringconstants candidates="52333" cleared="62"  />
  <object-monitors candidates="30" cleared="3"  />
</gc-op>
<gc-op id="729" type="classunload" timems="2.972" contextid="725" timestamp="2026-09-06T10:36:03.020">
  <classunload-info classloadercandidates="18" classloadersunloaded="4" classesunloaded="4" anonymousclassesunloaded="4" quiescems="0.000" setupms="2.891" scanms="0.075" postms="0.004" />
</gc-op>
<gc-op id="730" type="sweep" timems="1.003" contextid="725" timestamp="2026-09-06T10:36:03.021" />
<gc-end id="731" type="global" contextid="725" durationms="37.436" usertimems="219.514" systemtimems="4.731" stalltimems="81.274" timestamp="2026-09-06T10:36:03.026" activeThreads="10">
  <mem-info id="732" free="220576512" total="294387712" percent="74">
    <mem type="nursery" free="74299208" total="93061120" percent="79">
      <mem type="allocate" free="74299208" total="83099648" percent="89" />
      <mem type="survivor" free="0" total="9961472" percent="0" />
    </mem>
    <mem type="tenure" free="146277304" total="201326592" percent="72" micro-fragmented="549882" macro-fragmented="67108864">
      <mem type="soa" free="136210360" total="191259648" percent="71" />
      <mem type="loa" free="10066944" total="10066944" percent="100" />
    </mem>
    <pending-finalizers system="6" default="46" reference="496" classloader="0" />
    <remembered-set count="2760" />
  </mem-info>
</gc-end>
<cycle-end id="733" type="global" contextid="725" timestamp="2026-09-06T10:36:03.027" />
<heap-fixup timems="4.429" reason="class unloading"  timestamp="2026-09-06T10:36:03.027" />
<sys-end id="734" timestamp="2026-09-06T10:36:03.027" />
<exclusive-end id="735" timestamp="2026-09-06T10:36:03.027" durationms="41.715" />

<heap-resize id="736" type="release free pages" space="tenure" amount="144642048" count="1" timems="0.586" reason="idle" timestamp="2026-09-06T10:36:03.027" />
<exclusive-start id="737" timestamp="2026-09-06T10:44:18.760" intervalms="495776.349">
  <response-info timems="0.373" idlems="0.373" threads="0" lastid="00000000001A7100" lastname="VM Runtime State Listener" />
</exclusive-start>
<sys-start reason="vm idle" id="738" timestamp="2026-09-06T10:44:18.763" intervalms="495776.616" />
<cycle-start id="739" type="global" contextid="0" timestamp="2026-09-06T10:44:18.765" intervalms="495777.628" />
<gc-start id="740" type="global" contextid="739" timestamp="2026-09-06T10:44:18.769">
  <mem-info id="741" free="147782640" total="294387712" percent="50">
    <mem type="nursery" free="1511928" total="93061120" percent="1">
      <mem type="allocate" free="1511928" total="83099648" percent="1" />
      <mem type="survivor" free="0" total="9961472" percent="0" />
    </mem>
    <mem type="tenure" free="146270712" total="201326592" percent="72">
      <mem type="soa" free="136203768" total="191259648" percent="71" />
      <mem type="loa" free="10066944" total="10066944" percent="100" />
    </mem>
    <remembered-set count="3003" />
  </mem-info>
</gc-start>
<allocation-stats totalBytes="72389648" discardedBytes="400376" >
  <allocated-bytes non-tlh="2968784" tlh="69420864" />
  <largest-consumer threadName="Memory manager" threadId="00000000016DA800" bytes="2726144" />
</allocation-stats>
<gc-op id="742" type="mark" timems="41.246" contextid="739" timestamp="2026-09-06T10:44:18.810">
  <trace-info objectcount="1203327" scancount="1045929" scanbytes="34655544" />
  <finalization candidates="1148" enqueued="50" />
  <ownableSynchronizers candidates="5655" cleared="1566" />
  <references type="soft" candidates="26906" cleared="0" enqueued="0" dynamicThreshold="23" maxThreshold="32" />
  <references type="weak" candidates="26326" cleared="93" enqueued="80" />
  <references type="phantom" candidates="5116" cleared="3176" enqueued="3176" />
  <stringconstants candidates="52318" cleared="47"  />
  <object-monitors candidates="29" cleared="2"  />
</gc-op>
<gc-op id="743" type="classunload" timems="0.624" contextid="739" timestamp="2026-09-06T10:44:18.811">
  <classunload-info classloadercandidates="16" classloadersunloaded="2" classesunloaded="0" anonymousclassesunloaded="0" quiescems="0.000" setupms="0.448" scanms="0.069" postms="0.105" />
</gc-op>
<gc-op id="744" type="sweep" timems="2.333" contextid="739" timestamp="2026-09-06T10:44:18.813" />
<mem-info id="745" free="217222872" total="294387712" percent="73">
  <mem type="nursery" free="70163856" total="93061120" percent="75">
    <mem type="allocate" free="70163856" total="83099648" percent="84" />
    <mem type="survivor" free="0" total="9961472" percent="0" />
  </mem>
  <mem type="tenure" free="147059016" total="201326592" percent="73" micro-fragmented="539353" macro-fragmented="83886080">
    <mem type="soa" free="136992072" total="191259648" percent="71" />
    <mem type="loa" free="10066944" total="10066944" percent="100" />
  </mem>
  <pending-finalizers system="5" default="45" reference="3256" classloader="0" />
  <remembered-set count="2826" />
</mem-info>
<gc-op id="746" type="compact" timems="45.664" contextid="739" timestamp="2026-09-06T10:44:18.859">
  <compact-info movecount="1094777" movebytes="54185032" reason="compact on aggressive collection" />
</gc-op>
<gc-end id="747" type="global" contextid="739" durationms="128.116" usertimems="647.614" systemtimems="9.666" stalltimems="116.872" timestamp="2026-09-06T10:44:18.897" activeThreads="10">
  <mem-info id="748" free="223759160" total="294387712" percent="76">
    <mem type="nursery" free="76108560" total="93061120" percent="81">
      <mem type="allocate" free="76108560" total="83099648" percent="91" />
      <mem type="survivor" free="0" total="9961472" percent="0" />
    </mem>
    <mem type="tenure" free="147650600" total="201326592" percent="73">
      <mem type="soa" free="137583656" total="191259648" percent="71" />
      <mem type="loa" free="10066944" total="10066944" percent="100" />
    </mem>
    <pending-finalizers system="5" default="45" reference="3256" classloader="0" />
    <remembered-set count="2826" />
  </mem-info>
</gc-end>
<cycle-end id="749" type="global" contextid="739" timestamp="2026-09-06T10:44:18.897" />
<sys-end id="750" timestamp="2026-09-06T10:44:18.897" />
<exclusive-end id="751" timestamp="2026-09-06T10:44:18.897" durationms="136.661" />

<heap-resize id="752" type="release free pages" space="tenure" amount="147619840" count="1" timems="0.069" reason="idle" timestamp="2026-09-06T10:44:18.897" />
<exclusive-start id="753" timestamp="2026-09-06T10:55:12.896" intervalms="654133.518">
  <response-info timems="0.080" idlems="0.080" threads="0" lastid="0000000000362B00" lastname="Daemon worker Thread 5" />
</exclusive-start>
<af-start id="754" threadId="00000000003635C0" totalBytesRequested="4104" timestamp="2026-09-06T10:55:12.896" intervalms="1359730.581" type="nursery" />
<cycle-start id="755" type="scavenge" contextid="0" timestamp="2026-09-06T10:55:12.896" intervalms="1359730.761" />
<gc-start id="756" type="scavenge" contextid="755" timestamp="2026-09-06T10:55:12.897">
  <mem-info id="757" free="147642040" total="294387712" percent="50">
    <mem type="nursery" free="0" total="93061120" percent="0">
      <mem type="allocate" free="0" total="83099648" percent="0" />
      <mem type="survivor" free="0" total="9961472" percent="0" />
    </mem>
    <mem type="tenure" free="147642040" total="201326592" percent="73">
      <mem type="soa" free="137575096" total="191259648" percent="71" />
      <mem type="loa" free="10066944" total="10066944" percent="100" />
    </mem>
    <remembered-set count="3038" />
  </mem-info>
</gc-start>
<allocation-stats totalBytes="75890968" discardedBytes="225416" >
  <allocated-bytes non-tlh="1130936" tlh="74760032" />
  <largest-consumer threadName="Memory manager" threadId="00000000016DA800" bytes="3266176" />
</allocation-stats>
<gc-op id="758" type="scavenge" timems="6.221" contextid="755" timestamp="2026-09-06T10:55:12.903">
  <scavenger-info tenureage="14" tenuremask="4000" tiltratio="89" />
  <memory-copied type="nursery" objects="125715" bytes="5105408" bytesdiscarded="207984" />
  <finalization candidates="48" enqueued="48" />
  <ownableSynchronizers candidates="9944" cleared="9601" />
  <references type="soft" candidates="24" cleared="0" enqueued="0" dynamicThreshold="23" maxThreshold="32" />
  <references type="weak" candidates="5714" cleared="111" enqueued="91" />
  <references type="phantom" candidates="3187" cleared="3175" enqueued="3175" />
  <object-monitors candidates="29" cleared="3"  />
</gc-op>
<gc-end id="759" type="scavenge" contextid="755" durationms="15.563" usertimems="26.027" systemtimems="3.118" stalltimems="29.813" timestamp="2026-09-06T10:55:12.912" activeThreads="10">
  <mem-info id="760" free="225817760" total="294387712" percent="76">
    <mem type="nursery" free="78175720" total="93061120" percent="84">
      <mem type="allocate" free="78175720" total="83492864" percent="93" />
      <mem type="survivor" free="0" total="9568256" percent="0" />
    </mem>
    <mem type="tenure" free="147642040" total="201326592" percent="73" macro-fragmented="117440512">
      <mem type="soa" free="137575096" total="191259648" percent="71" />
      <mem type="loa" free="10066944" total="10066944" percent="100" />
    </mem>
    <pending-finalizers system="3" default="45" reference="3266" classloader="0" />
    <remembered-set count="2395" />
  </mem-info>
</gc-end>
<cycle-end id="761" type="scavenge" contextid="755" timestamp="2026-09-06T10:55:12.913" />
<allocation-satisfied id="762" threadId="0000000000362B00" bytesRequested="4104" />
<af-end id="763" timestamp="2026-09-06T10:55:12.913" threadId="00000000003635C0" success="true" from="nursery"/>
<exclusive-end id="764" timestamp="2026-09-06T10:55:12.913" durationms="17.116" />

<exclusive-start id="765" timestamp="2026-09-06T10:59:46.584" intervalms="273714.425">
  <response-info timems="0.129" idlems="0.129" threads="0" lastid="00000000001A7100" lastname="VM Runtime State Listener" />
</exclusive-start>
<sys-start reason="vm idle" id="766" timestamp="2026-09-06T10:59:46.587" intervalms="927847.622" />
<cycle-start id="767" type="global" contextid="0" timestamp="2026-09-06T10:59:46.587" intervalms="927846.665" />
<gc-start id="768" type="global" contextid="767" timestamp="2026-09-06T10:59:46.588">
  <mem-info id="769" free="158905024" total="294387712" percent="53">
    <mem type="nursery" free="11270464" total="93061120" percent="12">
      <mem type="allocate" free="11270464" total="83492864" percent="13" />
      <mem type="survivor" free="0" total="9568256" percent="0" />
    </mem>
    <mem type="tenure" free="147634560" total="201326592" percent="73">
      <mem type="soa" free="137567616" total="191259648" percent="71" />
      <mem type="loa" free="10066944" total="10066944" percent="100" />
    </mem>
    <remembered-set count="2741" />
  </mem-info>
</gc-start>
<allocation-stats totalBytes="66773184" discardedBytes="139552" >
  <allocated-bytes non-tlh="1073632" tlh="65699552" />
  <largest-consumer threadName="Cache worker for journal cache (/gradle/caches/journal-1)" threadId="00000000006BC000" bytes="2054656" />
</allocation-stats>
<gc-op id="770" type="mark" timems="31.916" contextid="767" timestamp="2026-09-06T10:59:46.620">
  <trace-info objectcount="1203766" scancount="1046304" scanbytes="34672100" />
  <finalization candidates="1155" enqueued="57" />
  <ownableSynchronizers candidates="5130" cleared="1031" />
  <references type="soft" candidates="26906" cleared="0" enqueued="0" dynamicThreshold="23" maxThreshold="32" />
  <references type="weak" candidates="26326" cleared="89" enqueued="83" />
  <references type="phantom" candidates="5054" cleared="3114" enqueued="3114" />
  <stringconstants candidates="52333" cleared="62"  />
  <object-monitors candidates="28" cleared="1"  />
</gc-op>
<gc-op id="771" type="classunload" timems="0.175" contextid="767" timestamp="2026-09-06T10:59:46.621">
  <classunload-info classloadercandidates="18" classloadersunloaded="4" classesunloaded="0" anonymousclassesunloaded="0" quiescems="0.000" setupms="0.132" scanms="0.036" postms="0.006" />
</gc-op>
<gc-op id="772" type="sweep" timems="1.005" contextid="767" timestamp="2026-09-06T10:59:46.622" />
<gc-end id="773" type="global" contextid="767" durationms="51.966" usertimems="179.328" systemtimems="11.413" stalltimems="93.666" timestamp="2026-09-06T10:59:46.640" activeThreads="10">
  <mem-info id="774" free="219060288" total="294387712" percent="74">
    <mem type="nursery" free="71409832" total="93061120" percent="76">
      <mem type="allocate" free="71409832" total="83492864" percent="85" />
      <mem type="survivor" free="0" total="9568256" percent="0" />
    </mem>
    <mem type="tenure" free="147650456" total="201326592" percent="73" micro-fragmented="0" macro-fragmented="117440512">
      <mem type="soa" free="137583512" total="191259648" percent="71" />
      <mem type="loa" free="10066944" total="10066944" percent="100" />
    </mem>
    <pending-finalizers system="12" default="45" reference="3197" classloader="0" />
    <remembered-set count="2420" />
  </mem-info>
</gc-end>
<cycle-end id="775" type="global" contextid="767" timestamp="2026-09-06T10:59:46.640" />
<sys-end id="776" timestamp="2026-09-06T10:59:46.640" />
<exclusive-end id="777" timestamp="2026-09-06T10:59:46.640" durationms="56.301" />

<heap-resize id="778" type="release free pages" space="tenure" amount="147615744" count="1" timems="0.061" reason="idle" timestamp="2026-09-06T10:59:46.640" />
