<?xml version="1.0" ?>

<verbosegc xmlns="http://www.ibm.com/j9/verbosegc" version="6426f03fa_CMPRSS">

<initialized id="1" timestamp="2026-09-06T11:02:42.471">
  <attribute name="gcPolicy" value="-Xgcpolicy:gencon" />
  <attribute name="maxHeapSize" value="0x20000000" />
  <attribute name="initialHeapSize" value="0x10000000" />
  <attribute name="compressedRefs" value="true" />
  <attribute name="compressedRefsDisplacement" value="0x0" />
  <attribute name="compressedRefsShift" value="0x3" />
  <attribute name="pageSize" value="0x1000" />
  <attribute name="pageType" value="not used" />
  <attribute name="requestedPageSize" value="0x1000" />
  <attribute name="requestedPageType" value="not used" />
  <attribute name="gcthreads" value="10" />
  <attribute name="gcthreads Concurrent Mark" value="1" />
  <attribute name="packetListSplit" value="2" />
  <attribute name="cacheListSplit" value="2" />
  <attribute name="splitFreeListSplitAmount" value="2" />
  <attribute name="numaNodes" value="0" />
  <system>
    <attribute name="physicalMemory" value="8319504384" />
    <attribute name="addressablePhysicalMemory" value="8319504384" />
    <attribute name="container memory limit set" value="false" />
    <attribute name="numCPUs" value="10" />
    <attribute name="numCPUs active" value="10" />
    <attribute name="architecture" value="amd64" />
    <attribute name="os" value="Linux" />
    <attribute name="osVersion" value="7.0.12-linuxkit" />
  </system>
  <vmargs>
    <vmarg name="-Xoptionsfile=/opt/java/openjdk/lib/options.default" />
    <vmarg name="-Xlockword:mode=default,noLockword=java/lang/String,noLockword=java/util/MapEntry,noLockword=java/util/HashMap$Entry,noLockword..." />
    <vmarg name="-XX:+EnsureHashed:java/lang/Class,java/lang/Thread" />
    <vmarg name="-Dcom.ibm.oti.vm.bootstrap.library.path=/opt/java/openjdk/lib/default:/opt/java/openjdk/lib" />
    <vmarg name="-Dsun.boot.library.path=/opt/java/openjdk/lib/default:/opt/java/openjdk/lib" />
    <vmarg name="-Djava.library.path=/opt/java/openjdk/lib/default:/opt/java/openjdk/lib:/usr/lib64:/usr/lib" />
    <vmarg name="-Djava.home=/opt/java/openjdk" />
    <vmarg name="-Duser.dir=/gradle/daemon/9.5.0" />
    <vmarg name="-XX:+IgnoreUnrecognizedVMOptions" />
    <vmarg name="-XX:+PortableSharedCache" />
    <vmarg name="-XX:+IdleTuningGcOnIdle" />
    <vmarg name="-Xshareclasses:name=openj9_system_scc,cacheDir=/opt/java/.scc,readonly,nonFatal" />
    <vmarg name="-Xverbosegclog:/liberty/logs/verbosegc.%seq.log,10,1024" />
    <vmarg name="-Djdk.nativePBKDF2=true" />
    <vmarg name="-XX:+IgnoreUnrecognizedVMOptions" />
    <vmarg name="-XX:+IdleTuningGcOnIdle" />
    <vmarg name="-Xshareclasses:name=openj9_system_scc,cacheDir=/opt/java/.scc,readonly,nonFatal" />
    <vmarg name="-Dosgi.checkConfiguration=false" />
    <vmarg name="-Djdk.nativePBKDF2=true" />
    <vmarg name="-XX:+IgnoreUnrecognizedVMOptions" />
    <vmarg name="-XX:+IdleTuningGcOnIdle" />
    <vmarg name="-Xshareclasses:name=openj9_system_scc,cacheDir=/opt/java/.scc,readonly,nonFatal" />
    <vmarg name="-Dosgi.checkConfiguration=false" />
    <vmarg name="--add-opens=java.base/java.lang=ALL-UNNAMED" />
    <vmarg name="--add-opens=java.base/java.lang.invoke=ALL-UNNAMED" />
    <vmarg name="--add-opens=java.base/java.util=ALL-UNNAMED" />
    <vmarg name="--add-opens=java.prefs/java.util.prefs=ALL-UNNAMED" />
    <vmarg name="--add-exports=jdk.compiler/com.sun.tools.javac.api=ALL-UNNAMED" />
    <vmarg name="--add-exports=jdk.compiler/com.sun.tools.javac.util=ALL-UNNAMED" />
    <vmarg name="--add-opens=java.base/java.nio.charset=ALL-UNNAMED" />
    <vmarg name="--add-opens=java.base/java.net=ALL-UNNAMED" />
    <vmarg name="--add-opens=java.base/java.util.concurrent=ALL-UNNAMED" />
    <vmarg name="--add-opens=java.base/java.util.concurrent.atomic=ALL-UNNAMED" />
    <vmarg name="--add-opens=java.xml/javax.xml.namespace=ALL-UNNAMED" />
    <vmarg name="--add-opens=java.base/java.time=ALL-UNNAMED" />
    <vmarg name="--enable-native-access=ALL-UNNAMED" />
    <vmarg name="-XX:MaxMetaspaceSize=384m" />
    <vmarg name="-XX:+HeapDumpOnOutOfMemoryError" />
    <vmarg name="-Xms256m" />
    <vmarg name="-Xmx512m" />
    <vmarg name="-Dfile.encoding=UTF-8" />
    <vmarg name="-Duser.country=US" />
    <vmarg name="-Duser.language=en" />
    <vmarg name="-Duser.variant" />
    <vmarg name="-Djava.class.path=/opt/gradle/lib/gradle-daemon-main-9.5.0.jar" />
    <vmarg name="-javaagent:/opt/gradle/lib/agents/gradle-instrumentation-agent-9.5.0.jar" />
    <vmarg name="-Dsun.java.command=org.gradle.launcher.daemon.bootstrap.GradleDaemon 9.5.0" />
    <vmarg name="-Dsun.java.launcher=SUN_STANDARD" />
  </vmargs>
</initialized>

<exclusive-start id="2" timestamp="2026-09-06T11:02:43.256" intervalms="784.735">
  <response-info timems="0.015" idlems="0.015" threads="0" lastid="0000000000019700" lastname="main" />
</exclusive-start>
<af-start id="3" threadId="000000000001A1C0" totalBytesRequested="1032" timestamp="2026-09-06T11:02:43.256" intervalms="785.224" type="nursery" />
<cycle-start id="4" type="scavenge" contextid="0" timestamp="2026-09-06T11:02:43.257" intervalms="786.112" />
<gc-start id="5" type="scavenge" contextid="4" timestamp="2026-09-06T11:02:43.258">
  <mem-info id="6" free="200735616" total="268435456" percent="74">
    <mem type="nursery" free="0" total="67108864" percent="0">
      <mem type="allocate" free="0" total="33554432" percent="0" />
      <mem type="survivor" free="0" total="33554432" percent="0" />
    </mem>
    <mem type="tenure" free="200735616" total="201326592" percent="99">
      <mem type="soa" free="190668672" total="191259648" percent="99" />
      <mem type="loa" free="10066944" total="10066944" percent="100" />
    </mem>
    <remembered-set count="7550" />
  </mem-info>
</gc-start>
<allocation-stats totalBytes="34089744" discardedBytes="55664" >
  <allocated-bytes non-tlh="4981824" tlh="29107920" />
  <largest-consumer threadName="main" threadId="0000000000019700" bytes="33969344" />
</allocation-stats>
<gc-op id="7" type="scavenge" timems="49.319" contextid="4" timestamp="2026-09-06T11:02:43.308">
  <scavenger-info tenureage="1" tenuremask="fffe" tiltratio="50" />
  <memory-copied type="nursery" objects="53730" bytes="10091856" bytesdiscarded="299144" />
  <finalization candidates="708" enqueued="548" />
  <ownableSynchronizers candidates="17" cleared="9" />
  <references type="soft" candidates="441" cleared="0" enqueued="0" dynamicThreshold="32" maxThreshold="32" />
  <references type="weak" candidates="2872" cleared="2493" enqueued="2491" />
  <references type="phantom" candidates="606" cleared="0" enqueued="0" />
  <object-monitors candidates="1" cleared="0"  />
</gc-op>
<gc-end id="8" type="scavenge" contextid="4" durationms="51.620" usertimems="44.519" systemtimems="7.443" stalltimems="25.737" timestamp="2026-09-06T11:02:43.310" activeThreads="10">
  <mem-info id="9" free="223892864" total="268435456" percent="83">
    <mem type="nursery" free="23157248" total="67108864" percent="34">
      <mem type="allocate" free="23157248" total="33554432" percent="69" />
      <mem type="survivor" free="0" total="33554432" percent="0" />
    </mem>
    <mem type="tenure" free="200735616" total="201326592" percent="99">
      <mem type="soa" free="190668672" total="191259648" percent="99" />
      <mem type="loa" free="10066944" total="10066944" percent="100" />
    </mem>
    <pending-finalizers system="548" default="0" reference="2491" classloader="0" />
    <remembered-set count="7550" />
  </mem-info>
</gc-end>
<cycle-end id="10" type="scavenge" contextid="4" timestamp="2026-09-06T11:02:43.310" />
<allocation-satisfied id="11" threadId="0000000000019700" bytesRequested="1032" />
<af-end id="12" timestamp="2026-09-06T11:02:43.311" threadId="000000000001A1C0" success="true" from="nursery"/>
<exclusive-end id="13" timestamp="2026-09-06T11:02:43.311" durationms="55.308" />

<exclusive-start id="14" timestamp="2026-09-06T11:02:43.529" intervalms="273.680">
  <response-info timems="0.012" idlems="0.012" threads="0" lastid="0000000000019700" lastname="main" />
</exclusive-start>
<af-start id="15" threadId="000000000001A1C0" totalBytesRequested="17320" timestamp="2026-09-06T11:02:43.529" intervalms="273.308" type="nursery" />
<cycle-start id="16" type="scavenge" contextid="0" timestamp="2026-09-06T11:02:43.529" intervalms="272.505" />
<gc-start id="17" type="scavenge" contextid="16" timestamp="2026-09-06T11:02:43.530">
  <mem-info id="18" free="200419184" total="268435456" percent="74">
    <mem type="nursery" free="0" total="67108864" percent="0">
      <mem type="allocate" free="0" total="33554432" percent="0" />
      <mem type="survivor" free="0" total="33554432" percent="0" />
    </mem>
    <mem type="tenure" free="200419184" total="201326592" percent="99">
      <mem type="soa" free="190352240" total="191259648" percent="99" />
      <mem type="loa" free="10066944" total="10066944" percent="100" />
    </mem>
    <remembered-set count="11900" />
  </mem-info>
</gc-start>
<allocation-stats totalBytes="23449264" discardedBytes="24416" >
  <allocated-bytes non-tlh="2185344" tlh="21263920" />
  <largest-consumer threadName="main" threadId="0000000000019700" bytes="23445048" />
</allocation-stats>
<gc-op id="19" type="scavenge" timems="6.845" contextid="16" timestamp="2026-09-06T11:02:43.536">
  <scavenger-info tenureage="1" tenuremask="7ffe" tiltratio="50" />
  <memory-copied type="nursery" objects="52636" bytes="5383544" bytesdiscarded="442816" />
  <memory-copied type="tenure" objects="45713" bytes="9825352" bytesdiscarded="3192" />
  <finalization candidates="508" enqueued="201" />
  <ownableSynchronizers candidates="9" cleared="0" />
  <references type="soft" candidates="2711" cleared="0" enqueued="0" dynamicThreshold="32" maxThreshold="32" />
  <references type="weak" candidates="1569" cleared="1391" enqueued="1328" />
  <references type="phantom" candidates="885" cleared="0" enqueued="0" />
  <object-monitors candidates="1" cleared="0"  />
</gc-op>
<gc-end id="20" type="scavenge" contextid="16" durationms="7.225" usertimems="18.584" systemtimems="3.556" stalltimems="9.598" timestamp="2026-09-06T11:02:43.537" activeThreads="10">
  <mem-info id="21" free="218083704" total="268435456" percent="81">
    <mem type="nursery" free="27726024" total="67108864" percent="41">
      <mem type="allocate" free="27726024" total="33554432" percent="82" />
      <mem type="survivor" free="0" total="33554432" percent="0" />
    </mem>
    <mem type="tenure" free="190357680" total="201326592" percent="94">
      <mem type="soa" free="180290736" total="191259648" percent="94" />
      <mem type="loa" free="10066944" total="10066944" percent="100" />
    </mem>
    <pending-finalizers system="201" default="0" reference="1328" classloader="0" />
    <remembered-set count="12267" />
  </mem-info>
</gc-end>
<cycle-end id="22" type="scavenge" contextid="16" timestamp="2026-09-06T11:02:43.537" />
<allocation-satisfied id="23" threadId="0000000000019700" bytesRequested="17320" />
<af-end id="24" timestamp="2026-09-06T11:02:43.537" threadId="000000000001A1C0" success="true" from="nursery"/>
<exclusive-end id="25" timestamp="2026-09-06T11:02:43.537" durationms="7.843" />

<exclusive-start id="26" timestamp="2026-09-06T11:02:43.826" intervalms="296.719">
  <response-info timems="0.012" idlems="0.012" threads="0" lastid="0000000000582E00" lastname="Daemon worker" />
</exclusive-start>
<af-start id="27" threadId="00000000005838C0" totalBytesRequested="3080" timestamp="2026-09-06T11:02:43.826" intervalms="296.719" type="nursery" />
<cycle-start id="28" type="scavenge" contextid="0" timestamp="2026-09-06T11:02:43.826" intervalms="296.714" />
<gc-start id="29" type="scavenge" contextid="28" timestamp="2026-09-06T11:02:43.826">
  <mem-info id="30" free="189819568" total="268435456" percent="70">
    <mem type="nursery" free="0" total="67108864" percent="0">
      <mem type="allocate" free="0" total="33554432" percent="0" />
      <mem type="survivor" free="0" total="33554432" percent="0" />
    </mem>
    <mem type="tenure" free="189819568" total="201326592" percent="94">
      <mem type="soa" free="179752624" total="191259648" percent="93" />
      <mem type="loa" free="10066944" total="10066944" percent="100" />
    </mem>
    <remembered-set count="19893" />
  </mem-info>
</gc-start>
<allocation-stats totalBytes="28120104" discardedBytes="144032" >
  <allocated-bytes non-tlh="666024" tlh="27454080" />
  <largest-consumer threadName="main" threadId="0000000000019700" bytes="13675304" />
</allocation-stats>
<gc-op id="31" type="scavenge" timems="2.719" contextid="28" timestamp="2026-09-06T11:02:43.829">
  <scavenger-info tenureage="1" tenuremask="7ffe" tiltratio="50" />
  <memory-copied type="nursery" objects="40150" bytes="1479632" bytesdiscarded="568328" />
  <memory-copied type="tenure" objects="48777" bytes="5234288" bytesdiscarded="4776" />
  <finalization candidates="966" enqueued="677" />
  <ownableSynchronizers candidates="77" cleared="11" />
  <references type="soft" candidates="486" cleared="0" enqueued="0" dynamicThreshold="32" maxThreshold="32" />
  <references type="weak" candidates="3542" cleared="3050" enqueued="3050" />
  <references type="phantom" candidates="9" cleared="0" enqueued="0" />
  <object-monitors candidates="3" cleared="1"  />
</gc-op>
<gc-end id="32" type="scavenge" contextid="28" durationms="3.003" usertimems="14.580" systemtimems="1.236" stalltimems="7.981" timestamp="2026-09-06T11:02:43.829" activeThreads="10">
  <mem-info id="33" free="215923896" total="268435456" percent="80">
    <mem type="nursery" free="31504640" total="67108864" percent="46">
      <mem type="allocate" free="31504640" total="33554432" percent="93" />
      <mem type="survivor" free="0" total="33554432" percent="0" />
    </mem>
    <mem type="tenure" free="184419256" total="201326592" percent="91">
      <mem type="soa" free="174352312" total="191259648" percent="91" />
      <mem type="loa" free="10066944" total="10066944" percent="100" />
    </mem>
    <pending-finalizers system="677" default="0" reference="3050" classloader="0" />
    <remembered-set count="12257" />
  </mem-info>
</gc-end>
<cycle-end id="34" type="scavenge" contextid="28" timestamp="2026-09-06T11:02:43.829" />
<allocation-satisfied id="35" threadId="0000000000582E00" bytesRequested="3080" />
<af-end id="36" timestamp="2026-09-06T11:02:43.829" threadId="00000000005838C0" success="true" from="nursery"/>
<exclusive-end id="37" timestamp="2026-09-06T11:02:43.829" durationms="3.510" />

<exclusive-start id="38" timestamp="2026-09-06T11:02:44.049" intervalms="222.742">
  <response-info timems="0.014" idlems="0.014" threads="0" lastid="0000000000582E00" lastname="Daemon worker" />
</exclusive-start>
<af-start id="39" threadId="00000000005838C0" totalBytesRequested="16392" timestamp="2026-09-06T11:02:44.049" intervalms="222.738" type="nursery" />
<cycle-start id="40" type="scavenge" contextid="0" timestamp="2026-09-06T11:02:44.049" intervalms="222.737" />
<gc-start id="41" type="scavenge" contextid="40" timestamp="2026-09-06T11:02:44.049">
  <mem-info id="42" free="183917360" total="268435456" percent="68">
    <mem type="nursery" free="0" total="67108864" percent="0">
      <mem type="allocate" free="0" total="33554432" percent="0" />
      <mem type="survivor" free="0" total="33554432" percent="0" />
    </mem>
    <mem type="tenure" free="183917360" total="201326592" percent="91">
      <mem type="soa" free="173850416" total="191259648" percent="90" />
      <mem type="loa" free="10066944" total="10066944" percent="100" />
    </mem>
    <remembered-set count="18473" />
  </mem-info>
</gc-start>
<allocation-stats totalBytes="31985080" discardedBytes="21456" >
  <allocated-bytes non-tlh="542048" tlh="31443032" />
  <largest-consumer threadName="Daemon worker" threadId="0000000000582E00" bytes="31820744" />
</allocation-stats>
<gc-op id="43" type="scavenge" timems="2.230" contextid="40" timestamp="2026-09-06T11:02:44.051">
  <scavenger-info tenureage="2" tenuremask="7ffc" tiltratio="50" />
  <memory-copied type="nursery" objects="75590" bytes="2723512" bytesdiscarded="242136" />
  <finalization candidates="1168" enqueued="823" />
  <ownableSynchronizers candidates="211" cleared="5" />
  <references type="soft" candidates="1262" cleared="0" enqueued="0" dynamicThreshold="32" maxThreshold="32" />
  <references type="weak" candidates="5270" cleared="4292" enqueued="4292" />
  <references type="phantom" candidates="24" cleared="10" enqueued="10" />
  <object-monitors candidates="2" cleared="0"  />
</gc-op>
<gc-end id="44" type="scavenge" contextid="40" durationms="2.449" usertimems="13.828" systemtimems="1.249" stalltimems="5.737" timestamp="2026-09-06T11:02:44.051" activeThreads="10">
  <mem-info id="45" free="214503544" total="268435456" percent="79">
    <mem type="nursery" free="30586184" total="67108864" percent="45">
      <mem type="allocate" free="30586184" total="33554432" percent="91" />
      <mem type="survivor" free="0" total="33554432" percent="0" />
    </mem>
    <mem type="tenure" free="183917360" total="201326592" percent="91">
      <mem type="soa" free="173850416" total="191259648" percent="90" />
      <mem type="loa" free="10066944" total="10066944" percent="100" />
    </mem>
    <pending-finalizers system="823" default="0" reference="4302" classloader="0" />
    <remembered-set count="13928" />
  </mem-info>
</gc-end>
<cycle-end id="46" type="scavenge" contextid="40" timestamp="2026-09-06T11:02:44.051" />
<allocation-satisfied id="47" threadId="0000000000582E00" bytesRequested="16392" />
<af-end id="48" timestamp="2026-09-06T11:02:44.052" threadId="00000000005838C0" success="true" from="nursery"/>
<exclusive-end id="49" timestamp="2026-09-06T11:02:44.052" durationms="3.021" />

<exclusive-start id="50" timestamp="2026-09-06T11:02:44.246" intervalms="197.356">
  <response-info timems="0.012" idlems="0.012" threads="0" lastid="0000000000582E00" lastname="Daemon worker" />
</exclusive-start>
<af-start id="51" threadId="00000000005838C0" totalBytesRequested="5624" timestamp="2026-09-06T11:02:44.246" intervalms="197.353" type="nursery" />
<cycle-start id="52" type="scavenge" contextid="0" timestamp="2026-09-06T11:02:44.246" intervalms="197.366" />
<gc-start id="53" type="scavenge" contextid="52" timestamp="2026-09-06T11:02:44.246">
  <mem-info id="54" free="183522808" total="268435456" percent="68">
    <mem type="nursery" free="0" total="67108864" percent="0">
      <mem type="allocate" free="0" total="33554432" percent="0" />
      <mem type="survivor" free="0" total="33554432" percent="0" />
    </mem>
    <mem type="tenure" free="183522808" total="201326592" percent="91">
      <mem type="soa" free="173455864" total="191259648" percent="90" />
      <mem type="loa" free="10066944" total="10066944" percent="100" />
    </mem>
    <remembered-set count="18689" />
  </mem-info>
</gc-start>
<allocation-stats totalBytes="30966704" discardedBytes="14032" >
  <allocated-bytes non-tlh="410944" tlh="30555760" />
  <largest-consumer threadName="Daemon worker" threadId="0000000000582E00" bytes="30946168" />
</allocation-stats>
<gc-op id="55" type="scavenge" timems="2.465" contextid="52" timestamp="2026-09-06T11:02:44.249">
  <scavenger-info tenureage="3" tenuremask="7ff8" tiltratio="50" />
  <memory-copied type="nursery" objects="120599" bytes="4199720" bytesdiscarded="241576" />
  <finalization candidates="1222" enqueued="683" />
  <ownableSynchronizers candidates="255" cleared="0" />
  <references type="soft" candidates="2237" cleared="0" enqueued="0" dynamicThreshold="32" maxThreshold="32" />
  <references type="weak" candidates="4898" cleared="3442" enqueued="3439" />
  <references type="phantom" candidates="20" cleared="0" enqueued="0" />
  <object-monitors candidates="2" cleared="0"  />
</gc-op>
<gc-end id="56" type="scavenge" contextid="52" durationms="2.853" usertimems="18.718" systemtimems="0.000" stalltimems="5.636" timestamp="2026-09-06T11:02:44.249" activeThreads="10">
  <mem-info id="57" free="213943024" total="268435456" percent="79">
    <mem type="nursery" free="30420216" total="67108864" percent="45">
      <mem type="allocate" free="30420216" total="34865152" percent="87" />
      <mem type="survivor" free="0" total="32243712" percent="0" />
    </mem>
    <mem type="tenure" free="183522808" total="201326592" percent="91">
      <mem type="soa" free="173455864" total="191259648" percent="90" />
      <mem type="loa" free="10066944" total="10066944" percent="100" />
    </mem>
    <pending-finalizers system="683" default="0" reference="3439" classloader="0" />
    <remembered-set count="12544" />
  </mem-info>
</gc-end>
<cycle-end id="58" type="scavenge" contextid="52" timestamp="2026-09-06T11:02:44.249" />
<allocation-satisfied id="59" threadId="0000000000582E00" bytesRequested="5624" />
<af-end id="60" timestamp="2026-09-06T11:02:44.249" threadId="00000000005838C0" success="true" from="nursery"/>
<exclusive-end id="61" timestamp="2026-09-06T11:02:44.249" durationms="3.419" />

<exclusive-start id="62" timestamp="2026-09-06T11:02:44.430" intervalms="184.344">
  <response-info timems="0.014" idlems="0.014" threads="0" lastid="0000000000582E00" lastname="Daemon worker" />
</exclusive-start>
<af-start id="63" threadId="00000000005838C0" totalBytesRequested="1032" timestamp="2026-09-06T11:02:44.430" intervalms="184.370" type="nursery" />
<cycle-start id="64" type="scavenge" contextid="0" timestamp="2026-09-06T11:02:44.431" intervalms="184.369" />
<gc-start id="65" type="scavenge" contextid="64" timestamp="2026-09-06T11:02:44.431">
  <mem-info id="66" free="183250080" total="268435456" percent="68">
    <mem type="nursery" free="0" total="67108864" percent="0">
      <mem type="allocate" free="0" total="34865152" percent="0" />
      <mem type="survivor" free="0" total="32243712" percent="0" />
    </mem>
    <mem type="tenure" free="183250080" total="201326592" percent="91">
      <mem type="soa" free="173183136" total="191259648" percent="90" />
      <mem type="loa" free="10066944" total="10066944" percent="100" />
    </mem>
    <remembered-set count="15556" />
  </mem-info>
</gc-start>
<allocation-stats totalBytes="30678128" discardedBytes="14816" >
  <allocated-bytes non-tlh="278352" tlh="30399776" />
  <largest-consumer threadName="Daemon worker" threadId="0000000000582E00" bytes="30645176" />
</allocation-stats>
<gc-op id="67" type="scavenge" timems="3.079" contextid="64" timestamp="2026-09-06T11:02:44.434">
  <scavenger-info tenureage="3" tenuremask="7ff8" tiltratio="51" />
  <memory-copied type="nursery" objects="111888" bytes="3815368" bytesdiscarded="341640" />
  <memory-copied type="tenure" objects="30769" bytes="1163096" bytesdiscarded="1184" />
  <finalization candidates="1236" enqueued="696" />
  <ownableSynchronizers candidates="460" cleared="6" />
  <references type="soft" candidates="2265" cleared="0" enqueued="0" dynamicThreshold="32" maxThreshold="32" />
  <references type="weak" candidates="4278" cleared="2758" enqueued="2758" />
  <references type="phantom" candidates="43" cleared="29" enqueued="29" />
  <object-monitors candidates="2" cleared="0"  />
</gc-op>
<gc-end id="68" type="scavenge" contextid="64" durationms="3.272" usertimems="21.256" systemtimems="1.959" stalltimems="7.054" timestamp="2026-09-06T11:02:44.434" activeThreads="10">
  <mem-info id="69" free="218148488" total="268435456" percent="81">
    <mem type="nursery" free="36209496" total="67108864" percent="53">
      <mem type="allocate" free="36209496" total="40370176" percent="89" />
      <mem type="survivor" free="0" total="26738688" percent="0" />
    </mem>
    <mem type="tenure" free="181938992" total="201326592" percent="90">
      <mem type="soa" free="171872048" total="191259648" percent="89" />
      <mem type="loa" free="10066944" total="10066944" percent="100" />
    </mem>
    <pending-finalizers system="696" default="0" reference="2787" classloader="0" />
    <remembered-set count="9732" />
  </mem-info>
</gc-end>
<cycle-end id="70" type="scavenge" contextid="64" timestamp="2026-09-06T11:02:44.434" />
<allocation-satisfied id="71" threadId="0000000000582E00" bytesRequested="1032" />
<af-end id="72" timestamp="2026-09-06T11:02:44.434" threadId="00000000005838C0" success="true" from="nursery"/>
<exclusive-end id="73" timestamp="2026-09-06T11:02:44.434" durationms="3.917" />

<exclusive-start id="74" timestamp="2026-09-06T11:02:44.648" intervalms="217.750">
  <response-info timems="0.015" idlems="0.015" threads="0" lastid="0000000000582E00" lastname="Daemon worker" />
</exclusive-start>
<af-start id="75" threadId="00000000005838C0" totalBytesRequested="130056" timestamp="2026-09-06T11:02:44.648" intervalms="217.749" type="nursery" />
<cycle-start id="76" type="scavenge" contextid="0" timestamp="2026-09-06T11:02:44.648" intervalms="217.742" />
<gc-start id="77" type="scavenge" contextid="76" timestamp="2026-09-06T11:02:44.648">
  <mem-info id="78" free="181611600" total="268435456" percent="67">
    <mem type="nursery" free="0" total="67108864" percent="0">
      <mem type="allocate" free="0" total="40370176" percent="0" />
      <mem type="survivor" free="0" total="26738688" percent="0" />
    </mem>
    <mem type="tenure" free="181611600" total="201326592" percent="90">
      <mem type="soa" free="171544656" total="191259648" percent="89" />
      <mem type="loa" free="10066944" total="10066944" percent="100" />
    </mem>
    <remembered-set count="13449" />
  </mem-info>
</gc-start>
<allocation-stats totalBytes="36433256" discardedBytes="103632" >
  <allocated-bytes non-tlh="328424" tlh="36104832" />
  <largest-consumer threadName="Daemon worker" threadId="0000000000582E00" bytes="36408680" />
</allocation-stats>
<gc-op id="79" type="scavenge" timems="3.188" contextid="76" timestamp="2026-09-06T11:02:44.652">
  <scavenger-info tenureage="3" tenuremask="7ff8" tiltratio="60" />
  <memory-copied type="nursery" objects="119941" bytes="4064624" bytesdiscarded="165224" />
  <memory-copied type="tenure" objects="36551" bytes="1276432" bytesdiscarded="144" />
  <finalization candidates="1207" enqueued="791" />
  <ownableSynchronizers candidates="796" cleared="6" />
  <references type="soft" candidates="3577" cleared="0" enqueued="0" dynamicThreshold="32" maxThreshold="32" />
  <references type="weak" candidates="4478" cleared="2814" enqueued="2814" />
  <references type="phantom" candidates="15" cleared="1" enqueued="1" />
  <object-monitors candidates="2" cleared="0"  />
</gc-op>
<gc-end id="80" type="scavenge" contextid="76" durationms="3.400" usertimems="22.739" systemtimems="2.221" stalltimems="7.033" timestamp="2026-09-06T11:02:44.652" activeThreads="10">
  <mem-info id="81" free="220920600" total="268435456" percent="82">
    <mem type="nursery" free="40527696" total="67108864" percent="60">
      <mem type="allocate" free="40527696" total="44761088" percent="90" />
      <mem type="survivor" free="0" total="22347776" percent="0" />
    </mem>
    <mem type="tenure" free="180392904" total="201326592" percent="89">
      <mem type="soa" free="170325960" total="191259648" percent="89" />
      <mem type="loa" free="10066944" total="10066944" percent="100" />
    </mem>
    <pending-finalizers system="791" default="0" reference="2815" classloader="0" />
    <remembered-set count="9595" />
  </mem-info>
</gc-end>
<cycle-end id="82" type="scavenge" contextid="76" timestamp="2026-09-06T11:02:44.652" />
<allocation-satisfied id="83" threadId="0000000000582E00" bytesRequested="130056" />
<af-end id="84" timestamp="2026-09-06T11:02:44.652" threadId="00000000005838C0" success="true" from="nursery"/>
<exclusive-end id="85" timestamp="2026-09-06T11:02:44.652" durationms="4.077" />

<exclusive-start id="86" timestamp="2026-09-06T11:02:44.979" intervalms="330.583">
  <response-info timems="0.015" idlems="0.015" threads="0" lastid="0000000000582E00" lastname="Daemon worker" />
</exclusive-start>
<af-start id="87" threadId="00000000005838C0" totalBytesRequested="24" timestamp="2026-09-06T11:02:44.979" intervalms="330.578" type="nursery" />
<cycle-start id="88" type="scavenge" contextid="0" timestamp="2026-09-06T11:02:44.979" intervalms="330.593" />
<gc-start id="89" type="scavenge" contextid="88" timestamp="2026-09-06T11:02:44.979">
  <mem-info id="90" free="179841032" total="268435456" percent="66">
    <mem type="nursery" free="0" total="67108864" percent="0">
      <mem type="allocate" free="0" total="44761088" percent="0" />
      <mem type="survivor" free="0" total="22347776" percent="0" />
    </mem>
    <mem type="tenure" free="179841032" total="201326592" percent="89">
      <mem type="soa" free="169774088" total="191259648" percent="88" />
      <mem type="loa" free="10066944" total="10066944" percent="100" />
    </mem>
    <remembered-set count="17318" />
  </mem-info>
</gc-start>
<allocation-stats totalBytes="41021488" discardedBytes="58080" >
  <allocated-bytes non-tlh="2536184" tlh="38485304" />
  <largest-consumer threadName="Daemon worker" threadId="0000000000582E00" bytes="39335216" />
</allocation-stats>
<gc-op id="91" type="scavenge" timems="4.549" contextid="88" timestamp="2026-09-06T11:02:44.984">
  <scavenger-info tenureage="3" tenuremask="7fe8" tiltratio="66" />
  <memory-copied type="nursery" objects="165153" bytes="5957744" bytesdiscarded="226440" />
  <memory-copied type="tenure" objects="42687" bytes="1395432" bytesdiscarded="224" />
  <finalization candidates="1155" enqueued="938" />
  <ownableSynchronizers candidates="3222" cleared="10" />
  <references type="soft" candidates="7701" cleared="0" enqueued="0" dynamicThreshold="32" maxThreshold="32" />
  <references type="weak" candidates="8669" cleared="2956" enqueued="2943" />
  <references type="phantom" candidates="35" cleared="22" enqueued="22" />
  <object-monitors candidates="2" cleared="0"  />
</gc-op>
<gc-end id="92" type="scavenge" contextid="88" durationms="4.947" usertimems="30.150" systemtimems="1.342" stalltimems="7.082" timestamp="2026-09-06T11:02:44.984" activeThreads="10">
  <mem-info id="93" free="219340480" total="268435456" percent="81">
    <mem type="nursery" free="41190584" total="67108864" percent="61">
      <mem type="allocate" free="41190584" total="47382528" percent="86" />
      <mem type="survivor" free="0" total="19726336" percent="0" />
    </mem>
    <mem type="tenure" free="178149896" total="201326592" percent="88">
      <mem type="soa" free="168082952" total="191259648" percent="87" />
      <mem type="loa" free="10066944" total="10066944" percent="100" />
    </mem>
    <pending-finalizers system="938" default="0" reference="2965" classloader="0" />
    <remembered-set count="14015" />
  </mem-info>
</gc-end>
<cycle-end id="94" type="scavenge" contextid="88" timestamp="2026-09-06T11:02:44.984" />
<allocation-satisfied id="95" threadId="0000000000582E00" bytesRequested="24" />
<af-end id="96" timestamp="2026-09-06T11:02:44.984" threadId="00000000005838C0" success="true" from="nursery"/>
<exclusive-end id="97" timestamp="2026-09-06T11:02:44.984" durationms="5.735" />

<exclusive-start id="98" timestamp="2026-09-06T11:02:45.238" intervalms="259.778">
  <response-info timems="0.013" idlems="0.013" threads="0" lastid="0000000000582E00" lastname="Daemon worker" />
</exclusive-start>
<af-start id="99" threadId="00000000005838C0" totalBytesRequested="2848" timestamp="2026-09-06T11:02:45.239" intervalms="259.768" type="nursery" />
<cycle-start id="100" type="scavenge" contextid="0" timestamp="2026-09-06T11:02:45.239" intervalms="259.765" />
<gc-start id="101" type="scavenge" contextid="100" timestamp="2026-09-06T11:02:45.239">
  <mem-info id="102" free="177731888" total="268435456" percent="66">
    <mem type="nursery" free="0" total="67108864" percent="0">
      <mem type="allocate" free="0" total="47382528" percent="0" />
      <mem type="survivor" free="0" total="19726336" percent="0" />
    </mem>
    <mem type="tenure" free="177731888" total="201326592" percent="88">
      <mem type="soa" free="167664944" total="191259648" percent="87" />
      <mem type="loa" free="10066944" total="10066944" percent="100" />
    </mem>
    <remembered-set count="19560" />
  </mem-info>
</gc-start>
<allocation-stats totalBytes="41569184" discardedBytes="39408" >
  <allocated-bytes non-tlh="418032" tlh="41151152" />
  <largest-consumer threadName="Daemon worker" threadId="0000000000582E00" bytes="41327416" />
</allocation-stats>
<gc-op id="103" type="scavenge" timems="3.921" contextid="100" timestamp="2026-09-06T11:02:45.243">
  <scavenger-info tenureage="3" tenuremask="7fe8" tiltratio="70" />
  <memory-copied type="nursery" objects="192240" bytes="6827088" bytesdiscarded="175520" />
  <memory-copied type="tenure" objects="23737" bytes="818520" bytesdiscarded="152" />
  <finalization candidates="783" enqueued="736" />
  <ownableSynchronizers candidates="3340" cleared="15" />
  <references type="soft" candidates="10159" cleared="0" enqueued="0" dynamicThreshold="32" maxThreshold="32" />
  <references type="weak" candidates="9175" cleared="3239" enqueued="3232" />
  <references type="phantom" candidates="47" cleared="35" enqueued="35" />
  <object-monitors candidates="2" cleared="0"  />
</gc-op>
<gc-end id="104" type="scavenge" contextid="100" durationms="4.154" usertimems="31.170" systemtimems="0.332" stalltimems="7.611" timestamp="2026-09-06T11:02:45.243" activeThreads="10">
  <mem-info id="105" free="219548192" total="268435456" percent="81">
    <mem type="nursery" free="42604272" total="67108864" percent="63">
      <mem type="allocate" free="42604272" total="49610752" percent="85" />
      <mem type="survivor" free="0" total="17498112" percent="0" />
    </mem>
    <mem type="tenure" free="176943920" total="201326592" percent="87">
      <mem type="soa" free="166876976" total="191259648" percent="87" />
      <mem type="loa" free="10066944" total="10066944" percent="100" />
    </mem>
    <pending-finalizers system="736" default="0" reference="3267" classloader="0" />
    <remembered-set count="15301" />
  </mem-info>
</gc-end>
<cycle-end id="106" type="scavenge" contextid="100" timestamp="2026-09-06T11:02:45.243" />
<allocation-satisfied id="107" threadId="0000000000582E00" bytesRequested="2848" />
<af-end id="108" timestamp="2026-09-06T11:02:45.243" threadId="00000000005838C0" success="true" from="nursery"/>
<exclusive-end id="109" timestamp="2026-09-06T11:02:45.244" durationms="5.121" />

<exclusive-start id="110" timestamp="2026-09-06T11:02:45.547" intervalms="308.836">
  <response-info timems="0.183" idlems="0.079" threads="6" lastid="0000000001020A00" lastname="Build operations Thread 9" />
</exclusive-start>
<af-start id="111" threadId="00000000006F47C0" totalBytesRequested="4104" timestamp="2026-09-06T11:02:45.547" intervalms="308.822" type="nursery" />
<cycle-start id="112" type="scavenge" contextid="0" timestamp="2026-09-06T11:02:45.547" intervalms="308.813" />
<gc-start id="113" type="scavenge" contextid="112" timestamp="2026-09-06T11:02:45.548">
  <mem-info id="114" free="176622312" total="268435456" percent="65">
    <mem type="nursery" free="0" total="67108864" percent="0">
      <mem type="allocate" free="0" total="49610752" percent="0" />
      <mem type="survivor" free="0" total="17498112" percent="0" />
    </mem>
    <mem type="tenure" free="176622312" total="201326592" percent="87">
      <mem type="soa" free="166555368" total="191259648" percent="87" />
      <mem type="loa" free="10066944" total="10066944" percent="100" />
    </mem>
    <remembered-set count="19191" />
  </mem-info>
</gc-start>
<allocation-stats totalBytes="42795216" discardedBytes="130664" >
  <allocated-bytes non-tlh="689232" tlh="42105984" />
  <largest-consumer threadName="Daemon worker" threadId="0000000000582E00" bytes="38040232" />
</allocation-stats>
<gc-op id="115" type="scavenge" timems="4.755" contextid="112" timestamp="2026-09-06T11:02:45.553">
  <scavenger-info tenureage="3" tenuremask="7fe8" tiltratio="73" />
  <memory-copied type="nursery" objects="216634" bytes="7693560" bytesdiscarded="112720" />
  <memory-copied type="tenure" objects="41609" bytes="1407928" bytesdiscarded="136" />
  <finalization candidates="890" enqueued="830" />
  <ownableSynchronizers candidates="3626" cleared="275" />
  <references type="soft" candidates="8915" cleared="0" enqueued="0" dynamicThreshold="32" maxThreshold="32" />
  <references type="weak" candidates="9162" cleared="2954" enqueued="2954" />
  <references type="phantom" candidates="97" cleared="67" enqueued="67" />
  <object-monitors candidates="12" cleared="8"  />
</gc-op>
<gc-end id="116" type="scavenge" contextid="112" durationms="4.973" usertimems="36.127" systemtimems="2.124" stalltimems="9.486" timestamp="2026-09-06T11:02:45.553" activeThreads="10">
  <mem-info id="117" free="218275856" total="268435456" percent="81">
    <mem type="nursery" free="43299248" total="67108864" percent="64">
      <mem type="allocate" free="43299248" total="51118080" percent="84" />
      <mem type="survivor" free="0" total="15990784" percent="0" />
    </mem>
    <mem type="tenure" free="174976608" total="201326592" percent="86">
      <mem type="soa" free="164909664" total="191259648" percent="86" />
      <mem type="loa" free="10066944" total="10066944" percent="100" />
    </mem>
    <pending-finalizers system="830" default="0" reference="3021" classloader="0" />
    <remembered-set count="11930" />
  </mem-info>
</gc-end>
<cycle-end id="118" type="scavenge" contextid="112" timestamp="2026-09-06T11:02:45.553" />
<allocation-satisfied id="119" threadId="00000000006F3D00" bytesRequested="4104" />
<af-end id="120" timestamp="2026-09-06T11:02:45.553" threadId="00000000006F47C0" success="true" from="nursery"/>
<exclusive-end id="121" timestamp="2026-09-06T11:02:45.553" durationms="5.713" />

<exclusive-start id="122" timestamp="2026-09-06T11:02:46.018" intervalms="471.000">
  <response-info timems="0.170" idlems="0.092" threads="1" lastid="0000000001020A00" lastname="Build operations Thread 9" />
</exclusive-start>
<af-start id="123" threadId="00000000006F47C0" totalBytesRequested="4104" timestamp="2026-09-06T11:02:46.018" intervalms="471.009" type="nursery" />
<cycle-start id="124" type="scavenge" contextid="0" timestamp="2026-09-06T11:02:46.018" intervalms="471.019" />
<gc-start id="125" type="scavenge" contextid="124" timestamp="2026-09-06T11:02:46.019">
  <mem-info id="126" free="174948520" total="268435456" percent="65">
    <mem type="nursery" free="0" total="67108864" percent="0">
      <mem type="allocate" free="0" total="51118080" percent="0" />
      <mem type="survivor" free="0" total="15990784" percent="0" />
    </mem>
    <mem type="tenure" free="174948520" total="201326592" percent="86">
      <mem type="soa" free="164881576" total="191259648" percent="86" />
      <mem type="loa" free="10066944" total="10066944" percent="100" />
    </mem>
    <remembered-set count="12345" />
  </mem-info>
</gc-start>
<allocation-stats totalBytes="43010520" discardedBytes="316816" >
  <allocated-bytes non-tlh="163328" tlh="42847192" />
  <largest-consumer threadName="Cache worker for file hash cache (/gradle/caches/9.5.0/fileHashes)" threadId="00000000006F3D00" bytes="12235224" />
</allocation-stats>
<gc-op id="127" type="scavenge" timems="4.636" contextid="124" timestamp="2026-09-06T11:02:46.023">
  <scavenger-info tenureage="3" tenuremask="7fe8" tiltratio="76" />
  <memory-copied type="nursery" objects="163658" bytes="5429776" bytesdiscarded="387376" />
  <memory-copied type="tenure" objects="90370" bytes="3389464" bytesdiscarded="880" />
  <finalization candidates="195" enqueued="149" />
  <ownableSynchronizers candidates="3829" cleared="1059" />
  <references type="soft" candidates="3879" cleared="0" enqueued="0" dynamicThreshold="32" maxThreshold="32" />
  <references type="weak" candidates="4450" cleared="139" enqueued="139" />
  <references type="phantom" candidates="2886" cleared="2867" enqueued="2867" />
  <object-monitors candidates="21" cleared="13"  />
</gc-op>
<gc-end id="128" type="scavenge" contextid="124" durationms="4.857" usertimems="34.275" systemtimems="1.664" stalltimems="10.259" timestamp="2026-09-06T11:02:46.024" activeThreads="10">
  <mem-info id="129" free="218629776" total="268435456" percent="81">
    <mem type="nursery" free="46733560" total="67108864" percent="69">
      <mem type="allocate" free="46733560" total="52559872" percent="88" />
      <mem type="survivor" free="0" total="14548992" percent="0" />
    </mem>
    <mem type="tenure" free="171896216" total="201326592" percent="85">
      <mem type="soa" free="161829272" total="191259648" percent="84" />
      <mem type="loa" free="10066944" total="10066944" percent="100" />
    </mem>
    <pending-finalizers system="149" default="0" reference="3006" classloader="0" />
    <remembered-set count="6973" />
  </mem-info>
</gc-end>
<cycle-end id="130" type="scavenge" contextid="124" timestamp="2026-09-06T11:02:46.024" />
<allocation-satisfied id="131" threadId="00000000006F3D00" bytesRequested="4104" />
<af-end id="132" timestamp="2026-09-06T11:02:46.024" threadId="00000000006F47C0" success="true" from="nursery"/>
<exclusive-end id="133" timestamp="2026-09-06T11:02:46.024" durationms="5.677" />

<exclusive-start id="134" timestamp="2026-09-06T11:02:46.274" intervalms="256.104">
  <response-info timems="0.015" idlems="0.015" threads="0" lastid="0000000000582E00" lastname="Daemon worker" />
</exclusive-start>
<af-start id="135" threadId="00000000005838C0" totalBytesRequested="16392" timestamp="2026-09-06T11:02:46.274" intervalms="256.114" type="nursery" />
<cycle-start id="136" type="scavenge" contextid="0" timestamp="2026-09-06T11:02:46.275" intervalms="256.122" />
<gc-start id="137" type="scavenge" contextid="136" timestamp="2026-09-06T11:02:46.275">
  <mem-info id="138" free="171741104" total="268435456" percent="63">
    <mem type="nursery" free="0" total="67108864" percent="0">
      <mem type="allocate" free="0" total="52559872" percent="0" />
      <mem type="survivor" free="0" total="14548992" percent="0" />
    </mem>
    <mem type="tenure" free="171741104" total="201326592" percent="85">
      <mem type="soa" free="161674160" total="191259648" percent="84" />
      <mem type="loa" free="10066944" total="10066944" percent="100" />
    </mem>
    <remembered-set count="9680" />
  </mem-info>
</gc-start>
<allocation-stats totalBytes="46637832" discardedBytes="250840" >
  <allocated-bytes non-tlh="159216" tlh="46478616" />
  <largest-consumer threadName="Daemon worker" threadId="0000000000582E00" bytes="22971608" />
</allocation-stats>
<gc-op id="139" type="scavenge" timems="3.795" contextid="136" timestamp="2026-09-06T11:02:46.279">
  <scavenger-info tenureage="3" tenuremask="7fe8" tiltratio="78" />
  <memory-copied type="nursery" objects="154073" bytes="5196040" bytesdiscarded="111104" />
  <memory-copied type="tenure" objects="49443" bytes="1661728" bytesdiscarded="328" />
  <finalization candidates="453" enqueued="395" />
  <ownableSynchronizers candidates="743" cleared="534" />
  <references type="soft" candidates="2087" cleared="0" enqueued="0" dynamicThreshold="32" maxThreshold="32" />
  <references type="weak" candidates="6463" cleared="1042" enqueued="1042" />
  <references type="phantom" candidates="1780" cleared="1753" enqueued="1753" />
  <object-monitors candidates="16" cleared="8"  />
</gc-op>
<gc-end id="140" type="scavenge" contextid="136" durationms="4.003" usertimems="27.142" systemtimems="2.084" stalltimems="8.669" timestamp="2026-09-06T11:02:46.279" activeThreads="10">
  <mem-info id="141" free="218878624" total="268435456" percent="81">
    <mem type="nursery" free="48947696" total="67108864" percent="72">
      <mem type="allocate" free="48947696" total="54263808" percent="90" />
      <mem type="survivor" free="0" total="12845056" percent="0" />
    </mem>
    <mem type="tenure" free="169930928" total="201326592" percent="84">
      <mem type="soa" free="159863984" total="191259648" percent="83" />
      <mem type="loa" free="10066944" total="10066944" percent="100" />
    </mem>
    <pending-finalizers system="395" default="0" reference="2795" classloader="0" />
    <remembered-set count="5374" />
  </mem-info>
</gc-end>
<cycle-end id="142" type="scavenge" contextid="136" timestamp="2026-09-06T11:02:46.279" />
<allocation-satisfied id="143" threadId="0000000000582E00" bytesRequested="16392" />
<af-end id="144" timestamp="2026-09-06T11:02:46.279" threadId="00000000005838C0" success="true" from="nursery"/>
<exclusive-end id="145" timestamp="2026-09-06T11:02:46.279" durationms="4.833" />

<exclusive-start id="146" timestamp="2026-09-06T11:02:46.576" intervalms="301.781">
  <response-info timems="0.019" idlems="0.019" threads="0" lastid="0000000000582E00" lastname="Daemon worker" />
</exclusive-start>
<af-start id="147" threadId="00000000005838C0" totalBytesRequested="3080" timestamp="2026-09-06T11:02:46.576" intervalms="301.783" type="nursery" />
<cycle-start id="148" type="scavenge" contextid="0" timestamp="2026-09-06T11:02:46.576" intervalms="301.782" />
<gc-start id="149" type="scavenge" contextid="148" timestamp="2026-09-06T11:02:46.577">
  <mem-info id="150" free="169521896" total="268435456" percent="63">
    <mem type="nursery" free="0" total="67108864" percent="0">
      <mem type="allocate" free="0" total="54263808" percent="0" />
      <mem type="survivor" free="0" total="12845056" percent="0" />
    </mem>
    <mem type="tenure" free="169521896" total="201326592" percent="84">
      <mem type="soa" free="159454952" total="191259648" percent="83" />
      <mem type="loa" free="10066944" total="10066944" percent="100" />
    </mem>
    <remembered-set count="11843" />
  </mem-info>
</gc-start>
<allocation-stats totalBytes="49339600" discardedBytes="17128" >
  <allocated-bytes non-tlh="856344" tlh="48483256" />
  <largest-consumer threadName="Daemon worker" threadId="0000000000582E00" bytes="49056976" />
</allocation-stats>
<gc-op id="151" type="scavenge" timems="4.253" contextid="148" timestamp="2026-09-06T11:02:46.581">
  <scavenger-info tenureage="6" tenuremask="7fc0" tiltratio="80" />
  <memory-copied type="nursery" objects="253597" bytes="11783160" bytesdiscarded="177160" />
  <finalization candidates="788" enqueued="750" />
  <ownableSynchronizers candidates="336" cleared="14" />
  <references type="soft" candidates="7391" cleared="0" enqueued="0" dynamicThreshold="32" maxThreshold="32" />
  <references type="weak" candidates="11220" cleared="2377" enqueued="2375" />
  <references type="phantom" candidates="340" cleared="16" enqueued="16" />
  <object-monitors candidates="8" cleared="0"  />
</gc-op>
<gc-end id="152" type="scavenge" contextid="148" durationms="4.639" usertimems="33.410" systemtimems="0.000" stalltimems="8.803" timestamp="2026-09-06T11:02:46.581" activeThreads="10">
  <mem-info id="153" free="205324024" total="268435456" percent="76">
    <mem type="nursery" free="35802128" total="67108864" percent="53">
      <mem type="allocate" free="35802128" total="47775744" percent="74" />
      <mem type="survivor" free="0" total="19333120" percent="0" />
    </mem>
    <mem type="tenure" free="169521896" total="201326592" percent="84">
      <mem type="soa" free="159454952" total="191259648" percent="83" />
      <mem type="loa" free="10066944" total="10066944" percent="100" />
    </mem>
    <pending-finalizers system="750" default="0" reference="2391" classloader="0" />
    <remembered-set count="11394" />
  </mem-info>
</gc-end>
<cycle-end id="154" type="scavenge" contextid="148" timestamp="2026-09-06T11:02:46.581" />
<allocation-satisfied id="155" threadId="0000000000582E00" bytesRequested="3080" />
<af-end id="156" timestamp="2026-09-06T11:02:46.582" threadId="00000000005838C0" success="true" from="nursery"/>
<exclusive-end id="157" timestamp="2026-09-06T11:02:46.582" durationms="5.483" />

<exclusive-start id="158" timestamp="2026-09-06T11:02:46.933" intervalms="357.031">
  <response-info timems="0.019" idlems="0.019" threads="0" lastid="0000000001286400" lastname="Execution worker Thread 9" />
</exclusive-start>
<af-start id="159" threadId="0000000001286EC0" totalBytesRequested="864" timestamp="2026-09-06T11:02:46.933" intervalms="356.991" type="nursery" />
<cycle-start id="160" type="scavenge" contextid="0" timestamp="2026-09-06T11:02:46.933" intervalms="357.003" />
<gc-start id="161" type="scavenge" contextid="160" timestamp="2026-09-06T11:02:46.934">
  <mem-info id="162" free="169213624" total="268435456" percent="63">
    <mem type="nursery" free="0" total="67108864" percent="0">
      <mem type="allocate" free="0" total="47775744" percent="0" />
      <mem type="survivor" free="0" total="19333120" percent="0" />
    </mem>
    <mem type="tenure" free="169213624" total="201326592" percent="84">
      <mem type="soa" free="159146680" total="191259648" percent="83" />
      <mem type="loa" free="10066944" total="10066944" percent="100" />
    </mem>
    <remembered-set count="15714" />
  </mem-info>
</gc-start>
<allocation-stats totalBytes="35913992" discardedBytes="196408" >
  <allocated-bytes non-tlh="1510632" tlh="34403360" />
  <largest-consumer threadName="Execution worker" threadId="000000000124CB00" bytes="17712896" />
</allocation-stats>
<gc-op id="163" type="scavenge" timems="6.666" contextid="160" timestamp="2026-09-06T11:02:46.941">
  <scavenger-info tenureage="3" tenuremask="7fd8" tiltratio="71" />
  <memory-copied type="nursery" objects="181836" bytes="9791192" bytesdiscarded="432616" />
  <memory-copied type="tenure" objects="104823" bytes="3454696" bytesdiscarded="856" />
  <finalization candidates="779" enqueued="741" />
  <ownableSynchronizers candidates="418" cleared="42" />
  <references type="soft" candidates="7304" cleared="0" enqueued="0" dynamicThreshold="32" maxThreshold="32" />
  <references type="weak" candidates="8982" cleared="2272" enqueued="2272" />
  <references type="phantom" candidates="467" cleared="147" enqueued="147" />
  <object-monitors candidates="9" cleared="0"  />
</gc-op>
<gc-end id="164" type="scavenge" contextid="160" durationms="6.885" usertimems="45.245" systemtimems="1.216" stalltimems="9.552" timestamp="2026-09-06T11:02:46.941" activeThreads="10">
  <mem-info id="165" free="204301024" total="268435456" percent="76">
    <mem type="nursery" free="38725768" total="67108864" percent="57">
      <mem type="allocate" free="38725768" total="48955392" percent="79" />
      <mem type="survivor" free="0" total="18153472" percent="0" />
    </mem>
    <mem type="tenure" free="165575256" total="201326592" percent="82">
      <mem type="soa" free="155508312" total="191259648" percent="81" />
      <mem type="loa" free="10066944" total="10066944" percent="100" />
    </mem>
    <pending-finalizers system="740" default="1" reference="2419" classloader="0" />
    <remembered-set count="13119" />
  </mem-info>
</gc-end>
<cycle-end id="166" type="scavenge" contextid="160" timestamp="2026-09-06T11:02:46.941" />
<allocation-satisfied id="167" threadId="0000000001286400" bytesRequested="864" />
<af-end id="168" timestamp="2026-09-06T11:02:46.941" threadId="0000000001286EC0" success="true" from="nursery"/>
<exclusive-end id="169" timestamp="2026-09-06T11:02:46.941" durationms="8.007" />

<exclusive-start id="170" timestamp="2026-09-06T11:02:47.096" intervalms="162.874">
  <response-info timems="0.015" idlems="0.015" threads="0" lastid="0000000001286400" lastname="Execution worker Thread 9" />
</exclusive-start>
<af-start id="171" threadId="0000000001286EC0" totalBytesRequested="4576" timestamp="2026-09-06T11:02:47.096" intervalms="162.888" type="nursery" />
<cycle-start id="172" type="scavenge" contextid="0" timestamp="2026-09-06T11:02:47.096" intervalms="162.873" />
<gc-start id="173" type="scavenge" contextid="172" timestamp="2026-09-06T11:02:47.097">
  <mem-info id="174" free="165411448" total="268435456" percent="61">
    <mem type="nursery" free="0" total="67108864" percent="0">
      <mem type="allocate" free="0" total="48955392" percent="0" />
      <mem type="survivor" free="0" total="18153472" percent="0" />
    </mem>
    <mem type="tenure" free="165411448" total="201326592" percent="82">
      <mem type="soa" free="155344504" total="191259648" percent="81" />
      <mem type="loa" free="10066944" total="10066944" percent="100" />
    </mem>
    <remembered-set count="15060" />
  </mem-info>
</gc-start>
<allocation-stats totalBytes="37452432" discardedBytes="1437144" >
  <allocated-bytes non-tlh="255752" tlh="37196680" />
  <largest-consumer threadName="Execution worker Thread 9" threadId="0000000001286400" bytes="36059264" />
</allocation-stats>
<gc-op id="175" type="scavenge" timems="3.667" contextid="172" timestamp="2026-09-06T11:02:47.100">
  <scavenger-info tenureage="3" tenuremask="7fc8" tiltratio="72" />
  <memory-copied type="nursery" objects="143922" bytes="8710024" bytesdiscarded="224704" />
  <memory-copied type="tenure" objects="42111" bytes="1516016" bytesdiscarded="936" />
  <finalization candidates="144" enqueued="123" />
  <ownableSynchronizers candidates="408" cleared="60" />
  <references type="soft" candidates="6166" cleared="0" enqueued="0" dynamicThreshold="32" maxThreshold="32" />
  <references type="weak" candidates="7373" cleared="1992" enqueued="1992" />
  <references type="phantom" candidates="435" cleared="96" enqueued="96" />
  <object-monitors candidates="9" cleared="0"  />
</gc-op>
<gc-end id="176" type="scavenge" contextid="172" durationms="3.893" usertimems="28.145" systemtimems="0.929" stalltimems="7.122" timestamp="2026-09-06T11:02:47.100" activeThreads="10">
  <mem-info id="177" free="205196760" total="268435456" percent="76">
    <mem type="nursery" free="41392296" total="67108864" percent="61">
      <mem type="allocate" free="41392296" total="50331648" percent="82" />
      <mem type="survivor" free="0" total="16777216" percent="0" />
    </mem>
    <mem type="tenure" free="163804464" total="201326592" percent="81">
      <mem type="soa" free="153737520" total="191259648" percent="80" />
      <mem type="loa" free="10066944" total="10066944" percent="100" />
    </mem>
    <pending-finalizers system="123" default="0" reference="2088" classloader="0" />
    <remembered-set count="8443" />
  </mem-info>
</gc-end>
<cycle-end id="178" type="scavenge" contextid="172" timestamp="2026-09-06T11:02:47.101" />
<allocation-satisfied id="179" threadId="0000000001286400" bytesRequested="4576" />
<af-end id="180" timestamp="2026-09-06T11:02:47.101" threadId="0000000001286EC0" success="true" from="nursery"/>
<exclusive-end id="181" timestamp="2026-09-06T11:02:47.101" durationms="4.661" />

<exclusive-start id="182" timestamp="2026-09-06T11:02:47.277" intervalms="180.720">
  <response-info timems="0.033" idlems="0.033" threads="0" lastid="0000000001286400" lastname="Execution worker Thread 9" />
</exclusive-start>
<af-start id="183" threadId="0000000001286EC0" totalBytesRequested="3824" timestamp="2026-09-06T11:02:47.277" intervalms="180.732" type="nursery" />
<cycle-start id="184" type="scavenge" contextid="0" timestamp="2026-09-06T11:02:47.277" intervalms="180.734" />
<gc-start id="185" type="scavenge" contextid="184" timestamp="2026-09-06T11:02:47.277">
  <mem-info id="186" free="163384864" total="268435456" percent="60">
    <mem type="nursery" free="0" total="67108864" percent="0">
      <mem type="allocate" free="0" total="50331648" percent="0" />
      <mem type="survivor" free="0" total="16777216" percent="0" />
    </mem>
    <mem type="tenure" free="163384864" total="201326592" percent="81">
      <mem type="soa" free="153317920" total="191259648" percent="80" />
      <mem type="loa" free="10066944" total="10066944" percent="100" />
    </mem>
    <remembered-set count="14608" />
  </mem-info>
</gc-start>
<allocation-stats totalBytes="41080792" discardedBytes="731104" >
  <allocated-bytes non-tlh="631128" tlh="40449664" />
  <largest-consumer threadName="Execution worker Thread 9" threadId="0000000001286400" bytes="40970200" />
</allocation-stats>
<gc-op id="187" type="scavenge" timems="3.802" contextid="184" timestamp="2026-09-06T11:02:47.281">
  <scavenger-info tenureage="3" tenuremask="7fc8" tiltratio="75" />
  <memory-copied type="nursery" objects="56224" bytes="2958576" bytesdiscarded="542104" />
  <memory-copied type="tenure" objects="98972" bytes="6549936" bytesdiscarded="4880" />
  <finalization candidates="412" enqueued="407" />
  <ownableSynchronizers candidates="339" cleared="0" />
  <references type="soft" candidates="975" cleared="0" enqueued="0" dynamicThreshold="32" maxThreshold="32" />
  <references type="weak" candidates="5055" cleared="2293" enqueued="2293" />
  <references type="phantom" candidates="69" cleared="0" enqueued="0" />
  <object-monitors candidates="10" cleared="0"  />
</gc-op>
<gc-end id="188" type="scavenge" contextid="184" durationms="3.994" usertimems="28.161" systemtimems="0.000" stalltimems="8.657" timestamp="2026-09-06T11:02:47.281" activeThreads="10">
  <mem-info id="189" free="205638664" total="268435456" percent="76">
    <mem type="nursery" free="48203456" total="67108864" percent="71">
      <mem type="allocate" free="48203456" total="51707904" percent="93" />
      <mem type="survivor" free="0" total="15400960" percent="0" />
    </mem>
    <mem type="tenure" free="157435208" total="201326592" percent="78">
      <mem type="soa" free="147368264" total="191259648" percent="77" />
      <mem type="loa" free="10066944" total="10066944" percent="100" />
    </mem>
    <pending-finalizers system="407" default="0" reference="2293" classloader="0" />
    <remembered-set count="10510" />
  </mem-info>
</gc-end>
<cycle-end id="190" type="scavenge" contextid="184" timestamp="2026-09-06T11:02:47.281" />
<allocation-satisfied id="191" threadId="0000000001286400" bytesRequested="3824" />
<af-end id="192" timestamp="2026-09-06T11:02:47.282" threadId="0000000001286EC0" success="true" from="nursery"/>
<exclusive-end id="193" timestamp="2026-09-06T11:02:47.282" durationms="4.819" />

<exclusive-start id="194" timestamp="2026-09-06T11:02:47.690" intervalms="413.210">
  <response-info timems="0.017" idlems="0.017" threads="0" lastid="0000000001286400" lastname="Execution worker Thread 9" />
</exclusive-start>
<af-start id="195" threadId="0000000001286EC0" totalBytesRequested="4104" timestamp="2026-09-06T11:02:47.690" intervalms="413.232" type="nursery" />
<cycle-start id="196" type="scavenge" contextid="0" timestamp="2026-09-06T11:02:47.690" intervalms="413.247" />
<gc-start id="197" type="scavenge" contextid="196" timestamp="2026-09-06T11:02:47.691">
  <mem-info id="198" free="156975504" total="268435456" percent="58">
    <mem type="nursery" free="0" total="67108864" percent="0">
      <mem type="allocate" free="0" total="51707904" percent="0" />
      <mem type="survivor" free="0" total="15400960" percent="0" />
    </mem>
    <mem type="tenure" free="156975504" total="201326592" percent="77">
      <mem type="soa" free="146908560" total="191259648" percent="76" />
      <mem type="loa" free="10066944" total="10066944" percent="100" />
    </mem>
    <remembered-set count="17660" />
  </mem-info>
</gc-start>
<allocation-stats totalBytes="48425440" discardedBytes="237720" >
  <allocated-bytes non-tlh="500120" tlh="47925320" />
  <largest-consumer threadName="Execution worker Thread 9" threadId="0000000001286400" bytes="45853272" />
</allocation-stats>
<gc-op id="199" type="scavenge" timems="2.952" contextid="196" timestamp="2026-09-06T11:02:47.694">
  <scavenger-info tenureage="3" tenuremask="7f88" tiltratio="77" />
  <memory-copied type="nursery" objects="78931" bytes="3774592" bytesdiscarded="300408" />
  <memory-copied type="tenure" objects="30260" bytes="1307096" bytesdiscarded="376" />
  <finalization candidates="624" enqueued="593" />
  <ownableSynchronizers candidates="287" cleared="175" />
  <references type="soft" candidates="1389" cleared="0" enqueued="0" dynamicThreshold="32" maxThreshold="32" />
  <references type="weak" candidates="5687" cleared="2785" enqueued="2784" />
  <references type="phantom" candidates="195" cleared="125" enqueued="125" />
  <object-monitors candidates="10" cleared="0"  />
</gc-op>
<gc-end id="200" type="scavenge" contextid="196" durationms="3.322" usertimems="19.838" systemtimems="0.000" stalltimems="7.477" timestamp="2026-09-06T11:02:47.694" activeThreads="10">
  <mem-info id="201" free="204818600" total="268435456" percent="76">
    <mem type="nursery" free="49657296" total="67108864" percent="73">
      <mem type="allocate" free="49657296" total="53739520" percent="92" />
      <mem type="survivor" free="0" total="13369344" percent="0" />
    </mem>
    <mem type="tenure" free="155161304" total="201326592" percent="77">
      <mem type="soa" free="145094360" total="191259648" percent="75" />
      <mem type="loa" free="10066944" total="10066944" percent="100" />
    </mem>
    <pending-finalizers system="593" default="0" reference="2909" classloader="0" />
    <remembered-set count="14438" />
  </mem-info>
</gc-end>
<cycle-end id="202" type="scavenge" contextid="196" timestamp="2026-09-06T11:02:47.694" />
<allocation-satisfied id="203" threadId="0000000001286400" bytesRequested="4104" />
<af-end id="204" timestamp="2026-09-06T11:02:47.694" threadId="0000000001286EC0" success="true" from="nursery"/>
<exclusive-end id="205" timestamp="2026-09-06T11:02:47.694" durationms="4.289" />

<exclusive-start id="206" timestamp="2026-09-06T11:02:48.058" intervalms="368.511">
  <response-info timems="0.017" idlems="0.017" threads="0" lastid="00000000017BB200" lastname="Cache worker for Java compile cache (/gradle/caches/9.5.0/javaC" />
</exclusive-start>
<af-start id="207" threadId="00000000017BBCC0" totalBytesRequested="1032" timestamp="2026-09-06T11:02:48.059" intervalms="368.458" type="nursery" />
<cycle-start id="208" type="scavenge" contextid="0" timestamp="2026-09-06T11:02:48.059" intervalms="368.431" />
<gc-start id="209" type="scavenge" contextid="208" timestamp="2026-09-06T11:02:48.059">
  <mem-info id="210" free="154724448" total="268435456" percent="57">
    <mem type="nursery" free="0" total="67108864" percent="0">
      <mem type="allocate" free="0" total="53739520" percent="0" />
      <mem type="survivor" free="0" total="13369344" percent="0" />
    </mem>
    <mem type="tenure" free="154724448" total="201326592" percent="76">
      <mem type="soa" free="144657504" total="191259648" percent="75" />
      <mem type="loa" free="10066944" total="10066944" percent="100" />
    </mem>
    <remembered-set count="20317" />
  </mem-info>
</gc-start>
<allocation-stats totalBytes="50087256" discardedBytes="6896" >
  <allocated-bytes non-tlh="592600" tlh="49494656" />
  <largest-consumer threadName="Execution worker Thread 9" threadId="0000000001286400" bytes="47059480" />
</allocation-stats>
<gc-op id="211" type="scavenge" timems="2.967" contextid="208" timestamp="2026-09-06T11:02:48.062">
  <scavenger-info tenureage="8" tenuremask="7f00" tiltratio="80" />
  <memory-copied type="nursery" objects="152384" bytes="7174320" bytesdiscarded="241848" />
  <finalization candidates="633" enqueued="602" />
  <ownableSynchronizers candidates="112" cleared="6" />
  <references type="soft" candidates="1491" cleared="0" enqueued="0" dynamicThreshold="32" maxThreshold="32" />
  <references type="weak" candidates="6515" cleared="1025" enqueued="1025" />
  <references type="phantom" candidates="78" cleared="4" enqueued="4" />
  <object-monitors candidates="10" cleared="0"  />
</gc-op>
<gc-end id="212" type="scavenge" contextid="208" durationms="3.196" usertimems="23.741" systemtimems="0.186" stalltimems="6.039" timestamp="2026-09-06T11:02:48.062" activeThreads="10">
  <mem-info id="213" free="201302376" total="268435456" percent="74">
    <mem type="nursery" free="46577928" total="67108864" percent="69">
      <mem type="allocate" free="46577928" total="54001664" percent="86" />
      <mem type="survivor" free="0" total="13107200" percent="0" />
    </mem>
    <mem type="tenure" free="154724448" total="201326592" percent="76">
      <mem type="soa" free="144657504" total="191259648" percent="75" />
      <mem type="loa" free="10066944" total="10066944" percent="100" />
    </mem>
    <pending-finalizers system="558" default="44" reference="1029" classloader="0" />
    <remembered-set count="14990" />
  </mem-info>
</gc-end>
<cycle-end id="214" type="scavenge" contextid="208" timestamp="2026-09-06T11:02:48.062" />
<allocation-satisfied id="215" threadId="00000000017BB200" bytesRequested="1032" />
<af-end id="216" timestamp="2026-09-06T11:02:48.062" threadId="00000000017BBCC0" success="true" from="nursery"/>
<exclusive-end id="217" timestamp="2026-09-06T11:02:48.063" durationms="4.048" />

<exclusive-start id="218" timestamp="2026-09-06T11:03:55.333" intervalms="67274.029">
  <response-info timems="0.018" idlems="0.018" threads="0" lastid="000000000057F100" lastname="Execution worker Thread 7" />
</exclusive-start>
<af-start id="219" threadId="000000000057FBC0" totalBytesRequested="2464" timestamp="2026-09-06T11:03:55.333" intervalms="67274.002" type="nursery" />
<cycle-start id="220" type="scavenge" contextid="0" timestamp="2026-09-06T11:03:55.333" intervalms="67273.991" />
<gc-start id="221" type="scavenge" contextid="220" timestamp="2026-09-06T11:03:55.333">
  <mem-info id="222" free="154636296" total="268435456" percent="57">
    <mem type="nursery" free="0" total="67108864" percent="0">
      <mem type="allocate" free="0" total="54001664" percent="0" />
      <mem type="survivor" free="0" total="13107200" percent="0" />
    </mem>
    <mem type="tenure" free="154636296" total="201326592" percent="76">
      <mem type="soa" free="144569352" total="191259648" percent="75" />
      <mem type="loa" free="10066944" total="10066944" percent="100" />
    </mem>
    <remembered-set count="18188" />
  </mem-info>
</gc-start>
<allocation-stats totalBytes="46487864" discardedBytes="178216" >
  <allocated-bytes non-tlh="1437648" tlh="45050216" />
  <largest-consumer threadName="Daemon worker Thread 2" threadId="000000000127B900" bytes="13145808" />
</allocation-stats>
<gc-op id="223" type="scavenge" timems="4.961" contextid="220" timestamp="2026-09-06T11:03:55.338">
  <scavenger-info tenureage="8" tenuremask="7f00" tiltratio="80" />
  <memory-copied type="nursery" objects="286985" bytes="10834752" bytesdiscarded="158016" />
  <finalization candidates="283" enqueued="252" />
  <ownableSynchronizers candidates="1204" cleared="788" />
  <references type="soft" candidates="1510" cleared="0" enqueued="0" dynamicThreshold="32" maxThreshold="32" />
  <references type="weak" candidates="11523" cleared="475" enqueued="475" />
  <references type="phantom" candidates="3117" cleared="3014" enqueued="3014" />
  <object-monitors candidates="14" cleared="0"  />
</gc-op>
<gc-end id="224" type="scavenge" contextid="220" durationms="13.144" usertimems="44.612" systemtimems="2.102" stalltimems="7.636" timestamp="2026-09-06T11:03:55.346" activeThreads="10">
  <mem-info id="225" free="194870920" total="268435456" percent="72">
    <mem type="nursery" free="40234624" total="67108864" percent="59">
      <mem type="allocate" free="40234624" total="51249152" percent="78" />
      <mem type="survivor" free="0" total="15859712" percent="0" />
    </mem>
    <mem type="tenure" free="154636296" total="201326592" percent="76" macro-fragmented="83886080">
      <mem type="soa" free="144569352" total="191259648" percent="75" />
      <mem type="loa" free="10066944" total="10066944" percent="100" />
    </mem>
    <pending-finalizers system="251" default="1" reference="3489" classloader="0" />
    <remembered-set count="12129" />
  </mem-info>
</gc-end>
<cycle-end id="226" type="scavenge" contextid="220" timestamp="2026-09-06T11:03:55.347" />
<allocation-satisfied id="227" threadId="000000000057F100" bytesRequested="2464" />
<af-end id="228" timestamp="2026-09-06T11:03:55.347" threadId="000000000057FBC0" success="true" from="nursery"/>
<exclusive-end id="229" timestamp="2026-09-06T11:03:55.347" durationms="13.996" />

<exclusive-start id="230" timestamp="2026-09-06T11:04:03.696" intervalms="8363.712">
  <response-info timems="0.078" idlems="0.078" threads="0" lastid="000000000053B200" lastname="Daemon periodic checks" />
</exclusive-start>
<af-start id="231" threadId="000000000053BCC0" totalBytesRequested="32" timestamp="2026-09-06T11:04:03.697" intervalms="8363.882" type="nursery" />
<cycle-start id="232" type="scavenge" contextid="0" timestamp="2026-09-06T11:04:03.697" intervalms="8364.049" />
<gc-start id="233" type="scavenge" contextid="232" timestamp="2026-09-06T11:04:03.698">
  <mem-info id="234" free="154620656" total="268435456" percent="57">
    <mem type="nursery" free="0" total="67108864" percent="0">
      <mem type="allocate" free="0" total="51249152" percent="0" />
      <mem type="survivor" free="0" total="15859712" percent="0" />
    </mem>
    <mem type="tenure" free="154620656" total="201326592" percent="76">
      <mem type="soa" free="144553712" total="191259648" percent="75" />
      <mem type="loa" free="10066944" total="10066944" percent="100" />
    </mem>
    <remembered-set count="12537" />
  </mem-info>
</gc-start>
<allocation-stats totalBytes="40131048" discardedBytes="119216" >
  <allocated-bytes non-tlh="766024" tlh="39365024" />
  <largest-consumer threadName="Cache worker for journal cache (/gradle/caches/journal-1)" threadId="00000000006BF600" bytes="595224" />
</allocation-stats>
<gc-op id="235" type="scavenge" timems="14.618" contextid="232" timestamp="2026-09-06T11:04:03.713">
  <scavenger-info tenureage="3" tenuremask="7f38" tiltratio="76" />
  <memory-copied type="nursery" objects="222942" bytes="8337192" bytesdiscarded="491168" />
  <memory-copied type="tenure" objects="66183" bytes="3089680" bytesdiscarded="1088" />
  <finalization candidates="148" enqueued="117" />
  <ownableSynchronizers candidates="816" cleared="413" />
  <references type="soft" candidates="125" cleared="0" enqueued="0" dynamicThreshold="32" maxThreshold="32" />
  <references type="weak" candidates="8278" cleared="53" enqueued="42" />
  <references type="phantom" candidates="184" cleared="176" enqueued="176" />
  <object-monitors candidates="15" cleared="1"  />
</gc-op>
<gc-end id="236" type="scavenge" contextid="232" durationms="15.459" usertimems="65.380" systemtimems="12.235" stalltimems="28.716" timestamp="2026-09-06T11:04:03.713" activeThreads="10">
  <mem-info id="237" free="195053088" total="268435456" percent="72">
    <mem type="nursery" free="43058544" total="67108864" percent="64">
      <mem type="allocate" free="43058544" total="51904512" percent="82" />
      <mem type="survivor" free="0" total="15204352" percent="0" />
    </mem>
    <mem type="tenure" free="151994544" total="201326592" percent="75" macro-fragmented="67108864">
      <mem type="soa" free="141927600" total="191259648" percent="74" />
      <mem type="loa" free="10066944" total="10066944" percent="100" />
    </mem>
    <pending-finalizers system="73" default="44" reference="218" classloader="0" />
    <remembered-set count="3698" />
  </mem-info>
</gc-end>
<cycle-end id="238" type="scavenge" contextid="232" timestamp="2026-09-06T11:04:03.714" />
<allocation-satisfied id="239" threadId="000000000053B200" bytesRequested="32" />
<af-end id="240" timestamp="2026-09-06T11:04:03.714" threadId="000000000053BCC0" success="true" from="nursery"/>
<exclusive-end id="241" timestamp="2026-09-06T11:04:03.715" durationms="18.176" />

<exclusive-start id="242" timestamp="2026-09-06T11:07:19.295" intervalms="195597.643">
  <response-info timems="0.137" idlems="0.137" threads="0" lastid="00000000001A7100" lastname="VM Runtime State Listener" />
</exclusive-start>
<sys-start reason="vm idle" id="243" timestamp="2026-09-06T11:07:19.299" intervalms="276826.943" />
<cycle-start id="244" type="global" contextid="0" timestamp="2026-09-06T11:07:19.300" intervalms="276827.957" />
<gc-start id="245" type="global" contextid="244" timestamp="2026-09-06T11:07:19.301">
  <mem-info id="246" free="193033728" total="268435456" percent="71">
    <mem type="nursery" free="41039184" total="67108864" percent="61">
      <mem type="allocate" free="41039184" total="51904512" percent="79" />
      <mem type="survivor" free="0" total="15204352" percent="0" />
    </mem>
    <mem type="tenure" free="151994544" total="201326592" percent="75">
      <mem type="soa" free="141927600" total="191259648" percent="74" />
      <mem type="loa" free="10066944" total="10066944" percent="100" />
    </mem>
    <remembered-set count="3708" />
  </mem-info>
</gc-start>
<allocation-stats totalBytes="1996024" discardedBytes="23336" >
  <allocated-bytes non-tlh="32" tlh="1995992" />
  <largest-consumer threadName="Memory manager" threadId="00000000010E5B00" bytes="960568" />
</allocation-stats>
<gc-op id="247" type="mark" timems="62.157" contextid="244" timestamp="2026-09-06T11:07:19.364">
  <trace-info objectcount="946457" scancount="825716" scanbytes="27581808" />
  <finalization candidates="962" enqueued="0" />
  <ownableSynchronizers candidates="4397" cleared="447" />
  <references type="soft" candidates="25783" cleared="0" enqueued="0" dynamicThreshold="32" maxThreshold="32" />
  <references type="weak" candidates="27874" cleared="2221" enqueued="2207" />
  <references type="phantom" candidates="1906" cleared="6" enqueued="6" />
  <stringconstants candidates="45302" cleared="274"  />
  <object-monitors candidates="14" cleared="4"  />
</gc-op>
<gc-op id="248" type="classunload" timems="3.632" contextid="244" timestamp="2026-09-06T11:07:19.368">
  <classunload-info classloadercandidates="18" classloadersunloaded="4" classesunloaded="9" anonymousclassesunloaded="9" quiescems="0.000" setupms="3.024" scanms="0.410" postms="0.197" />
</gc-op>
<gc-op id="249" type="sweep" timems="6.758" contextid="244" timestamp="2026-09-06T11:07:19.375" />
<gc-end id="250" type="global" contextid="244" durationms="94.037" usertimems="176.853" systemtimems="19.278" stalltimems="66.964" timestamp="2026-09-06T11:07:19.395" activeThreads="10">
  <mem-info id="251" free="201242720" total="268435456" percent="74">
    <mem type="nursery" free="44695808" total="67108864" percent="66">
      <mem type="allocate" free="44695808" total="51904512" percent="86" />
      <mem type="survivor" free="0" total="15204352" percent="0" />
    </mem>
    <mem type="tenure" free="156546912" total="201326592" percent="77" micro-fragmented="1220350" macro-fragmented="117440512">
      <mem type="soa" free="146479968" total="191259648" percent="76" />
      <mem type="loa" free="10066944" total="10066944" percent="100" />
    </mem>
    <pending-finalizers system="0" default="0" reference="2213" classloader="0" />
    <remembered-set count="2739" />
  </mem-info>
</gc-end>
<cycle-end id="252" type="global" contextid="244" timestamp="2026-09-06T11:07:19.395" />
<heap-fixup timems="8.585" reason="class unloading"  timestamp="2026-09-06T11:07:19.396" />
<sys-end id="253" timestamp="2026-09-06T11:07:19.396" />
<exclusive-end id="254" timestamp="2026-09-06T11:07:19.396" durationms="101.096" />

<heap-resize id="255" type="release free pages" space="tenure" amount="154959872" count="1" timems="0.597" reason="idle" timestamp="2026-09-06T11:07:19.397" />
<exclusive-start id="256" timestamp="2026-09-06T11:10:04.409" intervalms="165114.816">
  <response-info timems="0.028" idlems="0.028" threads="0" lastid="0000000000955C00" lastname="Execution worker Thread 7" />
</exclusive-start>
<af-start id="257" threadId="00000000009566C0" totalBytesRequested="16" timestamp="2026-09-06T11:10:04.410" intervalms="360712.624" type="nursery" />
<cycle-start id="258" type="scavenge" contextid="0" timestamp="2026-09-06T11:10:04.410" intervalms="360712.497" />
<gc-start id="259" type="scavenge" contextid="258" timestamp="2026-09-06T11:10:04.411">
  <mem-info id="260" free="156534280" total="268435456" percent="58">
    <mem type="nursery" free="0" total="67108864" percent="0">
      <mem type="allocate" free="0" total="51904512" percent="0" />
      <mem type="survivor" free="0" total="15204352" percent="0" />
    </mem>
    <mem type="tenure" free="156534280" total="201326592" percent="77">
      <mem type="soa" free="146467336" total="191259648" percent="76" />
      <mem type="loa" free="10066944" total="10066944" percent="100" />
    </mem>
    <remembered-set count="5102" />
  </mem-info>
</gc-start>
<allocation-stats totalBytes="44580416" discardedBytes="124640" >
  <allocated-bytes non-tlh="995224" tlh="43585192" />
  <largest-consumer threadName="Daemon worker Thread 3" threadId="0000000001284200" bytes="13323824" />
</allocation-stats>
<gc-op id="261" type="scavenge" timems="4.836" contextid="258" timestamp="2026-09-06T11:10:04.415">
  <scavenger-info tenureage="3" tenuremask="7f08" tiltratio="77" />
  <memory-copied type="nursery" objects="165240" bytes="6025312" bytesdiscarded="206072" />
  <memory-copied type="tenure" objects="74397" bytes="2796768" bytesdiscarded="15712" />
  <finalization candidates="14" enqueued="14" />
  <ownableSynchronizers candidates="8743" cleared="8388" />
  <references type="soft" candidates="26" cleared="0" enqueued="0" dynamicThreshold="24" maxThreshold="32" />
  <references type="weak" candidates="6331" cleared="108" enqueued="31" />
  <references type="phantom" candidates="3149" cleared="3113" enqueued="3113" />
  <object-monitors candidates="11" cleared="1"  />
</gc-op>
<gc-end id="262" type="scavenge" contextid="258" durationms="10.083" usertimems="34.767" systemtimems="3.865" stalltimems="8.982" timestamp="2026-09-06T11:10:04.421" activeThreads="10">
  <mem-info id="263" free="200224288" total="268435456" percent="74">
    <mem type="nursery" free="46834216" total="67108864" percent="69">
      <mem type="allocate" free="46834216" total="53084160" percent="88" />
      <mem type="survivor" free="0" total="14024704" percent="0" />
    </mem>
    <mem type="tenure" free="153390072" total="201326592" percent="76" macro-fragmented="117440512">
      <mem type="soa" free="143323128" total="191259648" percent="74" />
      <mem type="loa" free="10066944" total="10066944" percent="100" />
    </mem>
    <pending-finalizers system="13" default="1" reference="3144" classloader="0" />
    <remembered-set count="4056" />
  </mem-info>
</gc-end>
<cycle-end id="264" type="scavenge" contextid="258" timestamp="2026-09-06T11:10:04.421" />
<allocation-satisfied id="265" threadId="0000000000955C00" bytesRequested="16" />
<af-end id="266" timestamp="2026-09-06T11:10:04.421" threadId="00000000009566C0" success="true" from="nursery"/>
<exclusive-end id="267" timestamp="2026-09-06T11:10:04.421" durationms="11.584" />

<exclusive-start id="268" timestamp="2026-09-06T11:13:14.308" intervalms="189893.256">
  <response-info timems="0.092" idlems="0.092" threads="0" lastid="00000000001A7100" lastname="VM Runtime State Listener" />
</exclusive-start>
<sys-start reason="vm idle" id="269" timestamp="2026-09-06T11:13:14.310" intervalms="355006.773" />
<cycle-start id="270" type="global" contextid="0" timestamp="2026-09-06T11:13:14.311" intervalms="355006.104" />
<gc-start id="271" type="global" contextid="270" timestamp="2026-09-06T11:13:14.312">
  <mem-info id="272" free="173712880" total="268435456" percent="64">
    <mem type="nursery" free="20322888" total="67108864" percent="30">
      <mem type="allocate" free="20322888" total="53084160" percent="38" />
      <mem type="survivor" free="0" total="14024704" percent="0" />
    </mem>
    <mem type="tenure" free="153389992" total="201326592" percent="76">
      <mem type="soa" free="143323048" total="191259648" percent="74" />
      <mem type="loa" free="10066944" total="10066944" percent="100" />
    </mem>
    <remembered-set count="4176" />
  </mem-info>
</gc-start>
<allocation-stats totalBytes="26481816" discardedBytes="29592" >
  <allocated-bytes non-tlh="546864" tlh="25934952" />
  <largest-consumer threadName="Memory manager" threadId="00000000010E5B00" bytes="968672" />
</allocation-stats>
<gc-op id="273" type="mark" timems="25.270" contextid="270" timestamp="2026-09-06T11:13:14.338">
  <trace-info objectcount="946688" scancount="825731" scanbytes="27589864" />
  <finalization candidates="1006" enqueued="44" />
  <ownableSynchronizers candidates="4276" cleared="280" />
  <references type="soft" candidates="25783" cleared="0" enqueued="0" dynamicThreshold="24" maxThreshold="32" />
  <references type="weak" candidates="25737" cleared="84" enqueued="81" />
  <references type="phantom" candidates="1950" cleared="50" enqueued="50" />
  <stringconstants candidates="45089" cleared="48"  />
  <object-monitors candidates="11" cleared="1"  />
</gc-op>
<gc-op id="274" type="classunload" timems="0.170" contextid="270" timestamp="2026-09-06T11:13:14.338">
  <classunload-info classloadercandidates="16" classloadersunloaded="2" classesunloaded="0" anonymousclassesunloaded="0" quiescems="0.000" setupms="0.152" scanms="0.011" postms="0.006" />
</gc-op>
<gc-op id="275" type="sweep" timems="0.977" contextid="270" timestamp="2026-09-06T11:13:14.339" />
<mem-info id="276" free="201114400" total="268435456" percent="74">
  <mem type="nursery" free="47372712" total="67108864" percent="70">
    <mem type="allocate" free="47372712" total="53084160" percent="89" />
    <mem type="survivor" free="0" total="14024704" percent="0" />
  </mem>
  <mem type="tenure" free="153741688" total="201326592" percent="76" micro-fragmented="1282633" macro-fragmented="100663296">
    <mem type="soa" free="143674744" total="191259648" percent="75" />
    <mem type="loa" free="10066944" total="10066944" percent="100" />
  </mem>
  <pending-finalizers system="0" default="44" reference="131" classloader="0" />
  <remembered-set count="2300" />
</mem-info>
<gc-op id="277" type="compact" timems="62.449" contextid="270" timestamp="2026-09-06T11:13:14.402">
  <compact-info movecount="937246" movebytes="50698960" reason="compact on aggressive collection" />
</gc-op>
<gc-end id="278" type="global" contextid="270" durationms="94.956" usertimems="437.628" systemtimems="8.011" stalltimems="85.897" timestamp="2026-09-06T11:13:14.407" activeThreads="10">
  <mem-info id="279" free="203071840" total="268435456" percent="75">
    <mem type="nursery" free="47838416" total="67108864" percent="71">
      <mem type="allocate" free="47838416" total="53084160" percent="90" />
      <mem type="survivor" free="0" total="14024704" percent="0" />
    </mem>
    <mem type="tenure" free="155233424" total="201326592" percent="77">
      <mem type="soa" free="145166480" total="191259648" percent="75" />
      <mem type="loa" free="10066944" total="10066944" percent="100" />
    </mem>
    <pending-finalizers system="0" default="44" reference="131" classloader="0" />
    <remembered-set count="2300" />
  </mem-info>
</gc-end>
<cycle-end id="280" type="global" contextid="270" timestamp="2026-09-06T11:13:14.407" />
<sys-end id="281" timestamp="2026-09-06T11:13:14.407" />
<exclusive-end id="282" timestamp="2026-09-06T11:13:14.407" durationms="99.491" />

<heap-resize id="283" type="release free pages" space="tenure" amount="155209728" count="1" timems="0.031" reason="idle" timestamp="2026-09-06T11:13:14.407" />
<exclusive-start id="284" timestamp="2026-09-06T11:16:58.545" intervalms="224235.916">
  <response-info timems="0.031" idlems="0.031" threads="0" lastid="000000000055F000" lastname="Execution worker Thread 4" />
</exclusive-start>
<af-start id="285" threadId="000000000055FAC0" totalBytesRequested="88" timestamp="2026-09-06T11:16:58.545" intervalms="414129.131" type="nursery" />
<cycle-start id="286" type="scavenge" contextid="0" timestamp="2026-09-06T11:16:58.545" intervalms="414129.283" />
<gc-start id="287" type="scavenge" contextid="286" timestamp="2026-09-06T11:16:58.547">
  <mem-info id="288" free="155223408" total="268435456" percent="57">
    <mem type="nursery" free="0" total="67108864" percent="0">
      <mem type="allocate" free="0" total="53084160" percent="0" />
      <mem type="survivor" free="0" total="14024704" percent="0" />
    </mem>
    <mem type="tenure" free="155223408" total="201326592" percent="77">
      <mem type="soa" free="145156464" total="191259648" percent="75" />
      <mem type="loa" free="10066944" total="10066944" percent="100" />
    </mem>
    <remembered-set count="2575" />
  </mem-info>
</gc-start>
<allocation-stats totalBytes="47697840" discardedBytes="149096" >
  <allocated-bytes non-tlh="971160" tlh="46726680" />
  <largest-consumer threadName="Daemon worker Thread 4" threadId="000000000054F200" bytes="13252224" />
</allocation-stats>
<gc-op id="289" type="scavenge" timems="6.461" contextid="286" timestamp="2026-09-06T11:16:58.553">
  <scavenger-info tenureage="8" tenuremask="7f00" tiltratio="79" />
  <memory-copied type="nursery" objects="177595" bytes="7205744" bytesdiscarded="614072" />
  <finalization candidates="18" enqueued="5" />
  <ownableSynchronizers candidates="9146" cleared="8775" />
  <references type="soft" candidates="30" cleared="0" enqueued="0" dynamicThreshold="24" maxThreshold="32" />
  <references type="weak" candidates="6480" cleared="86" enqueued="9" />
  <references type="phantom" candidates="3274" cleared="3097" enqueued="3097" />
  <object-monitors candidates="11" cleared="1"  />
</gc-op>
<gc-end id="290" type="scavenge" contextid="286" durationms="10.401" usertimems="18.373" systemtimems="0.000" stalltimems="23.877" timestamp="2026-09-06T11:16:58.557" activeThreads="10">
  <mem-info id="291" free="201318864" total="268435456" percent="74">
    <mem type="nursery" free="46095456" total="67108864" percent="68">
      <mem type="allocate" free="46095456" total="53936128" percent="85" />
      <mem type="survivor" free="0" total="13172736" percent="0" />
    </mem>
    <mem type="tenure" free="155223408" total="201326592" percent="77" macro-fragmented="134217728">
      <mem type="soa" free="145156464" total="191259648" percent="75" />
      <mem type="loa" free="10066944" total="10066944" percent="100" />
    </mem>
    <pending-finalizers system="4" default="1" reference="3106" classloader="0" />
    <remembered-set count="2333" />
  </mem-info>
</gc-end>
<cycle-end id="292" type="scavenge" contextid="286" timestamp="2026-09-06T11:16:58.557" />
<allocation-satisfied id="293" threadId="000000000055F000" bytesRequested="88" />
<af-end id="294" timestamp="2026-09-06T11:16:58.557" threadId="000000000055FAC0" success="true" from="nursery"/>
<exclusive-end id="295" timestamp="2026-09-06T11:16:58.557" durationms="12.678" />

<exclusive-start id="296" timestamp="2026-09-06T11:17:07.047" intervalms="8501.901">
  <response-info timems="0.020" idlems="0.020" threads="0" lastid="0000000000955C00" lastname="Execution worker Thread 4" />
</exclusive-start>
<af-start id="297" threadId="00000000009566C0" totalBytesRequested="8200" timestamp="2026-09-06T11:17:07.047" intervalms="8501.588" type="nursery" />
<cycle-start id="298" type="scavenge" contextid="0" timestamp="2026-09-06T11:17:07.047" intervalms="8501.398" />
<gc-start id="299" type="scavenge" contextid="298" timestamp="2026-09-06T11:17:07.047">
  <mem-info id="300" free="155221112" total="268435456" percent="57">
    <mem type="nursery" free="0" total="67108864" percent="0">
      <mem type="allocate" free="0" total="53936128" percent="0" />
      <mem type="survivor" free="0" total="13172736" percent="0" />
    </mem>
    <mem type="tenure" free="155221112" total="201326592" percent="77">
      <mem type="soa" free="145154168" total="191259648" percent="75" />
      <mem type="loa" free="10066944" total="10066944" percent="100" />
    </mem>
    <remembered-set count="2561" />
  </mem-info>
</gc-start>
<allocation-stats totalBytes="46020888" discardedBytes="76864" >
  <allocated-bytes non-tlh="1159592" tlh="44861296" />
  <largest-consumer threadName="Daemon worker Thread 4" threadId="000000000054F200" bytes="14279384" />
</allocation-stats>
<gc-op id="301" type="scavenge" timems="4.098" contextid="298" timestamp="2026-09-06T11:17:07.051">
  <scavenger-info tenureage="8" tenuremask="7f00" tiltratio="80" />
  <memory-copied type="nursery" objects="144351" bytes="5597800" bytesdiscarded="174760" />
  <finalization candidates="45" enqueued="44" />
  <ownableSynchronizers candidates="1407" cleared="1007" />
  <references type="soft" candidates="24" cleared="0" enqueued="0" dynamicThreshold="24" maxThreshold="32" />
  <references type="weak" candidates="5939" cleared="114" enqueued="79" />
  <references type="phantom" candidates="2834" cleared="2805" enqueued="2805" />
  <object-monitors candidates="12" cleared="2"  />
</gc-op>
<gc-end id="302" type="scavenge" contextid="298" durationms="4.382" usertimems="20.177" systemtimems="1.885" stalltimems="15.086" timestamp="2026-09-06T11:17:07.051" activeThreads="10">
  <mem-info id="303" free="204353256" total="268435456" percent="76">
    <mem type="nursery" free="49132144" total="67108864" percent="73">
      <mem type="allocate" free="49132144" total="54919168" percent="89" />
      <mem type="survivor" free="0" total="12189696" percent="0" />
    </mem>
    <mem type="tenure" free="155221112" total="201326592" percent="77" macro-fragmented="100663296">
      <mem type="soa" free="145154168" total="191259648" percent="75" />
      <mem type="loa" free="10066944" total="10066944" percent="100" />
    </mem>
    <pending-finalizers system="0" default="44" reference="2884" classloader="0" />
    <remembered-set count="2137" />
  </mem-info>
</gc-end>
<cycle-end id="304" type="scavenge" contextid="298" timestamp="2026-09-06T11:17:07.052" />
<allocation-satisfied id="305" threadId="0000000000955C00" bytesRequested="8200" />
<af-end id="306" timestamp="2026-09-06T11:17:07.052" threadId="00000000009566C0" success="true" from="nursery"/>
<exclusive-end id="307" timestamp="2026-09-06T11:17:07.052" durationms="5.127" />

<exclusive-start id="308" timestamp="2026-09-06T11:20:19.309" intervalms="192262.665">
  <response-info timems="0.167" idlems="0.167" threads="0" lastid="00000000001A7100" lastname="VM Runtime State Listener" />
</exclusive-start>
<sys-start reason="vm idle" id="309" timestamp="2026-09-06T11:20:19.313" intervalms="425001.578" />
<cycle-start id="310" type="global" contextid="0" timestamp="2026-09-06T11:20:19.313" intervalms="425001.722" />
<gc-start id="311" type="global" contextid="310" timestamp="2026-09-06T11:20:19.315">
  <mem-info id="312" free="160123440" total="268435456" percent="59">
    <mem type="nursery" free="4907632" total="67108864" percent="7">
      <mem type="allocate" free="4907632" total="54919168" percent="8" />
      <mem type="survivor" free="0" total="12189696" percent="0" />
    </mem>
    <mem type="tenure" free="155215808" total="201326592" percent="77">
      <mem type="soa" free="145148864" total="191259648" percent="75" />
      <mem type="loa" free="10066944" total="10066944" percent="100" />
    </mem>
    <remembered-set count="2396" />
  </mem-info>
</gc-start>
<allocation-stats totalBytes="44110664" discardedBytes="119152" >
  <allocated-bytes non-tlh="844984" tlh="43265680" />
  <largest-consumer threadName="Memory manager" threadId="00000000010E5B00" bytes="896520" />
</allocation-stats>
<gc-op id="313" type="mark" timems="27.820" contextid="310" timestamp="2026-09-06T11:20:19.343">
  <trace-info objectcount="950361" scancount="828571" scanbytes="27713136" />
  <finalization candidates="1009" enqueued="47" />
  <ownableSynchronizers candidates="4587" cleared="581" />
  <references type="soft" candidates="25783" cleared="0" enqueued="0" dynamicThreshold="24" maxThreshold="32" />
  <references type="weak" candidates="25754" cleared="96" enqueued="90" />
  <references type="phantom" candidates="2294" cleared="394" enqueued="394" />
  <stringconstants candidates="45089" cleared="48"  />
  <object-monitors candidates="11" cleared="1"  />
</gc-op>
<gc-op id="314" type="classunload" timems="0.166" contextid="310" timestamp="2026-09-06T11:20:19.343">
  <classunload-info classloadercandidates="18" classloadersunloaded="4" classesunloaded="0" anonymousclassesunloaded="0" quiescems="0.000" setupms="0.121" scanms="0.038" postms="0.006" />
</gc-op>
<gc-op id="315" type="sweep" timems="1.021" contextid="310" timestamp="2026-09-06T11:20:19.345" />
<gc-end id="316" type="global" contextid="310" durationms="30.476" usertimems="142.175" systemtimems="0.983" stalltimems="99.519" timestamp="2026-09-06T11:20:19.346" activeThreads="10">
  <mem-info id="317" free="203035328" total="268435456" percent="75">
    <mem type="nursery" free="47802624" total="67108864" percent="71">
      <mem type="allocate" free="47802624" total="54919168" percent="87" />
      <mem type="survivor" free="0" total="12189696" percent="0" />
    </mem>
    <mem type="tenure" free="155232704" total="201326592" percent="77" micro-fragmented="9350" macro-fragmented="67108864">
      <mem type="soa" free="145165760" total="191259648" percent="75" />
      <mem type="loa" free="10066944" total="10066944" percent="100" />
    </mem>
    <pending-finalizers system="2" default="45" reference="484" classloader="0" />
    <remembered-set count="2062" />
  </mem-info>
</gc-end>
<cycle-end id="318" type="global" contextid="310" timestamp="2026-09-06T11:20:19.346" />
<sys-end id="319" timestamp="2026-09-06T11:20:19.346" />
<exclusive-end id="320" timestamp="2026-09-06T11:20:19.346" durationms="36.516" />

<heap-resize id="321" type="release free pages" space="tenure" amount="155197440" count="1" timems="0.129" reason="idle" timestamp="2026-09-06T11:20:19.346" />
<exclusive-start id="322" timestamp="2026-09-06T11:26:17.071" intervalms="357760.180">
  <response-info timems="0.030" idlems="0.030" threads="0" lastid="000000000127EA00" lastname="Execution worker Thread 2" />
</exclusive-start>
<af-start id="323" threadId="000000000127F4C0" totalBytesRequested="131064" timestamp="2026-09-06T11:26:17.071" intervalms="550022.906" type="nursery" />
<cycle-start id="324" type="scavenge" contextid="0" timestamp="2026-09-06T11:26:17.071" intervalms="550022.916" />
<gc-start id="325" type="scavenge" contextid="324" timestamp="2026-09-06T11:26:17.072">
  <mem-info id="326" free="155224456" total="268435456" percent="57">
    <mem type="nursery" free="0" total="67108864" percent="0">
      <mem type="allocate" free="0" total="54919168" percent="0" />
      <mem type="survivor" free="0" total="12189696" percent="0" />
    </mem>
    <mem type="tenure" free="155224456" total="201326592" percent="77">
      <mem type="soa" free="145157512" total="191259648" percent="75" />
      <mem type="loa" free="10066944" total="10066944" percent="100" />
    </mem>
    <remembered-set count="2258" />
  </mem-info>
</gc-start>
<allocation-stats totalBytes="47161696" discardedBytes="634592" >
  <allocated-bytes non-tlh="2371472" tlh="44790224" />
  <largest-consumer threadName="Daemon worker Thread 5" threadId="0000000000FF2E00" bytes="12892392" />
</allocation-stats>
<gc-op id="327" type="scavenge" timems="4.264" contextid="324" timestamp="2026-09-06T11:26:17.076">
  <scavenger-info tenureage="5" tenuremask="7f20" tiltratio="81" />
  <memory-copied type="nursery" objects="123945" bytes="4383360" bytesdiscarded="378384" />
  <memory-copied type="tenure" objects="39455" bytes="1419296" bytesdiscarded="760" />
  <finalization candidates="14" enqueued="14" />
  <ownableSynchronizers candidates="9180" cleared="8815" />
  <references type="soft" candidates="7" cleared="0" enqueued="0" dynamicThreshold="24" maxThreshold="32" />
  <references type="weak" candidates="1510" cleared="19" enqueued="9" />
  <references type="phantom" candidates="3136" cleared="3097" enqueued="3097" />
  <object-monitors candidates="12" cleared="1"  />
</gc-op>
<gc-end id="328" type="scavenge" contextid="324" durationms="18.776" usertimems="35.207" systemtimems="0.994" stalltimems="10.228" timestamp="2026-09-06T11:26:17.090" activeThreads="10">
  <mem-info id="329" free="204504856" total="268435456" percent="76">
    <mem type="nursery" free="51318760" total="67108864" percent="76">
      <mem type="allocate" free="51318760" total="56098816" percent="91" />
      <mem type="survivor" free="0" total="11010048" percent="0" />
    </mem>
    <mem type="tenure" free="153186096" total="201326592" percent="76" macro-fragmented="83886080">
      <mem type="soa" free="143119152" total="191259648" percent="74" />
      <mem type="loa" free="10066944" total="10066944" percent="100" />
    </mem>
    <pending-finalizers system="13" default="1" reference="3106" classloader="0" />
    <remembered-set count="1184" />
  </mem-info>
</gc-end>
<cycle-end id="330" type="scavenge" contextid="324" timestamp="2026-09-06T11:26:17.091" />
<allocation-satisfied id="331" threadId="000000000127EA00" bytesRequested="131064" />
<af-end id="332" timestamp="2026-09-06T11:26:17.091" threadId="000000000127F4C0" success="true" from="nursery"/>
<exclusive-end id="333" timestamp="2026-09-06T11:26:17.091" durationms="19.787" />

<exclusive-start id="334" timestamp="2026-09-06T11:29:26.773" intervalms="189698.635">
  <response-info timems="0.099" idlems="0.099" threads="0" lastid="00000000001A7100" lastname="VM Runtime State Listener" />
</exclusive-start>
<sys-start reason="vm idle" id="335" timestamp="2026-09-06T11:29:26.776" intervalms="547457.835" />
<cycle-start id="336" type="global" contextid="0" timestamp="2026-09-06T11:29:26.776" intervalms="547457.804" />
<gc-start id="337" type="global" contextid="336" timestamp="2026-09-06T11:29:26.778">
  <mem-info id="338" free="175311800" total="268435456" percent="65">
    <mem type="nursery" free="22128672" total="67108864" percent="32">
      <mem type="allocate" free="22128672" total="56098816" percent="39" />
      <mem type="survivor" free="0" total="11010048" percent="0" />
    </mem>
    <mem type="tenure" free="153183128" total="201326592" percent="76">
      <mem type="soa" free="143116184" total="191259648" percent="74" />
      <mem type="loa" free="10066944" total="10066944" percent="100" />
    </mem>
    <remembered-set count="1360" />
  </mem-info>
</gc-start>
<allocation-stats totalBytes="29167040" discardedBytes="26016" >
  <allocated-bytes non-tlh="680800" tlh="28486240" />
  <largest-consumer threadName="Daemon periodic checks" threadId="000000000053B200" bytes="1102160" />
</allocation-stats>
<gc-op id="339" type="mark" timems="27.245" contextid="336" timestamp="2026-09-06T11:29:26.805">
  <trace-info objectcount="947049" scancount="826029" scanbytes="27603560" />
  <finalization candidates="1007" enqueued="45" />
  <ownableSynchronizers candidates="4287" cleared="279" />
  <references type="soft" candidates="25783" cleared="0" enqueued="0" dynamicThreshold="24" maxThreshold="32" />
  <references type="weak" candidates="25744" cleared="81" enqueued="78" />
  <references type="phantom" candidates="1950" cleared="50" enqueued="50" />
  <stringconstants candidates="45089" cleared="48"  />
  <object-monitors candidates="12" cleared="1"  />
</gc-op>
<gc-op id="340" type="classunload" timems="0.120" contextid="336" timestamp="2026-09-06T11:29:26.805">
  <classunload-info classloadercandidates="16" classloadersunloaded="2" classesunloaded="0" anonymousclassesunloaded="0" quiescems="0.000" setupms="0.106" scanms="0.009" postms="0.004" />
</gc-op>
<gc-op id="341" type="sweep" timems="0.815" contextid="336" timestamp="2026-09-06T11:29:26.806" />
<mem-info id="342" free="205558000" total="268435456" percent="76">
  <mem type="nursery" free="51747224" total="67108864" percent="77">
    <mem type="allocate" free="51747224" total="56098816" percent="92" />
    <mem type="survivor" free="0" total="11010048" percent="0" />
  </mem>
  <mem type="tenure" free="153810776" total="201326592" percent="76" micro-fragmented="18383" macro-fragmented="134217728">
    <mem type="soa" free="143743832" total="191259648" percent="75" />
    <mem type="loa" free="10066944" total="10066944" percent="100" />
  </mem>
  <pending-finalizers system="1" default="44" reference="128" classloader="0" />
  <remembered-set count="1184" />
</mem-info>
<gc-op id="343" type="compact" timems="32.542" contextid="336" timestamp="2026-09-06T11:29:26.839">
  <compact-info movecount="667846" movebytes="35656192" reason="compact on aggressive collection" />
</gc-op>
<gc-end id="344" type="global" contextid="336" durationms="70.521" usertimems="388.876" systemtimems="6.890" stalltimems="75.552" timestamp="2026-09-06T11:29:26.848" activeThreads="10">
  <mem-info id="345" free="206071696" total="268435456" percent="76">
    <mem type="nursery" free="52249728" total="67108864" percent="77">
      <mem type="allocate" free="52249728" total="56098816" percent="93" />
      <mem type="survivor" free="0" total="11010048" percent="0" />
    </mem>
    <mem type="tenure" free="153821968" total="201326592" percent="76">
      <mem type="soa" free="143755024" total="191259648" percent="75" />
      <mem type="loa" free="10066944" total="10066944" percent="100" />
    </mem>
    <pending-finalizers system="1" default="44" reference="128" classloader="0" />
    <remembered-set count="1184" />
  </mem-info>
</gc-end>
<cycle-end id="346" type="global" contextid="336" timestamp="2026-09-06T11:29:26.848" />
<sys-end id="347" timestamp="2026-09-06T11:29:26.848" />
<exclusive-end id="348" timestamp="2026-09-06T11:29:26.848" durationms="75.305" />

<heap-resize id="349" type="release free pages" space="tenure" amount="153800704" count="1" timems="0.025" reason="idle" timestamp="2026-09-06T11:29:26.848" />
<exclusive-start id="350" timestamp="2026-09-06T12:20:37.897" intervalms="629838.668">
  <response-info timems="0.108" idlems="0.079" threads="1" lastid="00000000005A3F00" lastname="Daemon client event forwarder" />
</exclusive-start>
<af-start id="351" threadId="000000000124E1C0" totalBytesRequested="32" timestamp="2026-09-06T12:20:37.897" intervalms="819537.563" type="nursery" />
<cycle-start id="352" type="scavenge" contextid="0" timestamp="2026-09-06T12:20:37.897" intervalms="819537.796" />
<gc-start id="353" type="scavenge" contextid="352" timestamp="2026-09-06T12:20:37.898">
  <mem-info id="354" free="153811072" total="268435456" percent="57">
    <mem type="nursery" free="0" total="67108864" percent="0">
      <mem type="allocate" free="0" total="56098816" percent="0" />
      <mem type="survivor" free="0" total="11010048" percent="0" />
    </mem>
    <mem type="tenure" free="153811072" total="201326592" percent="76">
      <mem type="soa" free="143744128" total="191259648" percent="75" />
      <mem type="loa" free="10066944" total="10066944" percent="100" />
    </mem>
    <remembered-set count="1476" />
  </mem-info>
</gc-start>
<allocation-stats totalBytes="52125328" discardedBytes="133056" >
  <allocated-bytes non-tlh="967256" tlh="51158072" />
  <largest-consumer threadName="Daemon worker Thread 6" threadId="0000000000955C00" bytes="13429392" />
</allocation-stats>
<gc-op id="355" type="scavenge" timems="6.570" contextid="352" timestamp="2026-09-06T12:20:37.905">
  <scavenger-info tenureage="9" tenuremask="7e00" tiltratio="83" />
  <memory-copied type="nursery" objects="140021" bytes="6082336" bytesdiscarded="290400" />
  <finalization candidates="18" enqueued="3" />
  <ownableSynchronizers candidates="8914" cleared="8533" />
  <references type="soft" candidates="12" cleared="0" enqueued="0" dynamicThreshold="24" maxThreshold="32" />
  <references type="weak" candidates="1898" cleared="86" enqueued="9" />
  <references type="phantom" candidates="3283" cleared="3102" enqueued="3102" />
  <object-monitors candidates="12" cleared="1"  />
</gc-op>
<gc-end id="356" type="scavenge" contextid="352" durationms="14.194" usertimems="26.955" systemtimems="0.840" stalltimems="26.002" timestamp="2026-09-06T12:20:37.913" activeThreads="10">
  <mem-info id="357" free="203909712" total="268435456" percent="75">
    <mem type="nursery" free="50098640" total="67108864" percent="74">
      <mem type="allocate" free="50098640" total="56492032" percent="88" />
      <mem type="survivor" free="0" total="10616832" percent="0" />
    </mem>
    <mem type="tenure" free="153811072" total="201326592" percent="76" macro-fragmented="117440512">
      <mem type="soa" free="143744128" total="191259648" percent="75" />
      <mem type="loa" free="10066944" total="10066944" percent="100" />
    </mem>
    <pending-finalizers system="2" default="1" reference="3111" classloader="0" />
    <remembered-set count="1278" />
  </mem-info>
</gc-end>
<cycle-end id="358" type="scavenge" contextid="352" timestamp="2026-09-06T12:20:37.913" />
<allocation-satisfied id="359" threadId="000000000124D700" bytesRequested="32" />
<af-end id="360" timestamp="2026-09-06T12:20:37.913" threadId="000000000124E1C0" success="true" from="nursery"/>
<exclusive-end id="361" timestamp="2026-09-06T12:20:37.913" durationms="16.317" />

<exclusive-start id="362" timestamp="2026-09-06T12:21:04.288" intervalms="26391.355">
  <response-info timems="0.031" idlems="0.031" threads="0" lastid="0000000000A9B900" lastname="Execution worker Thread 2" />
</exclusive-start>
<af-start id="363" threadId="0000000000A9C3C0" totalBytesRequested="32" timestamp="2026-09-06T12:21:04.288" intervalms="26391.259" type="nursery" />
<cycle-start id="364" type="scavenge" contextid="0" timestamp="2026-09-06T12:21:04.288" intervalms="26391.054" />
<gc-start id="365" type="scavenge" contextid="364" timestamp="2026-09-06T12:21:04.289">
  <mem-info id="366" free="153808416" total="268435456" percent="57">
    <mem type="nursery" free="0" total="67108864" percent="0">
      <mem type="allocate" free="0" total="56492032" percent="0" />
      <mem type="survivor" free="0" total="10616832" percent="0" />
    </mem>
    <mem type="tenure" free="153808416" total="201326592" percent="76">
      <mem type="soa" free="143741472" total="191259648" percent="75" />
      <mem type="loa" free="10066944" total="10066944" percent="100" />
    </mem>
    <remembered-set count="1517" />
  </mem-info>
</gc-start>
<allocation-stats totalBytes="50012712" discardedBytes="88584" >
  <allocated-bytes non-tlh="1057840" tlh="48954872" />
  <largest-consumer threadName="Daemon worker Thread 6" threadId="0000000000955C00" bytes="13331464" />
</allocation-stats>
<gc-op id="367" type="scavenge" timems="3.565" contextid="364" timestamp="2026-09-06T12:21:04.292">
  <scavenger-info tenureage="9" tenuremask="7e00" tiltratio="84" />
  <memory-copied type="nursery" objects="113601" bytes="4523712" bytesdiscarded="156048" />
  <finalization candidates="48" enqueued="48" />
  <ownableSynchronizers candidates="1503" cleared="1092" />
  <references type="soft" candidates="6" cleared="0" enqueued="0" dynamicThreshold="24" maxThreshold="32" />
  <references type="weak" candidates="1371" cleared="49" enqueued="14" />
  <references type="phantom" candidates="3057" cleared="3023" enqueued="3023" />
  <object-monitors candidates="13" cleared="2"  />
</gc-op>
<gc-end id="368" type="scavenge" contextid="364" durationms="12.507" usertimems="19.702" systemtimems="3.146" stalltimems="11.569" timestamp="2026-09-06T12:21:04.301" activeThreads="10">
  <mem-info id="369" free="206326480" total="268435456" percent="76">
    <mem type="nursery" free="52518064" total="67108864" percent="78">
      <mem type="allocate" free="52518064" total="57212928" percent="91" />
      <mem type="survivor" free="0" total="9895936" percent="0" />
    </mem>
    <mem type="tenure" free="153808416" total="201326592" percent="76" macro-fragmented="67108864">
      <mem type="soa" free="143741472" total="191259648" percent="75" />
      <mem type="loa" free="10066944" total="10066944" percent="100" />
    </mem>
    <pending-finalizers system="3" default="45" reference="3037" classloader="0" />
    <remembered-set count="1336" />
  </mem-info>
</gc-end>
<cycle-end id="370" type="scavenge" contextid="364" timestamp="2026-09-06T12:21:04.302" />
<allocation-satisfied id="371" threadId="0000000000A9B900" bytesRequested="32" />
<af-end id="372" timestamp="2026-09-06T12:21:04.302" threadId="0000000000A9C3C0" success="true" from="nursery"/>
<exclusive-end id="373" timestamp="2026-09-06T12:21:04.302" durationms="13.621" />

<exclusive-start id="374" timestamp="2026-09-06T12:21:58.058" intervalms="53769.867">
  <response-info timems="0.250" idlems="0.132" threads="1" lastid="0000000000B64800" lastname="Build operations Thread 2" />
</exclusive-start>
<af-start id="375" threadId="00000000009469C0" totalBytesRequested="16" timestamp="2026-09-06T12:21:58.058" intervalms="53769.855" type="nursery" />
<cycle-start id="376" type="scavenge" contextid="0" timestamp="2026-09-06T12:21:58.058" intervalms="53769.812" />
<gc-start id="377" type="scavenge" contextid="376" timestamp="2026-09-06T12:21:58.059">
  <mem-info id="378" free="153802992" total="268435456" percent="57">
    <mem type="nursery" free="0" total="67108864" percent="0">
      <mem type="allocate" free="0" total="57212928" percent="0" />
      <mem type="survivor" free="0" total="9895936" percent="0" />
    </mem>
    <mem type="tenure" free="153802992" total="201326592" percent="76">
      <mem type="soa" free="143736048" total="191259648" percent="75" />
      <mem type="loa" free="10066944" total="10066944" percent="100" />
    </mem>
    <remembered-set count="1625" />
  </mem-info>
</gc-start>
<allocation-stats totalBytes="52425808" discardedBytes="97680" >
  <allocated-bytes non-tlh="826088" tlh="51599720" />
  <largest-consumer threadName="Daemon worker Thread 6" threadId="0000000000955C00" bytes="11061384" />
</allocation-stats>
<gc-op id="379" type="scavenge" timems="3.631" contextid="376" timestamp="2026-09-06T12:21:58.062">
  <scavenger-info tenureage="10" tenuremask="7c00" tiltratio="85" />
  <memory-copied type="nursery" objects="87325" bytes="3480992" bytesdiscarded="225472" />
  <finalization candidates="47" enqueued="47" />
  <ownableSynchronizers candidates="1553" cleared="1162" />
  <references type="soft" candidates="5" cleared="0" enqueued="0" dynamicThreshold="24" maxThreshold="32" />
  <references type="weak" candidates="1319" cleared="119" enqueued="83" />
  <references type="phantom" candidates="1115" cleared="1092" enqueued="1092" />
  <object-monitors candidates="12" cleared="2"  />
</gc-op>
<gc-end id="380" type="scavenge" contextid="376" durationms="7.925" usertimems="11.583" systemtimems="3.284" stalltimems="8.417" timestamp="2026-09-06T12:21:58.067" activeThreads="10">
  <mem-info id="381" free="208280808" total="268435456" percent="77">
    <mem type="nursery" free="54477816" total="67108864" percent="81">
      <mem type="allocate" free="54477816" total="58195968" percent="93" />
      <mem type="survivor" free="0" total="8912896" percent="0" />
    </mem>
    <mem type="tenure" free="153802992" total="201326592" percent="76" macro-fragmented="134217728">
      <mem type="soa" free="143736048" total="191259648" percent="75" />
      <mem type="loa" free="10066944" total="10066944" percent="100" />
    </mem>
    <pending-finalizers system="3" default="44" reference="1175" classloader="0" />
    <remembered-set count="1262" />
  </mem-info>
</gc-end>
<cycle-end id="382" type="scavenge" contextid="376" timestamp="2026-09-06T12:21:58.067" />
<allocation-satisfied id="383" threadId="0000000000945F00" bytesRequested="16" />
<af-end id="384" timestamp="2026-09-06T12:21:58.067" threadId="00000000009469C0" success="true" from="nursery"/>
<exclusive-end id="385" timestamp="2026-09-06T12:21:58.067" durationms="8.800" />

<exclusive-start id="386" timestamp="2026-09-06T12:24:32.537" intervalms="154478.183">
  <response-info timems="0.133" idlems="0.133" threads="0" lastid="00000000010E5B00" lastname="Memory manager" />
</exclusive-start>
<af-start id="387" threadId="00000000010E65C0" totalBytesRequested="8200" timestamp="2026-09-06T12:24:32.540" intervalms="154481.544" type="nursery" />
<cycle-start id="388" type="scavenge" contextid="0" timestamp="2026-09-06T12:24:32.541" intervalms="154481.734" />
<gc-start id="389" type="scavenge" contextid="388" timestamp="2026-09-06T12:24:32.542">
  <mem-info id="390" free="153794848" total="268435456" percent="57">
    <mem type="nursery" free="0" total="67108864" percent="0">
      <mem type="allocate" free="0" total="58195968" percent="0" />
      <mem type="survivor" free="0" total="8912896" percent="0" />
    </mem>
    <mem type="tenure" free="153794848" total="201326592" percent="76">
      <mem type="soa" free="143727904" total="191259648" percent="75" />
      <mem type="loa" free="10066944" total="10066944" percent="100" />
    </mem>
    <remembered-set count="1622" />
  </mem-info>
</gc-start>
<allocation-stats totalBytes="54373336" discardedBytes="112624" >
  <allocated-bytes non-tlh="1429536" tlh="52943800" />
  <largest-consumer threadName="Memory manager" threadId="00000000010E5B00" bytes="704432" />
</allocation-stats>
<gc-op id="391" type="scavenge" timems="6.223" contextid="388" timestamp="2026-09-06T12:24:32.548">
  <scavenger-info tenureage="11" tenuremask="7800" tiltratio="86" />
  <memory-copied type="nursery" objects="118612" bytes="4444832" bytesdiscarded="225440" />
  <finalization candidates="45" enqueued="45" />
  <ownableSynchronizers candidates="1003" cleared="647" />
  <references type="soft" candidates="5" cleared="0" enqueued="0" dynamicThreshold="24" maxThreshold="32" />
  <references type="weak" candidates="1183" cleared="92" enqueued="90" />
  <references type="phantom" candidates="2237" cleared="2233" enqueued="2233" />
  <object-monitors candidates="12" cleared="1"  />
</gc-op>
<gc-end id="392" type="scavenge" contextid="388" durationms="14.810" usertimems="24.387" systemtimems="5.374" stalltimems="29.221" timestamp="2026-09-06T12:24:32.556" activeThreads="10">
  <mem-info id="393" free="207827592" total="268435456" percent="77">
    <mem type="nursery" free="54032744" total="67108864" percent="80">
      <mem type="allocate" free="54032744" total="58720256" percent="92" />
      <mem type="survivor" free="0" total="8388608" percent="0" />
    </mem>
    <mem type="tenure" free="153794848" total="201326592" percent="76" macro-fragmented="83886080">
      <mem type="soa" free="143727904" total="191259648" percent="75" />
      <mem type="loa" free="10066944" total="10066944" percent="100" />
    </mem>
    <pending-finalizers system="0" default="45" reference="2323" classloader="0" />
    <remembered-set count="1349" />
  </mem-info>
</gc-end>
<cycle-end id="394" type="scavenge" contextid="388" timestamp="2026-09-06T12:24:32.557" />
<allocation-satisfied id="395" threadId="00000000010E5B00" bytesRequested="8200" />
<af-end id="396" timestamp="2026-09-06T12:24:32.557" threadId="00000000010E65C0" success="true" from="nursery"/>
<exclusive-end id="397" timestamp="2026-09-06T12:24:32.557" durationms="20.657" />

<exclusive-start id="398" timestamp="2026-09-06T12:24:58.486" intervalms="25949.502">
  <response-info timems="0.022" idlems="0.022" threads="0" lastid="0000000001282700" lastname="Execution worker Thread 9" />
</exclusive-start>
<af-start id="399" threadId="00000000012831C0" totalBytesRequested="56" timestamp="2026-09-06T12:24:58.487" intervalms="25945.973" type="nursery" />
<cycle-start id="400" type="scavenge" contextid="0" timestamp="2026-09-06T12:24:58.487" intervalms="25945.811" />
<gc-start id="401" type="scavenge" contextid="400" timestamp="2026-09-06T12:24:58.487">
  <mem-info id="402" free="153788696" total="268435456" percent="57">
    <mem type="nursery" free="0" total="67108864" percent="0">
      <mem type="allocate" free="0" total="58720256" percent="0" />
      <mem type="survivor" free="0" total="8388608" percent="0" />
    </mem>
    <mem type="tenure" free="153788696" total="201326592" percent="76">
      <mem type="soa" free="143721752" total="191259648" percent="75" />
      <mem type="loa" free="10066944" total="10066944" percent="100" />
    </mem>
    <remembered-set count="1701" />
  </mem-info>
</gc-start>
<allocation-stats totalBytes="53917752" discardedBytes="121144" >
  <allocated-bytes non-tlh="923080" tlh="52994672" />
  <largest-consumer threadName="Execution worker Thread 9" threadId="0000000001282700" bytes="21123968" />
</allocation-stats>
<gc-op id="403" type="scavenge" timems="5.206" contextid="400" timestamp="2026-09-06T12:24:58.493">
  <scavenger-info tenureage="12" tenuremask="7000" tiltratio="87" />
  <memory-copied type="nursery" objects="187919" bytes="8243600" bytesdiscarded="123728" />
  <memory-copied type="tenure" objects="2412" bytes="120552" bytesdiscarded="344" />
  <copy-failed type="nursery" objects="2412" bytes="120568" />
  <finalization candidates="50" enqueued="6" />
  <ownableSynchronizers candidates="1503" cleared="1075" />
  <references type="soft" candidates="12" cleared="0" enqueued="0" dynamicThreshold="24" maxThreshold="32" />
  <references type="weak" candidates="4744" cleared="220" enqueued="9" />
  <references type="phantom" candidates="3335" cleared="3097" enqueued="3097" />
  <object-monitors candidates="12" cleared="1"  />
</gc-op>
<gc-end id="404" type="scavenge" contextid="400" durationms="7.849" usertimems="23.796" systemtimems="0.973" stalltimems="16.794" timestamp="2026-09-06T12:24:58.495" activeThreads="9">
  <mem-info id="405" free="198343888" total="268435456" percent="73">
    <mem type="nursery" free="44695552" total="67108864" percent="66">
      <mem type="allocate" free="44695552" total="53084160" percent="84" />
      <mem type="survivor" free="0" total="14024704" percent="0" />
    </mem>
    <mem type="tenure" free="153648336" total="201326592" percent="76" macro-fragmented="0">
      <mem type="soa" free="143581392" total="191259648" percent="75" />
      <mem type="loa" free="10066944" total="10066944" percent="100" />
    </mem>
    <pending-finalizers system="5" default="1" reference="3106" classloader="0" />
    <remembered-set count="1665" />
  </mem-info>
</gc-end>
<cycle-end id="406" type="scavenge" contextid="400" timestamp="2026-09-06T12:24:58.495" />
<allocation-satisfied id="407" threadId="0000000001282700" bytesRequested="56" />
<af-end id="408" timestamp="2026-09-06T12:24:58.495" threadId="00000000012831C0" success="true" from="nursery"/>
<exclusive-end id="409" timestamp="2026-09-06T12:24:58.495" durationms="9.020" />

<exclusive-start id="410" timestamp="2026-09-06T12:25:07.355" intervalms="8868.584">
  <response-info timems="0.027" idlems="0.027" threads="0" lastid="0000000000945F00" lastname="Execution worker Thread 5" />
</exclusive-start>
<af-start id="411" threadId="00000000009469C0" totalBytesRequested="16" timestamp="2026-09-06T12:25:07.355" intervalms="8868.562" type="nursery" />
<cycle-start id="412" type="scavenge" contextid="0" timestamp="2026-09-06T12:25:07.355" intervalms="8868.537" />
<gc-start id="413" type="scavenge" contextid="412" timestamp="2026-09-06T12:25:07.355">
  <mem-info id="414" free="153646040" total="268435456" percent="57">
    <mem type="nursery" free="0" total="67108864" percent="0">
      <mem type="allocate" free="0" total="53084160" percent="0" />
      <mem type="survivor" free="0" total="14024704" percent="0" />
    </mem>
    <mem type="tenure" free="153646040" total="201326592" percent="76">
      <mem type="soa" free="143579096" total="191259648" percent="75" />
      <mem type="loa" free="10066944" total="10066944" percent="100" />
    </mem>
    <remembered-set count="1902" />
  </mem-info>
</gc-start>
<allocation-stats totalBytes="44601152" discardedBytes="96696" >
  <allocated-bytes non-tlh="1102912" tlh="43498240" />
  <largest-consumer threadName="Daemon worker Thread 7" threadId="0000000000554E00" bytes="14219944" />
</allocation-stats>
<gc-op id="415" type="scavenge" timems="2.877" contextid="412" timestamp="2026-09-06T12:25:07.358">
  <scavenger-info tenureage="12" tenuremask="7000" tiltratio="79" />
  <memory-copied type="nursery" objects="118647" bytes="4840112" bytesdiscarded="106960" />
  <finalization candidates="50" enqueued="49" />
  <ownableSynchronizers candidates="1522" cleared="1093" />
  <references type="soft" candidates="7" cleared="0" enqueued="0" dynamicThreshold="24" maxThreshold="32" />
  <references type="weak" candidates="1387" cleared="45" enqueued="10" />
  <references type="phantom" candidates="3055" cleared="3021" enqueued="3021" />
  <object-monitors candidates="14" cleared="2"  />
</gc-op>
<gc-end id="416" type="scavenge" contextid="412" durationms="3.596" usertimems="15.592" systemtimems="1.694" stalltimems="11.217" timestamp="2026-09-06T12:25:07.359" activeThreads="10">
  <mem-info id="417" free="202620200" total="268435456" percent="75">
    <mem type="nursery" free="48974160" total="67108864" percent="72">
      <mem type="allocate" free="48974160" total="53936128" percent="90" />
      <mem type="survivor" free="0" total="13172736" percent="0" />
    </mem>
    <mem type="tenure" free="153646040" total="201326592" percent="76" macro-fragmented="134217728">
      <mem type="soa" free="143579096" total="191259648" percent="75" />
      <mem type="loa" free="10066944" total="10066944" percent="100" />
    </mem>
    <pending-finalizers system="5" default="44" reference="3031" classloader="0" />
    <remembered-set count="1546" />
  </mem-info>
</gc-end>
<cycle-end id="418" type="scavenge" contextid="412" timestamp="2026-09-06T12:25:07.359" />
<allocation-satisfied id="419" threadId="0000000000945F00" bytesRequested="16" />
<af-end id="420" timestamp="2026-09-06T12:25:07.359" threadId="00000000009469C0" success="true" from="nursery"/>
<exclusive-end id="421" timestamp="2026-09-06T12:25:07.359" durationms="4.330" />

<exclusive-start id="422" timestamp="2026-09-06T12:26:46.257" intervalms="98902.046">
  <response-info timems="0.061" idlems="0.037" threads="1" lastid="0000000001273300" lastname="Daemon worker Thread 8" />
</exclusive-start>
<af-start id="423" threadId="0000000000B44FC0" totalBytesRequested="24" timestamp="2026-09-06T12:26:46.257" intervalms="98902.071" type="nursery" />
<cycle-start id="424" type="scavenge" contextid="0" timestamp="2026-09-06T12:26:46.258" intervalms="98902.063" />
<gc-start id="425" type="scavenge" contextid="424" timestamp="2026-09-06T12:26:46.258">
  <mem-info id="426" free="153640736" total="268435456" percent="57">
    <mem type="nursery" free="0" total="67108864" percent="0">
      <mem type="allocate" free="0" total="53936128" percent="0" />
      <mem type="survivor" free="0" total="13172736" percent="0" />
    </mem>
    <mem type="tenure" free="153640736" total="201326592" percent="76">
      <mem type="soa" free="143573792" total="191259648" percent="75" />
      <mem type="loa" free="10066944" total="10066944" percent="100" />
    </mem>
    <remembered-set count="1829" />
  </mem-info>
</gc-start>
<allocation-stats totalBytes="48845520" discardedBytes="133944" >
  <allocated-bytes non-tlh="883656" tlh="47961864" />
  <largest-consumer threadName="Daemon worker Thread 8" threadId="0000000001273300" bytes="10111840" />
</allocation-stats>
<gc-op id="427" type="scavenge" timems="2.826" contextid="424" timestamp="2026-09-06T12:26:46.261">
  <scavenger-info tenureage="13" tenuremask="6000" tiltratio="80" />
  <memory-copied type="nursery" objects="88282" bytes="3630272" bytesdiscarded="215416" />
  <finalization candidates="47" enqueued="46" />
  <ownableSynchronizers candidates="1578" cleared="1111" />
  <references type="soft" candidates="5" cleared="0" enqueued="0" dynamicThreshold="24" maxThreshold="32" />
  <references type="weak" candidates="1271" cleared="99" enqueued="88" />
  <references type="phantom" candidates="519" cleared="507" enqueued="507" />
  <object-monitors candidates="13" cleared="2"  />
</gc-op>
<gc-end id="428" type="scavenge" contextid="424" durationms="3.394" usertimems="9.026" systemtimems="3.838" stalltimems="10.067" timestamp="2026-09-06T12:26:46.261" activeThreads="10">
  <mem-info id="429" free="205292208" total="268435456" percent="76">
    <mem type="nursery" free="51651472" total="67108864" percent="76">
      <mem type="allocate" free="51651472" total="55508992" percent="93" />
      <mem type="survivor" free="0" total="11599872" percent="0" />
    </mem>
    <mem type="tenure" free="153640736" total="201326592" percent="76" macro-fragmented="117440512">
      <mem type="soa" free="143573792" total="191259648" percent="75" />
      <mem type="loa" free="10066944" total="10066944" percent="100" />
    </mem>
    <pending-finalizers system="2" default="44" reference="595" classloader="0" />
    <remembered-set count="1529" />
  </mem-info>
</gc-end>
<cycle-end id="430" type="scavenge" contextid="424" timestamp="2026-09-06T12:26:46.261" />
<allocation-satisfied id="431" threadId="0000000000B44500" bytesRequested="24" />
<af-end id="432" timestamp="2026-09-06T12:26:46.261" threadId="0000000000B44FC0" success="true" from="nursery"/>
<exclusive-end id="433" timestamp="2026-09-06T12:26:46.261" durationms="4.085" />

<exclusive-start id="434" timestamp="2026-09-06T12:26:46.617" intervalms="359.733">
  <response-info timems="0.025" idlems="0.025" threads="0" lastid="0000000001282700" lastname="included builds" />
</exclusive-start>
<af-start id="435" threadId="00000000012831C0" totalBytesRequested="16" timestamp="2026-09-06T12:26:46.617" intervalms="359.715" type="nursery" />
<cycle-start id="436" type="scavenge" contextid="0" timestamp="2026-09-06T12:26:46.617" intervalms="359.733" />
<gc-start id="437" type="scavenge" contextid="436" timestamp="2026-09-06T12:26:46.618">
  <mem-info id="438" free="153631816" total="268435456" percent="57">
    <mem type="nursery" free="0" total="67108864" percent="0">
      <mem type="allocate" free="0" total="55508992" percent="0" />
      <mem type="survivor" free="0" total="11599872" percent="0" />
    </mem>
    <mem type="tenure" free="153631816" total="201326592" percent="76">
      <mem type="soa" free="143564872" total="191259648" percent="75" />
      <mem type="loa" free="10066944" total="10066944" percent="100" />
    </mem>
    <remembered-set count="1826" />
  </mem-info>
</gc-start>
<allocation-stats totalBytes="51555688" discardedBytes="103952" >
  <allocated-bytes non-tlh="790536" tlh="50765152" />
  <largest-consumer threadName="included builds" threadId="0000000001282700" bytes="26783032" />
</allocation-stats>
<gc-op id="439" type="scavenge" timems="2.810" contextid="436" timestamp="2026-09-06T12:26:46.621">
  <scavenger-info tenureage="14" tenuremask="4000" tiltratio="82" />
  <memory-copied type="nursery" objects="140149" bytes="5571704" bytesdiscarded="259456" />
  <finalization candidates="47" enqueued="46" />
  <ownableSynchronizers candidates="1012" cleared="562" />
  <references type="soft" candidates="7" cleared="0" enqueued="0" dynamicThreshold="24" maxThreshold="32" />
  <references type="weak" candidates="1382" cleared="15" enqueued="14" />
  <references type="phantom" candidates="2831" cleared="2792" enqueued="2792" />
  <object-monitors candidates="12" cleared="0"  />
</gc-op>
<gc-end id="440" type="scavenge" contextid="436" durationms="4.891" usertimems="16.272" systemtimems="2.405" stalltimems="9.592" timestamp="2026-09-06T12:26:46.623" activeThreads="10">
  <mem-info id="441" free="203881896" total="268435456" percent="75">
    <mem type="nursery" free="50250080" total="67108864" percent="74">
      <mem type="allocate" free="50250080" total="56098816" percent="89" />
      <mem type="survivor" free="0" total="11010048" percent="0" />
    </mem>
    <mem type="tenure" free="153631816" total="201326592" percent="76" macro-fragmented="134217728">
      <mem type="soa" free="143564872" total="191259648" percent="75" />
      <mem type="loa" free="10066944" total="10066944" percent="100" />
    </mem>
    <pending-finalizers system="1" default="45" reference="2806" classloader="0" />
    <remembered-set count="1663" />
  </mem-info>
</gc-end>
<cycle-end id="442" type="scavenge" contextid="436" timestamp="2026-09-06T12:26:46.623" />
<allocation-satisfied id="443" threadId="0000000001282700" bytesRequested="16" />
<af-end id="444" timestamp="2026-09-06T12:26:46.623" threadId="00000000012831C0" success="true" from="nursery"/>
<exclusive-end id="445" timestamp="2026-09-06T12:26:46.623" durationms="6.236" />

<exclusive-start id="446" timestamp="2026-09-06T12:26:55.528" intervalms="8911.289">
  <response-info timems="0.032" idlems="0.032" threads="0" lastid="000000000124CB00" lastname="Execution worker Thread 6" />
</exclusive-start>
<af-start id="447" threadId="000000000124D5C0" totalBytesRequested="24" timestamp="2026-09-06T12:26:55.529" intervalms="8911.518" type="nursery" />
<cycle-start id="448" type="scavenge" contextid="0" timestamp="2026-09-06T12:26:55.529" intervalms="8911.527" />
<gc-start id="449" type="scavenge" contextid="448" timestamp="2026-09-06T12:26:55.529">
  <mem-info id="450" free="153625304" total="268435456" percent="57">
    <mem type="nursery" free="0" total="67108864" percent="0">
      <mem type="allocate" free="0" total="56098816" percent="0" />
      <mem type="survivor" free="0" total="11010048" percent="0" />
    </mem>
    <mem type="tenure" free="153625304" total="201326592" percent="76">
      <mem type="soa" free="143558360" total="191259648" percent="75" />
      <mem type="loa" free="10066944" total="10066944" percent="100" />
    </mem>
    <remembered-set count="1983" />
  </mem-info>
</gc-start>
<allocation-stats totalBytes="50119928" discardedBytes="136664" >
  <allocated-bytes non-tlh="1407136" tlh="48712792" />
  <largest-consumer threadName="Daemon worker Thread 8" threadId="0000000001273300" bytes="14298608" />
</allocation-stats>
<gc-op id="451" type="scavenge" timems="5.347" contextid="448" timestamp="2026-09-06T12:26:55.534">
  <scavenger-info tenureage="14" tenuremask="4000" tiltratio="83" />
  <memory-copied type="nursery" objects="162257" bytes="7093424" bytesdiscarded="100088" />
  <finalization candidates="25" enqueued="9" />
  <ownableSynchronizers candidates="1600" cleared="1181" />
  <references type="soft" candidates="12" cleared="0" enqueued="0" dynamicThreshold="24" maxThreshold="32" />
  <references type="weak" candidates="1951" cleared="112" enqueued="9" />
  <references type="phantom" candidates="3302" cleared="3121" enqueued="3121" />
  <object-monitors candidates="14" cleared="2"  />
</gc-op>
<gc-end id="452" type="scavenge" contextid="448" durationms="6.415" usertimems="19.605" systemtimems="2.922" stalltimems="24.202" timestamp="2026-09-06T12:26:55.535" activeThreads="10">
  <mem-info id="453" free="203427160" total="268435456" percent="75">
    <mem type="nursery" free="49801856" total="67108864" percent="74">
      <mem type="allocate" free="49801856" total="57016320" percent="87" />
      <mem type="survivor" free="0" total="10092544" percent="0" />
    </mem>
    <mem type="tenure" free="153625304" total="201326592" percent="76" macro-fragmented="100663296">
      <mem type="soa" free="143558360" total="191259648" percent="75" />
      <mem type="loa" free="10066944" total="10066944" percent="100" />
    </mem>
    <pending-finalizers system="8" default="1" reference="3130" classloader="0" />
    <remembered-set count="1694" />
  </mem-info>
</gc-end>
<cycle-end id="454" type="scavenge" contextid="448" timestamp="2026-09-06T12:26:55.536" />
<allocation-satisfied id="455" threadId="000000000124CB00" bytesRequested="24" />
<af-end id="456" timestamp="2026-09-06T12:26:55.536" threadId="000000000124D5C0" success="true" from="nursery"/>
<exclusive-end id="457" timestamp="2026-09-06T12:26:55.536" durationms="7.460" />

<exclusive-start id="458" timestamp="2026-09-06T12:27:13.424" intervalms="17895.532">
  <response-info timems="0.021" idlems="0.021" threads="0" lastid="0000000000B64800" lastname="Execution worker Thread 4" />
</exclusive-start>
<af-start id="459" threadId="0000000000B652C0" totalBytesRequested="264" timestamp="2026-09-06T12:27:13.424" intervalms="17895.310" type="nursery" />
<cycle-start id="460" type="scavenge" contextid="0" timestamp="2026-09-06T12:27:13.424" intervalms="17895.305" />
<gc-start id="461" type="scavenge" contextid="460" timestamp="2026-09-06T12:27:13.424">
  <mem-info id="462" free="153623008" total="268435456" percent="57">
    <mem type="nursery" free="0" total="67108864" percent="0">
      <mem type="allocate" free="0" total="57016320" percent="0" />
      <mem type="survivor" free="0" total="10092544" percent="0" />
    </mem>
    <mem type="tenure" free="153623008" total="201326592" percent="76">
      <mem type="soa" free="143556064" total="191259648" percent="75" />
      <mem type="loa" free="10066944" total="10066944" percent="100" />
    </mem>
    <remembered-set count="1925" />
  </mem-info>
</gc-start>
<allocation-stats totalBytes="49683656" discardedBytes="120496" >
  <allocated-bytes non-tlh="1008704" tlh="48674952" />
  <largest-consumer threadName="Daemon worker Thread 8" threadId="0000000001273300" bytes="13561136" />
</allocation-stats>
<gc-op id="463" type="scavenge" timems="3.503" contextid="460" timestamp="2026-09-06T12:27:13.428">
  <scavenger-info tenureage="9" tenuremask="4200" tiltratio="84" />
  <memory-copied type="nursery" objects="128957" bytes="5204104" bytesdiscarded="156840" />
  <memory-copied type="tenure" objects="7117" bytes="247456" bytesdiscarded="24" />
  <finalization candidates="46" enqueued="45" />
  <ownableSynchronizers candidates="1541" cleared="1093" />
  <references type="soft" candidates="2" cleared="0" enqueued="0" dynamicThreshold="24" maxThreshold="32" />
  <references type="weak" candidates="1367" cleared="49" enqueued="14" />
  <references type="phantom" candidates="3053" cleared="3021" enqueued="3021" />
  <object-monitors candidates="14" cleared="2"  />
</gc-op>
<gc-end id="464" type="scavenge" contextid="460" durationms="4.742" usertimems="18.253" systemtimems="0.862" stalltimems="15.145" timestamp="2026-09-06T12:27:13.429" activeThreads="10">
  <mem-info id="465" free="204941688" total="268435456" percent="76">
    <mem type="nursery" free="52032464" total="67108864" percent="77">
      <mem type="allocate" free="52032464" total="57409536" percent="90" />
      <mem type="survivor" free="0" total="9699328" percent="0" />
    </mem>
    <mem type="tenure" free="152909224" total="201326592" percent="75" macro-fragmented="117440512">
      <mem type="soa" free="142842280" total="191259648" percent="74" />
      <mem type="loa" free="10066944" total="10066944" percent="100" />
    </mem>
    <pending-finalizers system="0" default="45" reference="3035" classloader="0" />
    <remembered-set count="1454" />
  </mem-info>
</gc-end>
<cycle-end id="466" type="scavenge" contextid="460" timestamp="2026-09-06T12:27:13.429" />
<allocation-satisfied id="467" threadId="0000000000B64800" bytesRequested="264" />
<af-end id="468" timestamp="2026-09-06T12:27:13.429" threadId="0000000000B652C0" success="true" from="nursery"/>
<exclusive-end id="469" timestamp="2026-09-06T12:27:13.429" durationms="5.584" />

<exclusive-start id="470" timestamp="2026-09-06T12:27:22.283" intervalms="8858.982">
  <response-info timems="0.037" idlems="0.023" threads="1" lastid="0000000000B42D00" lastname="Build operations Thread 8" />
</exclusive-start>
<af-start id="471" threadId="00000000005824C0" totalBytesRequested="48" timestamp="2026-09-06T12:27:22.283" intervalms="8858.983" type="nursery" />
<cycle-start id="472" type="scavenge" contextid="0" timestamp="2026-09-06T12:27:22.283" intervalms="8858.987" />
<gc-start id="473" type="scavenge" contextid="472" timestamp="2026-09-06T12:27:22.283">
  <mem-info id="474" free="152903680" total="268435456" percent="56">
    <mem type="nursery" free="0" total="67108864" percent="0">
      <mem type="allocate" free="0" total="57409536" percent="0" />
      <mem type="survivor" free="0" total="9699328" percent="0" />
    </mem>
    <mem type="tenure" free="152903680" total="201326592" percent="75">
      <mem type="soa" free="142836736" total="191259648" percent="74" />
      <mem type="loa" free="10066944" total="10066944" percent="100" />
    </mem>
    <remembered-set count="1749" />
  </mem-info>
</gc-start>
<allocation-stats totalBytes="51936184" discardedBytes="101824" >
  <allocated-bytes non-tlh="966440" tlh="50969744" />
  <largest-consumer threadName="Daemon worker Thread 8" threadId="0000000001273300" bytes="11107696" />
</allocation-stats>
<gc-op id="475" type="scavenge" timems="3.029" contextid="472" timestamp="2026-09-06T12:27:22.286">
  <scavenger-info tenureage="14" tenuremask="4000" tiltratio="85" />
  <memory-copied type="nursery" objects="91329" bytes="3729768" bytesdiscarded="168760" />
  <memory-copied type="tenure" objects="1105" bytes="47032" bytesdiscarded="0" />
  <finalization candidates="49" enqueued="48" />
  <ownableSynchronizers candidates="1571" cleared="1186" />
  <references type="weak" candidates="445" cleared="120" enqueued="84" />
  <references type="phantom" candidates="1652" cleared="1632" enqueued="1632" />
  <object-monitors candidates="13" cleared="2"  />
</gc-op>
<gc-end id="476" type="scavenge" contextid="472" durationms="4.611" usertimems="10.510" systemtimems="3.153" stalltimems="9.384" timestamp="2026-09-06T12:27:22.288" activeThreads="10">
  <mem-info id="477" free="206860984" total="268435456" percent="77">
    <mem type="nursery" free="54219960" total="67108864" percent="80">
      <mem type="allocate" free="54219960" total="58130432" percent="93" />
      <mem type="survivor" free="0" total="8978432" percent="0" />
    </mem>
    <mem type="tenure" free="152641024" total="201326592" percent="75" macro-fragmented="134217728">
      <mem type="soa" free="142574080" total="191259648" percent="74" />
      <mem type="loa" free="10066944" total="10066944" percent="100" />
    </mem>
    <pending-finalizers system="4" default="44" reference="1716" classloader="0" />
    <remembered-set count="1457" />
  </mem-info>
</gc-end>
<cycle-end id="478" type="scavenge" contextid="472" timestamp="2026-09-06T12:27:22.288" />
<allocation-satisfied id="479" threadId="0000000000581A00" bytesRequested="48" />
<af-end id="480" timestamp="2026-09-06T12:27:22.288" threadId="00000000005824C0" success="true" from="nursery"/>
<exclusive-end id="481" timestamp="2026-09-06T12:27:22.288" durationms="5.349" />

<exclusive-start id="482" timestamp="2026-09-06T12:28:07.293" intervalms="45010.047">
  <response-info timems="0.025" idlems="0.025" threads="0" lastid="0000000001273300" lastname="Daemon worker Thread 8" />
</exclusive-start>
<af-start id="483" threadId="0000000001273DC0" totalBytesRequested="4104" timestamp="2026-09-06T12:28:07.293" intervalms="45010.215" type="nursery" />
<cycle-start id="484" type="scavenge" contextid="0" timestamp="2026-09-06T12:28:07.293" intervalms="45010.213" />
<gc-start id="485" type="scavenge" contextid="484" timestamp="2026-09-06T12:28:07.293">
  <mem-info id="486" free="152635232" total="268435456" percent="56">
    <mem type="nursery" free="0" total="67108864" percent="0">
      <mem type="allocate" free="0" total="58130432" percent="0" />
      <mem type="survivor" free="0" total="8978432" percent="0" />
    </mem>
    <mem type="tenure" free="152635232" total="201326592" percent="75">
      <mem type="soa" free="142568288" total="191259648" percent="74" />
      <mem type="loa" free="10066944" total="10066944" percent="100" />
    </mem>
    <remembered-set count="1781" />
  </mem-info>
</gc-start>
<allocation-stats totalBytes="54117144" discardedBytes="108608" >
  <allocated-bytes non-tlh="1189648" tlh="52927496" />
  <largest-consumer threadName="Daemon worker Thread 8" threadId="0000000001273300" bytes="5573968" />
</allocation-stats>
<gc-op id="487" type="scavenge" timems="3.352" contextid="484" timestamp="2026-09-06T12:28:07.297">
  <scavenger-info tenureage="14" tenuremask="4000" tiltratio="86" />
  <memory-copied type="nursery" objects="48785" bytes="2617480" bytesdiscarded="287416" />
  <memory-copied type="tenure" objects="285" bytes="10800" bytesdiscarded="0" />
  <finalization candidates="48" enqueued="47" />
  <ownableSynchronizers candidates="1290" cleared="904" />
  <references type="weak" candidates="264" cleared="129" enqueued="93" />
  <references type="phantom" candidates="1733" cleared="1721" enqueued="1721" />
  <object-monitors candidates="13" cleared="2"  />
</gc-op>
<gc-end id="488" type="scavenge" contextid="484" durationms="6.177" usertimems="9.213" systemtimems="1.250" stalltimems="17.570" timestamp="2026-09-06T12:28:07.300" activeThreads="10">
  <mem-info id="489" free="208577432" total="268435456" percent="77">
    <mem type="nursery" free="56204856" total="67108864" percent="83">
      <mem type="allocate" free="56204856" total="59113472" percent="95" />
      <mem type="survivor" free="0" total="7995392" percent="0" />
    </mem>
    <mem type="tenure" free="152372576" total="201326592" percent="75" macro-fragmented="134217728">
      <mem type="soa" free="142305632" total="191259648" percent="74" />
      <mem type="loa" free="10066944" total="10066944" percent="100" />
    </mem>
    <pending-finalizers system="2" default="45" reference="1814" classloader="0" />
    <remembered-set count="1521" />
  </mem-info>
</gc-end>
<cycle-end id="490" type="scavenge" contextid="484" timestamp="2026-09-06T12:28:07.300" />
<allocation-satisfied id="491" threadId="0000000001273300" bytesRequested="4104" />
<af-end id="492" timestamp="2026-09-06T12:28:07.300" threadId="0000000001273DC0" success="true" from="nursery"/>
<exclusive-end id="493" timestamp="2026-09-06T12:28:07.300" durationms="7.152" />

<exclusive-start id="494" timestamp="2026-09-06T12:28:07.598" intervalms="305.445">
  <response-info timems="0.028" idlems="0.028" threads="0" lastid="0000000000FF5200" lastname="Execution worker Thread 5" />
</exclusive-start>
<af-start id="495" threadId="0000000000FF5CC0" totalBytesRequested="32" timestamp="2026-09-06T12:28:07.598" intervalms="305.261" type="nursery" />
<cycle-start id="496" type="scavenge" contextid="0" timestamp="2026-09-06T12:28:07.598" intervalms="305.263" />
<gc-start id="497" type="scavenge" contextid="496" timestamp="2026-09-06T12:28:07.599">
  <mem-info id="498" free="152364016" total="268435456" percent="56">
    <mem type="nursery" free="0" total="67108864" percent="0">
      <mem type="allocate" free="0" total="59113472" percent="0" />
      <mem type="survivor" free="0" total="7995392" percent="0" />
    </mem>
    <mem type="tenure" free="152364016" total="201326592" percent="75">
      <mem type="soa" free="142297072" total="191259648" percent="74" />
      <mem type="loa" free="10066944" total="10066944" percent="100" />
    </mem>
    <remembered-set count="1834" />
  </mem-info>
</gc-start>
<allocation-stats totalBytes="56110880" discardedBytes="102536" >
  <allocated-bytes non-tlh="1171240" tlh="54939640" />
  <largest-consumer threadName="Execution worker Thread 5" threadId="0000000000FF5200" bytes="21974288" />
</allocation-stats>
<gc-op id="499" type="scavenge" timems="6.606" contextid="496" timestamp="2026-09-06T12:28:07.606">
  <scavenger-info tenureage="14" tenuremask="4000" tiltratio="88" />
  <memory-copied type="nursery" objects="173798" bytes="7824672" bytesdiscarded="149928" />
  <memory-copied type="tenure" objects="40229" bytes="1656152" bytesdiscarded="848" />
  <copy-failed type="nursery" objects="40147" bytes="1654552" />
  <finalization candidates="56" enqueued="11" />
  <ownableSynchronizers candidates="1204" cleared="752" />
  <references type="soft" candidates="47" cleared="0" enqueued="0" dynamicThreshold="24" maxThreshold="32" />
  <references type="weak" candidates="6404" cleared="1089" enqueued="9" />
  <references type="phantom" candidates="3308" cleared="3069" enqueued="3069" />
  <object-monitors candidates="12" cleared="0"  />
</gc-op>
<gc-end id="500" type="scavenge" contextid="496" durationms="7.120" usertimems="21.659" systemtimems="0.886" stalltimems="26.021" timestamp="2026-09-06T12:28:07.607" activeThreads="9">
  <mem-info id="501" free="191405496" total="268435456" percent="71">
    <mem type="nursery" free="40435712" total="67108864" percent="60">
      <mem type="allocate" free="40435712" total="48431104" percent="83" />
      <mem type="survivor" free="0" total="18677760" percent="0" />
    </mem>
    <mem type="tenure" free="150969784" total="201326592" percent="74" macro-fragmented="100663296">
      <mem type="soa" free="140902840" total="191259648" percent="73" />
      <mem type="loa" free="10066944" total="10066944" percent="100" />
    </mem>
    <pending-finalizers system="10" default="1" reference="3078" classloader="0" />
    <remembered-set count="13859" />
  </mem-info>
</gc-end>
<cycle-end id="502" type="scavenge" contextid="496" timestamp="2026-09-06T12:28:07.607" />
<allocation-satisfied id="503" threadId="0000000000FF5200" bytesRequested="32" />
<af-end id="504" timestamp="2026-09-06T12:28:07.607" threadId="0000000000FF5CC0" success="true" from="nursery"/>
<exclusive-end id="505" timestamp="2026-09-06T12:28:07.607" durationms="8.767" />

<exclusive-start id="506" timestamp="2026-09-06T12:28:16.469" intervalms="8870.321">
  <response-info timems="0.045" idlems="0.045" threads="0" lastid="0000000001041B00" lastname="Execution worker Thread 3" />
</exclusive-start>
<af-start id="507" threadId="00000000010425C0" totalBytesRequested="24" timestamp="2026-09-06T12:28:16.469" intervalms="8870.313" type="nursery" />
<cycle-start id="508" type="scavenge" contextid="0" timestamp="2026-09-06T12:28:16.469" intervalms="8870.306" />
<gc-start id="509" type="scavenge" contextid="508" timestamp="2026-09-06T12:28:16.469">
  <mem-info id="510" free="150967488" total="268435456" percent="56">
    <mem type="nursery" free="0" total="67108864" percent="0">
      <mem type="allocate" free="0" total="48431104" percent="0" />
      <mem type="survivor" free="0" total="18677760" percent="0" />
    </mem>
    <mem type="tenure" free="150967488" total="201326592" percent="74">
      <mem type="soa" free="140900544" total="191259648" percent="73" />
      <mem type="loa" free="10066944" total="10066944" percent="100" />
    </mem>
    <remembered-set count="14151" />
  </mem-info>
</gc-start>
<allocation-stats totalBytes="40313664" discardedBytes="124344" >
  <allocated-bytes non-tlh="922320" tlh="39391344" />
  <largest-consumer threadName="Daemon worker Thread 8" threadId="0000000001273300" bytes="13505624" />
</allocation-stats>
<gc-op id="511" type="scavenge" timems="4.102" contextid="508" timestamp="2026-09-06T12:28:16.473">
  <scavenger-info tenureage="10" tenuremask="4400" tiltratio="72" />
  <memory-copied type="nursery" objects="238075" bytes="9117912" bytesdiscarded="265360" />
  <memory-copied type="tenure" objects="1491" bytes="79112" bytesdiscarded="0" />
  <finalization candidates="42" enqueued="12" />
  <ownableSynchronizers candidates="1514" cleared="827" />
  <references type="soft" candidates="55" cleared="0" enqueued="0" dynamicThreshold="24" maxThreshold="32" />
  <references type="weak" candidates="500" cleared="24" enqueued="10" />
  <references type="phantom" candidates="3054" cleared="3021" enqueued="3021" />
  <object-monitors candidates="14" cleared="1"  />
</gc-op>
<gc-end id="512" type="scavenge" contextid="508" durationms="4.379" usertimems="30.672" systemtimems="0.393" stalltimems="5.652" timestamp="2026-09-06T12:28:16.473" activeThreads="9">
  <mem-info id="513" free="191452080" total="268435456" percent="71">
    <mem type="nursery" free="40591344" total="67108864" percent="60">
      <mem type="allocate" free="40591344" total="50003968" percent="81" />
      <mem type="survivor" free="0" total="17104896" percent="0" />
    </mem>
    <mem type="tenure" free="150860736" total="201326592" percent="74" macro-fragmented="83886080">
      <mem type="soa" free="140793792" total="191259648" percent="73" />
      <mem type="loa" free="10066944" total="10066944" percent="100" />
    </mem>
    <pending-finalizers system="0" default="12" reference="3031" classloader="0" />
    <remembered-set count="13779" />
  </mem-info>
</gc-end>
<cycle-end id="514" type="scavenge" contextid="508" timestamp="2026-09-06T12:28:16.474" />
<allocation-satisfied id="515" threadId="0000000001041B00" bytesRequested="24" />
<af-end id="516" timestamp="2026-09-06T12:28:16.474" threadId="00000000010425C0" success="true" from="nursery"/>
<exclusive-end id="517" timestamp="2026-09-06T12:28:16.474" durationms="5.149" />

<exclusive-start id="518" timestamp="2026-09-06T12:29:37.375" intervalms="80905.905">
  <response-info timems="0.023" idlems="0.023" threads="0" lastid="00000000005A3F00" lastname="Daemon worker Thread 9" />
</exclusive-start>
<af-start id="519" threadId="00000000005A49C0" totalBytesRequested="32" timestamp="2026-09-06T12:29:37.375" intervalms="80906.117" type="nursery" />
<cycle-start id="520" type="scavenge" contextid="0" timestamp="2026-09-06T12:29:37.375" intervalms="80906.135" />
<gc-start id="521" type="scavenge" contextid="520" timestamp="2026-09-06T12:29:37.375">
  <mem-info id="522" free="150855672" total="268435456" percent="56">
    <mem type="nursery" free="0" total="67108864" percent="0">
      <mem type="allocate" free="0" total="50003968" percent="0" />
      <mem type="survivor" free="0" total="17104896" percent="0" />
    </mem>
    <mem type="tenure" free="150855672" total="201326592" percent="74">
      <mem type="soa" free="140788728" total="191259648" percent="73" />
      <mem type="loa" free="10066944" total="10066944" percent="100" />
    </mem>
    <remembered-set count="14079" />
  </mem-info>
</gc-start>
<allocation-stats totalBytes="40498184" discardedBytes="98224" >
  <allocated-bytes non-tlh="846488" tlh="39651696" />
  <largest-consumer threadName="Daemon worker Thread 9" threadId="00000000005A3F00" bytes="5131120" />
</allocation-stats>
<gc-op id="523" type="scavenge" timems="4.408" contextid="520" timestamp="2026-09-06T12:29:37.380">
  <scavenger-info tenureage="10" tenuremask="5400" tiltratio="74" />
  <memory-copied type="nursery" objects="182786" bytes="7760632" bytesdiscarded="160480" />
  <memory-copied type="tenure" objects="3769" bytes="188000" bytesdiscarded="72" />
  <finalization candidates="74" enqueued="44" />
  <ownableSynchronizers candidates="1472" cleared="820" />
  <references type="soft" candidates="53" cleared="0" enqueued="0" dynamicThreshold="24" maxThreshold="32" />
  <references type="weak" candidates="414" cleared="164" enqueued="153" />
  <references type="phantom" candidates="217" cleared="206" enqueued="206" />
  <object-monitors candidates="14" cleared="2"  />
</gc-op>
<gc-end id="524" type="scavenge" contextid="520" durationms="4.972" usertimems="20.875" systemtimems="1.921" stalltimems="15.682" timestamp="2026-09-06T12:29:37.380" activeThreads="10">
  <mem-info id="525" free="193750488" total="268435456" percent="72">
    <mem type="nursery" free="43370976" total="67108864" percent="64">
      <mem type="allocate" free="43370976" total="51314688" percent="84" />
      <mem type="survivor" free="0" total="15794176" percent="0" />
    </mem>
    <mem type="tenure" free="150379512" total="201326592" percent="74" macro-fragmented="117440512">
      <mem type="soa" free="140312568" total="191259648" percent="73" />
      <mem type="loa" free="10066944" total="10066944" percent="100" />
    </mem>
    <pending-finalizers system="0" default="44" reference="359" classloader="0" />
    <remembered-set count="13458" />
  </mem-info>
</gc-end>
<cycle-end id="526" type="scavenge" contextid="520" timestamp="2026-09-06T12:29:37.380" />
<allocation-satisfied id="527" threadId="00000000005A3F00" bytesRequested="32" />
<af-end id="528" timestamp="2026-09-06T12:29:37.380" threadId="00000000005A49C0" success="true" from="nursery"/>
<exclusive-end id="529" timestamp="2026-09-06T12:29:37.381" durationms="5.970" />

<exclusive-start id="530" timestamp="2026-09-06T12:29:37.635" intervalms="260.350">
  <response-info timems="0.031" idlems="0.031" threads="0" lastid="0000000000582E00" lastname="Execution worker Thread 2" />
</exclusive-start>
<af-start id="531" threadId="00000000005838C0" totalBytesRequested="24" timestamp="2026-09-06T12:29:37.635" intervalms="260.191" type="nursery" />
<cycle-start id="532" type="scavenge" contextid="0" timestamp="2026-09-06T12:29:37.635" intervalms="260.195" />
<gc-start id="533" type="scavenge" contextid="532" timestamp="2026-09-06T12:29:37.636">
  <mem-info id="534" free="150373960" total="268435456" percent="56">
    <mem type="nursery" free="0" total="67108864" percent="0">
      <mem type="allocate" free="0" total="51314688" percent="0" />
      <mem type="survivor" free="0" total="15794176" percent="0" />
    </mem>
    <mem type="tenure" free="150373960" total="201326592" percent="74">
      <mem type="soa" free="140307016" total="191259648" percent="73" />
      <mem type="loa" free="10066944" total="10066944" percent="100" />
    </mem>
    <remembered-set count="13712" />
  </mem-info>
</gc-start>
<allocation-stats totalBytes="43279024" discardedBytes="97504" >
  <allocated-bytes non-tlh="1180552" tlh="42098472" />
  <largest-consumer threadName="Execution worker Thread 2" threadId="0000000000582E00" bytes="12033120" />
</allocation-stats>
<gc-op id="535" type="scavenge" timems="7.827" contextid="532" timestamp="2026-09-06T12:29:37.644">
  <scavenger-info tenureage="14" tenuremask="4000" tiltratio="76" />
  <memory-copied type="nursery" objects="280984" bytes="11968776" bytesdiscarded="182800" />
  <memory-copied type="tenure" objects="124" bytes="16264" bytesdiscarded="0" />
  <finalization candidates="53" enqueued="1" />
  <ownableSynchronizers candidates="1380" cleared="689" />
  <references type="soft" candidates="60" cleared="0" enqueued="0" dynamicThreshold="24" maxThreshold="32" />
  <references type="weak" candidates="1017" cleared="77" enqueued="9" />
  <references type="phantom" candidates="3263" cleared="3067" enqueued="3067" />
  <object-monitors candidates="13" cleared="0"  />
</gc-op>
<gc-end id="536" type="scavenge" contextid="532" durationms="27.278" usertimems="33.010" systemtimems="0.818" stalltimems="28.532" timestamp="2026-09-06T12:29:37.663" activeThreads="10">
  <mem-info id="537" free="187339904" total="268435456" percent="69">
    <mem type="nursery" free="36965944" total="67108864" percent="55">
      <mem type="allocate" free="36965944" total="49152000" percent="75" />
      <mem type="survivor" free="0" total="17956864" percent="0" />
    </mem>
    <mem type="tenure" free="150373960" total="201326592" percent="74" macro-fragmented="83886080">
      <mem type="soa" free="140307016" total="191259648" percent="73" />
      <mem type="loa" free="10066944" total="10066944" percent="100" />
    </mem>
    <pending-finalizers system="0" default="1" reference="3076" classloader="0" />
    <remembered-set count="13513" />
  </mem-info>
</gc-end>
<cycle-end id="538" type="scavenge" contextid="532" timestamp="2026-09-06T12:29:37.668" />
<allocation-satisfied id="539" threadId="0000000000582E00" bytesRequested="24" />
<af-end id="540" timestamp="2026-09-06T12:29:37.670" threadId="00000000005838C0" success="true" from="nursery"/>
<exclusive-end id="541" timestamp="2026-09-06T12:29:37.670" durationms="34.709" />

<exclusive-start id="542" timestamp="2026-09-06T12:32:48.057" intervalms="190422.067">
  <response-info timems="0.099" idlems="0.099" threads="0" lastid="00000000001A7100" lastname="VM Runtime State Listener" />
</exclusive-start>
<sys-start reason="vm idle" id="543" timestamp="2026-09-06T12:32:48.060" intervalms="1359997.885" />
<cycle-start id="544" type="global" contextid="0" timestamp="2026-09-06T12:32:48.061" intervalms="1359997.902" />
<gc-start id="545" type="global" contextid="544" timestamp="2026-09-06T12:32:48.061">
  <mem-info id="546" free="167213560" total="268435456" percent="62">
    <mem type="nursery" free="16839600" total="67108864" percent="25">
      <mem type="allocate" free="16839600" total="49152000" percent="34" />
      <mem type="survivor" free="0" total="17956864" percent="0" />
    </mem>
    <mem type="tenure" free="150373960" total="201326592" percent="74">
      <mem type="soa" free="140307016" total="191259648" percent="73" />
      <mem type="loa" free="10066944" total="10066944" percent="100" />
    </mem>
    <remembered-set count="13628" />
  </mem-info>
</gc-start>
<allocation-stats totalBytes="20091936" discardedBytes="34408" >
  <allocated-bytes non-tlh="346760" tlh="19745176" />
  <largest-consumer threadName="Memory manager" threadId="00000000010E5B00" bytes="959992" />
</allocation-stats>
<gc-op id="547" type="mark" timems="26.504" contextid="544" timestamp="2026-09-06T12:32:48.088">
  <trace-info objectcount="951343" scancount="829516" scanbytes="27755420" />
  <finalization candidates="1040" enqueued="78" />
  <ownableSynchronizers candidates="4657" cleared="545" />
  <references type="soft" candidates="25783" cleared="0" enqueued="0" dynamicThreshold="24" maxThreshold="32" />
  <references type="weak" candidates="25819" cleared="136" enqueued="102" />
  <references type="phantom" candidates="1951" cleared="50" enqueued="50" />
  <stringconstants candidates="45107" cleared="63"  />
  <object-monitors candidates="14" cleared="3"  />
</gc-op>
<gc-op id="548" type="classunload" timems="0.265" contextid="544" timestamp="2026-09-06T12:32:48.089">
  <classunload-info classloadercandidates="38" classloadersunloaded="24" classesunloaded="0" anonymousclassesunloaded="0" quiescems="0.000" setupms="0.149" scanms="0.078" postms="0.037" />
</gc-op>
<gc-op id="549" type="sweep" timems="0.998" contextid="544" timestamp="2026-09-06T12:32:48.090" />
<gc-end id="550" type="global" contextid="544" durationms="30.516" usertimems="133.234" systemtimems="12.599" stalltimems="79.804" timestamp="2026-09-06T12:32:48.092" activeThreads="10">
  <mem-info id="551" free="197714032" total="268435456" percent="73">
    <mem type="nursery" free="44218024" total="67108864" percent="65">
      <mem type="allocate" free="44218024" total="49152000" percent="89" />
      <mem type="survivor" free="0" total="17956864" percent="0" />
    </mem>
    <mem type="tenure" free="153496008" total="201326592" percent="76" micro-fragmented="32684" macro-fragmented="0">
      <mem type="soa" free="143429064" total="191259648" percent="74" />
      <mem type="loa" free="10066944" total="10066944" percent="100" />
    </mem>
    <pending-finalizers system="0" default="78" reference="152" classloader="0" />
    <remembered-set count="1203" />
  </mem-info>
</gc-end>
<cycle-end id="552" type="global" contextid="544" timestamp="2026-09-06T12:32:48.092" />
<sys-end id="553" timestamp="2026-09-06T12:32:48.092" />
<exclusive-end id="554" timestamp="2026-09-06T12:32:48.092" durationms="34.808" />

<heap-resize id="555" type="release free pages" space="tenure" amount="153116672" count="1" timems="0.215" reason="idle" timestamp="2026-09-06T12:32:48.093" />
<exclusive-start id="556" timestamp="2026-09-06T12:33:13.759" intervalms="25701.782">
  <response-info timems="0.020" idlems="0.020" threads="0" lastid="000000000124E400" lastname="Execution worker Thread 3" />
</exclusive-start>
<af-start id="557" threadId="000000000124EEC0" totalBytesRequested="64" timestamp="2026-09-06T12:33:13.759" intervalms="216123.796" type="nursery" />
<cycle-start id="558" type="scavenge" contextid="0" timestamp="2026-09-06T12:33:13.759" intervalms="216123.763" />
<gc-start id="559" type="scavenge" contextid="558" timestamp="2026-09-06T12:33:13.760">
  <mem-info id="560" free="153487832" total="268435456" percent="57">
    <mem type="nursery" free="0" total="67108864" percent="0">
      <mem type="allocate" free="0" total="49152000" percent="0" />
      <mem type="survivor" free="0" total="17956864" percent="0" />
    </mem>
    <mem type="tenure" free="153487832" total="201326592" percent="76">
      <mem type="soa" free="143420888" total="191259648" percent="74" />
      <mem type="loa" free="10066944" total="10066944" percent="100" />
    </mem>
    <remembered-set count="1446" />
  </mem-info>
</gc-start>
<allocation-stats totalBytes="43999616" discardedBytes="223480" >
  <allocated-bytes non-tlh="1073256" tlh="42926360" />
  <largest-consumer threadName="Daemon worker Thread 10" threadId="000000000100AE00" bytes="14107016" />
</allocation-stats>
<gc-op id="561" type="scavenge" timems="5.471" contextid="558" timestamp="2026-09-06T12:33:13.766">
  <scavenger-info tenureage="4" tenuremask="4010" tiltratio="73" />
  <memory-copied type="nursery" objects="128694" bytes="5054832" bytesdiscarded="167624" />
  <memory-copied type="tenure" objects="366" bytes="19544" bytesdiscarded="1296" />
  <finalization candidates="6" enqueued="5" />
  <ownableSynchronizers candidates="8950" cleared="8567" />
  <references type="soft" candidates="7" cleared="0" enqueued="0" dynamicThreshold="24" maxThreshold="32" />
  <references type="weak" candidates="861" cleared="86" enqueued="9" />
  <references type="phantom" candidates="3249" cleared="3097" enqueued="3097" />
  <object-monitors candidates="12" cleared="1"  />
</gc-op>
<gc-end id="562" type="scavenge" contextid="558" durationms="6.334" usertimems="13.843" systemtimems="1.304" stalltimems="28.795" timestamp="2026-09-06T12:33:13.767" activeThreads="10">
  <mem-info id="563" free="198186032" total="268435456" percent="73">
    <mem type="nursery" free="44761072" total="67108864" percent="66">
      <mem type="allocate" free="44761072" total="50003968" percent="89" />
      <mem type="survivor" free="0" total="17104896" percent="0" />
    </mem>
    <mem type="tenure" free="153424960" total="201326592" percent="76" macro-fragmented="134217728">
      <mem type="soa" free="143358016" total="191259648" percent="74" />
      <mem type="loa" free="10066944" total="10066944" percent="100" />
    </mem>
    <pending-finalizers system="4" default="1" reference="3106" classloader="0" />
    <remembered-set count="1158" />
  </mem-info>
</gc-end>
<cycle-end id="564" type="scavenge" contextid="558" timestamp="2026-09-06T12:33:13.767" />
<allocation-satisfied id="565" threadId="000000000124E400" bytesRequested="64" />
<af-end id="566" timestamp="2026-09-06T12:33:13.767" threadId="000000000124EEC0" success="true" from="nursery"/>
<exclusive-end id="567" timestamp="2026-09-06T12:33:13.767" durationms="7.784" />

<exclusive-start id="568" timestamp="2026-09-06T12:33:22.497" intervalms="8737.966">
  <response-info timems="0.016" idlems="0.016" threads="0" lastid="000000000100AE00" lastname="Daemon worker Thread 10" />
</exclusive-start>
<af-start id="569" threadId="000000000100B8C0" totalBytesRequested="144" timestamp="2026-09-06T12:33:22.497" intervalms="8737.988" type="nursery" />
<cycle-start id="570" type="scavenge" contextid="0" timestamp="2026-09-06T12:33:22.497" intervalms="8737.986" />
<gc-start id="571" type="scavenge" contextid="570" timestamp="2026-09-06T12:33:22.497">
  <mem-info id="572" free="153424960" total="268435456" percent="57">
    <mem type="nursery" free="0" total="67108864" percent="0">
      <mem type="allocate" free="0" total="50003968" percent="0" />
      <mem type="survivor" free="0" total="17104896" percent="0" />
    </mem>
    <mem type="tenure" free="153424960" total="201326592" percent="76">
      <mem type="soa" free="143358016" total="191259648" percent="74" />
      <mem type="loa" free="10066944" total="10066944" percent="100" />
    </mem>
    <remembered-set count="1318" />
  </mem-info>
</gc-start>
<allocation-stats totalBytes="44699136" discardedBytes="61936" >
  <allocated-bytes non-tlh="375536" tlh="44323600" />
  <largest-consumer threadName="Daemon worker Thread 10" threadId="000000000100AE00" bytes="13349144" />
</allocation-stats>
<gc-op id="573" type="scavenge" timems="2.925" contextid="570" timestamp="2026-09-06T12:33:22.500">
  <scavenger-info tenureage="14" tenuremask="4000" tiltratio="74" />
  <memory-copied type="nursery" objects="99477" bytes="3730024" bytesdiscarded="125624" />
  <finalization candidates="44" enqueued="44" />
  <ownableSynchronizers candidates="1381" cleared="993" />
  <references type="weak" candidates="277" cleared="120" enqueued="85" />
  <references type="phantom" candidates="2796" cleared="2776" enqueued="2776" />
  <object-monitors candidates="13" cleared="2"  />
</gc-op>
<gc-end id="574" type="scavenge" contextid="570" durationms="3.191" usertimems="10.647" systemtimems="3.253" stalltimems="13.417" timestamp="2026-09-06T12:33:22.501" activeThreads="9">
  <mem-info id="575" free="201852680" total="268435456" percent="75">
    <mem type="nursery" free="48427720" total="67108864" percent="72">
      <mem type="allocate" free="48427720" total="52297728" percent="92" />
      <mem type="survivor" free="0" total="14811136" percent="0" />
    </mem>
    <mem type="tenure" free="153424960" total="201326592" percent="76" macro-fragmented="83886080">
      <mem type="soa" free="143358016" total="191259648" percent="74" />
      <mem type="loa" free="10066944" total="10066944" percent="100" />
    </mem>
    <pending-finalizers system="0" default="44" reference="2861" classloader="0" />
    <remembered-set count="1161" />
  </mem-info>
</gc-end>
<cycle-end id="576" type="scavenge" contextid="570" timestamp="2026-09-06T12:33:22.501" />
<allocation-satisfied id="577" threadId="000000000100AE00" bytesRequested="144" />
<af-end id="578" timestamp="2026-09-06T12:33:22.501" threadId="000000000100B8C0" success="true" from="nursery"/>
<exclusive-end id="579" timestamp="2026-09-06T12:33:22.501" durationms="3.928" />

<exclusive-start id="580" timestamp="2026-09-06T12:36:38.061" intervalms="195554.302">
  <response-info timems="0.171" idlems="0.171" threads="0" lastid="00000000001A7100" lastname="VM Runtime State Listener" />
</exclusive-start>
<sys-start reason="vm idle" id="581" timestamp="2026-09-06T12:36:38.063" intervalms="229994.094" />
<cycle-start id="582" type="global" contextid="0" timestamp="2026-09-06T12:36:38.064" intervalms="229994.063" />
<gc-start id="583" type="global" contextid="582" timestamp="2026-09-06T12:36:38.066">
  <mem-info id="584" free="153859960" total="268435456" percent="57">
    <mem type="nursery" free="442360" total="67108864" percent="0">
      <mem type="allocate" free="442360" total="52297728" percent="0" />
      <mem type="survivor" free="0" total="14811136" percent="0" />
    </mem>
    <mem type="tenure" free="153417600" total="201326592" percent="76">
      <mem type="soa" free="143350656" total="191259648" percent="74" />
      <mem type="loa" free="10066944" total="10066944" percent="100" />
    </mem>
    <remembered-set count="1501" />
  </mem-info>
</gc-start>
<allocation-stats totalBytes="47868056" discardedBytes="124664" >
  <allocated-bytes non-tlh="1428880" tlh="46439176" />
  <largest-consumer threadName="Memory manager" threadId="00000000010E5B00" bytes="946848" />
</allocation-stats>
<gc-op id="585" type="mark" timems="30.717" contextid="582" timestamp="2026-09-06T12:36:38.097">
  <trace-info objectcount="951991" scancount="830102" scanbytes="27788264" />
  <finalization candidates="1007" enqueued="45" />
  <ownableSynchronizers candidates="4699" cleared="633" />
  <references type="soft" candidates="25783" cleared="0" enqueued="0" dynamicThreshold="24" maxThreshold="32" />
  <references type="weak" candidates="25779" cleared="94" enqueued="88" />
  <references type="phantom" candidates="2322" cleared="421" enqueued="421" />
  <stringconstants candidates="45092" cleared="48"  />
  <object-monitors candidates="12" cleared="1"  />
</gc-op>
<gc-op id="586" type="classunload" timems="0.168" contextid="582" timestamp="2026-09-06T12:36:38.097">
  <classunload-info classloadercandidates="18" classloadersunloaded="4" classesunloaded="0" anonymousclassesunloaded="0" quiescems="0.000" setupms="0.130" scanms="0.027" postms="0.011" />
</gc-op>
<gc-op id="587" type="sweep" timems="1.098" contextid="582" timestamp="2026-09-06T12:36:38.098" />
<mem-info id="588" free="200080928" total="268435456" percent="74">
  <mem type="nursery" free="46401704" total="67108864" percent="69">
    <mem type="allocate" free="46401704" total="52297728" percent="88" />
    <mem type="survivor" free="0" total="14811136" percent="0" />
  </mem>
  <mem type="tenure" free="153679224" total="201326592" percent="76" micro-fragmented="24895" macro-fragmented="134217728">
    <mem type="soa" free="143612280" total="191259648" percent="75" />
    <mem type="loa" free="10066944" total="10066944" percent="100" />
  </mem>
  <pending-finalizers system="0" default="45" reference="509" classloader="0" />
  <remembered-set count="1160" />
</mem-info>
<gc-op id="589" type="compact" timems="23.537" contextid="582" timestamp="2026-09-06T12:36:38.122">
  <compact-info movecount="312277" movebytes="16037688" reason="compact on aggressive collection" />
</gc-op>
<gc-end id="590" type="global" contextid="582" durationms="56.424" usertimems="297.598" systemtimems="9.784" stalltimems="116.631" timestamp="2026-09-06T12:36:38.122" activeThreads="10">
  <mem-info id="591" free="202036680" total="268435456" percent="75">
    <mem type="nursery" free="48347296" total="67108864" percent="72">
      <mem type="allocate" free="48347296" total="52297728" percent="92" />
      <mem type="survivor" free="0" total="14811136" percent="0" />
    </mem>
    <mem type="tenure" free="153689384" total="201326592" percent="76">
      <mem type="soa" free="143622440" total="191259648" percent="75" />
      <mem type="loa" free="10066944" total="10066944" percent="100" />
    </mem>
    <pending-finalizers system="0" default="45" reference="509" classloader="0" />
    <remembered-set count="1160" />
  </mem-info>
</gc-end>
<cycle-end id="592" type="global" contextid="582" timestamp="2026-09-06T12:36:38.122" />
<sys-end id="593" timestamp="2026-09-06T12:36:38.122" />
<exclusive-end id="594" timestamp="2026-09-06T12:36:38.122" durationms="61.616" />

<heap-resize id="595" type="release free pages" space="tenure" amount="153665536" count="1" timems="0.052" reason="idle" timestamp="2026-09-06T12:36:38.122" />
<exclusive-start id="596" timestamp="2026-09-06T12:43:35.200" intervalms="417138.346">
  <response-info timems="0.029" idlems="0.029" threads="0" lastid="000000000124D700" lastname="Execution worker Thread 8" />
</exclusive-start>
<af-start id="597" threadId="000000000124E1C0" totalBytesRequested="40" timestamp="2026-09-06T12:43:35.200" intervalms="612692.822" type="nursery" />
<cycle-start id="598" type="scavenge" contextid="0" timestamp="2026-09-06T12:43:35.200" intervalms="612692.832" />
<gc-start id="599" type="scavenge" contextid="598" timestamp="2026-09-06T12:43:35.200">
  <mem-info id="600" free="153681896" total="268435456" percent="57">
    <mem type="nursery" free="0" total="67108864" percent="0">
      <mem type="allocate" free="0" total="52297728" percent="0" />
      <mem type="survivor" free="0" total="14811136" percent="0" />
    </mem>
    <mem type="tenure" free="153681896" total="201326592" percent="76">
      <mem type="soa" free="143614952" total="191259648" percent="75" />
      <mem type="loa" free="10066944" total="10066944" percent="100" />
    </mem>
    <remembered-set count="1330" />
  </mem-info>
</gc-start>
<allocation-stats totalBytes="48227880" discardedBytes="125400" >
  <allocated-bytes non-tlh="960432" tlh="47267448" />
  <largest-consumer threadName="Daemon worker Thread 11" threadId="0000000001286400" bytes="13493928" />
</allocation-stats>
<gc-op id="601" type="scavenge" timems="5.653" contextid="598" timestamp="2026-09-06T12:43:35.206">
  <scavenger-info tenureage="14" tenuremask="4000" tiltratio="77" />
  <memory-copied type="nursery" objects="133747" bytes="5477040" bytesdiscarded="269224" />
  <finalization candidates="12" enqueued="2" />
  <ownableSynchronizers candidates="8960" cleared="8563" />
  <references type="soft" candidates="7" cleared="0" enqueued="0" dynamicThreshold="24" maxThreshold="32" />
  <references type="weak" candidates="871" cleared="86" enqueued="9" />
  <references type="phantom" candidates="3269" cleared="3099" enqueued="3099" />
  <object-monitors candidates="12" cleared="1"  />
</gc-op>
<gc-end id="602" type="scavenge" contextid="598" durationms="7.389" usertimems="16.506" systemtimems="0.704" stalltimems="14.716" timestamp="2026-09-06T12:43:35.208" activeThreads="8">
  <mem-info id="603" free="201523496" total="268435456" percent="75">
    <mem type="nursery" free="47841600" total="67108864" percent="71">
      <mem type="allocate" free="47841600" total="53608448" percent="89" />
      <mem type="survivor" free="0" total="13500416" percent="0" />
    </mem>
    <mem type="tenure" free="153681896" total="201326592" percent="76" macro-fragmented="83886080">
      <mem type="soa" free="143614952" total="191259648" percent="75" />
      <mem type="loa" free="10066944" total="10066944" percent="100" />
    </mem>
    <pending-finalizers system="1" default="1" reference="3108" classloader="0" />
    <remembered-set count="1123" />
  </mem-info>
</gc-end>
<cycle-end id="604" type="scavenge" contextid="598" timestamp="2026-09-06T12:43:35.208" />
<allocation-satisfied id="605" threadId="000000000124D700" bytesRequested="40" />
<af-end id="606" timestamp="2026-09-06T12:43:35.208" threadId="000000000124E1C0" success="true" from="nursery"/>
<exclusive-end id="607" timestamp="2026-09-06T12:43:35.208" durationms="8.399" />

<exclusive-start id="608" timestamp="2026-09-06T12:43:53.013" intervalms="17812.288">
  <response-info timems="0.023" idlems="0.023" threads="0" lastid="0000000000FF3B00" lastname="Execution worker" />
</exclusive-start>
<af-start id="609" threadId="0000000000FF45C0" totalBytesRequested="24" timestamp="2026-09-06T12:43:53.013" intervalms="17812.264" type="nursery" />
<cycle-start id="610" type="scavenge" contextid="0" timestamp="2026-09-06T12:43:53.013" intervalms="17812.268" />
<gc-start id="611" type="scavenge" contextid="610" timestamp="2026-09-06T12:43:53.014">
  <mem-info id="612" free="153670968" total="268435456" percent="57">
    <mem type="nursery" free="0" total="67108864" percent="0">
      <mem type="allocate" free="0" total="53608448" percent="0" />
      <mem type="survivor" free="0" total="13500416" percent="0" />
    </mem>
    <mem type="tenure" free="153670968" total="201326592" percent="76">
      <mem type="soa" free="143604024" total="191259648" percent="75" />
      <mem type="loa" free="10066944" total="10066944" percent="100" />
    </mem>
    <remembered-set count="1487" />
  </mem-info>
</gc-start>
<allocation-stats totalBytes="47803480" discardedBytes="49048" >
  <allocated-bytes non-tlh="1197200" tlh="46606280" />
  <largest-consumer threadName="Daemon worker Thread 11" threadId="0000000001286400" bytes="17229592" />
</allocation-stats>
<gc-op id="613" type="scavenge" timems="3.565" contextid="610" timestamp="2026-09-06T12:43:53.017">
  <scavenger-info tenureage="14" tenuremask="4000" tiltratio="79" />
  <memory-copied type="nursery" objects="102533" bytes="4072528" bytesdiscarded="285912" />
  <memory-copied type="tenure" objects="90" bytes="4856" bytesdiscarded="0" />
  <finalization candidates="116" enqueued="115" />
  <ownableSynchronizers candidates="1436" cleared="1007" />
  <references type="soft" candidates="1" cleared="0" enqueued="0" dynamicThreshold="24" maxThreshold="32" />
  <references type="weak" candidates="309" cleared="120" enqueued="85" />
  <references type="phantom" candidates="2831" cleared="2805" enqueued="2805" />
  <object-monitors candidates="13" cleared="2"  />
</gc-op>
<gc-end id="614" type="scavenge" contextid="610" durationms="6.030" usertimems="13.932" systemtimems="2.095" stalltimems="11.361" timestamp="2026-09-06T12:43:53.020" activeThreads="9">
  <mem-info id="615" free="204153808" total="268435456" percent="76">
    <mem type="nursery" free="50677552" total="67108864" percent="75">
      <mem type="allocate" free="50677552" total="55050240" percent="92" />
      <mem type="survivor" free="0" total="12058624" percent="0" />
    </mem>
    <mem type="tenure" free="153476256" total="201326592" percent="76" macro-fragmented="134217728">
      <mem type="soa" free="143409312" total="191259648" percent="74" />
      <mem type="loa" free="10066944" total="10066944" percent="100" />
    </mem>
    <pending-finalizers system="71" default="44" reference="2890" classloader="0" />
    <remembered-set count="1310" />
  </mem-info>
</gc-end>
<cycle-end id="616" type="scavenge" contextid="610" timestamp="2026-09-06T12:43:53.020" />
<allocation-satisfied id="617" threadId="0000000000FF3B00" bytesRequested="24" />
<af-end id="618" timestamp="2026-09-06T12:43:53.020" threadId="0000000000FF45C0" success="true" from="nursery"/>
<exclusive-end id="619" timestamp="2026-09-06T12:43:53.020" durationms="6.917" />

<exclusive-start id="620" timestamp="2026-09-06T12:45:22.977" intervalms="89964.348">
  <response-info timems="0.029" idlems="0.029" threads="0" lastid="0000000000FF1500" lastname="Daemon worker Thread 12" />
</exclusive-start>
<af-start id="621" threadId="0000000000FF1FC0" totalBytesRequested="48" timestamp="2026-09-06T12:45:22.977" intervalms="89964.216" type="nursery" />
<cycle-start id="622" type="scavenge" contextid="0" timestamp="2026-09-06T12:45:22.978" intervalms="89964.225" />
<gc-start id="623" type="scavenge" contextid="622" timestamp="2026-09-06T12:45:22.978">
  <mem-info id="624" free="153471192" total="268435456" percent="57">
    <mem type="nursery" free="0" total="67108864" percent="0">
      <mem type="allocate" free="0" total="55050240" percent="0" />
      <mem type="survivor" free="0" total="12058624" percent="0" />
    </mem>
    <mem type="tenure" free="153471192" total="201326592" percent="76">
      <mem type="soa" free="143404248" total="191259648" percent="74" />
      <mem type="loa" free="10066944" total="10066944" percent="100" />
    </mem>
    <remembered-set count="1614" />
  </mem-info>
</gc-start>
<allocation-stats totalBytes="50538128" discardedBytes="144488" >
  <allocated-bytes non-tlh="419464" tlh="50118664" />
  <largest-consumer threadName="Daemon worker Thread 12" threadId="0000000000FF1500" bytes="4948264" />
</allocation-stats>
<gc-op id="625" type="scavenge" timems="3.243" contextid="622" timestamp="2026-09-06T12:45:22.981">
  <scavenger-info tenureage="14" tenuremask="4000" tiltratio="82" />
  <memory-copied type="nursery" objects="55143" bytes="2625328" bytesdiscarded="199640" />
  <memory-copied type="tenure" objects="48" bytes="1584" bytesdiscarded="0" />
  <finalization candidates="45" enqueued="45" />
  <ownableSynchronizers candidates="1300" cleared="931" />
  <references type="weak" candidates="248" cleared="150" enqueued="139" />
  <references type="phantom" candidates="435" cleared="424" enqueued="424" />
  <object-monitors candidates="12" cleared="2"  />
</gc-op>
<gc-end id="626" type="scavenge" contextid="622" durationms="4.033" usertimems="6.067" systemtimems="3.056" stalltimems="19.402" timestamp="2026-09-06T12:45:22.982" activeThreads="10">
  <mem-info id="627" free="207086288" total="268435456" percent="77">
    <mem type="nursery" free="53660016" total="67108864" percent="79">
      <mem type="allocate" free="53660016" total="56492032" percent="94" />
      <mem type="survivor" free="0" total="10616832" percent="0" />
    </mem>
    <mem type="tenure" free="153426272" total="201326592" percent="76" macro-fragmented="134217728">
      <mem type="soa" free="143359328" total="191259648" percent="74" />
      <mem type="loa" free="10066944" total="10066944" percent="100" />
    </mem>
    <pending-finalizers system="0" default="45" reference="563" classloader="0" />
    <remembered-set count="1272" />
  </mem-info>
</gc-end>
<cycle-end id="628" type="scavenge" contextid="622" timestamp="2026-09-06T12:45:22.982" />
<allocation-satisfied id="629" threadId="0000000000FF1500" bytesRequested="48" />
<af-end id="630" timestamp="2026-09-06T12:45:22.982" threadId="0000000000FF1FC0" success="true" from="nursery"/>
<exclusive-end id="631" timestamp="2026-09-06T12:45:22.982" durationms="4.810" />

<exclusive-start id="632" timestamp="2026-09-06T12:45:23.239" intervalms="261.847">
  <response-info timems="0.029" idlems="0.029" threads="0" lastid="00000000012E7A00" lastname="Execution worker Thread 4" />
</exclusive-start>
<af-start id="633" threadId="00000000012E84C0" totalBytesRequested="64" timestamp="2026-09-06T12:45:23.239" intervalms="261.835" type="nursery" />
<cycle-start id="634" type="scavenge" contextid="0" timestamp="2026-09-06T12:45:23.239" intervalms="261.865" />
<gc-start id="635" type="scavenge" contextid="634" timestamp="2026-09-06T12:45:23.240">
  <mem-info id="636" free="153420720" total="268435456" percent="57">
    <mem type="nursery" free="0" total="67108864" percent="0">
      <mem type="allocate" free="0" total="56492032" percent="0" />
      <mem type="survivor" free="0" total="10616832" percent="0" />
    </mem>
    <mem type="tenure" free="153420720" total="201326592" percent="76">
      <mem type="soa" free="143353776" total="191259648" percent="74" />
      <mem type="loa" free="10066944" total="10066944" percent="100" />
    </mem>
    <remembered-set count="1515" />
  </mem-info>
</gc-start>
<allocation-stats totalBytes="53558432" discardedBytes="107136" >
  <allocated-bytes non-tlh="710192" tlh="52848240" />
  <largest-consumer threadName="Execution worker Thread 4" threadId="00000000012E7A00" bytes="26430088" />
</allocation-stats>
<gc-op id="637" type="scavenge" timems="5.532" contextid="634" timestamp="2026-09-06T12:45:23.246">
  <scavenger-info tenureage="14" tenuremask="4000" tiltratio="84" />
  <memory-copied type="nursery" objects="208189" bytes="9113512" bytesdiscarded="161224" />
  <memory-copied type="tenure" objects="50" bytes="3520" bytesdiscarded="0" />
  <finalization candidates="45" enqueued="1" />
  <ownableSynchronizers candidates="1137" cleared="699" />
  <references type="soft" candidates="47" cleared="0" enqueued="0" dynamicThreshold="24" maxThreshold="32" />
  <references type="weak" candidates="6852" cleared="1114" enqueued="9" />
  <references type="phantom" candidates="3306" cleared="3067" enqueued="3067" />
  <object-monitors candidates="11" cleared="0"  />
</gc-op>
<gc-end id="638" type="scavenge" contextid="634" durationms="6.500" usertimems="23.708" systemtimems="0.526" stalltimems="21.532" timestamp="2026-09-06T12:45:23.246" activeThreads="9">
  <mem-info id="639" free="194611880" total="268435456" percent="72">
    <mem type="nursery" free="41429240" total="67108864" percent="61">
      <mem type="allocate" free="41429240" total="50724864" percent="81" />
      <mem type="survivor" free="0" total="16384000" percent="0" />
    </mem>
    <mem type="tenure" free="153182640" total="201326592" percent="76" macro-fragmented="134217728">
      <mem type="soa" free="143115696" total="191259648" percent="74" />
      <mem type="loa" free="10066944" total="10066944" percent="100" />
    </mem>
    <pending-finalizers system="0" default="1" reference="3076" classloader="0" />
    <remembered-set count="1355" />
  </mem-info>
</gc-end>
<cycle-end id="640" type="scavenge" contextid="634" timestamp="2026-09-06T12:45:23.247" />
<allocation-satisfied id="641" threadId="00000000012E7A00" bytesRequested="64" />
<af-end id="642" timestamp="2026-09-06T12:45:23.247" threadId="00000000012E84C0" success="true" from="nursery"/>
<exclusive-end id="643" timestamp="2026-09-06T12:45:23.247" durationms="7.593" />

<exclusive-start id="644" timestamp="2026-09-06T12:45:59.164" intervalms="35924.666">
  <response-info timems="0.032" idlems="0.032" threads="0" lastid="0000000001041B00" lastname="Execution worker Thread 6" />
</exclusive-start>
<af-start id="645" threadId="00000000010425C0" totalBytesRequested="448" timestamp="2026-09-06T12:45:59.164" intervalms="35924.651" type="nursery" />
<cycle-start id="646" type="scavenge" contextid="0" timestamp="2026-09-06T12:45:59.164" intervalms="35924.612" />
<gc-start id="647" type="scavenge" contextid="646" timestamp="2026-09-06T12:45:59.164">
  <mem-info id="648" free="153180344" total="268435456" percent="57">
    <mem type="nursery" free="0" total="67108864" percent="0">
      <mem type="allocate" free="0" total="50724864" percent="0" />
      <mem type="survivor" free="0" total="16384000" percent="0" />
    </mem>
    <mem type="tenure" free="153180344" total="201326592" percent="76">
      <mem type="soa" free="143113400" total="191259648" percent="74" />
      <mem type="loa" free="10066944" total="10066944" percent="100" />
    </mem>
    <remembered-set count="1594" />
  </mem-info>
</gc-start>
<allocation-stats totalBytes="41280944" discardedBytes="150592" >
  <allocated-bytes non-tlh="1021048" tlh="40259896" />
  <largest-consumer threadName="Daemon worker Thread 12" threadId="0000000000FF1500" bytes="13450376" />
</allocation-stats>
<gc-op id="649" type="scavenge" timems="2.967" contextid="646" timestamp="2026-09-06T12:45:59.167">
  <scavenger-info tenureage="14" tenuremask="4000" tiltratio="75" />
  <memory-copied type="nursery" objects="109858" bytes="4538360" bytesdiscarded="190240" />
  <memory-copied type="tenure" objects="99" bytes="5648" bytesdiscarded="0" />
  <finalization candidates="45" enqueued="45" />
  <ownableSynchronizers candidates="1535" cleared="1099" />
  <references type="soft" candidates="2" cleared="0" enqueued="0" dynamicThreshold="24" maxThreshold="32" />
  <references type="weak" candidates="348" cleared="49" enqueued="14" />
  <references type="phantom" candidates="3054" cleared="3021" enqueued="3021" />
  <object-monitors candidates="13" cleared="2"  />
</gc-op>
<gc-end id="650" type="scavenge" contextid="646" durationms="4.282" usertimems="16.375" systemtimems="0.769" stalltimems="8.087" timestamp="2026-09-06T12:45:59.169" activeThreads="9">
  <mem-info id="651" free="200238512" total="268435456" percent="74">
    <mem type="nursery" free="47161080" total="67108864" percent="70">
      <mem type="allocate" free="47161080" total="51904512" percent="90" />
      <mem type="survivor" free="0" total="15204352" percent="0" />
    </mem>
    <mem type="tenure" free="153077432" total="201326592" percent="76" macro-fragmented="134217728">
      <mem type="soa" free="143010488" total="191259648" percent="74" />
      <mem type="loa" free="10066944" total="10066944" percent="100" />
    </mem>
    <pending-finalizers system="0" default="45" reference="3035" classloader="0" />
    <remembered-set count="1275" />
  </mem-info>
</gc-end>
<cycle-end id="652" type="scavenge" contextid="646" timestamp="2026-09-06T12:45:59.169" />
<allocation-satisfied id="653" threadId="0000000001041B00" bytesRequested="448" />
<af-end id="654" timestamp="2026-09-06T12:45:59.169" threadId="00000000010425C0" success="true" from="nursery"/>
<exclusive-end id="655" timestamp="2026-09-06T12:45:59.169" durationms="5.052" />

<exclusive-start id="656" timestamp="2026-09-06T12:46:17.021" intervalms="17857.256">
  <response-info timems="0.028" idlems="0.028" threads="0" lastid="000000000127AD00" lastname="Build operations Thread 3" />
</exclusive-start>
<af-start id="657" threadId="000000000127B7C0" totalBytesRequested="16" timestamp="2026-09-06T12:46:17.023" intervalms="17859.422" type="nursery" />
<cycle-start id="658" type="scavenge" contextid="0" timestamp="2026-09-06T12:46:17.023" intervalms="17859.444" />
<gc-start id="659" type="scavenge" contextid="658" timestamp="2026-09-06T12:46:17.024">
  <mem-info id="660" free="153074176" total="268435456" percent="57">
    <mem type="nursery" free="0" total="67108864" percent="0">
      <mem type="allocate" free="0" total="51904512" percent="0" />
      <mem type="survivor" free="0" total="15204352" percent="0" />
    </mem>
    <mem type="tenure" free="153074176" total="201326592" percent="76">
      <mem type="soa" free="143007232" total="191259648" percent="74" />
      <mem type="loa" free="10066944" total="10066944" percent="100" />
    </mem>
    <remembered-set count="1522" />
  </mem-info>
</gc-start>
<allocation-stats totalBytes="47060392" discardedBytes="103944" >
  <allocated-bytes non-tlh="791544" tlh="46268848" />
  <largest-consumer threadName="Daemon worker Thread 12" threadId="0000000000FF1500" bytes="10677024" />
</allocation-stats>
<gc-op id="661" type="scavenge" timems="4.070" contextid="658" timestamp="2026-09-06T12:46:17.028">
  <scavenger-info tenureage="14" tenuremask="4000" tiltratio="77" />
  <memory-copied type="nursery" objects="81870" bytes="3348696" bytesdiscarded="291936" />
  <memory-copied type="tenure" objects="65" bytes="1952" bytesdiscarded="0" />
  <finalization candidates="44" enqueued="44" />
  <ownableSynchronizers candidates="1563" cleared="1149" />
  <references type="weak" candidates="296" cleared="120" enqueued="84" />
  <references type="phantom" candidates="880" cleared="859" enqueued="859" />
  <object-monitors candidates="12" cleared="2"  />
</gc-op>
<gc-end id="662" type="scavenge" contextid="658" durationms="5.094" usertimems="12.259" systemtimems="1.107" stalltimems="12.237" timestamp="2026-09-06T12:46:17.029" activeThreads="10">
  <mem-info id="663" free="203226552" total="268435456" percent="75">
    <mem type="nursery" free="50283704" total="67108864" percent="74">
      <mem type="allocate" free="50283704" total="53936128" percent="93" />
      <mem type="survivor" free="0" total="13172736" percent="0" />
    </mem>
    <mem type="tenure" free="152942848" total="201326592" percent="75" macro-fragmented="134217728">
      <mem type="soa" free="142875904" total="191259648" percent="74" />
      <mem type="loa" free="10066944" total="10066944" percent="100" />
    </mem>
    <pending-finalizers system="0" default="44" reference="943" classloader="0" />
    <remembered-set count="1220" />
  </mem-info>
</gc-end>
<cycle-end id="664" type="scavenge" contextid="658" timestamp="2026-09-06T12:46:17.029" />
<allocation-satisfied id="665" threadId="000000000127AD00" bytesRequested="16" />
<af-end id="666" timestamp="2026-09-06T12:46:17.029" threadId="000000000127B7C0" success="true" from="nursery"/>
<exclusive-end id="667" timestamp="2026-09-06T12:46:17.029" durationms="8.020" />

<exclusive-start id="668" timestamp="2026-09-06T12:46:17.289" intervalms="267.915">
  <response-info timems="0.019" idlems="0.019" threads="0" lastid="00000000012E7A00" lastname="included builds" />
</exclusive-start>
<af-start id="669" threadId="00000000012E84C0" totalBytesRequested="16" timestamp="2026-09-06T12:46:17.289" intervalms="265.752" type="nursery" />
<cycle-start id="670" type="scavenge" contextid="0" timestamp="2026-09-06T12:46:17.289" intervalms="265.733" />
<gc-start id="671" type="scavenge" contextid="670" timestamp="2026-09-06T12:46:17.290">
  <mem-info id="672" free="152936512" total="268435456" percent="56">
    <mem type="nursery" free="0" total="67108864" percent="0">
      <mem type="allocate" free="0" total="53936128" percent="0" />
      <mem type="survivor" free="0" total="13172736" percent="0" />
    </mem>
    <mem type="tenure" free="152936512" total="201326592" percent="75">
      <mem type="soa" free="142869568" total="191259648" percent="74" />
      <mem type="loa" free="10066944" total="10066944" percent="100" />
    </mem>
    <remembered-set count="1483" />
  </mem-info>
</gc-start>
<allocation-stats totalBytes="50129400" discardedBytes="160640" >
  <allocated-bytes non-tlh="996912" tlh="49132488" />
  <largest-consumer threadName="included builds" threadId="00000000012E7A00" bytes="25999520" />
</allocation-stats>
<gc-op id="673" type="scavenge" timems="2.648" contextid="670" timestamp="2026-09-06T12:46:17.293">
  <scavenger-info tenureage="14" tenuremask="4000" tiltratio="80" />
  <memory-copied type="nursery" objects="132427" bytes="5360144" bytesdiscarded="256144" />
  <memory-copied type="tenure" objects="75" bytes="4792" bytesdiscarded="0" />
  <finalization candidates="45" enqueued="45" />
  <ownableSynchronizers candidates="894" cleared="446" />
  <references type="soft" candidates="2" cleared="0" enqueued="0" dynamicThreshold="24" maxThreshold="32" />
  <references type="weak" candidates="376" cleared="64" enqueued="63" />
  <references type="phantom" candidates="2477" cleared="2440" enqueued="2440" />
  <object-monitors candidates="11" cleared="0"  />
</gc-op>
<gc-end id="674" type="scavenge" contextid="670" durationms="3.196" usertimems="16.369" systemtimems="0.603" stalltimems="9.027" timestamp="2026-09-06T12:46:17.294" activeThreads="10">
  <mem-info id="675" free="202123360" total="268435456" percent="75">
    <mem type="nursery" free="49219872" total="67108864" percent="73">
      <mem type="allocate" free="49219872" total="54853632" percent="89" />
      <mem type="survivor" free="0" total="12255232" percent="0" />
    </mem>
    <mem type="tenure" free="152903488" total="201326592" percent="75" macro-fragmented="67108864">
      <mem type="soa" free="142836544" total="191259648" percent="74" />
      <mem type="loa" free="10066944" total="10066944" percent="100" />
    </mem>
    <pending-finalizers system="0" default="45" reference="2503" classloader="0" />
    <remembered-set count="1306" />
  </mem-info>
</gc-end>
<cycle-end id="676" type="scavenge" contextid="670" timestamp="2026-09-06T12:46:17.294" />
<allocation-satisfied id="677" threadId="00000000012E7A00" bytesRequested="16" />
<af-end id="678" timestamp="2026-09-06T12:46:17.294" threadId="00000000012E84C0" success="true" from="nursery"/>
<exclusive-end id="679" timestamp="2026-09-06T12:46:17.294" durationms="4.979" />

<exclusive-start id="680" timestamp="2026-09-06T12:50:48.073" intervalms="270778.909">
  <response-info timems="0.088" idlems="0.088" threads="0" lastid="00000000001A7100" lastname="VM Runtime State Listener" />
</exclusive-start>
<sys-start reason="vm idle" id="681" timestamp="2026-09-06T12:50:48.076" intervalms="850006.505" />
<cycle-start id="682" type="global" contextid="0" timestamp="2026-09-06T12:50:48.077" intervalms="850006.415" />
<gc-start id="683" type="global" contextid="682" timestamp="2026-09-06T12:50:48.079">
  <mem-info id="684" free="196241136" total="268435456" percent="73">
    <mem type="nursery" free="43337648" total="67108864" percent="64">
      <mem type="allocate" free="43337648" total="54853632" percent="79" />
      <mem type="survivor" free="0" total="12255232" percent="0" />
    </mem>
    <mem type="tenure" free="152903488" total="201326592" percent="75">
      <mem type="soa" free="142836544" total="191259648" percent="74" />
      <mem type="loa" free="10066944" total="10066944" percent="100" />
    </mem>
    <remembered-set count="1407" />
  </mem-info>
</gc-start>
<allocation-stats totalBytes="5856408" discardedBytes="25816" >
  <allocated-bytes non-tlh="221552" tlh="5634856" />
  <largest-consumer threadName="Memory manager" threadId="00000000010E5B00" bytes="1299488" />
</allocation-stats>
<gc-op id="685" type="mark" timems="27.404" contextid="682" timestamp="2026-09-06T12:50:48.106">
  <trace-info objectcount="948021" scancount="826911" scanbytes="27667004" />
  <finalization candidates="962" enqueued="0" />
  <ownableSynchronizers candidates="4319" cleared="271" />
  <references type="soft" candidates="25783" cleared="0" enqueued="0" dynamicThreshold="24" maxThreshold="32" />
  <references type="weak" candidates="25781" cleared="95" enqueued="84" />
  <references type="phantom" candidates="1925" cleared="24" enqueued="24" />
  <stringconstants candidates="45109" cleared="63"  />
  <object-monitors candidates="12" cleared="1"  />
</gc-op>
<gc-op id="686" type="classunload" timems="0.184" contextid="682" timestamp="2026-09-06T12:50:48.107">
  <classunload-info classloadercandidates="24" classloadersunloaded="10" classesunloaded="0" anonymousclassesunloaded="0" quiescems="0.000" setupms="0.139" scanms="0.034" postms="0.010" />
</gc-op>
<gc-op id="687" type="sweep" timems="0.932" contextid="682" timestamp="2026-09-06T12:50:48.108" />
<gc-end id="688" type="global" contextid="682" durationms="30.228" usertimems="140.916" systemtimems="5.866" stalltimems="98.271" timestamp="2026-09-06T12:50:48.109" activeThreads="10">
  <mem-info id="689" free="205144360" total="268435456" percent="76">
    <mem type="nursery" free="51486088" total="67108864" percent="76">
      <mem type="allocate" free="51486088" total="54853632" percent="93" />
      <mem type="survivor" free="0" total="12255232" percent="0" />
    </mem>
    <mem type="tenure" free="153658272" total="201326592" percent="76" micro-fragmented="0" macro-fragmented="117440512">
      <mem type="soa" free="143591328" total="191259648" percent="75" />
      <mem type="loa" free="10066944" total="10066944" percent="100" />
    </mem>
    <pending-finalizers system="0" default="0" reference="108" classloader="0" />
    <remembered-set count="1197" />
  </mem-info>
</gc-end>
<cycle-end id="690" type="global" contextid="682" timestamp="2026-09-06T12:50:48.109" />
<sys-end id="691" timestamp="2026-09-06T12:50:48.109" />
<exclusive-end id="692" timestamp="2026-09-06T12:50:48.109" durationms="36.295" />

<heap-resize id="693" type="release free pages" space="tenure" amount="153595904" count="1" timems="0.079" reason="idle" timestamp="2026-09-06T12:50:48.109" />
<exclusive-start id="694" timestamp="2026-09-06T13:05:03.137" intervalms="855062.217">
  <response-info timems="0.068" idlems="0.068" threads="0" lastid="0000000001277000" lastname="Execution worker" />
</exclusive-start>
<af-start id="695" threadId="0000000001277AC0" totalBytesRequested="40" timestamp="2026-09-06T13:05:03.137" intervalms="1125841.331" type="nursery" />
<cycle-start id="696" type="scavenge" contextid="0" timestamp="2026-09-06T13:05:03.138" intervalms="1125841.542" />
<gc-start id="697" type="scavenge" contextid="696" timestamp="2026-09-06T13:05:03.141">
  <mem-info id="698" free="153648200" total="268435456" percent="57">
    <mem type="nursery" free="0" total="67108864" percent="0">
      <mem type="allocate" free="0" total="54853632" percent="0" />
      <mem type="survivor" free="0" total="12255232" percent="0" />
    </mem>
    <mem type="tenure" free="153648200" total="201326592" percent="76">
      <mem type="soa" free="143581256" total="191259648" percent="75" />
      <mem type="loa" free="10066944" total="10066944" percent="100" />
    </mem>
    <remembered-set count="1459" />
  </mem-info>
</gc-start>
<allocation-stats totalBytes="51364760" discardedBytes="126128" >
  <allocated-bytes non-tlh="1535584" tlh="49829176" />
  <largest-consumer threadName="Daemon worker Thread 13" threadId="0000000001041B00" bytes="13567424" />
</allocation-stats>
<gc-op id="699" type="scavenge" timems="6.919" contextid="696" timestamp="2026-09-06T13:05:03.148">
  <scavenger-info tenureage="14" tenuremask="4000" tiltratio="81" />
  <memory-copied type="nursery" objects="128620" bytes="5044512" bytesdiscarded="189072" />
  <memory-copied type="tenure" objects="88" bytes="4792" bytesdiscarded="0" />
  <finalization candidates="9" enqueued="8" />
  <ownableSynchronizers candidates="9364" cleared="8973" />
  <references type="soft" candidates="7" cleared="0" enqueued="0" dynamicThreshold="24" maxThreshold="32" />
  <references type="weak" candidates="845" cleared="86" enqueued="9" />
  <references type="phantom" candidates="3247" cleared="3097" enqueued="3097" />
  <object-monitors candidates="12" cleared="1"  />
</gc-op>
<gc-end id="700" type="scavenge" contextid="696" durationms="8.372" usertimems="23.898" systemtimems="2.472" stalltimems="27.013" timestamp="2026-09-06T13:05:03.150" activeThreads="9">
  <mem-info id="701" free="204340072" total="268435456" percent="76">
    <mem type="nursery" free="50844768" total="67108864" percent="75">
      <mem type="allocate" free="50844768" total="56098816" percent="90" />
      <mem type="survivor" free="0" total="11010048" percent="0" />
    </mem>
    <mem type="tenure" free="153495304" total="201326592" percent="76" macro-fragmented="83886080">
      <mem type="soa" free="143428360" total="191259648" percent="74" />
      <mem type="loa" free="10066944" total="10066944" percent="100" />
    </mem>
    <pending-finalizers system="7" default="1" reference="3106" classloader="0" />
    <remembered-set count="1242" />
  </mem-info>
</gc-end>
<cycle-end id="702" type="scavenge" contextid="696" timestamp="2026-09-06T13:05:03.150" />
<allocation-satisfied id="703" threadId="0000000001277000" bytesRequested="40" />
<af-end id="704" timestamp="2026-09-06T13:05:03.150" threadId="0000000001277AC0" success="true" from="nursery"/>
<exclusive-end id="705" timestamp="2026-09-06T13:05:03.150" durationms="12.957" />

<exclusive-start id="706" timestamp="2026-09-06T13:08:03.376" intervalms="180257.571">
  <response-info timems="0.035" idlems="0.035" threads="0" lastid="000000000127AD00" lastname="Cache worker for file hash cache (/workspace/project/.gradle/9." />
</exclusive-start>
<af-start id="707" threadId="000000000127B7C0" totalBytesRequested="4104" timestamp="2026-09-06T13:08:03.376" intervalms="180257.642" type="nursery" />
<cycle-start id="708" type="scavenge" contextid="0" timestamp="2026-09-06T13:08:03.376" intervalms="180257.425" />
<gc-start id="709" type="scavenge" contextid="708" timestamp="2026-09-06T13:08:03.377">
  <mem-info id="710" free="153492888" total="268435456" percent="57">
    <mem type="nursery" free="0" total="67108864" percent="0">
      <mem type="allocate" free="0" total="56098816" percent="0" />
      <mem type="survivor" free="0" total="11010048" percent="0" />
    </mem>
    <mem type="tenure" free="153492888" total="201326592" percent="76">
      <mem type="soa" free="143425944" total="191259648" percent="74" />
      <mem type="loa" free="10066944" total="10066944" percent="100" />
    </mem>
    <remembered-set count="1476" />
  </mem-info>
</gc-start>
<allocation-stats totalBytes="50734168" discardedBytes="113016" >
  <allocated-bytes non-tlh="1040504" tlh="49693664" />
  <largest-consumer threadName="Daemon worker Thread 14" threadId="0000000000A9B900" bytes="13517632" />
</allocation-stats>
<gc-op id="711" type="scavenge" timems="5.590" contextid="708" timestamp="2026-09-06T13:08:03.382">
  <scavenger-info tenureage="14" tenuremask="4000" tiltratio="83" />
  <memory-copied type="nursery" objects="103630" bytes="4110088" bytesdiscarded="114264" />
  <finalization candidates="46" enqueued="46" />
  <ownableSynchronizers candidates="1483" cleared="1053" />
  <references type="soft" candidates="1" cleared="0" enqueued="0" dynamicThreshold="24" maxThreshold="32" />
  <references type="weak" candidates="284" cleared="91" enqueued="81" />
  <references type="phantom" candidates="2853" cleared="2826" enqueued="2826" />
  <object-monitors candidates="13" cleared="2"  />
</gc-op>
<gc-end id="712" type="scavenge" contextid="708" durationms="6.555" usertimems="20.031" systemtimems="0.236" stalltimems="11.116" timestamp="2026-09-06T13:08:03.383" activeThreads="8">
  <mem-info id="713" free="206401728" total="268435456" percent="76">
    <mem type="nursery" free="52908840" total="67108864" percent="78">
      <mem type="allocate" free="52908840" total="57147392" percent="92" />
      <mem type="survivor" free="0" total="9961472" percent="0" />
    </mem>
    <mem type="tenure" free="153492888" total="201326592" percent="76" macro-fragmented="83886080">
      <mem type="soa" free="143425944" total="191259648" percent="74" />
      <mem type="loa" free="10066944" total="10066944" percent="100" />
    </mem>
    <pending-finalizers system="1" default="45" reference="2907" classloader="0" />
    <remembered-set count="1290" />
  </mem-info>
</gc-end>
<cycle-end id="714" type="scavenge" contextid="708" timestamp="2026-09-06T13:08:03.384" />
<allocation-satisfied id="715" threadId="000000000127AD00" bytesRequested="4104" />
<af-end id="716" timestamp="2026-09-06T13:08:03.384" threadId="000000000127B7C0" success="true" from="nursery"/>
<exclusive-end id="717" timestamp="2026-09-06T13:08:03.384" durationms="7.738" />

<exclusive-start id="718" timestamp="2026-09-06T13:09:23.244" intervalms="79867.612">
  <response-info timems="0.028" idlems="0.028" threads="0" lastid="0000000001277000" lastname="Daemon worker Thread 15" />
</exclusive-start>
<af-start id="719" threadId="0000000001277AC0" totalBytesRequested="16" timestamp="2026-09-06T13:09:23.244" intervalms="79867.516" type="nursery" />
<cycle-start id="720" type="scavenge" contextid="0" timestamp="2026-09-06T13:09:23.244" intervalms="79867.528" />
<gc-start id="721" type="scavenge" contextid="720" timestamp="2026-09-06T13:09:23.244">
  <mem-info id="722" free="153489632" total="268435456" percent="57">
    <mem type="nursery" free="0" total="67108864" percent="0">
      <mem type="allocate" free="0" total="57147392" percent="0" />
      <mem type="survivor" free="0" total="9961472" percent="0" />
    </mem>
    <mem type="tenure" free="153489632" total="201326592" percent="76">
      <mem type="soa" free="143422688" total="191259648" percent="74" />
      <mem type="loa" free="10066944" total="10066944" percent="100" />
    </mem>
    <remembered-set count="1574" />
  </mem-info>
</gc-start>
<allocation-stats totalBytes="52784416" discardedBytes="127680" >
  <allocated-bytes non-tlh="912648" tlh="51871768" />
  <largest-consumer threadName="Daemon worker Thread 15" threadId="0000000001277000" bytes="8252040" />
</allocation-stats>
<gc-op id="723" type="scavenge" timems="3.306" contextid="720" timestamp="2026-09-06T13:09:23.248">
  <scavenger-info tenureage="14" tenuremask="4000" tiltratio="85" />
  <memory-copied type="nursery" objects="67544" bytes="2903840" bytesdiscarded="280616" />
  <memory-copied type="tenure" objects="64" bytes="1936" bytesdiscarded="0" />
  <finalization candidates="44" enqueued="44" />
  <ownableSynchronizers candidates="1460" cleared="1086" />
  <references type="weak" candidates="228" cleared="100" enqueued="89" />
  <references type="phantom" candidates="416" cleared="405" enqueued="405" />
  <object-monitors candidates="12" cleared="2"  />
</gc-op>
<gc-end id="724" type="scavenge" contextid="720" durationms="4.486" usertimems="9.602" systemtimems="1.058" stalltimems="17.198" timestamp="2026-09-06T13:09:23.249" activeThreads="10">
  <mem-info id="725" free="208461136" total="268435456" percent="77">
    <mem type="nursery" free="54999840" total="67108864" percent="81">
      <mem type="allocate" free="54999840" total="58195968" percent="94" />
      <mem type="survivor" free="0" total="8912896" percent="0" />
    </mem>
    <mem type="tenure" free="153461296" total="201326592" percent="76" macro-fragmented="100663296">
      <mem type="soa" free="143394352" total="191259648" percent="74" />
      <mem type="loa" free="10066944" total="10066944" percent="100" />
    </mem>
    <pending-finalizers system="0" default="44" reference="494" classloader="0" />
    <remembered-set count="1236" />
  </mem-info>
</gc-end>
<cycle-end id="726" type="scavenge" contextid="720" timestamp="2026-09-06T13:09:23.249" />
<allocation-satisfied id="727" threadId="0000000001277000" bytesRequested="16" />
<af-end id="728" timestamp="2026-09-06T13:09:23.249" threadId="0000000001277AC0" success="true" from="nursery"/>
<exclusive-end id="729" timestamp="2026-09-06T13:09:23.249" durationms="5.420" />

<exclusive-start id="730" timestamp="2026-09-06T13:09:23.589" intervalms="344.993">
  <response-info timems="0.030" idlems="0.030" threads="0" lastid="0000000000955C00" lastname="included builds" />
</exclusive-start>
<af-start id="731" threadId="00000000009566C0" totalBytesRequested="32" timestamp="2026-09-06T13:09:23.589" intervalms="344.869" type="nursery" />
<cycle-start id="732" type="scavenge" contextid="0" timestamp="2026-09-06T13:09:23.589" intervalms="344.900" />
<gc-start id="733" type="scavenge" contextid="732" timestamp="2026-09-06T13:09:23.590">
  <mem-info id="734" free="153442288" total="268435456" percent="57">
    <mem type="nursery" free="0" total="67108864" percent="0">
      <mem type="allocate" free="0" total="58195968" percent="0" />
      <mem type="survivor" free="0" total="8912896" percent="0" />
    </mem>
    <mem type="tenure" free="153442288" total="201326592" percent="76">
      <mem type="soa" free="143375344" total="191259648" percent="74" />
      <mem type="loa" free="10066944" total="10066944" percent="100" />
    </mem>
    <remembered-set count="1854" />
  </mem-info>
</gc-start>
<allocation-stats totalBytes="54930592" discardedBytes="88256" >
  <allocated-bytes non-tlh="932432" tlh="53998160" />
  <largest-consumer threadName="included builds" threadId="0000000000955C00" bytes="25609424" />
</allocation-stats>
<gc-op id="735" type="scavenge" timems="4.040" contextid="732" timestamp="2026-09-06T13:09:23.594">
  <scavenger-info tenureage="14" tenuremask="4000" tiltratio="86" />
  <memory-copied type="nursery" objects="141521" bytes="5578712" bytesdiscarded="238624" />
  <memory-copied type="tenure" objects="41" bytes="1232" bytesdiscarded="96" />
  <finalization candidates="74" enqueued="74" />
  <ownableSynchronizers candidates="988" cleared="550" />
  <references type="soft" candidates="103" cleared="0" enqueued="0" dynamicThreshold="24" maxThreshold="32" />
  <references type="weak" candidates="455" cleared="110" enqueued="109" />
  <references type="phantom" candidates="3112" cleared="3075" enqueued="3075" />
  <object-monitors candidates="11" cleared="0"  />
</gc-op>
<gc-end id="736" type="scavenge" contextid="732" durationms="5.958" usertimems="18.664" systemtimems="3.457" stalltimems="11.983" timestamp="2026-09-06T13:09:23.596" activeThreads="9">
  <mem-info id="737" free="205381952" total="268435456" percent="76">
    <mem type="nursery" free="51968208" total="67108864" percent="77">
      <mem type="allocate" free="51968208" total="57802752" percent="89" />
      <mem type="survivor" free="0" total="9306112" percent="0" />
    </mem>
    <mem type="tenure" free="153413744" total="201326592" percent="76" macro-fragmented="67108864">
      <mem type="soa" free="143346800" total="191259648" percent="74" />
      <mem type="loa" free="10066944" total="10066944" percent="100" />
    </mem>
    <pending-finalizers system="29" default="45" reference="3184" classloader="0" />
    <remembered-set count="1595" />
  </mem-info>
</gc-end>
<cycle-end id="738" type="scavenge" contextid="732" timestamp="2026-09-06T13:09:23.596" />
<allocation-satisfied id="739" threadId="0000000000955C00" bytesRequested="32" />
<af-end id="740" timestamp="2026-09-06T13:09:23.597" threadId="00000000009566C0" success="true" from="nursery"/>
<exclusive-end id="741" timestamp="2026-09-06T13:09:23.597" durationms="7.998" />

<exclusive-start id="742" timestamp="2026-09-06T13:12:33.312" intervalms="189723.326">
  <response-info timems="0.024" idlems="0.024" threads="0" lastid="0000000001020A00" lastname="included builds" />
</exclusive-start>
<af-start id="743" threadId="00000000010214C0" totalBytesRequested="4104" timestamp="2026-09-06T13:12:33.312" intervalms="189723.470" type="nursery" />
<cycle-start id="744" type="scavenge" contextid="0" timestamp="2026-09-06T13:12:33.313" intervalms="189723.449" />
<gc-start id="745" type="scavenge" contextid="744" timestamp="2026-09-06T13:12:33.313">
  <mem-info id="746" free="153407912" total="268435456" percent="57">
    <mem type="nursery" free="0" total="67108864" percent="0">
      <mem type="allocate" free="0" total="57802752" percent="0" />
      <mem type="survivor" free="0" total="9306112" percent="0" />
    </mem>
    <mem type="tenure" free="153407912" total="201326592" percent="76">
      <mem type="soa" free="143340968" total="191259648" percent="74" />
      <mem type="loa" free="10066944" total="10066944" percent="100" />
    </mem>
    <remembered-set count="1959" />
  </mem-info>
</gc-start>
<allocation-stats totalBytes="51820352" discardedBytes="153688" >
  <allocated-bytes non-tlh="1298848" tlh="50521504" />
  <largest-consumer threadName="Execution worker Thread 7" threadId="0000000000FF1500" bytes="14275360" />
</allocation-stats>
<gc-op id="747" type="scavenge" timems="4.962" contextid="744" timestamp="2026-09-06T13:12:33.318">
  <scavenger-info tenureage="14" tenuremask="4000" tiltratio="86" />
  <memory-copied type="nursery" objects="135010" bytes="5348432" bytesdiscarded="134416" />
  <memory-copied type="tenure" objects="44" bytes="2232" bytesdiscarded="0" />
  <finalization candidates="1" enqueued="1" />
  <ownableSynchronizers candidates="1728" cleared="1329" />
  <references type="soft" candidates="108" cleared="0" enqueued="0" dynamicThreshold="24" maxThreshold="32" />
  <references type="weak" candidates="911" cleared="106" enqueued="28" />
  <references type="phantom" candidates="3283" cleared="3133" enqueued="3133" />
  <object-monitors candidates="13" cleared="2"  />
</gc-op>
<gc-end id="748" type="scavenge" contextid="744" durationms="6.482" usertimems="15.938" systemtimems="3.306" stalltimems="17.268" timestamp="2026-09-06T13:12:33.319" activeThreads="9">
  <mem-info id="749" free="206063208" total="268435456" percent="76">
    <mem type="nursery" free="52888728" total="67108864" percent="78">
      <mem type="allocate" free="52888728" total="58392576" percent="90" />
      <mem type="survivor" free="0" total="8716288" percent="0" />
    </mem>
    <mem type="tenure" free="153174480" total="201326592" percent="76" macro-fragmented="134217728">
      <mem type="soa" free="143107536" total="191259648" percent="74" />
      <mem type="loa" free="10066944" total="10066944" percent="100" />
    </mem>
    <pending-finalizers system="0" default="1" reference="3161" classloader="0" />
    <remembered-set count="1667" />
  </mem-info>
</gc-end>
<cycle-end id="750" type="scavenge" contextid="744" timestamp="2026-09-06T13:12:33.320" />
<allocation-satisfied id="751" threadId="0000000001020A00" bytesRequested="4104" />
<af-end id="752" timestamp="2026-09-06T13:12:33.320" threadId="00000000010214C0" success="true" from="nursery"/>
<exclusive-end id="753" timestamp="2026-09-06T13:12:33.320" durationms="7.517" />

<exclusive-start id="754" timestamp="2026-09-06T13:17:06.491" intervalms="273178.816">
  <response-info timems="0.347" idlems="0.347" threads="0" lastid="00000000001A7100" lastname="VM Runtime State Listener" />
</exclusive-start>
<sys-start reason="vm idle" id="755" timestamp="2026-09-06T13:17:06.494" intervalms="1578433.830" />
<cycle-start id="756" type="global" contextid="0" timestamp="2026-09-06T13:17:06.495" intervalms="1578434.113" />
<gc-start id="757" type="global" contextid="756" timestamp="2026-09-06T13:17:06.497">
  <mem-info id="758" free="179845976" total="268435456" percent="66">
    <mem type="nursery" free="26671496" total="67108864" percent="39">
      <mem type="allocate" free="26671496" total="58392576" percent="45" />
      <mem type="survivor" free="0" total="8716288" percent="0" />
    </mem>
    <mem type="tenure" free="153174480" total="201326592" percent="76">
      <mem type="soa" free="143107536" total="191259648" percent="74" />
      <mem type="loa" free="10066944" total="10066944" percent="100" />
    </mem>
    <remembered-set count="1792" />
  </mem-info>
</gc-start>
<allocation-stats totalBytes="26188472" discardedBytes="28760" >
  <allocated-bytes non-tlh="650000" tlh="25538472" />
  <largest-consumer threadName="Memory manager" threadId="00000000010E5B00" bytes="1381248" />
</allocation-stats>
<gc-op id="759" type="mark" timems="31.479" contextid="756" timestamp="2026-09-06T13:17:06.529">
  <trace-info objectcount="952413" scancount="830966" scanbytes="27798752" />
  <finalization candidates="1006" enqueued="44" />
  <ownableSynchronizers candidates="4396" cleared="290" />
  <references type="soft" candidates="25884" cleared="0" enqueued="0" dynamicThreshold="24" maxThreshold="32" />
  <references type="weak" candidates="25816" cleared="114" enqueued="105" />
  <references type="phantom" candidates="1949" cleared="48" enqueued="48" />
  <stringconstants candidates="45183" cleared="63"  />
  <object-monitors candidates="12" cleared="1"  />
</gc-op>
<gc-op id="760" type="classunload" timems="0.246" contextid="756" timestamp="2026-09-06T13:17:06.529">
  <classunload-info classloadercandidates="22" classloadersunloaded="8" classesunloaded="0" anonymousclassesunloaded="0" quiescems="0.000" setupms="0.149" scanms="0.087" postms="0.009" />
</gc-op>
<gc-op id="761" type="sweep" timems="1.131" contextid="756" timestamp="2026-09-06T13:17:06.530" />
<mem-info id="762" free="207612272" total="268435456" percent="77">
  <mem type="nursery" free="53976496" total="67108864" percent="80">
    <mem type="allocate" free="53976496" total="58392576" percent="92" />
    <mem type="survivor" free="0" total="8716288" percent="0" />
  </mem>
  <mem type="tenure" free="153635776" total="201326592" percent="76" micro-fragmented="31225" macro-fragmented="67108864">
    <mem type="soa" free="143568832" total="191259648" percent="75" />
    <mem type="loa" free="10066944" total="10066944" percent="100" />
  </mem>
  <pending-finalizers system="0" default="44" reference="153" classloader="0" />
  <remembered-set count="1396" />
</mem-info>
<gc-op id="763" type="compact" timems="29.104" contextid="756" timestamp="2026-09-06T13:17:06.560">
  <compact-info movecount="406472" movebytes="18466680" reason="compact on aggressive collection" />
</gc-op>
<gc-end id="764" type="global" contextid="756" durationms="63.672" usertimems="381.437" systemtimems="7.808" stalltimems="95.350" timestamp="2026-09-06T13:17:06.561" activeThreads="10">
  <mem-info id="765" free="208128832" total="268435456" percent="77">
    <mem type="nursery" free="54477584" total="67108864" percent="81">
      <mem type="allocate" free="54477584" total="58392576" percent="93" />
      <mem type="survivor" free="0" total="8716288" percent="0" />
    </mem>
    <mem type="tenure" free="153651248" total="201326592" percent="76">
      <mem type="soa" free="143584304" total="191259648" percent="75" />
      <mem type="loa" free="10066944" total="10066944" percent="100" />
    </mem>
    <pending-finalizers system="0" default="44" reference="153" classloader="0" />
    <remembered-set count="1396" />
  </mem-info>
</gc-end>
<cycle-end id="766" type="global" contextid="756" timestamp="2026-09-06T13:17:06.561" />
<sys-end id="767" timestamp="2026-09-06T13:17:06.561" />
<exclusive-end id="768" timestamp="2026-09-06T13:17:06.561" durationms="69.585" />

<heap-resize id="769" type="release free pages" space="tenure" amount="153636864" count="1" timems="0.070" reason="idle" timestamp="2026-09-06T13:17:06.561" />
<exclusive-start id="770" timestamp="2026-09-06T13:31:10.282" intervalms="843791.324">
  <response-info timems="0.073" idlems="0.073" threads="0" lastid="000000000124E400" lastname="Execution worker Thread 7" />
</exclusive-start>
<af-start id="771" threadId="000000000124EEC0" totalBytesRequested="32" timestamp="2026-09-06T13:31:10.283" intervalms="1116970.248" type="nursery" />
<cycle-start id="772" type="scavenge" contextid="0" timestamp="2026-09-06T13:31:10.283" intervalms="1116970.774" />
<gc-start id="773" type="scavenge" contextid="772" timestamp="2026-09-06T13:31:10.287">
  <mem-info id="774" free="153644312" total="268435456" percent="57">
    <mem type="nursery" free="0" total="67108864" percent="0">
      <mem type="allocate" free="0" total="58392576" percent="0" />
      <mem type="survivor" free="0" total="8716288" percent="0" />
    </mem>
    <mem type="tenure" free="153644312" total="201326592" percent="76">
      <mem type="soa" free="143577368" total="191259648" percent="75" />
      <mem type="loa" free="10066944" total="10066944" percent="100" />
    </mem>
    <remembered-set count="1657" />
  </mem-info>
</gc-start>
<allocation-stats totalBytes="54342864" discardedBytes="140904" >
  <allocated-bytes non-tlh="968832" tlh="53374032" />
  <largest-consumer threadName="Execution worker Thread 4" threadId="000000000057F100" bytes="14738744" />
</allocation-stats>
<gc-op id="775" type="scavenge" timems="7.774" contextid="772" timestamp="2026-09-06T13:31:10.295">
  <scavenger-info tenureage="14" tenuremask="4000" tiltratio="87" />
  <memory-copied type="nursery" objects="139819" bytes="5777696" bytesdiscarded="213696" />
  <memory-copied type="tenure" objects="98" bytes="3128" bytesdiscarded="0" />
  <finalization candidates="17" enqueued="4" />
  <ownableSynchronizers candidates="9108" cleared="8701" />
  <references type="soft" candidates="109" cleared="0" enqueued="0" dynamicThreshold="24" maxThreshold="32" />
  <references type="weak" candidates="881" cleared="86" enqueued="9" />
  <references type="phantom" candidates="3263" cleared="3089" enqueued="3089" />
  <object-monitors candidates="12" cleared="1"  />
</gc-op>
<gc-end id="776" type="scavenge" contextid="772" durationms="10.087" usertimems="26.389" systemtimems="1.099" stalltimems="34.872" timestamp="2026-09-06T13:31:10.297" activeThreads="10">
  <mem-info id="777" free="207184048" total="268435456" percent="77">
    <mem type="nursery" free="53690792" total="67108864" percent="80">
      <mem type="allocate" free="53690792" total="59703296" percent="89" />
      <mem type="survivor" free="0" total="7405568" percent="0" />
    </mem>
    <mem type="tenure" free="153493256" total="201326592" percent="76" macro-fragmented="134217728">
      <mem type="soa" free="143426312" total="191259648" percent="74" />
      <mem type="loa" free="10066944" total="10066944" percent="100" />
    </mem>
    <pending-finalizers system="3" default="1" reference="3098" classloader="0" />
    <remembered-set count="1330" />
  </mem-info>
</gc-end>
<cycle-end id="778" type="scavenge" contextid="772" timestamp="2026-09-06T13:31:10.298" />
<allocation-satisfied id="779" threadId="000000000124E400" bytesRequested="32" />
<af-end id="780" timestamp="2026-09-06T13:31:10.298" threadId="000000000124EEC0" success="true" from="nursery"/>
<exclusive-end id="781" timestamp="2026-09-06T13:31:10.298" durationms="15.424" />

<exclusive-start id="782" timestamp="2026-09-06T13:34:20.433" intervalms="190150.527">
  <response-info timems="0.183" idlems="0.183" threads="0" lastid="00000000001A7100" lastname="VM Runtime State Listener" />
</exclusive-start>
<sys-start reason="vm idle" id="783" timestamp="2026-09-06T13:34:20.434" intervalms="1033939.661" />
<cycle-start id="784" type="global" contextid="0" timestamp="2026-09-06T13:34:20.434" intervalms="1033939.511" />
<gc-start id="785" type="global" contextid="784" timestamp="2026-09-06T13:34:20.435">
  <mem-info id="786" free="183683264" total="268435456" percent="68">
    <mem type="nursery" free="30190008" total="67108864" percent="44">
      <mem type="allocate" free="30190008" total="59703296" percent="50" />
      <mem type="survivor" free="0" total="7405568" percent="0" />
    </mem>
    <mem type="tenure" free="153493256" total="201326592" percent="76">
      <mem type="soa" free="143426312" total="191259648" percent="74" />
      <mem type="loa" free="10066944" total="10066944" percent="100" />
    </mem>
    <remembered-set count="1484" />
  </mem-info>
</gc-start>
<allocation-stats totalBytes="23472616" discardedBytes="28168" >
  <allocated-bytes non-tlh="530416" tlh="22942200" />
  <largest-consumer threadName="Memory manager" threadId="00000000010E5B00" bytes="925056" />
</allocation-stats>
<gc-op id="787" type="mark" timems="30.180" contextid="784" timestamp="2026-09-06T13:34:20.466">
  <trace-info objectcount="952009" scancount="830687" scanbytes="27786212" />
  <finalization candidates="1006" enqueued="44" />
  <ownableSynchronizers candidates="4379" cleared="275" />
  <references type="soft" candidates="25885" cleared="0" enqueued="0" dynamicThreshold="24" maxThreshold="32" />
  <references type="weak" candidates="25780" cleared="67" enqueued="64" />
  <references type="phantom" candidates="1950" cleared="49" enqueued="49" />
  <stringconstants candidates="45168" cleared="48"  />
  <object-monitors candidates="12" cleared="1"  />
</gc-op>
<gc-op id="788" type="classunload" timems="0.203" contextid="784" timestamp="2026-09-06T13:34:20.466">
  <classunload-info classloadercandidates="16" classloadersunloaded="2" classesunloaded="0" anonymousclassesunloaded="0" quiescems="0.000" setupms="0.151" scanms="0.040" postms="0.011" />
</gc-op>
<gc-op id="789" type="sweep" timems="1.087" contextid="784" timestamp="2026-09-06T13:34:20.467" />
<gc-end id="790" type="global" contextid="784" durationms="33.953" usertimems="166.110" systemtimems="9.068" stalltimems="91.818" timestamp="2026-09-06T13:34:20.469" activeThreads="10">
  <mem-info id="791" free="209014256" total="268435456" percent="77">
    <mem type="nursery" free="55366496" total="67108864" percent="82">
      <mem type="allocate" free="55366496" total="59703296" percent="92" />
      <mem type="survivor" free="0" total="7405568" percent="0" />
    </mem>
    <mem type="tenure" free="153647760" total="201326592" percent="76" micro-fragmented="23481" macro-fragmented="100663296">
      <mem type="soa" free="143580816" total="191259648" percent="75" />
      <mem type="loa" free="10066944" total="10066944" percent="100" />
    </mem>
    <pending-finalizers system="0" default="44" reference="113" classloader="0" />
    <remembered-set count="1330" />
  </mem-info>
</gc-end>
<cycle-end id="792" type="global" contextid="784" timestamp="2026-09-06T13:34:20.470" />
<sys-end id="793" timestamp="2026-09-06T13:34:20.470" />
<exclusive-end id="794" timestamp="2026-09-06T13:34:20.470" durationms="36.595" />

<heap-resize id="795" type="release free pages" space="tenure" amount="153620480" count="1" timems="0.014" reason="idle" timestamp="2026-09-06T13:34:20.470" />
<exclusive-start id="796" timestamp="2026-09-06T13:40:00.991" intervalms="340547.852">
  <response-info timems="0.018" idlems="0.018" threads="0" lastid="0000000000B44500" lastname="Execution worker Thread 4" />
</exclusive-start>
<af-start id="797" threadId="0000000000B44FC0" totalBytesRequested="88" timestamp="2026-09-06T13:40:00.991" intervalms="530698.155" type="nursery" />
<cycle-start id="798" type="scavenge" contextid="0" timestamp="2026-09-06T13:40:00.991" intervalms="530697.650" />
<gc-start id="799" type="scavenge" contextid="798" timestamp="2026-09-06T13:40:00.993">
  <mem-info id="800" free="153638056" total="268435456" percent="57">
    <mem type="nursery" free="0" total="67108864" percent="0">
      <mem type="allocate" free="0" total="59703296" percent="0" />
      <mem type="survivor" free="0" total="7405568" percent="0" />
    </mem>
    <mem type="tenure" free="153638056" total="201326592" percent="76">
      <mem type="soa" free="143571112" total="191259648" percent="75" />
      <mem type="loa" free="10066944" total="10066944" percent="100" />
    </mem>
    <remembered-set count="1583" />
  </mem-info>
</gc-start>
<allocation-stats totalBytes="55231168" discardedBytes="142360" >
  <allocated-bytes non-tlh="1059384" tlh="54171784" />
  <largest-consumer threadName="Execution worker Thread 4" threadId="0000000000B44500" bytes="26922648" />
</allocation-stats>
<gc-op id="801" type="scavenge" timems="4.754" contextid="798" timestamp="2026-09-06T13:40:00.998">
  <scavenger-info tenureage="14" tenuremask="4000" tiltratio="88" />
  <memory-copied type="nursery" objects="155111" bytes="6860376" bytesdiscarded="138832" />
  <memory-copied type="tenure" objects="28" bytes="872" bytesdiscarded="0" />
  <finalization candidates="44" enqueued="11" />
  <ownableSynchronizers candidates="9408" cleared="8981" />
  <references type="soft" candidates="109" cleared="0" enqueued="0" dynamicThreshold="24" maxThreshold="32" />
  <references type="weak" candidates="913" cleared="86" enqueued="9" />
  <references type="phantom" candidates="3321" cleared="3106" enqueued="3106" />
  <object-monitors candidates="12" cleared="1"  />
</gc-op>
<gc-end id="802" type="scavenge" contextid="798" durationms="10.894" usertimems="20.312" systemtimems="0.176" stalltimems="13.699" timestamp="2026-09-06T13:40:01.004" activeThreads="9">
  <mem-info id="803" free="204883120" total="268435456" percent="76">
    <mem type="nursery" free="51306416" total="67108864" percent="76">
      <mem type="allocate" free="51306416" total="58327040" percent="87" />
      <mem type="survivor" free="0" total="8781824" percent="0" />
    </mem>
    <mem type="tenure" free="153576704" total="201326592" percent="76" macro-fragmented="134217728">
      <mem type="soa" free="143509760" total="191259648" percent="75" />
      <mem type="loa" free="10066944" total="10066944" percent="100" />
    </mem>
    <pending-finalizers system="10" default="1" reference="3115" classloader="0" />
    <remembered-set count="1330" />
  </mem-info>
</gc-end>
<cycle-end id="804" type="scavenge" contextid="798" timestamp="2026-09-06T13:40:01.004" />
<allocation-satisfied id="805" threadId="0000000000B44500" bytesRequested="88" />
<af-end id="806" timestamp="2026-09-06T13:40:01.004" threadId="0000000000B44FC0" success="true" from="nursery"/>
<exclusive-end id="807" timestamp="2026-09-06T13:40:01.004" durationms="13.607" />

<exclusive-start id="808" timestamp="2026-09-06T13:40:18.941" intervalms="17950.330">
  <response-info timems="0.038" idlems="0.038" threads="0" lastid="00000000012E7A00" lastname="Execution worker Thread 7" />
</exclusive-start>
<af-start id="809" threadId="00000000012E84C0" totalBytesRequested="80" timestamp="2026-09-06T13:40:18.941" intervalms="17950.494" type="nursery" />
<cycle-start id="810" type="scavenge" contextid="0" timestamp="2026-09-06T13:40:18.941" intervalms="17950.473" />
<gc-start id="811" type="scavenge" contextid="810" timestamp="2026-09-06T13:40:18.942">
  <mem-info id="812" free="153573328" total="268435456" percent="57">
    <mem type="nursery" free="0" total="67108864" percent="0">
      <mem type="allocate" free="0" total="58327040" percent="0" />
      <mem type="survivor" free="0" total="8781824" percent="0" />
    </mem>
    <mem type="tenure" free="153573328" total="201326592" percent="76">
      <mem type="soa" free="143506384" total="191259648" percent="75" />
      <mem type="loa" free="10066944" total="10066944" percent="100" />
    </mem>
    <remembered-set count="1640" />
  </mem-info>
</gc-start>
<allocation-stats totalBytes="51208600" discardedBytes="101192" >
  <allocated-bytes non-tlh="1083960" tlh="50124640" />
  <largest-consumer threadName="Daemon worker Thread 18" threadId="0000000000FF1500" bytes="13836176" />
</allocation-stats>
<gc-op id="813" type="scavenge" timems="3.384" contextid="810" timestamp="2026-09-06T13:40:18.945">
  <scavenger-info tenureage="14" tenuremask="4000" tiltratio="86" />
  <memory-copied type="nursery" objects="112773" bytes="4591768" bytesdiscarded="91744" />
  <memory-copied type="tenure" objects="126" bytes="3736" bytesdiscarded="0" />
  <finalization candidates="54" enqueued="54" />
  <ownableSynchronizers candidates="1535" cleared="1097" />
  <references type="soft" candidates="104" cleared="0" enqueued="0" dynamicThreshold="24" maxThreshold="32" />
  <references type="weak" candidates="392" cleared="49" enqueued="14" />
  <references type="phantom" candidates="3058" cleared="3026" enqueued="3026" />
  <object-monitors candidates="13" cleared="2"  />
</gc-op>
<gc-end id="814" type="scavenge" contextid="810" durationms="4.492" usertimems="14.333" systemtimems="2.238" stalltimems="9.802" timestamp="2026-09-06T13:40:18.946" activeThreads="8">
  <mem-info id="815" free="207318560" total="268435456" percent="77">
    <mem type="nursery" free="53825304" total="67108864" percent="80">
      <mem type="allocate" free="53825304" total="58523648" percent="91" />
      <mem type="survivor" free="0" total="8585216" percent="0" />
    </mem>
    <mem type="tenure" free="153493256" total="201326592" percent="76" macro-fragmented="33554432">
      <mem type="soa" free="143426312" total="191259648" percent="74" />
      <mem type="loa" free="10066944" total="10066944" percent="100" />
    </mem>
    <pending-finalizers system="9" default="45" reference="3040" classloader="0" />
    <remembered-set count="1416" />
  </mem-info>
</gc-end>
<cycle-end id="816" type="scavenge" contextid="810" timestamp="2026-09-06T13:40:18.946" />
<allocation-satisfied id="817" threadId="00000000012E7A00" bytesRequested="80" />
<af-end id="818" timestamp="2026-09-06T13:40:18.946" threadId="00000000012E84C0" success="true" from="nursery"/>
<exclusive-end id="819" timestamp="2026-09-06T13:40:18.947" durationms="5.640" />

<exclusive-start id="820" timestamp="2026-09-06T13:45:03.980" intervalms="173282.726">
  <response-info timems="0.291" idlems="0.291" threads="0" lastid="00000000001A7100" lastname="VM Runtime State Listener" />
</exclusive-start>
<sys-start reason="vm idle" id="821" timestamp="2026-09-06T13:45:03.981" intervalms="531781.142" />
<cycle-start id="822" type="global" contextid="0" timestamp="2026-09-06T13:45:03.981" intervalms="531781.507" />
<gc-start id="823" type="global" contextid="822" timestamp="2026-09-06T13:45:03.983">
  <mem-info id="824" free="168617120" total="268435456" percent="62">
    <mem type="nursery" free="15128560" total="67108864" percent="22">
      <mem type="allocate" free="15128560" total="58523648" percent="25" />
      <mem type="survivor" free="0" total="8585216" percent="0" />
    </mem>
    <mem type="tenure" free="153488560" total="201326592" percent="76">
      <mem type="soa" free="143421616" total="191259648" percent="74" />
      <mem type="loa" free="10066944" total="10066944" percent="100" />
    </mem>
    <remembered-set count="1722" />
  </mem-info>
</gc-start>
<allocation-stats totalBytes="38607752" discardedBytes="93688" >
  <allocated-bytes non-tlh="924032" tlh="37683720" />
  <largest-consumer threadName="Daemon periodic checks" threadId="000000000053B200" bytes="831408" />
</allocation-stats>
<gc-op id="825" type="mark" timems="27.942" contextid="822" timestamp="2026-09-06T13:45:04.011">
  <trace-info objectcount="953010" scancount="831573" scanbytes="27816436" />
  <finalization candidates="1018" enqueued="56" />
  <ownableSynchronizers candidates="4607" cleared="493" />
  <references type="soft" candidates="25885" cleared="0" enqueued="0" dynamicThreshold="24" maxThreshold="32" />
  <references type="weak" candidates="25819" cleared="85" enqueued="79" />
  <references type="phantom" candidates="2078" cleared="177" enqueued="177" />
  <stringconstants candidates="45168" cleared="48"  />
  <object-monitors candidates="12" cleared="1"  />
</gc-op>
<gc-op id="826" type="classunload" timems="0.202" contextid="822" timestamp="2026-09-06T13:45:04.012">
  <classunload-info classloadercandidates="18" classloadersunloaded="4" classesunloaded="0" anonymousclassesunloaded="0" quiescems="0.000" setupms="0.154" scanms="0.038" postms="0.010" />
</gc-op>
<gc-op id="827" type="sweep" timems="1.322" contextid="822" timestamp="2026-09-06T13:45:04.013" />
<mem-info id="828" free="206815304" total="268435456" percent="77">
  <mem type="nursery" free="53176024" total="67108864" percent="79">
    <mem type="allocate" free="53176024" total="58523648" percent="90" />
    <mem type="survivor" free="0" total="8585216" percent="0" />
  </mem>
  <mem type="tenure" free="153639280" total="201326592" percent="76" micro-fragmented="23481" macro-fragmented="134217728">
    <mem type="soa" free="143572336" total="191259648" percent="75" />
    <mem type="loa" free="10066944" total="10066944" percent="100" />
  </mem>
  <pending-finalizers system="12" default="44" reference="256" classloader="0" />
  <remembered-set count="1466" />
</mem-info>
<gc-op id="829" type="compact" timems="25.337" contextid="822" timestamp="2026-09-06T13:45:04.039">
  <compact-info movecount="220384" movebytes="9168480" reason="compact on aggressive collection" />
</gc-op>
<gc-end id="830" type="global" contextid="822" durationms="55.963" usertimems="282.446" systemtimems="8.978" stalltimems="84.498" timestamp="2026-09-06T13:45:04.039" activeThreads="10">
  <mem-info id="831" free="208253408" total="268435456" percent="77">
    <mem type="nursery" free="54612296" total="67108864" percent="81">
      <mem type="allocate" free="54612296" total="58523648" percent="93" />
      <mem type="survivor" free="0" total="8585216" percent="0" />
    </mem>
    <mem type="tenure" free="153641112" total="201326592" percent="76">
      <mem type="soa" free="143574168" total="191259648" percent="75" />
      <mem type="loa" free="10066944" total="10066944" percent="100" />
    </mem>
    <pending-finalizers system="12" default="44" reference="256" classloader="0" />
    <remembered-set count="1466" />
  </mem-info>
</gc-end>
<cycle-end id="832" type="global" contextid="822" timestamp="2026-09-06T13:45:04.039" />
<sys-end id="833" timestamp="2026-09-06T13:45:04.039" />
<exclusive-end id="834" timestamp="2026-09-06T13:45:04.039" durationms="59.768" />

<heap-resize id="835" type="release free pages" space="tenure" amount="153620480" count="1" timems="0.057" reason="idle" timestamp="2026-09-06T13:45:04.040" />
<exclusive-start id="836" timestamp="2026-09-06T13:45:20.555" intervalms="16575.410">
  <response-info timems="0.025" idlems="0.025" threads="0" lastid="0000000000554E00" lastname="Execution worker Thread 6" />
</exclusive-start>
<af-start id="837" threadId="00000000005558C0" totalBytesRequested="26384" timestamp="2026-09-06T13:45:20.555" intervalms="189858.057" type="nursery" />
<cycle-start id="838" type="scavenge" contextid="0" timestamp="2026-09-06T13:45:20.555" intervalms="189858.045" />
<gc-start id="839" type="scavenge" contextid="838" timestamp="2026-09-06T13:45:20.556">
  <mem-info id="840" free="153634120" total="268435456" percent="57">
    <mem type="nursery" free="0" total="67108864" percent="0">
      <mem type="allocate" free="0" total="58523648" percent="0" />
      <mem type="survivor" free="0" total="8585216" percent="0" />
    </mem>
    <mem type="tenure" free="153634120" total="201326592" percent="76">
      <mem type="soa" free="143567176" total="191259648" percent="75" />
      <mem type="loa" free="10066944" total="10066944" percent="100" />
    </mem>
    <remembered-set count="1684" />
  </mem-info>
</gc-start>
<allocation-stats totalBytes="54469904" discardedBytes="148624" >
  <allocated-bytes non-tlh="1189408" tlh="53280496" />
  <largest-consumer threadName="Execution worker Thread 6" threadId="0000000000554E00" bytes="15924432" />
</allocation-stats>
<gc-op id="841" type="scavenge" timems="8.158" contextid="838" timestamp="2026-09-06T13:45:20.564">
  <scavenger-info tenureage="14" tenuremask="4000" tiltratio="87" />
  <memory-copied type="nursery" objects="175722" bytes="7773856" bytesdiscarded="196072" />
  <memory-copied type="tenure" objects="370" bytes="14976" bytesdiscarded="0" />
  <finalization candidates="45" enqueued="1" />
  <ownableSynchronizers candidates="9371" cleared="8933" />
  <references type="soft" candidates="109" cleared="0" enqueued="0" dynamicThreshold="24" maxThreshold="32" />
  <references type="weak" candidates="2815" cleared="86" enqueued="9" />
  <references type="phantom" candidates="3331" cleared="3094" enqueued="3094" />
  <object-monitors candidates="12" cleared="1"  />
</gc-op>
<gc-end id="842" type="scavenge" contextid="838" durationms="9.215" usertimems="38.565" systemtimems="0.897" stalltimems="15.742" timestamp="2026-09-06T13:45:20.565" activeThreads="8">
  <mem-info id="843" free="200879608" total="268435456" percent="74">
    <mem type="nursery" free="47386384" total="67108864" percent="70">
      <mem type="allocate" free="47386384" total="55377920" percent="85" />
      <mem type="survivor" free="0" total="11730944" percent="0" />
    </mem>
    <mem type="tenure" free="153493224" total="201326592" percent="76" macro-fragmented="83886080">
      <mem type="soa" free="143426280" total="191259648" percent="74" />
      <mem type="loa" free="10066944" total="10066944" percent="100" />
    </mem>
    <pending-finalizers system="0" default="1" reference="3103" classloader="0" />
    <remembered-set count="1249" />
  </mem-info>
</gc-end>
<cycle-end id="844" type="scavenge" contextid="838" timestamp="2026-09-06T13:45:20.565" />
<allocation-satisfied id="845" threadId="0000000000554E00" bytesRequested="26384" />
<af-end id="846" timestamp="2026-09-06T13:45:20.565" threadId="00000000005558C0" success="true" from="nursery"/>
<exclusive-end id="847" timestamp="2026-09-06T13:45:20.565" durationms="10.253" />

<exclusive-start id="848" timestamp="2026-09-06T13:46:58.921" intervalms="98366.163">
  <response-info timems="0.023" idlems="0.023" threads="0" lastid="000000000124CB00" lastname="ForkJoinPool.commonPool-worker-78" />
</exclusive-start>
<af-start id="849" threadId="000000000124D5C0" totalBytesRequested="136" timestamp="2026-09-06T13:46:58.921" intervalms="98365.990" type="nursery" />
<cycle-start id="850" type="scavenge" contextid="0" timestamp="2026-09-06T13:46:58.921" intervalms="98365.979" />
<gc-start id="851" type="scavenge" contextid="850" timestamp="2026-09-06T13:46:58.921">
  <mem-info id="852" free="153490928" total="268435456" percent="57">
    <mem type="nursery" free="0" total="67108864" percent="0">
      <mem type="allocate" free="0" total="55377920" percent="0" />
      <mem type="survivor" free="0" total="11730944" percent="0" />
    </mem>
    <mem type="tenure" free="153490928" total="201326592" percent="76">
      <mem type="soa" free="143423984" total="191259648" percent="74" />
      <mem type="loa" free="10066944" total="10066944" percent="100" />
    </mem>
    <remembered-set count="1506" />
  </mem-info>
</gc-start>
<allocation-stats totalBytes="47269248" discardedBytes="119432" >
  <allocated-bytes non-tlh="1043272" tlh="46225976" />
  <largest-consumer threadName="Daemon worker Thread 20" threadId="000000000055F000" bytes="13055280" />
</allocation-stats>
<gc-op id="853" type="scavenge" timems="3.844" contextid="850" timestamp="2026-09-06T13:46:58.925">
  <scavenger-info tenureage="14" tenuremask="4000" tiltratio="82" />
  <memory-copied type="nursery" objects="109817" bytes="4438808" bytesdiscarded="243896" />
  <memory-copied type="tenure" objects="51" bytes="1640" bytesdiscarded="0" />
  <finalization candidates="45" enqueued="45" />
  <ownableSynchronizers candidates="1546" cleared="1112" />
  <references type="soft" candidates="104" cleared="0" enqueued="0" dynamicThreshold="24" maxThreshold="32" />
  <references type="weak" candidates="366" cleared="29" enqueued="19" />
  <references type="phantom" candidates="3055" cleared="3023" enqueued="3023" />
  <object-monitors candidates="13" cleared="2"  />
</gc-op>
<gc-end id="854" type="scavenge" contextid="850" durationms="4.747" usertimems="16.487" systemtimems="0.000" stalltimems="15.999" timestamp="2026-09-06T13:46:58.926" activeThreads="10">
  <mem-info id="855" free="204740488" total="268435456" percent="76">
    <mem type="nursery" free="51270296" total="67108864" percent="76">
      <mem type="allocate" free="51270296" total="55967744" percent="91" />
      <mem type="survivor" free="0" total="11141120" percent="0" />
    </mem>
    <mem type="tenure" free="153470192" total="201326592" percent="76" macro-fragmented="117440512">
      <mem type="soa" free="143403248" total="191259648" percent="74" />
      <mem type="loa" free="10066944" total="10066944" percent="100" />
    </mem>
    <pending-finalizers system="0" default="45" reference="3042" classloader="0" />
    <remembered-set count="1297" />
  </mem-info>
</gc-end>
<cycle-end id="856" type="scavenge" contextid="850" timestamp="2026-09-06T13:46:58.926" />
<allocation-satisfied id="857" threadId="000000000124CB00" bytesRequested="136" />
<af-end id="858" timestamp="2026-09-06T13:46:58.926" threadId="000000000124D5C0" success="true" from="nursery"/>
<exclusive-end id="859" timestamp="2026-09-06T13:46:58.926" durationms="5.504" />

<exclusive-start id="860" timestamp="2026-09-06T13:51:32.187" intervalms="273269.109">
  <response-info timems="0.117" idlems="0.117" threads="0" lastid="00000000001A7100" lastname="VM Runtime State Listener" />
</exclusive-start>
<sys-start reason="vm idle" id="861" timestamp="2026-09-06T13:51:32.190" intervalms="388212.434" />
<cycle-start id="862" type="global" contextid="0" timestamp="2026-09-06T13:51:32.190" intervalms="388211.862" />
<gc-start id="863" type="global" contextid="862" timestamp="2026-09-06T13:51:32.191">
  <mem-info id="864" free="165286416" total="268435456" percent="61">
    <mem type="nursery" free="11819480" total="67108864" percent="17">
      <mem type="allocate" free="11819480" total="55967744" percent="21" />
      <mem type="survivor" free="0" total="11141120" percent="0" />
    </mem>
    <mem type="tenure" free="153466936" total="201326592" percent="76">
      <mem type="soa" free="143399992" total="191259648" percent="74" />
      <mem type="loa" free="10066944" total="10066944" percent="100" />
    </mem>
    <remembered-set count="1597" />
  </mem-info>
</gc-start>
<allocation-stats totalBytes="39363944" discardedBytes="90128" >
  <allocated-bytes non-tlh="931192" tlh="38432752" />
  <largest-consumer threadName="Memory manager" threadId="00000000010E5B00" bytes="1357912" />
</allocation-stats>
<gc-op id="865" type="mark" timems="28.000" contextid="862" timestamp="2026-09-06T13:51:32.220">
  <trace-info objectcount="953126" scancount="831681" scanbytes="27818584" />
  <finalization candidates="1006" enqueued="44" />
  <ownableSynchronizers candidates="4631" cleared="509" />
  <references type="soft" candidates="25885" cleared="0" enqueued="0" dynamicThreshold="24" maxThreshold="32" />
  <references type="weak" candidates="25814" cleared="84" enqueued="78" />
  <references type="phantom" candidates="2075" cleared="174" enqueued="174" />
  <stringconstants candidates="45168" cleared="48"  />
  <object-monitors candidates="12" cleared="1"  />
</gc-op>
<gc-op id="866" type="classunload" timems="0.157" contextid="862" timestamp="2026-09-06T13:51:32.220">
  <classunload-info classloadercandidates="18" classloadersunloaded="4" classesunloaded="0" anonymousclassesunloaded="0" quiescems="0.000" setupms="0.129" scanms="0.022" postms="0.006" />
</gc-op>
<gc-op id="867" type="sweep" timems="1.016" contextid="862" timestamp="2026-09-06T13:51:32.221" />
<gc-end id="868" type="global" contextid="862" durationms="30.645" usertimems="151.141" systemtimems="3.865" stalltimems="83.607" timestamp="2026-09-06T13:51:32.222" activeThreads="10">
  <mem-info id="869" free="204204264" total="268435456" percent="76">
    <mem type="nursery" free="50579768" total="67108864" percent="75">
      <mem type="allocate" free="50579768" total="55967744" percent="90" />
      <mem type="survivor" free="0" total="11141120" percent="0" />
    </mem>
    <mem type="tenure" free="153624496" total="201326592" percent="76" micro-fragmented="23481" macro-fragmented="134217728">
      <mem type="soa" free="143557552" total="191259648" percent="75" />
      <mem type="loa" free="10066944" total="10066944" percent="100" />
    </mem>
    <pending-finalizers system="0" default="44" reference="252" classloader="0" />
    <remembered-set count="1342" />
  </mem-info>
</gc-end>
<cycle-end id="870" type="global" contextid="862" timestamp="2026-09-06T13:51:32.222" />
<sys-end id="871" timestamp="2026-09-06T13:51:32.222" />
<exclusive-end id="872" timestamp="2026-09-06T13:51:32.222" durationms="35.165" />

<heap-resize id="873" type="release free pages" space="tenure" amount="153600000" count="1" timems="0.024" reason="idle" timestamp="2026-09-06T13:51:32.222" />
<exclusive-start id="874" timestamp="2026-09-06T14:07:30.745" intervalms="862030.051">
  <response-info timems="0.051" idlems="0.051" threads="0" lastid="0000000000554E00" lastname="Execution worker" />
</exclusive-start>
<af-start id="875" threadId="00000000005558C0" totalBytesRequested="8200" timestamp="2026-09-06T14:07:30.745" intervalms="1135299.385" type="nursery" />
<cycle-start id="876" type="scavenge" contextid="0" timestamp="2026-09-06T14:07:30.746" intervalms="1135299.584" />
<gc-start id="877" type="scavenge" contextid="876" timestamp="2026-09-06T14:07:30.749">
  <mem-info id="878" free="153618424" total="268435456" percent="57">
    <mem type="nursery" free="0" total="67108864" percent="0">
      <mem type="allocate" free="0" total="55967744" percent="0" />
      <mem type="survivor" free="0" total="11141120" percent="0" />
    </mem>
    <mem type="tenure" free="153618424" total="201326592" percent="76">
      <mem type="soa" free="143551480" total="191259648" percent="75" />
      <mem type="loa" free="10066944" total="10066944" percent="100" />
    </mem>
    <remembered-set count="1533" />
  </mem-info>
</gc-start>
<allocation-stats totalBytes="50281960" discardedBytes="298512" >
  <allocated-bytes non-tlh="1857808" tlh="48424152" />
  <largest-consumer threadName="Execution worker Thread 9" threadId="0000000000B64800" bytes="14850288" />
</allocation-stats>
<gc-op id="879" type="scavenge" timems="4.029" contextid="876" timestamp="2026-09-06T14:07:30.754">
  <scavenger-info tenureage="14" tenuremask="4000" tiltratio="83" />
  <memory-copied type="nursery" objects="124590" bytes="4115552" bytesdiscarded="91880" />
  <memory-copied type="tenure" objects="45" bytes="1304" bytesdiscarded="648" />
  <finalization candidates="2" enqueued="2" />
  <ownableSynchronizers candidates="9511" cleared="9112" />
  <references type="soft" candidates="104" cleared="0" enqueued="0" dynamicThreshold="24" maxThreshold="32" />
  <references type="weak" candidates="371" cleared="18" enqueued="9" />
  <references type="phantom" candidates="3137" cleared="3097" enqueued="3097" />
  <object-monitors candidates="12" cleared="1"  />
</gc-op>
<gc-end id="880" type="scavenge" contextid="876" durationms="5.022" usertimems="19.588" systemtimems="1.332" stalltimems="11.943" timestamp="2026-09-06T14:07:30.754" activeThreads="10">
  <mem-info id="881" free="206439752" total="268435456" percent="76">
    <mem type="nursery" free="52921808" total="67108864" percent="78">
      <mem type="allocate" free="52921808" total="57147392" percent="92" />
      <mem type="survivor" free="0" total="9961472" percent="0" />
    </mem>
    <mem type="tenure" free="153517944" total="201326592" percent="76" macro-fragmented="83886080">
      <mem type="soa" free="143451000" total="191259648" percent="75" />
      <mem type="loa" free="10066944" total="10066944" percent="100" />
    </mem>
    <pending-finalizers system="1" default="1" reference="3106" classloader="0" />
    <remembered-set count="1222" />
  </mem-info>
</gc-end>
<cycle-end id="882" type="scavenge" contextid="876" timestamp="2026-09-06T14:07:30.755" />
<allocation-satisfied id="883" threadId="0000000000554E00" bytesRequested="8200" />
<af-end id="884" timestamp="2026-09-06T14:07:30.755" threadId="00000000005558C0" success="true" from="nursery"/>
<exclusive-end id="885" timestamp="2026-09-06T14:07:30.755" durationms="9.776" />

<exclusive-start id="886" timestamp="2026-09-06T14:08:42.559" intervalms="71814.246">
  <response-info timems="0.028" idlems="0.028" threads="0" lastid="000000000124E400" lastname="Execution worker Thread 4" />
</exclusive-start>
<af-start id="887" threadId="000000000124EEC0" totalBytesRequested="8200" timestamp="2026-09-06T14:08:42.559" intervalms="71814.288" type="nursery" />
<cycle-start id="888" type="scavenge" contextid="0" timestamp="2026-09-06T14:08:42.559" intervalms="71814.094" />
<gc-start id="889" type="scavenge" contextid="888" timestamp="2026-09-06T14:08:42.560">
  <mem-info id="890" free="153512800" total="268435456" percent="57">
    <mem type="nursery" free="0" total="67108864" percent="0">
      <mem type="allocate" free="0" total="57147392" percent="0" />
      <mem type="survivor" free="0" total="9961472" percent="0" />
    </mem>
    <mem type="tenure" free="153512800" total="201326592" percent="76">
      <mem type="soa" free="143445856" total="191259648" percent="75" />
      <mem type="loa" free="10066944" total="10066944" percent="100" />
    </mem>
    <remembered-set count="1555" />
  </mem-info>
</gc-start>
<allocation-stats totalBytes="52824064" discardedBytes="102888" >
  <allocated-bytes non-tlh="1518728" tlh="51305336" />
  <largest-consumer threadName="Daemon worker Thread 22" threadId="000000000100AE00" bytes="13411800" />
</allocation-stats>
<gc-op id="891" type="scavenge" timems="4.903" contextid="888" timestamp="2026-09-06T14:08:42.565">
  <scavenger-info tenureage="14" tenuremask="4000" tiltratio="85" />
  <memory-copied type="nursery" objects="107387" bytes="4222120" bytesdiscarded="288528" />
  <memory-copied type="tenure" objects="63" bytes="2424" bytesdiscarded="0" />
  <finalization candidates="45" enqueued="44" />
  <ownableSynchronizers candidates="1461" cleared="1026" />
  <references type="soft" candidates="103" cleared="0" enqueued="0" dynamicThreshold="24" maxThreshold="32" />
  <references type="weak" candidates="352" cleared="86" enqueued="75" />
  <references type="phantom" candidates="2834" cleared="2805" enqueued="2805" />
  <object-monitors candidates="13" cleared="2"  />
</gc-op>
<gc-end id="892" type="scavenge" contextid="888" durationms="5.718" usertimems="12.707" systemtimems="0.768" stalltimems="15.837" timestamp="2026-09-06T14:08:42.565" activeThreads="9">
  <mem-info id="893" free="206939640" total="268435456" percent="77">
    <mem type="nursery" free="53605528" total="67108864" percent="79">
      <mem type="allocate" free="53605528" total="58130432" percent="92" />
      <mem type="survivor" free="0" total="8978432" percent="0" />
    </mem>
    <mem type="tenure" free="153334112" total="201326592" percent="76" macro-fragmented="117440512">
      <mem type="soa" free="143267168" total="191259648" percent="74" />
      <mem type="loa" free="10066944" total="10066944" percent="100" />
    </mem>
    <pending-finalizers system="0" default="44" reference="2880" classloader="0" />
    <remembered-set count="1343" />
  </mem-info>
</gc-end>
<cycle-end id="894" type="scavenge" contextid="888" timestamp="2026-09-06T14:08:42.566" />
<allocation-satisfied id="895" threadId="000000000124E400" bytesRequested="8200" />
<af-end id="896" timestamp="2026-09-06T14:08:42.566" threadId="000000000124EEC0" success="true" from="nursery"/>
<exclusive-end id="897" timestamp="2026-09-06T14:08:42.566" durationms="6.840" />

<exclusive-start id="898" timestamp="2026-09-06T14:11:33.316" intervalms="170757.958">
  <response-info timems="0.114" idlems="0.065" threads="1" lastid="00000000012E7A00" lastname="Daemon worker Thread 23" />
</exclusive-start>
<af-start id="899" threadId="0000000001284CC0" totalBytesRequested="24" timestamp="2026-09-06T14:11:33.316" intervalms="170757.860" type="nursery" />
<cycle-start id="900" type="scavenge" contextid="0" timestamp="2026-09-06T14:11:33.316" intervalms="170757.863" />
<gc-start id="901" type="scavenge" contextid="900" timestamp="2026-09-06T14:11:33.317">
  <mem-info id="902" free="153329048" total="268435456" percent="57">
    <mem type="nursery" free="0" total="67108864" percent="0">
      <mem type="allocate" free="0" total="58130432" percent="0" />
      <mem type="survivor" free="0" total="8978432" percent="0" />
    </mem>
    <mem type="tenure" free="153329048" total="201326592" percent="76">
      <mem type="soa" free="143262104" total="191259648" percent="74" />
      <mem type="loa" free="10066944" total="10066944" percent="100" />
    </mem>
    <remembered-set count="1732" />
  </mem-info>
</gc-start>
<allocation-stats totalBytes="53504792" discardedBytes="105800" >
  <allocated-bytes non-tlh="651880" tlh="52852912" />
  <largest-consumer threadName="Daemon worker Thread 23" threadId="00000000012E7A00" bytes="7799728" />
</allocation-stats>
<gc-op id="903" type="scavenge" timems="2.868" contextid="900" timestamp="2026-09-06T14:11:33.320">
  <scavenger-info tenureage="14" tenuremask="4000" tiltratio="86" />
  <memory-copied type="nursery" objects="72200" bytes="3084208" bytesdiscarded="282048" />
  <memory-copied type="tenure" objects="44" bytes="1408" bytesdiscarded="0" />
  <finalization candidates="45" enqueued="45" />
  <ownableSynchronizers candidates="1494" cleared="1020" />
  <references type="soft" candidates="102" cleared="0" enqueued="0" dynamicThreshold="24" maxThreshold="32" />
  <references type="weak" candidates="293" cleared="93" enqueued="82" />
  <references type="phantom" candidates="445" cleared="434" enqueued="434" />
  <object-monitors candidates="12" cleared="2"  />
</gc-op>
<gc-end id="904" type="scavenge" contextid="900" durationms="4.055" usertimems="6.084" systemtimems="4.191" stalltimems="11.552" timestamp="2026-09-06T14:11:33.321" activeThreads="10">
  <mem-info id="905" free="208539584" total="268435456" percent="77">
    <mem type="nursery" free="55604520" total="67108864" percent="82">
      <mem type="allocate" free="55604520" total="58982400" percent="94" />
      <mem type="survivor" free="0" total="8126464" percent="0" />
    </mem>
    <mem type="tenure" free="152935064" total="201326592" percent="75" macro-fragmented="117440512">
      <mem type="soa" free="142868120" total="191259648" percent="74" />
      <mem type="loa" free="10066944" total="10066944" percent="100" />
    </mem>
    <pending-finalizers system="0" default="45" reference="516" classloader="0" />
    <remembered-set count="1333" />
  </mem-info>
</gc-end>
<cycle-end id="906" type="scavenge" contextid="900" timestamp="2026-09-06T14:11:33.321" />
<allocation-satisfied id="907" threadId="0000000001284200" bytesRequested="24" />
<af-end id="908" timestamp="2026-09-06T14:11:33.321" threadId="0000000001284CC0" success="true" from="nursery"/>
<exclusive-end id="909" timestamp="2026-09-06T14:11:33.321" durationms="4.984" />

<exclusive-start id="910" timestamp="2026-09-06T14:11:33.596" intervalms="280.010">
  <response-info timems="0.035" idlems="0.035" threads="0" lastid="000000000054F200" lastname="Execution worker Thread 8" />
</exclusive-start>
<af-start id="911" threadId="000000000054FCC0" totalBytesRequested="24" timestamp="2026-09-06T14:11:33.596" intervalms="279.852" type="nursery" />
<cycle-start id="912" type="scavenge" contextid="0" timestamp="2026-09-06T14:11:33.596" intervalms="279.906" />
<gc-start id="913" type="scavenge" contextid="912" timestamp="2026-09-06T14:11:33.598">
  <mem-info id="914" free="152929512" total="268435456" percent="56">
    <mem type="nursery" free="0" total="67108864" percent="0">
      <mem type="allocate" free="0" total="58982400" percent="0" />
      <mem type="survivor" free="0" total="8126464" percent="0" />
    </mem>
    <mem type="tenure" free="152929512" total="201326592" percent="75">
      <mem type="soa" free="142862568" total="191259648" percent="74" />
      <mem type="loa" free="10066944" total="10066944" percent="100" />
    </mem>
    <remembered-set count="1601" />
  </mem-info>
</gc-start>
<allocation-stats totalBytes="55494104" discardedBytes="115968" >
  <allocated-bytes non-tlh="955920" tlh="54538184" />
  <largest-consumer threadName="Execution worker Thread 8" threadId="000000000054F200" bytes="25719784" />
</allocation-stats>
<gc-op id="915" type="scavenge" timems="4.247" contextid="912" timestamp="2026-09-06T14:11:33.604">
  <scavenger-info tenureage="10" tenuremask="4400" tiltratio="87" />
  <memory-copied type="nursery" objects="140949" bytes="5529840" bytesdiscarded="204360" />
  <memory-copied type="tenure" objects="2591" bytes="81736" bytesdiscarded="24" />
  <finalization candidates="45" enqueued="45" />
  <ownableSynchronizers candidates="1095" cleared="650" />
  <references type="soft" candidates="3" cleared="0" enqueued="0" dynamicThreshold="24" maxThreshold="32" />
  <references type="weak" candidates="361" cleared="15" enqueued="14" />
  <references type="phantom" candidates="3114" cleared="3077" enqueued="3077" />
  <object-monitors candidates="11" cleared="0"  />
</gc-op>
<gc-end id="916" type="scavenge" contextid="912" durationms="6.547" usertimems="18.681" systemtimems="1.347" stalltimems="15.665" timestamp="2026-09-06T14:11:33.605" activeThreads="10">
  <mem-info id="917" free="205239856" total="268435456" percent="76">
    <mem type="nursery" free="52444480" total="67108864" percent="78">
      <mem type="allocate" free="52444480" total="58195968" percent="90" />
      <mem type="survivor" free="0" total="8912896" percent="0" />
    </mem>
    <mem type="tenure" free="152795376" total="201326592" percent="75" macro-fragmented="117440512">
      <mem type="soa" free="142728432" total="191259648" percent="74" />
      <mem type="loa" free="10066944" total="10066944" percent="100" />
    </mem>
    <pending-finalizers system="0" default="45" reference="3091" classloader="0" />
    <remembered-set count="1255" />
  </mem-info>
</gc-end>
<cycle-end id="918" type="scavenge" contextid="912" timestamp="2026-09-06T14:11:33.605" />
<allocation-satisfied id="919" threadId="000000000054F200" bytesRequested="24" />
<af-end id="920" timestamp="2026-09-06T14:11:33.605" threadId="000000000054FCC0" success="true" from="nursery"/>
<exclusive-end id="921" timestamp="2026-09-06T14:11:33.605" durationms="9.422" />

<exclusive-start id="922" timestamp="2026-09-06T14:16:06.736" intervalms="273140.747">
  <response-info timems="0.328" idlems="0.328" threads="0" lastid="00000000001A7100" lastname="VM Runtime State Listener" />
</exclusive-start>
<sys-start reason="vm idle" id="923" timestamp="2026-09-06T14:16:06.740" intervalms="1378024.056" />
<cycle-start id="924" type="global" contextid="0" timestamp="2026-09-06T14:16:06.741" intervalms="1378024.611" />
<gc-start id="925" type="global" contextid="924" timestamp="2026-09-06T14:16:06.744">
  <mem-info id="926" free="197807400" total="268435456" percent="73">
    <mem type="nursery" free="45012024" total="67108864" percent="67">
      <mem type="allocate" free="45012024" total="58195968" percent="77" />
      <mem type="survivor" free="0" total="8912896" percent="0" />
    </mem>
    <mem type="tenure" free="152795376" total="201326592" percent="75">
      <mem type="soa" free="142728432" total="191259648" percent="74" />
      <mem type="loa" free="10066944" total="10066944" percent="100" />
    </mem>
    <remembered-set count="1424" />
  </mem-info>
</gc-start>
<allocation-stats totalBytes="7339288" discardedBytes="93168" >
  <allocated-bytes non-tlh="243976" tlh="7095312" />
  <largest-consumer threadName="Memory manager" threadId="00000000010E5B00" bytes="1389440" />
</allocation-stats>
<gc-op id="927" type="mark" timems="34.137" contextid="924" timestamp="2026-09-06T14:16:06.779">
  <trace-info objectcount="951548" scancount="830261" scanbytes="27775052" />
  <finalization candidates="962" enqueued="0" />
  <ownableSynchronizers candidates="4427" cleared="335" />
  <references type="soft" candidates="25885" cleared="0" enqueued="0" dynamicThreshold="24" maxThreshold="32" />
  <references type="weak" candidates="25845" cleared="89" enqueued="82" />
  <references type="phantom" candidates="1947" cleared="46" enqueued="46" />
  <stringconstants candidates="45168" cleared="48"  />
  <object-monitors candidates="12" cleared="1"  />
</gc-op>
<gc-op id="928" type="classunload" timems="0.261" contextid="924" timestamp="2026-09-06T14:16:06.779">
  <classunload-info classloadercandidates="20" classloadersunloaded="6" classesunloaded="0" anonymousclassesunloaded="0" quiescems="0.000" setupms="0.140" scanms="0.078" postms="0.041" />
</gc-op>
<gc-op id="929" type="sweep" timems="1.054" contextid="924" timestamp="2026-09-06T14:16:06.780" />
<mem-info id="930" free="208363672" total="268435456" percent="77">
  <mem type="nursery" free="54825768" total="67108864" percent="81">
    <mem type="allocate" free="54825768" total="58195968" percent="94" />
    <mem type="survivor" free="0" total="8912896" percent="0" />
  </mem>
  <mem type="tenure" free="153537904" total="201326592" percent="76" micro-fragmented="26838" macro-fragmented="134217728">
    <mem type="soa" free="143470960" total="191259648" percent="75" />
    <mem type="loa" free="10066944" total="10066944" percent="100" />
  </mem>
  <pending-finalizers system="0" default="0" reference="128" classloader="0" />
  <remembered-set count="1188" />
</mem-info>
<gc-op id="931" type="compact" timems="25.748" contextid="924" timestamp="2026-09-06T14:16:06.806">
  <compact-info movecount="200108" movebytes="7640200" reason="compact on aggressive collection" />
</gc-op>
<gc-end id="932" type="global" contextid="924" durationms="66.937" usertimems="328.623" systemtimems="6.636" stalltimems="105.906" timestamp="2026-09-06T14:16:06.811" activeThreads="10">
  <mem-info id="933" free="208768576" total="268435456" percent="77">
    <mem type="nursery" free="55228840" total="67108864" percent="82">
      <mem type="allocate" free="55228840" total="58195968" percent="94" />
      <mem type="survivor" free="0" total="8912896" percent="0" />
    </mem>
    <mem type="tenure" free="153539736" total="201326592" percent="76">
      <mem type="soa" free="143472792" total="191259648" percent="75" />
      <mem type="loa" free="10066944" total="10066944" percent="100" />
    </mem>
    <pending-finalizers system="0" default="0" reference="128" classloader="0" />
    <remembered-set count="1188" />
  </mem-info>
</gc-end>
<cycle-end id="934" type="global" contextid="924" timestamp="2026-09-06T14:16:06.811" />
<sys-end id="935" timestamp="2026-09-06T14:16:06.811" />
<exclusive-end id="936" timestamp="2026-09-06T14:16:06.811" durationms="75.321" />

<heap-resize id="937" type="release free pages" space="tenure" amount="153518080" count="1" timems="0.126" reason="idle" timestamp="2026-09-06T14:16:06.811" />
<exclusive-start id="938" timestamp="2026-09-06T14:22:58.221" intervalms="411465.520">
  <response-info timems="0.076" idlems="0.076" threads="0" lastid="0000000001286400" lastname="Execution worker Thread 2" />
</exclusive-start>
<af-start id="939" threadId="0000000001286EC0" totalBytesRequested="56" timestamp="2026-09-06T14:22:58.221" intervalms="684606.467" type="nursery" />
<cycle-start id="940" type="scavenge" contextid="0" timestamp="2026-09-06T14:22:58.221" intervalms="684606.652" />
<gc-start id="941" type="scavenge" contextid="940" timestamp="2026-09-06T14:22:58.223">
  <mem-info id="942" free="153530936" total="268435456" percent="57">
    <mem type="nursery" free="0" total="67108864" percent="0">
      <mem type="allocate" free="0" total="58195968" percent="0" />
      <mem type="survivor" free="0" total="8912896" percent="0" />
    </mem>
    <mem type="tenure" free="153530936" total="201326592" percent="76">
      <mem type="soa" free="143463992" total="191259648" percent="75" />
      <mem type="loa" free="10066944" total="10066944" percent="100" />
    </mem>
    <remembered-set count="1469" />
  </mem-info>
</gc-start>
<allocation-stats totalBytes="55091304" discardedBytes="145576" >
  <allocated-bytes non-tlh="978880" tlh="54112424" />
  <largest-consumer threadName="Daemon worker Thread 24" threadId="0000000000FF2200" bytes="13741560" />
</allocation-stats>
<gc-op id="943" type="scavenge" timems="7.178" contextid="940" timestamp="2026-09-06T14:22:58.230">
  <scavenger-info tenureage="14" tenuremask="4000" tiltratio="86" />
  <memory-copied type="nursery" objects="153840" bytes="6838584" bytesdiscarded="232936" />
  <memory-copied type="tenure" objects="94" bytes="3232" bytesdiscarded="0" />
  <finalization candidates="35" enqueued="1" />
  <ownableSynchronizers candidates="9403" cleared="8974" />
  <references type="soft" candidates="8" cleared="0" enqueued="0" dynamicThreshold="24" maxThreshold="32" />
  <references type="weak" candidates="919" cleared="86" enqueued="9" />
  <references type="phantom" candidates="3321" cleared="3103" enqueued="3103" />
  <object-monitors candidates="12" cleared="1"  />
</gc-op>
<gc-end id="944" type="scavenge" contextid="940" durationms="8.296" usertimems="23.268" systemtimems="4.791" stalltimems="25.248" timestamp="2026-09-06T14:22:58.232" activeThreads="9">
  <mem-info id="945" free="204167840" total="268435456" percent="76">
    <mem type="nursery" free="50775320" total="67108864" percent="75">
      <mem type="allocate" free="50775320" total="57868288" percent="87" />
      <mem type="survivor" free="0" total="9240576" percent="0" />
    </mem>
    <mem type="tenure" free="153392520" total="201326592" percent="76" macro-fragmented="83886080">
      <mem type="soa" free="143325576" total="191259648" percent="74" />
      <mem type="loa" free="10066944" total="10066944" percent="100" />
    </mem>
    <pending-finalizers system="0" default="1" reference="3112" classloader="0" />
    <remembered-set count="1182" />
  </mem-info>
</gc-end>
<cycle-end id="946" type="scavenge" contextid="940" timestamp="2026-09-06T14:22:58.232" />
<allocation-satisfied id="947" threadId="0000000001286400" bytesRequested="56" />
<af-end id="948" timestamp="2026-09-06T14:22:58.232" threadId="0000000001286EC0" success="true" from="nursery"/>
<exclusive-end id="949" timestamp="2026-09-06T14:22:58.232" durationms="11.307" />

<exclusive-start id="950" timestamp="2026-09-06T14:25:04.123" intervalms="125900.968">
  <response-info timems="0.530" idlems="0.272" threads="1" lastid="0000000001020A00" lastname="ForkJoinPool.commonPool-worker-99" />
</exclusive-start>
<af-start id="951" threadId="0000000000FF11C0" totalBytesRequested="48" timestamp="2026-09-06T14:25:04.123" intervalms="125900.843" type="nursery" />
<cycle-start id="952" type="scavenge" contextid="0" timestamp="2026-09-06T14:25:04.123" intervalms="125900.613" />
<gc-start id="953" type="scavenge" contextid="952" timestamp="2026-09-06T14:25:04.123">
  <mem-info id="954" free="153389440" total="268435456" percent="57">
    <mem type="nursery" free="0" total="67108864" percent="0">
      <mem type="allocate" free="0" total="57868288" percent="0" />
      <mem type="survivor" free="0" total="9240576" percent="0" />
    </mem>
    <mem type="tenure" free="153389440" total="201326592" percent="76">
      <mem type="soa" free="143322496" total="191259648" percent="74" />
      <mem type="loa" free="10066944" total="10066944" percent="100" />
    </mem>
    <remembered-set count="1488" />
  </mem-info>
</gc-start>
<allocation-stats totalBytes="50631824" discardedBytes="146576" >
  <allocated-bytes non-tlh="873960" tlh="49757864" />
  <largest-consumer threadName="Daemon worker Thread 25" threadId="000000000057F100" bytes="14172624" />
</allocation-stats>
<gc-op id="955" type="scavenge" timems="5.344" contextid="952" timestamp="2026-09-06T14:25:04.129">
  <scavenger-info tenureage="14" tenuremask="4000" tiltratio="86" />
  <memory-copied type="nursery" objects="107201" bytes="4317456" bytesdiscarded="386048" />
  <memory-copied type="tenure" objects="84" bytes="2568" bytesdiscarded="0" />
  <finalization candidates="45" enqueued="45" />
  <ownableSynchronizers candidates="1561" cleared="1126" />
  <references type="soft" candidates="3" cleared="0" enqueued="0" dynamicThreshold="24" maxThreshold="32" />
  <references type="weak" candidates="350" cleared="20" enqueued="10" />
  <references type="phantom" candidates="3055" cleared="3024" enqueued="3024" />
  <object-monitors candidates="13" cleared="2"  />
</gc-op>
<gc-end id="956" type="scavenge" contextid="952" durationms="6.802" usertimems="16.338" systemtimems="2.559" stalltimems="17.651" timestamp="2026-09-06T14:25:04.130" activeThreads="9">
  <mem-info id="957" free="206628784" total="268435456" percent="76">
    <mem type="nursery" free="53412144" total="67108864" percent="79">
      <mem type="allocate" free="53412144" total="58130432" percent="91" />
      <mem type="survivor" free="0" total="8978432" percent="0" />
    </mem>
    <mem type="tenure" free="153216640" total="201326592" percent="76" macro-fragmented="134217728">
      <mem type="soa" free="143149696" total="191259648" percent="74" />
      <mem type="loa" free="10066944" total="10066944" percent="100" />
    </mem>
    <pending-finalizers system="0" default="45" reference="3034" classloader="0" />
    <remembered-set count="1227" />
  </mem-info>
</gc-end>
<cycle-end id="958" type="scavenge" contextid="952" timestamp="2026-09-06T14:25:04.130" />
<allocation-satisfied id="959" threadId="0000000000FF0700" bytesRequested="48" />
<af-end id="960" timestamp="2026-09-06T14:25:04.130" threadId="0000000000FF11C0" success="true" from="nursery"/>
<exclusive-end id="961" timestamp="2026-09-06T14:25:04.130" durationms="7.694" />

<exclusive-start id="962" timestamp="2026-09-06T14:25:12.978" intervalms="8855.397">
  <response-info timems="0.060" idlems="0.032" threads="1" lastid="0000000000B64800" lastname="Build operations Thread 10" />
</exclusive-start>
<af-start id="963" threadId="0000000000FF38C0" totalBytesRequested="40" timestamp="2026-09-06T14:25:12.979" intervalms="8855.349" type="nursery" />
<cycle-start id="964" type="scavenge" contextid="0" timestamp="2026-09-06T14:25:12.979" intervalms="8855.327" />
<gc-start id="965" type="scavenge" contextid="964" timestamp="2026-09-06T14:25:12.979">
  <mem-info id="966" free="153211576" total="268435456" percent="57">
    <mem type="nursery" free="0" total="67108864" percent="0">
      <mem type="allocate" free="0" total="58130432" percent="0" />
      <mem type="survivor" free="0" total="8978432" percent="0" />
    </mem>
    <mem type="tenure" free="153211576" total="201326592" percent="76">
      <mem type="soa" free="143144632" total="191259648" percent="74" />
      <mem type="loa" free="10066944" total="10066944" percent="100" />
    </mem>
    <remembered-set count="1594" />
  </mem-info>
</gc-start>
<allocation-stats totalBytes="53317784" discardedBytes="99424" >
  <allocated-bytes non-tlh="665976" tlh="52651808" />
  <largest-consumer threadName="Daemon worker Thread 25" threadId="000000000057F100" bytes="10836784" />
</allocation-stats>
<gc-op id="967" type="scavenge" timems="3.726" contextid="964" timestamp="2026-09-06T14:25:12.983">
  <scavenger-info tenureage="14" tenuremask="4000" tiltratio="86" />
  <memory-copied type="nursery" objects="87208" bytes="3411040" bytesdiscarded="94232" />
  <memory-copied type="tenure" objects="74" bytes="2776" bytesdiscarded="0" />
  <finalization candidates="44" enqueued="44" />
  <ownableSynchronizers candidates="1565" cleared="1190" />
  <references type="soft" candidates="1" cleared="0" enqueued="0" dynamicThreshold="24" maxThreshold="32" />
  <references type="weak" candidates="345" cleared="125" enqueued="89" />
  <references type="phantom" candidates="2166" cleared="2146" enqueued="2146" />
  <object-monitors candidates="12" cleared="2"  />
</gc-op>
<gc-end id="968" type="scavenge" contextid="964" durationms="4.198" usertimems="12.128" systemtimems="1.008" stalltimems="11.125" timestamp="2026-09-06T14:25:12.983" activeThreads="10">
  <mem-info id="969" free="208491896" total="268435456" percent="77">
    <mem type="nursery" free="55465408" total="67108864" percent="82">
      <mem type="allocate" free="55465408" total="58982400" percent="94" />
      <mem type="survivor" free="0" total="8126464" percent="0" />
    </mem>
    <mem type="tenure" free="153026488" total="201326592" percent="76" macro-fragmented="83886080">
      <mem type="soa" free="142959544" total="191259648" percent="74" />
      <mem type="loa" free="10066944" total="10066944" percent="100" />
    </mem>
    <pending-finalizers system="0" default="44" reference="2235" classloader="0" />
    <remembered-set count="1140" />
  </mem-info>
</gc-end>
<cycle-end id="970" type="scavenge" contextid="964" timestamp="2026-09-06T14:25:12.983" />
<allocation-satisfied id="971" threadId="0000000000FF2E00" bytesRequested="40" />
<af-end id="972" timestamp="2026-09-06T14:25:12.983" threadId="0000000000FF38C0" success="true" from="nursery"/>
<exclusive-end id="973" timestamp="2026-09-06T14:25:12.983" durationms="4.987" />

<exclusive-start id="974" timestamp="2026-09-06T14:25:21.963" intervalms="8985.048">
  <response-info timems="0.034" idlems="0.034" threads="0" lastid="000000000057F100" lastname="Daemon worker Thread 25" />
</exclusive-start>
<af-start id="975" threadId="000000000057FBC0" totalBytesRequested="96" timestamp="2026-09-06T14:25:21.964" intervalms="8985.123" type="nursery" />
<cycle-start id="976" type="scavenge" contextid="0" timestamp="2026-09-06T14:25:21.964" intervalms="8985.173" />
<gc-start id="977" type="scavenge" contextid="976" timestamp="2026-09-06T14:25:21.964">
  <mem-info id="978" free="153019712" total="268435456" percent="57">
    <mem type="nursery" free="0" total="67108864" percent="0">
      <mem type="allocate" free="0" total="58982400" percent="0" />
      <mem type="survivor" free="0" total="8126464" percent="0" />
    </mem>
    <mem type="tenure" free="153019712" total="201326592" percent="76">
      <mem type="soa" free="142952768" total="191259648" percent="74" />
      <mem type="loa" free="10066944" total="10066944" percent="100" />
    </mem>
    <remembered-set count="1543" />
  </mem-info>
</gc-start>
<allocation-stats totalBytes="55365936" discardedBytes="106248" >
  <allocated-bytes non-tlh="1441848" tlh="53924088" />
  <largest-consumer threadName="Daemon worker Thread 25" threadId="000000000057F100" bytes="5829016" />
</allocation-stats>
<gc-op id="979" type="scavenge" timems="4.900" contextid="976" timestamp="2026-09-06T14:25:21.969">
  <scavenger-info tenureage="14" tenuremask="4000" tiltratio="87" />
  <memory-copied type="nursery" objects="44957" bytes="2318056" bytesdiscarded="276824" />
  <finalization candidates="52" enqueued="52" />
  <ownableSynchronizers candidates="1305" cleared="925" />
  <references type="soft" candidates="1" cleared="0" enqueued="0" dynamicThreshold="24" maxThreshold="32" />
  <references type="weak" candidates="325" cleared="155" enqueued="119" />
  <references type="phantom" candidates="1227" cleared="1216" enqueued="1216" />
  <object-monitors candidates="12" cleared="2"  />
</gc-op>
<gc-end id="980" type="scavenge" contextid="976" durationms="6.298" usertimems="9.415" systemtimems="0.122" stalltimems="36.950" timestamp="2026-09-06T14:25:21.970" activeThreads="10">
  <mem-info id="981" free="210189032" total="268435456" percent="78">
    <mem type="nursery" free="57169320" total="67108864" percent="85">
      <mem type="allocate" free="57169320" total="59768832" percent="95" />
      <mem type="survivor" free="0" total="7340032" percent="0" />
    </mem>
    <mem type="tenure" free="153019712" total="201326592" percent="76" macro-fragmented="134217728">
      <mem type="soa" free="142952768" total="191259648" percent="74" />
      <mem type="loa" free="10066944" total="10066944" percent="100" />
    </mem>
    <pending-finalizers system="7" default="45" reference="1335" classloader="0" />
    <remembered-set count="1210" />
  </mem-info>
</gc-end>
<cycle-end id="982" type="scavenge" contextid="976" timestamp="2026-09-06T14:25:21.971" />
<allocation-satisfied id="983" threadId="000000000057F100" bytesRequested="96" />
<af-end id="984" timestamp="2026-09-06T14:25:21.971" threadId="000000000057FBC0" success="true" from="nursery"/>
<exclusive-end id="985" timestamp="2026-09-06T14:25:21.971" durationms="7.315" />

<exclusive-start id="986" timestamp="2026-09-06T14:25:22.244" intervalms="280.463">
  <response-info timems="0.036" idlems="0.036" threads="0" lastid="0000000001282700" lastname="Execution worker Thread 8" />
</exclusive-start>
<af-start id="987" threadId="00000000012831C0" totalBytesRequested="80" timestamp="2026-09-06T14:25:22.244" intervalms="280.348" type="nursery" />
<cycle-start id="988" type="scavenge" contextid="0" timestamp="2026-09-06T14:25:22.244" intervalms="280.321" />
<gc-start id="989" type="scavenge" contextid="988" timestamp="2026-09-06T14:25:22.245">
  <mem-info id="990" free="153012352" total="268435456" percent="57">
    <mem type="nursery" free="0" total="67108864" percent="0">
      <mem type="allocate" free="0" total="59768832" percent="0" />
      <mem type="survivor" free="0" total="7340032" percent="0" />
    </mem>
    <mem type="tenure" free="153012352" total="201326592" percent="76">
      <mem type="soa" free="142945408" total="191259648" percent="74" />
      <mem type="loa" free="10066944" total="10066944" percent="100" />
    </mem>
    <remembered-set count="1543" />
  </mem-info>
</gc-start>
<allocation-stats totalBytes="57066864" discardedBytes="109816" >
  <allocated-bytes non-tlh="1182424" tlh="55884440" />
  <largest-consumer threadName="Execution worker Thread 8" threadId="0000000001282700" bytes="22129784" />
</allocation-stats>
<gc-op id="991" type="scavenge" timems="7.458" contextid="988" timestamp="2026-09-06T14:25:22.253">
  <scavenger-info tenureage="14" tenuremask="4000" tiltratio="89" />
  <memory-copied type="nursery" objects="181188" bytes="7315808" bytesdiscarded="2984" />
  <memory-copied type="tenure" objects="27572" bytes="1820368" bytesdiscarded="864" />
  <copy-failed type="nursery" objects="27304" bytes="1812696" />
  <finalization candidates="45" enqueued="1" />
  <ownableSynchronizers candidates="1187" cleared="738" />
  <references type="soft" candidates="48" cleared="0" enqueued="0" dynamicThreshold="24" maxThreshold="32" />
  <references type="weak" candidates="6698" cleared="1090" enqueued="9" />
  <references type="phantom" candidates="3312" cleared="3073" enqueued="3073" />
  <object-monitors candidates="11" cleared="0"  />
</gc-op>
<gc-end id="992" type="scavenge" contextid="988" durationms="8.181" usertimems="26.877" systemtimems="2.483" stalltimems="27.904" timestamp="2026-09-06T14:25:22.253" activeThreads="8">
  <mem-info id="993" free="192958144" total="268435456" percent="71">
    <mem type="nursery" free="41549824" total="67108864" percent="61">
      <mem type="allocate" free="41549824" total="48889856" percent="84" />
      <mem type="survivor" free="0" total="18219008" percent="0" />
    </mem>
    <mem type="tenure" free="151408320" total="201326592" percent="75" macro-fragmented="117440512">
      <mem type="soa" free="141341376" total="191259648" percent="73" />
      <mem type="loa" free="10066944" total="10066944" percent="100" />
    </mem>
    <pending-finalizers system="0" default="1" reference="3082" classloader="0" />
    <remembered-set count="3372" />
  </mem-info>
</gc-end>
<cycle-end id="994" type="scavenge" contextid="988" timestamp="2026-09-06T14:25:22.254" />
<allocation-satisfied id="995" threadId="0000000001282700" bytesRequested="80" />
<af-end id="996" timestamp="2026-09-06T14:25:22.254" threadId="00000000012831C0" success="true" from="nursery"/>
<exclusive-end id="997" timestamp="2026-09-06T14:25:22.254" durationms="9.767" />

<exclusive-start id="998" timestamp="2026-09-06T14:25:31.146" intervalms="8902.237">
  <response-info timems="0.032" idlems="0.032" threads="0" lastid="000000000124CB00" lastname="Execution worker Thread 2" />
</exclusive-start>
<af-start id="999" threadId="000000000124D5C0" totalBytesRequested="13704" timestamp="2026-09-06T14:25:31.146" intervalms="8902.229" type="nursery" />
<cycle-start id="1000" type="scavenge" contextid="0" timestamp="2026-09-06T14:25:31.146" intervalms="8902.213" />
<gc-start id="1001" type="scavenge" contextid="1000" timestamp="2026-09-06T14:25:31.147">
  <mem-info id="1002" free="151405984" total="268435456" percent="56">
    <mem type="nursery" free="0" total="67108864" percent="0">
      <mem type="allocate" free="0" total="48889856" percent="0" />
      <mem type="survivor" free="0" total="18219008" percent="0" />
    </mem>
    <mem type="tenure" free="151405984" total="201326592" percent="75">
      <mem type="soa" free="141339040" total="191259648" percent="73" />
      <mem type="loa" free="10066944" total="10066944" percent="100" />
    </mem>
    <remembered-set count="3721" />
  </mem-info>
</gc-start>
<allocation-stats totalBytes="41440752" discardedBytes="111408" >
  <allocated-bytes non-tlh="967816" tlh="40472936" />
  <largest-consumer threadName="Daemon worker Thread 25" threadId="000000000057F100" bytes="13469472" />
</allocation-stats>
<gc-op id="1003" type="scavenge" timems="4.475" contextid="1000" timestamp="2026-09-06T14:25:31.151">
  <scavenger-info tenureage="14" tenuremask="4000" tiltratio="72" />
  <memory-copied type="nursery" objects="253340" bytes="9056976" bytesdiscarded="159632" />
  <memory-copied type="tenure" objects="161" bytes="4736" bytesdiscarded="0" />
  <finalization candidates="37" enqueued="1" />
  <ownableSynchronizers candidates="1521" cleared="833" />
  <references type="soft" candidates="55" cleared="0" enqueued="0" dynamicThreshold="24" maxThreshold="32" />
  <references type="weak" candidates="626" cleared="28" enqueued="14" />
  <references type="phantom" candidates="3056" cleared="3024" enqueued="3024" />
  <object-monitors candidates="14" cleared="2"  />
</gc-op>
<gc-end id="1004" type="scavenge" contextid="1000" durationms="4.706" usertimems="27.049" systemtimems="1.266" stalltimems="7.824" timestamp="2026-09-06T14:25:31.151" activeThreads="8">
  <mem-info id="1005" free="192491488" total="268435456" percent="71">
    <mem type="nursery" free="41216832" total="67108864" percent="61">
      <mem type="allocate" free="41216832" total="50462720" percent="81" />
      <mem type="survivor" free="0" total="16646144" percent="0" />
    </mem>
    <mem type="tenure" free="151274656" total="201326592" percent="75" macro-fragmented="134217728">
      <mem type="soa" free="141207712" total="191259648" percent="73" />
      <mem type="loa" free="10066944" total="10066944" percent="100" />
    </mem>
    <pending-finalizers system="0" default="1" reference="3038" classloader="0" />
    <remembered-set count="3312" />
  </mem-info>
</gc-end>
<cycle-end id="1006" type="scavenge" contextid="1000" timestamp="2026-09-06T14:25:31.152" />
<allocation-satisfied id="1007" threadId="000000000124CB00" bytesRequested="13704" />
<af-end id="1008" timestamp="2026-09-06T14:25:31.152" threadId="000000000124D5C0" success="true" from="nursery"/>
<exclusive-end id="1009" timestamp="2026-09-06T14:25:31.152" durationms="5.461" />

<exclusive-start id="1010" timestamp="2026-09-06T14:25:48.997" intervalms="17851.036">
  <response-info timems="0.025" idlems="0.025" threads="0" lastid="000000000057F100" lastname="Daemon worker Thread 25" />
</exclusive-start>
<af-start id="1011" threadId="000000000057FBC0" totalBytesRequested="96" timestamp="2026-09-06T14:25:48.997" intervalms="17851.241" type="nursery" />
<cycle-start id="1012" type="scavenge" contextid="0" timestamp="2026-09-06T14:25:48.997" intervalms="17851.258" />
<gc-start id="1013" type="scavenge" contextid="1012" timestamp="2026-09-06T14:25:48.997">
  <mem-info id="1014" free="151271400" total="268435456" percent="56">
    <mem type="nursery" free="0" total="67108864" percent="0">
      <mem type="allocate" free="0" total="50462720" percent="0" />
      <mem type="survivor" free="0" total="16646144" percent="0" />
    </mem>
    <mem type="tenure" free="151271400" total="201326592" percent="75">
      <mem type="soa" free="141204456" total="191259648" percent="73" />
      <mem type="loa" free="10066944" total="10066944" percent="100" />
    </mem>
    <remembered-set count="3580" />
  </mem-info>
</gc-start>
<allocation-stats totalBytes="41152480" discardedBytes="67608" >
  <allocated-bytes non-tlh="878848" tlh="40273632" />
  <largest-consumer threadName="Daemon worker Thread 25" threadId="000000000057F100" bytes="6241440" />
</allocation-stats>
<gc-op id="1015" type="scavenge" timems="3.820" contextid="1012" timestamp="2026-09-06T14:25:49.001">
  <scavenger-info tenureage="14" tenuremask="4000" tiltratio="75" />
  <memory-copied type="nursery" objects="207126" bytes="8180560" bytesdiscarded="222200" />
  <memory-copied type="tenure" objects="150" bytes="4768" bytesdiscarded="0" />
  <finalization candidates="80" enqueued="44" />
  <ownableSynchronizers candidates="1484" cleared="814" />
  <references type="soft" candidates="53" cleared="0" enqueued="0" dynamicThreshold="24" maxThreshold="32" />
  <references type="weak" candidates="608" cleared="200" enqueued="164" />
  <references type="phantom" candidates="220" cleared="209" enqueued="209" />
  <object-monitors candidates="13" cleared="2"  />
</gc-op>
<gc-end id="1016" type="scavenge" contextid="1012" durationms="4.456" usertimems="23.414" systemtimems="2.136" stalltimems="11.807" timestamp="2026-09-06T14:25:49.002" activeThreads="10">
  <mem-info id="1017" free="194531904" total="268435456" percent="72">
    <mem type="nursery" free="43281240" total="67108864" percent="64">
      <mem type="allocate" free="43281240" total="51707904" percent="83" />
      <mem type="survivor" free="0" total="15400960" percent="0" />
    </mem>
    <mem type="tenure" free="151250664" total="201326592" percent="75" macro-fragmented="134217728">
      <mem type="soa" free="141183720" total="191259648" percent="73" />
      <mem type="loa" free="10066944" total="10066944" percent="100" />
    </mem>
    <pending-finalizers system="0" default="44" reference="373" classloader="0" />
    <remembered-set count="3202" />
  </mem-info>
</gc-end>
<cycle-end id="1018" type="scavenge" contextid="1012" timestamp="2026-09-06T14:25:49.002" />
<allocation-satisfied id="1019" threadId="000000000057F100" bytesRequested="96" />
<af-end id="1020" timestamp="2026-09-06T14:25:49.002" threadId="000000000057FBC0" success="true" from="nursery"/>
<exclusive-end id="1021" timestamp="2026-09-06T14:25:49.002" durationms="5.510" />

<exclusive-start id="1022" timestamp="2026-09-06T14:25:49.242" intervalms="245.340">
  <response-info timems="0.031" idlems="0.031" threads="0" lastid="000000000054F200" lastname="Execution worker Thread 6" />
</exclusive-start>
<af-start id="1023" threadId="000000000054FCC0" totalBytesRequested="56" timestamp="2026-09-06T14:25:49.242" intervalms="245.159" type="nursery" />
<cycle-start id="1024" type="scavenge" contextid="0" timestamp="2026-09-06T14:25:49.242" intervalms="245.165" />
<gc-start id="1025" type="scavenge" contextid="1024" timestamp="2026-09-06T14:25:49.243">
  <mem-info id="1026" free="151243432" total="268435456" percent="56">
    <mem type="nursery" free="0" total="67108864" percent="0">
      <mem type="allocate" free="0" total="51707904" percent="0" />
      <mem type="survivor" free="0" total="15400960" percent="0" />
    </mem>
    <mem type="tenure" free="151243432" total="201326592" percent="75">
      <mem type="soa" free="141176488" total="191259648" percent="73" />
      <mem type="loa" free="10066944" total="10066944" percent="100" />
    </mem>
    <remembered-set count="3526" />
  </mem-info>
</gc-start>
<allocation-stats totalBytes="43169056" discardedBytes="119416" >
  <allocated-bytes non-tlh="1051216" tlh="42117840" />
  <largest-consumer threadName="Execution worker Thread 6" threadId="000000000054F200" bytes="10645144" />
</allocation-stats>
<gc-op id="1027" type="scavenge" timems="4.634" contextid="1024" timestamp="2026-09-06T14:25:49.248">
  <scavenger-info tenureage="14" tenuremask="4000" tiltratio="77" />
  <memory-copied type="nursery" objects="296486" bytes="12012560" bytesdiscarded="175336" />
  <memory-copied type="tenure" objects="165" bytes="5728" bytesdiscarded="0" />
  <finalization candidates="66" enqueued="15" />
  <ownableSynchronizers candidates="1388" cleared="681" />
  <references type="soft" candidates="60" cleared="0" enqueued="0" dynamicThreshold="24" maxThreshold="32" />
  <references type="weak" candidates="1170" cleared="77" enqueued="9" />
  <references type="phantom" candidates="3254" cleared="3073" enqueued="3073" />
  <object-monitors candidates="12" cleared="0"  />
</gc-op>
<gc-end id="1028" type="scavenge" contextid="1024" durationms="5.681" usertimems="32.977" systemtimems="1.965" stalltimems="8.610" timestamp="2026-09-06T14:25:49.249" activeThreads="10">
  <mem-info id="1029" free="188545200" total="268435456" percent="70">
    <mem type="nursery" free="37322504" total="67108864" percent="55">
      <mem type="allocate" free="37322504" total="49545216" percent="75" />
      <mem type="survivor" free="0" total="17563648" percent="0" />
    </mem>
    <mem type="tenure" free="151222696" total="201326592" percent="75" macro-fragmented="134217728">
      <mem type="soa" free="141155752" total="191259648" percent="73" />
      <mem type="loa" free="10066944" total="10066944" percent="100" />
    </mem>
    <pending-finalizers system="14" default="1" reference="3082" classloader="0" />
    <remembered-set count="3295" />
  </mem-info>
</gc-end>
<cycle-end id="1030" type="scavenge" contextid="1024" timestamp="2026-09-06T14:25:49.249" />
<allocation-satisfied id="1031" threadId="000000000054F200" bytesRequested="56" />
<af-end id="1032" timestamp="2026-09-06T14:25:49.249" threadId="000000000054FCC0" success="true" from="nursery"/>
<exclusive-end id="1033" timestamp="2026-09-06T14:25:49.249" durationms="7.094" />

<exclusive-start id="1034" timestamp="2026-09-06T14:25:58.019" intervalms="8776.523">
  <response-info timems="0.064" idlems="0.064" threads="0" lastid="0000000001286400" lastname="Build operations Thread 5" />
</exclusive-start>
<af-start id="1035" threadId="0000000001286EC0" totalBytesRequested="16" timestamp="2026-09-06T14:25:58.019" intervalms="8776.559" type="nursery" />
<cycle-start id="1036" type="scavenge" contextid="0" timestamp="2026-09-06T14:25:58.019" intervalms="8776.557" />
<gc-start id="1037" type="scavenge" contextid="1036" timestamp="2026-09-06T14:25:58.021">
  <mem-info id="1038" free="151222696" total="268435456" percent="56">
    <mem type="nursery" free="0" total="67108864" percent="0">
      <mem type="allocate" free="0" total="49545216" percent="0" />
      <mem type="survivor" free="0" total="17563648" percent="0" />
    </mem>
    <mem type="tenure" free="151222696" total="201326592" percent="75">
      <mem type="soa" free="141155752" total="191259648" percent="73" />
      <mem type="loa" free="10066944" total="10066944" percent="100" />
    </mem>
    <remembered-set count="3472" />
  </mem-info>
</gc-start>
<allocation-stats totalBytes="37269904" discardedBytes="52600" >
  <allocated-bytes non-tlh="276840" tlh="36993064" />
  <largest-consumer threadName="Daemon worker Thread 25" threadId="000000000057F100" bytes="11103544" />
</allocation-stats>
<gc-op id="1039" type="scavenge" timems="4.899" contextid="1036" timestamp="2026-09-06T14:25:58.026">
  <scavenger-info tenureage="4" tenuremask="4010" tiltratio="73" />
  <memory-copied type="nursery" objects="120203" bytes="4510208" bytesdiscarded="331640" />
  <memory-copied type="tenure" objects="116358" bytes="4442392" bytesdiscarded="1952" />
  <finalization candidates="80" enqueued="44" />
  <ownableSynchronizers candidates="1642" cleared="973" />
  <references type="soft" candidates="12" cleared="0" enqueued="0" dynamicThreshold="24" maxThreshold="32" />
  <references type="weak" candidates="390" cleared="118" enqueued="83" />
  <references type="phantom" candidates="2302" cleared="2281" enqueued="2281" />
  <object-monitors candidates="13" cleared="2"  />
</gc-op>
<gc-end id="1040" type="scavenge" contextid="1036" durationms="5.397" usertimems="25.185" systemtimems="3.237" stalltimems="9.349" timestamp="2026-09-06T14:25:58.026" activeThreads="10">
  <mem-info id="1041" free="192244304" total="268435456" percent="71">
    <mem type="nursery" free="45474624" total="67108864" percent="67">
      <mem type="allocate" free="45474624" total="50331648" percent="90" />
      <mem type="survivor" free="0" total="16777216" percent="0" />
    </mem>
    <mem type="tenure" free="146769680" total="201326592" percent="72" macro-fragmented="83886080">
      <mem type="soa" free="136702736" total="191259648" percent="71" />
      <mem type="loa" free="10066944" total="10066944" percent="100" />
    </mem>
    <pending-finalizers system="0" default="44" reference="2364" classloader="0" />
    <remembered-set count="12496" />
  </mem-info>
</gc-end>
<cycle-end id="1042" type="scavenge" contextid="1036" timestamp="2026-09-06T14:25:58.026" />
<allocation-satisfied id="1043" threadId="0000000001286400" bytesRequested="16" />
<af-end id="1044" timestamp="2026-09-06T14:25:58.026" threadId="0000000001286EC0" success="true" from="nursery"/>
<exclusive-end id="1045" timestamp="2026-09-06T14:25:58.026" durationms="7.706" />

<exclusive-start id="1046" timestamp="2026-09-06T14:25:58.285" intervalms="266.537">
  <response-info timems="0.025" idlems="0.025" threads="0" lastid="0000000001273300" lastname="included builds" />
</exclusive-start>
<af-start id="1047" threadId="0000000001273DC0" totalBytesRequested="40" timestamp="2026-09-06T14:25:58.285" intervalms="266.492" type="nursery" />
<cycle-start id="1048" type="scavenge" contextid="0" timestamp="2026-09-06T14:25:58.285" intervalms="266.484" />
<gc-start id="1049" type="scavenge" contextid="1048" timestamp="2026-09-06T14:25:58.286">
  <mem-info id="1050" free="146763440" total="268435456" percent="54">
    <mem type="nursery" free="0" total="67108864" percent="0">
      <mem type="allocate" free="0" total="50331648" percent="0" />
      <mem type="survivor" free="0" total="16777216" percent="0" />
    </mem>
    <mem type="tenure" free="146763440" total="201326592" percent="72">
      <mem type="soa" free="136696496" total="191259648" percent="71" />
      <mem type="loa" free="10066944" total="10066944" percent="100" />
    </mem>
    <remembered-set count="12774" />
  </mem-info>
</gc-start>
<allocation-stats totalBytes="45403936" discardedBytes="76928" >
  <allocated-bytes non-tlh="911464" tlh="44492472" />
  <largest-consumer threadName="included builds" threadId="0000000001273300" bytes="24258416" />
</allocation-stats>
<gc-op id="1051" type="scavenge" timems="4.056" contextid="1048" timestamp="2026-09-06T14:25:58.290">
  <scavenger-info tenureage="6" tenuremask="4040" tiltratio="75" />
  <memory-copied type="nursery" objects="150668" bytes="5920376" bytesdiscarded="287992" />
  <memory-copied type="tenure" objects="21180" bytes="682600" bytesdiscarded="296" />
  <finalization candidates="45" enqueued="45" />
  <ownableSynchronizers candidates="1018" cleared="352" />
  <references type="soft" candidates="14" cleared="0" enqueued="0" dynamicThreshold="24" maxThreshold="32" />
  <references type="weak" candidates="390" cleared="15" enqueued="14" />
  <references type="phantom" candidates="913" cleared="876" enqueued="876" />
  <object-monitors candidates="12" cleared="0"  />
</gc-op>
<gc-end id="1052" type="scavenge" contextid="1048" durationms="5.231" usertimems="20.768" systemtimems="1.870" stalltimems="13.046" timestamp="2026-09-06T14:25:58.291" activeThreads="10">
  <mem-info id="1053" free="191178768" total="268435456" percent="71">
    <mem type="nursery" free="45743368" total="67108864" percent="68">
      <mem type="allocate" free="45743368" total="51970048" percent="88" />
      <mem type="survivor" free="0" total="15138816" percent="0" />
    </mem>
    <mem type="tenure" free="145435400" total="201326592" percent="72" macro-fragmented="134217728">
      <mem type="soa" free="135368456" total="191259648" percent="70" />
      <mem type="loa" free="10066944" total="10066944" percent="100" />
    </mem>
    <pending-finalizers system="0" default="45" reference="890" classloader="0" />
    <remembered-set count="1524" />
  </mem-info>
</gc-end>
<cycle-end id="1054" type="scavenge" contextid="1048" timestamp="2026-09-06T14:25:58.291" />
<allocation-satisfied id="1055" threadId="0000000001273300" bytesRequested="40" />
<af-end id="1056" timestamp="2026-09-06T14:25:58.291" threadId="0000000001273DC0" success="true" from="nursery"/>
<exclusive-end id="1057" timestamp="2026-09-06T14:25:58.291" durationms="6.390" />

<exclusive-start id="1058" timestamp="2026-09-06T14:26:07.256" intervalms="8970.491">
  <response-info timems="0.030" idlems="0.030" threads="0" lastid="000000000127EA00" lastname="Execution worker Thread 7" />
</exclusive-start>
<af-start id="1059" threadId="000000000127F4C0" totalBytesRequested="24" timestamp="2026-09-06T14:26:07.256" intervalms="8970.674" type="nursery" />
<cycle-start id="1060" type="scavenge" contextid="0" timestamp="2026-09-06T14:26:07.256" intervalms="8970.668" />
<gc-start id="1061" type="scavenge" contextid="1060" timestamp="2026-09-06T14:26:07.257">
  <mem-info id="1062" free="145430848" total="268435456" percent="54">
    <mem type="nursery" free="0" total="67108864" percent="0">
      <mem type="allocate" free="0" total="51970048" percent="0" />
      <mem type="survivor" free="0" total="15138816" percent="0" />
    </mem>
    <mem type="tenure" free="145430848" total="201326592" percent="72">
      <mem type="soa" free="135363904" total="191259648" percent="70" />
      <mem type="loa" free="10066944" total="10066944" percent="100" />
    </mem>
    <remembered-set count="1853" />
  </mem-info>
</gc-start>
<allocation-stats totalBytes="45640944" discardedBytes="106976" >
  <allocated-bytes non-tlh="1051816" tlh="44589128" />
  <largest-consumer threadName="Daemon worker Thread 25" threadId="000000000057F100" bytes="14497776" />
</allocation-stats>
<gc-op id="1063" type="scavenge" timems="5.127" contextid="1060" timestamp="2026-09-06T14:26:07.262">
  <scavenger-info tenureage="14" tenuremask="4000" tiltratio="77" />
  <memory-copied type="nursery" objects="137769" bytes="4690624" bytesdiscarded="142200" />
  <memory-copied type="tenure" objects="110" bytes="5280" bytesdiscarded="0" />
  <finalization candidates="1" enqueued="1" />
  <ownableSynchronizers candidates="1658" cleared="1249" />
  <references type="soft" candidates="14" cleared="0" enqueued="0" dynamicThreshold="24" maxThreshold="32" />
  <references type="weak" candidates="469" cleared="88" enqueued="53" />
  <references type="phantom" candidates="3183" cleared="3145" enqueued="3145" />
  <object-monitors candidates="14" cleared="2"  />
</gc-op>
<gc-end id="1064" type="scavenge" contextid="1060" durationms="5.897" usertimems="16.920" systemtimems="3.024" stalltimems="23.286" timestamp="2026-09-06T14:26:07.263" activeThreads="10">
  <mem-info id="1065" free="194231952" total="268435456" percent="72">
    <mem type="nursery" free="48821840" total="67108864" percent="72">
      <mem type="allocate" free="48821840" total="53673984" percent="90" />
      <mem type="survivor" free="0" total="13434880" percent="0" />
    </mem>
    <mem type="tenure" free="145410112" total="201326592" percent="72" macro-fragmented="134217728">
      <mem type="soa" free="135343168" total="191259648" percent="70" />
      <mem type="loa" free="10066944" total="10066944" percent="100" />
    </mem>
    <pending-finalizers system="0" default="1" reference="3198" classloader="0" />
    <remembered-set count="1617" />
  </mem-info>
</gc-end>
<cycle-end id="1066" type="scavenge" contextid="1060" timestamp="2026-09-06T14:26:07.263" />
<allocation-satisfied id="1067" threadId="000000000127EA00" bytesRequested="24" />
<af-end id="1068" timestamp="2026-09-06T14:26:07.263" threadId="000000000127F4C0" success="true" from="nursery"/>
<exclusive-end id="1069" timestamp="2026-09-06T14:26:07.263" durationms="6.972" />

<exclusive-start id="1070" timestamp="2026-09-06T14:26:16.051" intervalms="8795.228">
  <response-info timems="0.021" idlems="0.021" threads="0" lastid="000000000057F100" lastname="Daemon worker Thread 25" />
</exclusive-start>
<af-start id="1071" threadId="000000000057FBC0" totalBytesRequested="16" timestamp="2026-09-06T14:26:16.051" intervalms="8795.064" type="nursery" />
<cycle-start id="1072" type="scavenge" contextid="0" timestamp="2026-09-06T14:26:16.051" intervalms="8795.046" />
<gc-start id="1073" type="scavenge" contextid="1072" timestamp="2026-09-06T14:26:16.052">
  <mem-info id="1074" free="145407304" total="268435456" percent="54">
    <mem type="nursery" free="0" total="67108864" percent="0">
      <mem type="allocate" free="0" total="53673984" percent="0" />
      <mem type="survivor" free="0" total="13434880" percent="0" />
    </mem>
    <mem type="tenure" free="145407304" total="201326592" percent="72">
      <mem type="soa" free="135340360" total="191259648" percent="70" />
      <mem type="loa" free="10066944" total="10066944" percent="100" />
    </mem>
    <remembered-set count="1887" />
  </mem-info>
</gc-start>
<allocation-stats totalBytes="48752040" discardedBytes="72608" >
  <allocated-bytes non-tlh="611784" tlh="48140256" />
  <largest-consumer threadName="Daemon worker Thread 25" threadId="000000000057F100" bytes="12961352" />
</allocation-stats>
<gc-op id="1075" type="scavenge" timems="4.319" contextid="1072" timestamp="2026-09-06T14:26:16.057">
  <scavenger-info tenureage="11" tenuremask="4800" tiltratio="79" />
  <memory-copied type="nursery" objects="112285" bytes="4228680" bytesdiscarded="147960" />
  <memory-copied type="tenure" objects="1409" bytes="69720" bytesdiscarded="0" />
  <finalization candidates="44" enqueued="44" />
  <ownableSynchronizers candidates="1455" cleared="1051" />
  <references type="soft" candidates="12" cleared="0" enqueued="0" dynamicThreshold="24" maxThreshold="32" />
  <references type="weak" candidates="354" cleared="124" enqueued="88" />
  <references type="phantom" candidates="2800" cleared="2780" enqueued="2780" />
  <object-monitors candidates="13" cleared="2"  />
</gc-op>
<gc-end id="1076" type="scavenge" contextid="1072" durationms="5.166" usertimems="14.614" systemtimems="0.000" stalltimems="25.855" timestamp="2026-09-06T14:26:16.057" activeThreads="10">
  <mem-info id="1077" free="196262448" total="268435456" percent="73">
    <mem type="nursery" free="50855144" total="67108864" percent="75">
      <mem type="allocate" free="50855144" total="55246848" percent="92" />
      <mem type="survivor" free="0" total="11862016" percent="0" />
    </mem>
    <mem type="tenure" free="145407304" total="201326592" percent="72" macro-fragmented="134217728">
      <mem type="soa" free="135340360" total="191259648" percent="70" />
      <mem type="loa" free="10066944" total="10066944" percent="100" />
    </mem>
    <pending-finalizers system="0" default="44" reference="2868" classloader="0" />
    <remembered-set count="1565" />
  </mem-info>
</gc-end>
<cycle-end id="1078" type="scavenge" contextid="1072" timestamp="2026-09-06T14:26:16.058" />
<allocation-satisfied id="1079" threadId="000000000057F100" bytesRequested="16" />
<af-end id="1080" timestamp="2026-09-06T14:26:16.058" threadId="000000000057FBC0" success="true" from="nursery"/>
<exclusive-end id="1081" timestamp="2026-09-06T14:26:16.058" durationms="6.399" />

<exclusive-start id="1082" timestamp="2026-09-06T14:26:25.029" intervalms="8977.839">
  <response-info timems="0.029" idlems="0.029" threads="0" lastid="000000000057F100" lastname="Daemon worker Thread 25" />
</exclusive-start>
<af-start id="1083" threadId="000000000057FBC0" totalBytesRequested="4104" timestamp="2026-09-06T14:26:25.029" intervalms="8978.060" type="nursery" />
<cycle-start id="1084" type="scavenge" contextid="0" timestamp="2026-09-06T14:26:25.029" intervalms="8978.086" />
<gc-start id="1085" type="scavenge" contextid="1084" timestamp="2026-09-06T14:26:25.030">
  <mem-info id="1086" free="145403848" total="268435456" percent="54">
    <mem type="nursery" free="0" total="67108864" percent="0">
      <mem type="allocate" free="0" total="55246848" percent="0" />
      <mem type="survivor" free="0" total="11862016" percent="0" />
    </mem>
    <mem type="tenure" free="145403848" total="201326592" percent="72">
      <mem type="soa" free="135336904" total="191259648" percent="70" />
      <mem type="loa" free="10066944" total="10066944" percent="100" />
    </mem>
    <remembered-set count="1892" />
  </mem-info>
</gc-start>
<allocation-stats totalBytes="50761552" discardedBytes="97048" >
  <allocated-bytes non-tlh="970856" tlh="49790696" />
  <largest-consumer threadName="Daemon worker Thread 25" threadId="000000000057F100" bytes="3283448" />
</allocation-stats>
<gc-op id="1087" type="scavenge" timems="3.844" contextid="1084" timestamp="2026-09-06T14:26:25.034">
  <scavenger-info tenureage="14" tenuremask="4000" tiltratio="82" />
  <memory-copied type="nursery" objects="51182" bytes="2605800" bytesdiscarded="169152" />
  <memory-copied type="tenure" objects="208" bytes="6336" bytesdiscarded="0" />
  <finalization candidates="46" enqueued="46" />
  <ownableSynchronizers candidates="1267" cleared="889" />
  <references type="soft" candidates="12" cleared="0" enqueued="0" dynamicThreshold="24" maxThreshold="32" />
  <references type="weak" candidates="282" cleared="123" enqueued="87" />
  <references type="phantom" candidates="469" cleared="457" enqueued="457" />
  <object-monitors candidates="13" cleared="2"  />
</gc-op>
<gc-end id="1088" type="scavenge" contextid="1084" durationms="4.165" usertimems="8.173" systemtimems="0.519" stalltimems="23.964" timestamp="2026-09-06T14:26:25.034" activeThreads="9">
  <mem-info id="1089" free="199312888" total="268435456" percent="74">
    <mem type="nursery" free="53909040" total="67108864" percent="80">
      <mem type="allocate" free="53909040" total="56688640" percent="95" />
      <mem type="survivor" free="0" total="10420224" percent="0" />
    </mem>
    <mem type="tenure" free="145403848" total="201326592" percent="72" macro-fragmented="117440512">
      <mem type="soa" free="135336904" total="191259648" percent="70" />
      <mem type="loa" free="10066944" total="10066944" percent="100" />
    </mem>
    <pending-finalizers system="1" default="45" reference="544" classloader="0" />
    <remembered-set count="1533" />
  </mem-info>
</gc-end>
<cycle-end id="1090" type="scavenge" contextid="1084" timestamp="2026-09-06T14:26:25.034" />
<allocation-satisfied id="1091" threadId="000000000057F100" bytesRequested="4104" />
<af-end id="1092" timestamp="2026-09-06T14:26:25.034" threadId="000000000057FBC0" success="true" from="nursery"/>
<exclusive-end id="1093" timestamp="2026-09-06T14:26:25.034" durationms="5.237" />

<exclusive-start id="1094" timestamp="2026-09-06T14:26:25.272" intervalms="242.930">
  <response-info timems="0.034" idlems="0.034" threads="0" lastid="0000000000FF3B00" lastname="Execution worker Thread 6" />
</exclusive-start>
<af-start id="1095" threadId="0000000000FF45C0" totalBytesRequested="24" timestamp="2026-09-06T14:26:25.272" intervalms="242.695" type="nursery" />
<cycle-start id="1096" type="scavenge" contextid="0" timestamp="2026-09-06T14:26:25.272" intervalms="242.678" />
<gc-start id="1097" type="scavenge" contextid="1096" timestamp="2026-09-06T14:26:25.273">
  <mem-info id="1098" free="145398296" total="268435456" percent="54">
    <mem type="nursery" free="0" total="67108864" percent="0">
      <mem type="allocate" free="0" total="56688640" percent="0" />
      <mem type="survivor" free="0" total="10420224" percent="0" />
    </mem>
    <mem type="tenure" free="145398296" total="201326592" percent="72">
      <mem type="soa" free="135331352" total="191259648" percent="70" />
      <mem type="loa" free="10066944" total="10066944" percent="100" />
    </mem>
    <remembered-set count="1787" />
  </mem-info>
</gc-start>
<allocation-stats totalBytes="53798904" discardedBytes="115688" >
  <allocated-bytes non-tlh="1184624" tlh="52614280" />
  <largest-consumer threadName="Execution worker Thread 6" threadId="0000000000FF3B00" bytes="18537112" />
</allocation-stats>
<gc-op id="1099" type="scavenge" timems="4.067" contextid="1096" timestamp="2026-09-06T14:26:25.277">
  <scavenger-info tenureage="14" tenuremask="4000" tiltratio="84" />
  <memory-copied type="nursery" objects="202916" bytes="9005696" bytesdiscarded="86640" />
  <memory-copied type="tenure" objects="61" bytes="1672" bytesdiscarded="0" />
  <finalization candidates="45" enqueued="1" />
  <ownableSynchronizers candidates="1205" cleared="758" />
  <references type="soft" candidates="19" cleared="0" enqueued="0" dynamicThreshold="24" maxThreshold="32" />
  <references type="weak" candidates="4573" cleared="463" enqueued="9" />
  <references type="phantom" candidates="3311" cleared="3073" enqueued="3073" />
  <object-monitors candidates="12" cleared="0"  />
</gc-op>
<gc-end id="1100" type="scavenge" contextid="1096" durationms="4.956" usertimems="21.765" systemtimems="1.050" stalltimems="6.218" timestamp="2026-09-06T14:26:25.278" activeThreads="7">
  <mem-info id="1101" free="187073800" total="268435456" percent="69">
    <mem type="nursery" free="41806832" total="67108864" percent="62">
      <mem type="allocate" free="41806832" total="50921472" percent="82" />
      <mem type="survivor" free="0" total="16187392" percent="0" />
    </mem>
    <mem type="tenure" free="145266968" total="201326592" percent="72" macro-fragmented="134217728">
      <mem type="soa" free="135200024" total="191259648" percent="70" />
      <mem type="loa" free="10066944" total="10066944" percent="100" />
    </mem>
    <pending-finalizers system="0" default="1" reference="3082" classloader="0" />
    <remembered-set count="1600" />
  </mem-info>
</gc-end>
<cycle-end id="1102" type="scavenge" contextid="1096" timestamp="2026-09-06T14:26:25.278" />
<allocation-satisfied id="1103" threadId="0000000000FF3B00" bytesRequested="24" />
<af-end id="1104" timestamp="2026-09-06T14:26:25.278" threadId="0000000000FF45C0" success="true" from="nursery"/>
<exclusive-end id="1105" timestamp="2026-09-06T14:26:25.278" durationms="6.199" />

<exclusive-start id="1106" timestamp="2026-09-06T14:26:34.173" intervalms="8901.036">
  <response-info timems="0.036" idlems="0.036" threads="0" lastid="0000000000954900" lastname="Execution worker Thread 9" />
</exclusive-start>
<af-start id="1107" threadId="00000000009553C0" totalBytesRequested="24" timestamp="2026-09-06T14:26:34.173" intervalms="8901.041" type="nursery" />
<cycle-start id="1108" type="scavenge" contextid="0" timestamp="2026-09-06T14:26:34.173" intervalms="8901.056" />
<gc-start id="1109" type="scavenge" contextid="1108" timestamp="2026-09-06T14:26:34.174">
  <mem-info id="1110" free="145264672" total="268435456" percent="54">
    <mem type="nursery" free="0" total="67108864" percent="0">
      <mem type="allocate" free="0" total="50921472" percent="0" />
      <mem type="survivor" free="0" total="16187392" percent="0" />
    </mem>
    <mem type="tenure" free="145264672" total="201326592" percent="72">
      <mem type="soa" free="135197728" total="191259648" percent="70" />
      <mem type="loa" free="10066944" total="10066944" percent="100" />
    </mem>
    <remembered-set count="1868" />
  </mem-info>
</gc-start>
<allocation-stats totalBytes="41720200" discardedBytes="88928" >
  <allocated-bytes non-tlh="914120" tlh="40806080" />
  <largest-consumer threadName="Daemon worker Thread 25" threadId="000000000057F100" bytes="13744576" />
</allocation-stats>
<gc-op id="1111" type="scavenge" timems="3.271" contextid="1108" timestamp="2026-09-06T14:26:34.177">
  <scavenger-info tenureage="12" tenuremask="5000" tiltratio="75" />
  <memory-copied type="nursery" objects="121096" bytes="4903576" bytesdiscarded="160376" />
  <memory-copied type="tenure" objects="1342" bytes="73264" bytesdiscarded="0" />
  <finalization candidates="45" enqueued="45" />
  <ownableSynchronizers candidates="1543" cleared="1099" />
  <references type="soft" candidates="14" cleared="0" enqueued="0" dynamicThreshold="24" maxThreshold="32" />
  <references type="weak" candidates="393" cleared="49" enqueued="14" />
  <references type="phantom" candidates="3059" cleared="3024" enqueued="3024" />
  <object-monitors candidates="14" cleared="2"  />
</gc-op>
<gc-end id="1112" type="scavenge" contextid="1108" durationms="3.747" usertimems="11.855" systemtimems="4.054" stalltimems="9.360" timestamp="2026-09-06T14:26:34.177" activeThreads="8">
  <mem-info id="1113" free="192265112" total="268435456" percent="71">
    <mem type="nursery" free="47021176" total="67108864" percent="70">
      <mem type="allocate" free="47021176" total="52101120" percent="90" />
      <mem type="survivor" free="0" total="15007744" percent="0" />
    </mem>
    <mem type="tenure" free="145243936" total="201326592" percent="72" macro-fragmented="100663296">
      <mem type="soa" free="135176992" total="191259648" percent="70" />
      <mem type="loa" free="10066944" total="10066944" percent="100" />
    </mem>
    <pending-finalizers system="0" default="45" reference="3038" classloader="0" />
    <remembered-set count="1579" />
  </mem-info>
</gc-end>
<cycle-end id="1114" type="scavenge" contextid="1108" timestamp="2026-09-06T14:26:34.178" />
<allocation-satisfied id="1115" threadId="0000000000954900" bytesRequested="24" />
<af-end id="1116" timestamp="2026-09-06T14:26:34.178" threadId="00000000009553C0" success="true" from="nursery"/>
<exclusive-end id="1117" timestamp="2026-09-06T14:26:34.178" durationms="4.654" />

<exclusive-start id="1118" timestamp="2026-09-06T14:26:43.046" intervalms="8873.435">
  <response-info timems="0.053" idlems="0.033" threads="1" lastid="000000000057F100" lastname="Daemon worker Thread 25" />
</exclusive-start>
<af-start id="1119" threadId="0000000000FF5CC0" totalBytesRequested="24" timestamp="2026-09-06T14:26:43.047" intervalms="8873.672" type="nursery" />
<cycle-start id="1120" type="scavenge" contextid="0" timestamp="2026-09-06T14:26:43.047" intervalms="8873.667" />
<gc-start id="1121" type="scavenge" contextid="1120" timestamp="2026-09-06T14:26:43.047">
  <mem-info id="1122" free="145240680" total="268435456" percent="54">
    <mem type="nursery" free="0" total="67108864" percent="0">
      <mem type="allocate" free="0" total="52101120" percent="0" />
      <mem type="survivor" free="0" total="15007744" percent="0" />
    </mem>
    <mem type="tenure" free="145240680" total="201326592" percent="72">
      <mem type="soa" free="135173736" total="191259648" percent="70" />
      <mem type="loa" free="10066944" total="10066944" percent="100" />
    </mem>
    <remembered-set count="1860" />
  </mem-info>
</gc-start>
<allocation-stats totalBytes="46950624" discardedBytes="73808" >
  <allocated-bytes non-tlh="856968" tlh="46093656" />
  <largest-consumer threadName="Daemon worker Thread 25" threadId="000000000057F100" bytes="8083512" />
</allocation-stats>
<gc-op id="1123" type="scavenge" timems="3.443" contextid="1120" timestamp="2026-09-06T14:26:43.051">
  <scavenger-info tenureage="14" tenuremask="4000" tiltratio="77" />
  <memory-copied type="nursery" objects="80575" bytes="3421208" bytesdiscarded="61096" />
  <memory-copied type="tenure" objects="193" bytes="17984" bytesdiscarded="0" />
  <finalization candidates="44" enqueued="44" />
  <ownableSynchronizers candidates="1368" cleared="892" />
  <references type="soft" candidates="12" cleared="0" enqueued="0" dynamicThreshold="24" maxThreshold="32" />
  <references type="weak" candidates="260" cleared="121" enqueued="85" />
  <references type="phantom" candidates="218" cleared="209" enqueued="209" />
  <object-monitors candidates="13" cleared="2"  />
</gc-op>
<gc-end id="1124" type="scavenge" contextid="1120" durationms="3.808" usertimems="8.869" systemtimems="0.000" stalltimems="14.067" timestamp="2026-09-06T14:26:43.051" activeThreads="8">
  <mem-info id="1125" free="195615952" total="268435456" percent="72">
    <mem type="nursery" free="50506600" total="67108864" percent="75">
      <mem type="allocate" free="50506600" total="54001664" percent="93" />
      <mem type="survivor" free="0" total="13107200" percent="0" />
    </mem>
    <mem type="tenure" free="145109352" total="201326592" percent="72" macro-fragmented="134217728">
      <mem type="soa" free="135042408" total="191259648" percent="70" />
      <mem type="loa" free="10066944" total="10066944" percent="100" />
    </mem>
    <pending-finalizers system="0" default="44" reference="294" classloader="0" />
    <remembered-set count="1526" />
  </mem-info>
</gc-end>
<cycle-end id="1126" type="scavenge" contextid="1120" timestamp="2026-09-06T14:26:43.051" />
<allocation-satisfied id="1127" threadId="0000000000FF5200" bytesRequested="24" />
<af-end id="1128" timestamp="2026-09-06T14:26:43.051" threadId="0000000000FF5CC0" success="true" from="nursery"/>
<exclusive-end id="1129" timestamp="2026-09-06T14:26:43.051" durationms="4.866" />

<exclusive-start id="1130" timestamp="2026-09-06T14:26:43.295" intervalms="249.239">
  <response-info timems="0.035" idlems="0.035" threads="0" lastid="0000000000554E00" lastname="Execution worker Thread 9" />
</exclusive-start>
<af-start id="1131" threadId="00000000005558C0" totalBytesRequested="24" timestamp="2026-09-06T14:26:43.296" intervalms="249.010" type="nursery" />
<cycle-start id="1132" type="scavenge" contextid="0" timestamp="2026-09-06T14:26:43.296" intervalms="249.002" />
<gc-start id="1133" type="scavenge" contextid="1132" timestamp="2026-09-06T14:26:43.296">
  <mem-info id="1134" free="145103800" total="268435456" percent="54">
    <mem type="nursery" free="0" total="67108864" percent="0">
      <mem type="allocate" free="0" total="54001664" percent="0" />
      <mem type="survivor" free="0" total="13107200" percent="0" />
    </mem>
    <mem type="tenure" free="145103800" total="201326592" percent="72">
      <mem type="soa" free="135036856" total="191259648" percent="70" />
      <mem type="loa" free="10066944" total="10066944" percent="100" />
    </mem>
    <remembered-set count="1807" />
  </mem-info>
</gc-start>
<allocation-stats totalBytes="50404104" discardedBytes="108048" >
  <allocated-bytes non-tlh="1180544" tlh="49223560" />
  <largest-consumer threadName="Execution worker Thread 9" threadId="0000000000554E00" bytes="20425960" />
</allocation-stats>
<gc-op id="1135" type="scavenge" timems="4.071" contextid="1132" timestamp="2026-09-06T14:26:43.301">
  <scavenger-info tenureage="11" tenuremask="4800" tiltratio="80" />
  <memory-copied type="nursery" objects="204777" bytes="9069264" bytesdiscarded="140072" />
  <memory-copied type="tenure" objects="8886" bytes="282008" bytesdiscarded="120" />
  <finalization candidates="45" enqueued="1" />
  <ownableSynchronizers candidates="1089" cleared="643" />
  <references type="soft" candidates="7" cleared="0" enqueued="0" dynamicThreshold="24" maxThreshold="32" />
  <references type="weak" candidates="5734" cleared="902" enqueued="9" />
  <references type="phantom" candidates="3309" cleared="3073" enqueued="3073" />
  <object-monitors candidates="12" cleared="0"  />
</gc-op>
<gc-end id="1136" type="scavenge" contextid="1132" durationms="4.794" usertimems="22.874" systemtimems="0.743" stalltimems="4.322" timestamp="2026-09-06T14:26:43.301" activeThreads="7">
  <mem-info id="1137" free="186503600" total="268435456" percent="69">
    <mem type="nursery" free="41822968" total="67108864" percent="62">
      <mem type="allocate" free="41822968" total="51052544" percent="81" />
      <mem type="survivor" free="0" total="16056320" percent="0" />
    </mem>
    <mem type="tenure" free="144680632" total="201326592" percent="71" macro-fragmented="0">
      <mem type="soa" free="134613688" total="191259648" percent="70" />
      <mem type="loa" free="10066944" total="10066944" percent="100" />
    </mem>
    <pending-finalizers system="0" default="1" reference="3082" classloader="0" />
    <remembered-set count="1205" />
  </mem-info>
</gc-end>
<cycle-end id="1138" type="scavenge" contextid="1132" timestamp="2026-09-06T14:26:43.301" />
<allocation-satisfied id="1139" threadId="0000000000554E00" bytesRequested="24" />
<af-end id="1140" timestamp="2026-09-06T14:26:43.302" threadId="00000000005558C0" success="true" from="nursery"/>
<exclusive-end id="1141" timestamp="2026-09-06T14:26:43.302" durationms="6.087" />

<exclusive-start id="1142" timestamp="2026-09-06T14:26:52.215" intervalms="8919.994">
  <response-info timems="0.029" idlems="0.029" threads="0" lastid="000000000124E400" lastname="Execution worker Thread 7" />
</exclusive-start>
<af-start id="1143" threadId="000000000124EEC0" totalBytesRequested="448" timestamp="2026-09-06T14:26:52.216" intervalms="8919.978" type="nursery" />
<cycle-start id="1144" type="scavenge" contextid="0" timestamp="2026-09-06T14:26:52.216" intervalms="8919.980" />
<gc-start id="1145" type="scavenge" contextid="1144" timestamp="2026-09-06T14:26:52.216">
  <mem-info id="1146" free="144678336" total="268435456" percent="53">
    <mem type="nursery" free="0" total="67108864" percent="0">
      <mem type="allocate" free="0" total="51052544" percent="0" />
      <mem type="survivor" free="0" total="16056320" percent="0" />
    </mem>
    <mem type="tenure" free="144678336" total="201326592" percent="71">
      <mem type="soa" free="134611392" total="191259648" percent="70" />
      <mem type="loa" free="10066944" total="10066944" percent="100" />
    </mem>
    <remembered-set count="1430" />
  </mem-info>
</gc-start>
<allocation-stats totalBytes="41713632" discardedBytes="111632" >
  <allocated-bytes non-tlh="992328" tlh="40721304" />
  <largest-consumer threadName="Daemon worker Thread 25" threadId="000000000057F100" bytes="13577048" />
</allocation-stats>
<gc-op id="1147" type="scavenge" timems="2.636" contextid="1144" timestamp="2026-09-06T14:26:52.219">
  <scavenger-info tenureage="10" tenuremask="4c00" tiltratio="76" />
  <memory-copied type="nursery" objects="112296" bytes="4603256" bytesdiscarded="234712" />
  <memory-copied type="tenure" objects="2856" bytes="140296" bytesdiscarded="0" />
  <finalization candidates="45" enqueued="45" />
  <ownableSynchronizers candidates="1529" cleared="1099" />
  <references type="soft" candidates="2" cleared="0" enqueued="0" dynamicThreshold="24" maxThreshold="32" />
  <references type="weak" candidates="331" cleared="49" enqueued="14" />
  <references type="phantom" candidates="3054" cleared="3024" enqueued="3024" />
  <object-monitors candidates="14" cleared="2"  />
</gc-op>
<gc-end id="1148" type="scavenge" contextid="1144" durationms="3.309" usertimems="14.752" systemtimems="0.855" stalltimems="8.057" timestamp="2026-09-06T14:26:52.220" activeThreads="9">
  <mem-info id="1149" free="191840040" total="268435456" percent="71">
    <mem type="nursery" free="47313768" total="67108864" percent="70">
      <mem type="allocate" free="47313768" total="52166656" percent="90" />
      <mem type="survivor" free="0" total="14942208" percent="0" />
    </mem>
    <mem type="tenure" free="144526272" total="201326592" percent="71" macro-fragmented="134217728">
      <mem type="soa" free="134459328" total="191259648" percent="70" />
      <mem type="loa" free="10066944" total="10066944" percent="100" />
    </mem>
    <pending-finalizers system="0" default="45" reference="3038" classloader="0" />
    <remembered-set count="1157" />
  </mem-info>
</gc-end>
<cycle-end id="1150" type="scavenge" contextid="1144" timestamp="2026-09-06T14:26:52.220" />
<allocation-satisfied id="1151" threadId="000000000124E400" bytesRequested="448" />
<af-end id="1152" timestamp="2026-09-06T14:26:52.220" threadId="000000000124EEC0" success="true" from="nursery"/>
<exclusive-end id="1153" timestamp="2026-09-06T14:26:52.220" durationms="4.487" />

<exclusive-start id="1154" timestamp="2026-09-06T14:27:01.071" intervalms="8855.470">
  <response-info timems="0.060" idlems="0.060" threads="0" lastid="0000000000FF2E00" lastname="Build operations Thread 7" />
</exclusive-start>
<af-start id="1155" threadId="0000000000FF38C0" totalBytesRequested="4104" timestamp="2026-09-06T14:27:01.074" intervalms="8858.079" type="nursery" />
<cycle-start id="1156" type="scavenge" contextid="0" timestamp="2026-09-06T14:27:01.074" intervalms="8858.122" />
<gc-start id="1157" type="scavenge" contextid="1156" timestamp="2026-09-06T14:27:01.074">
  <mem-info id="1158" free="144521208" total="268435456" percent="53">
    <mem type="nursery" free="0" total="67108864" percent="0">
      <mem type="allocate" free="0" total="52166656" percent="0" />
      <mem type="survivor" free="0" total="14942208" percent="0" />
    </mem>
    <mem type="tenure" free="144521208" total="201326592" percent="71">
      <mem type="soa" free="134454264" total="191259648" percent="70" />
      <mem type="loa" free="10066944" total="10066944" percent="100" />
    </mem>
    <remembered-set count="1403" />
  </mem-info>
</gc-start>
<allocation-stats totalBytes="47208616" discardedBytes="110216" >
  <allocated-bytes non-tlh="773256" tlh="46435360" />
  <largest-consumer threadName="Daemon worker Thread 25" threadId="000000000057F100" bytes="8375920" />
</allocation-stats>
<gc-op id="1159" type="scavenge" timems="3.686" contextid="1156" timestamp="2026-09-06T14:27:01.078">
  <scavenger-info tenureage="14" tenuremask="4000" tiltratio="77" />
  <memory-copied type="nursery" objects="72373" bytes="3177464" bytesdiscarded="99280" />
  <finalization candidates="44" enqueued="44" />
  <ownableSynchronizers candidates="1358" cleared="971" />
  <references type="weak" candidates="267" cleared="121" enqueued="85" />
  <references type="phantom" candidates="218" cleared="209" enqueued="209" />
  <object-monitors candidates="13" cleared="2"  />
</gc-op>
<gc-end id="1160" type="scavenge" contextid="1156" durationms="4.726" usertimems="8.921" systemtimems="3.150" stalltimems="8.456" timestamp="2026-09-06T14:27:01.079" activeThreads="9">
  <mem-info id="1161" free="195365360" total="268435456" percent="72">
    <mem type="nursery" free="50844152" total="67108864" percent="75">
      <mem type="allocate" free="50844152" total="54132736" percent="93" />
      <mem type="survivor" free="0" total="12976128" percent="0" />
    </mem>
    <mem type="tenure" free="144521208" total="201326592" percent="71" macro-fragmented="134217728">
      <mem type="soa" free="134454264" total="191259648" percent="70" />
      <mem type="loa" free="10066944" total="10066944" percent="100" />
    </mem>
    <pending-finalizers system="0" default="44" reference="294" classloader="0" />
    <remembered-set count="1144" />
  </mem-info>
</gc-end>
<cycle-end id="1162" type="scavenge" contextid="1156" timestamp="2026-09-06T14:27:01.079" />
<allocation-satisfied id="1163" threadId="0000000000FF2E00" bytesRequested="4104" />
<af-end id="1164" timestamp="2026-09-06T14:27:01.079" threadId="0000000000FF38C0" success="true" from="nursery"/>
<exclusive-end id="1165" timestamp="2026-09-06T14:27:01.079" durationms="8.523" />

<exclusive-start id="1166" timestamp="2026-09-06T14:27:01.357" intervalms="286.435">
  <response-info timems="0.037" idlems="0.037" threads="0" lastid="0000000000580D00" lastname="Execution worker Thread 3" />
</exclusive-start>
<af-start id="1167" threadId="00000000005817C0" totalBytesRequested="5280" timestamp="2026-09-06T14:27:01.357" intervalms="283.834" type="nursery" />
<cycle-start id="1168" type="scavenge" contextid="0" timestamp="2026-09-06T14:27:01.358" intervalms="283.853" />
<gc-start id="1169" type="scavenge" contextid="1168" timestamp="2026-09-06T14:27:01.359">
  <mem-info id="1170" free="144515656" total="268435456" percent="53">
    <mem type="nursery" free="0" total="67108864" percent="0">
      <mem type="allocate" free="0" total="54132736" percent="0" />
      <mem type="survivor" free="0" total="12976128" percent="0" />
    </mem>
    <mem type="tenure" free="144515656" total="201326592" percent="71">
      <mem type="soa" free="134448712" total="191259648" percent="70" />
      <mem type="loa" free="10066944" total="10066944" percent="100" />
    </mem>
    <remembered-set count="1396" />
  </mem-info>
</gc-start>
<allocation-stats totalBytes="50758432" discardedBytes="91272" >
  <allocated-bytes non-tlh="939456" tlh="49818976" />
  <largest-consumer threadName="Execution worker Thread 3" threadId="0000000000580D00" bytes="22580824" />
</allocation-stats>
<gc-op id="1171" type="scavenge" timems="7.159" contextid="1168" timestamp="2026-09-06T14:27:01.367">
  <scavenger-info tenureage="14" tenuremask="4000" tiltratio="80" />
  <memory-copied type="nursery" objects="214070" bytes="9417328" bytesdiscarded="259408" />
  <finalization candidates="45" enqueued="1" />
  <ownableSynchronizers candidates="1000" cleared="566" />
  <references type="soft" candidates="48" cleared="0" enqueued="0" dynamicThreshold="24" maxThreshold="32" />
  <references type="weak" candidates="6923" cleared="1206" enqueued="9" />
  <references type="phantom" candidates="3310" cleared="3073" enqueued="3073" />
  <object-monitors candidates="12" cleared="0"  />
</gc-op>
<gc-end id="1172" type="scavenge" contextid="1168" durationms="8.922" usertimems="30.371" systemtimems="0.669" stalltimems="34.187" timestamp="2026-09-06T14:27:01.368" activeThreads="10">
  <mem-info id="1173" free="185018424" total="268435456" percent="68">
    <mem type="nursery" free="40502768" total="67108864" percent="60">
      <mem type="allocate" free="40502768" total="50200576" percent="80" />
      <mem type="survivor" free="0" total="16908288" percent="0" />
    </mem>
    <mem type="tenure" free="144515656" total="201326592" percent="71" macro-fragmented="134217728">
      <mem type="soa" free="134448712" total="191259648" percent="70" />
      <mem type="loa" free="10066944" total="10066944" percent="100" />
    </mem>
    <pending-finalizers system="0" default="1" reference="3082" classloader="0" />
    <remembered-set count="1232" />
  </mem-info>
</gc-end>
<cycle-end id="1174" type="scavenge" contextid="1168" timestamp="2026-09-06T14:27:01.370" />
<allocation-satisfied id="1175" threadId="0000000000580D00" bytesRequested="5280" />
<af-end id="1176" timestamp="2026-09-06T14:27:01.370" threadId="00000000005817C0" success="true" from="nursery"/>
<exclusive-end id="1177" timestamp="2026-09-06T14:27:01.370" durationms="12.884" />

<exclusive-start id="1178" timestamp="2026-09-06T14:27:19.259" intervalms="17901.674">
  <response-info timems="0.035" idlems="0.035" threads="0" lastid="000000000124E400" lastname="Execution worker Thread 2" />
</exclusive-start>
<af-start id="1179" threadId="000000000124EEC0" totalBytesRequested="1032" timestamp="2026-09-06T14:27:19.259" intervalms="17901.821" type="nursery" />
<cycle-start id="1180" type="scavenge" contextid="0" timestamp="2026-09-06T14:27:19.260" intervalms="17901.770" />
<gc-start id="1181" type="scavenge" contextid="1180" timestamp="2026-09-06T14:27:19.260">
  <mem-info id="1182" free="144513360" total="268435456" percent="53">
    <mem type="nursery" free="0" total="67108864" percent="0">
      <mem type="allocate" free="0" total="50200576" percent="0" />
      <mem type="survivor" free="0" total="16908288" percent="0" />
    </mem>
    <mem type="tenure" free="144513360" total="201326592" percent="71">
      <mem type="soa" free="134446416" total="191259648" percent="70" />
      <mem type="loa" free="10066944" total="10066944" percent="100" />
    </mem>
    <remembered-set count="1466" />
  </mem-info>
</gc-start>
<allocation-stats totalBytes="40387120" discardedBytes="117944" >
  <allocated-bytes non-tlh="919376" tlh="39467744" />
  <largest-consumer threadName="Daemon worker Thread 25" threadId="000000000057F100" bytes="14314160" />
</allocation-stats>
<gc-op id="1183" type="scavenge" timems="3.146" contextid="1180" timestamp="2026-09-06T14:27:19.263">
  <scavenger-info tenureage="14" tenuremask="4000" tiltratio="74" />
  <memory-copied type="nursery" objects="117531" bytes="4903672" bytesdiscarded="312256" />
  <finalization candidates="45" enqueued="45" />
  <ownableSynchronizers candidates="1535" cleared="1101" />
  <references type="soft" candidates="2" cleared="0" enqueued="0" dynamicThreshold="24" maxThreshold="32" />
  <references type="weak" candidates="347" cleared="49" enqueued="14" />
  <references type="phantom" candidates="3054" cleared="3024" enqueued="3024" />
  <object-monitors candidates="14" cleared="2"  />
</gc-op>
<gc-end id="1184" type="scavenge" contextid="1180" durationms="4.059" usertimems="16.018" systemtimems="0.383" stalltimems="6.634" timestamp="2026-09-06T14:27:19.264" activeThreads="9">
  <mem-info id="1185" free="190728176" total="268435456" percent="71">
    <mem type="nursery" free="46214816" total="67108864" percent="68">
      <mem type="allocate" free="46214816" total="51445760" percent="89" />
      <mem type="survivor" free="0" total="15663104" percent="0" />
    </mem>
    <mem type="tenure" free="144513360" total="201326592" percent="71" macro-fragmented="83886080">
      <mem type="soa" free="134446416" total="191259648" percent="70" />
      <mem type="loa" free="10066944" total="10066944" percent="100" />
    </mem>
    <pending-finalizers system="0" default="45" reference="3038" classloader="0" />
    <remembered-set count="1177" />
  </mem-info>
</gc-end>
<cycle-end id="1186" type="scavenge" contextid="1180" timestamp="2026-09-06T14:27:19.264" />
<allocation-satisfied id="1187" threadId="000000000124E400" bytesRequested="1032" />
<af-end id="1188" timestamp="2026-09-06T14:27:19.264" threadId="000000000124EEC0" success="true" from="nursery"/>
<exclusive-end id="1189" timestamp="2026-09-06T14:27:19.264" durationms="4.974" />

<exclusive-start id="1190" timestamp="2026-09-06T14:27:28.099" intervalms="8839.891">
  <response-info timems="0.049" idlems="0.049" threads="0" lastid="00000000006BF600" lastname="Cache worker for journal cache (/gradle/caches/journal-1)" />
</exclusive-start>
<af-start id="1191" threadId="00000000006C00C0" totalBytesRequested="4104" timestamp="2026-09-06T14:27:28.099" intervalms="8839.981" type="nursery" />
<cycle-start id="1192" type="scavenge" contextid="0" timestamp="2026-09-06T14:27:28.100" intervalms="8839.992" />
<gc-start id="1193" type="scavenge" contextid="1192" timestamp="2026-09-06T14:27:28.100">
  <mem-info id="1194" free="144509744" total="268435456" percent="53">
    <mem type="nursery" free="0" total="67108864" percent="0">
      <mem type="allocate" free="0" total="51445760" percent="0" />
      <mem type="survivor" free="0" total="15663104" percent="0" />
    </mem>
    <mem type="tenure" free="144509744" total="201326592" percent="71">
      <mem type="soa" free="134442800" total="191259648" percent="70" />
      <mem type="loa" free="10066944" total="10066944" percent="100" />
    </mem>
    <remembered-set count="1400" />
  </mem-info>
</gc-start>
<allocation-stats totalBytes="46110872" discardedBytes="107560" >
  <allocated-bytes non-tlh="895272" tlh="45215600" />
  <largest-consumer threadName="Daemon worker Thread 25" threadId="000000000057F100" bytes="8293816" />
</allocation-stats>
<gc-op id="1195" type="scavenge" timems="4.578" contextid="1192" timestamp="2026-09-06T14:27:28.105">
  <scavenger-info tenureage="12" tenuremask="5000" tiltratio="76" />
  <memory-copied type="nursery" objects="73834" bytes="3245448" bytesdiscarded="194248" />
  <memory-copied type="tenure" objects="1296" bytes="66304" bytesdiscarded="48" />
  <finalization candidates="47" enqueued="47" />
  <ownableSynchronizers candidates="1370" cleared="960" />
  <references type="weak" candidates="272" cleared="121" enqueued="85" />
  <references type="phantom" candidates="218" cleared="209" enqueued="209" />
  <object-monitors candidates="13" cleared="2"  />
</gc-op>
<gc-end id="1196" type="scavenge" contextid="1192" durationms="4.838" usertimems="9.993" systemtimems="1.316" stalltimems="12.078" timestamp="2026-09-06T14:27:28.105" activeThreads="10">
  <mem-info id="1197" free="194281072" total="268435456" percent="72">
    <mem type="nursery" free="49960256" total="67108864" percent="74">
      <mem type="allocate" free="49960256" total="53411840" percent="93" />
      <mem type="survivor" free="0" total="13697024" percent="0" />
    </mem>
    <mem type="tenure" free="144320816" total="201326592" percent="71" macro-fragmented="100663296">
      <mem type="soa" free="134253872" total="191259648" percent="70" />
      <mem type="loa" free="10066944" total="10066944" percent="100" />
    </mem>
    <pending-finalizers system="3" default="44" reference="294" classloader="0" />
    <remembered-set count="1134" />
  </mem-info>
</gc-end>
<cycle-end id="1198" type="scavenge" contextid="1192" timestamp="2026-09-06T14:27:28.105" />
<allocation-satisfied id="1199" threadId="00000000006BF600" bytesRequested="4104" />
<af-end id="1200" timestamp="2026-09-06T14:27:28.105" threadId="00000000006C00C0" success="true" from="nursery"/>
<exclusive-end id="1201" timestamp="2026-09-06T14:27:28.105" durationms="5.927" />

<exclusive-start id="1202" timestamp="2026-09-06T14:27:28.347" intervalms="247.918">
  <response-info timems="0.019" idlems="0.019" threads="0" lastid="0000000000B42D00" lastname="Execution worker Thread 5" />
</exclusive-start>
<af-start id="1203" threadId="0000000000B437C0" totalBytesRequested="992" timestamp="2026-09-06T14:27:28.347" intervalms="247.759" type="nursery" />
<cycle-start id="1204" type="scavenge" contextid="0" timestamp="2026-09-06T14:27:28.347" intervalms="247.730" />
<gc-start id="1205" type="scavenge" contextid="1204" timestamp="2026-09-06T14:27:28.348">
  <mem-info id="1206" free="144313456" total="268435456" percent="53">
    <mem type="nursery" free="0" total="67108864" percent="0">
      <mem type="allocate" free="0" total="53411840" percent="0" />
      <mem type="survivor" free="0" total="13697024" percent="0" />
    </mem>
    <mem type="tenure" free="144313456" total="201326592" percent="71">
      <mem type="soa" free="134246512" total="191259648" percent="70" />
      <mem type="loa" free="10066944" total="10066944" percent="100" />
    </mem>
    <remembered-set count="1409" />
  </mem-info>
</gc-start>
<allocation-stats totalBytes="49869904" discardedBytes="97712" >
  <allocated-bytes non-tlh="1124904" tlh="48745000" />
  <largest-consumer threadName="Execution worker Thread 5" threadId="0000000000B42D00" bytes="21062560" />
</allocation-stats>
<gc-op id="1207" type="scavenge" timems="5.242" contextid="1204" timestamp="2026-09-06T14:27:28.353">
  <scavenger-info tenureage="14" tenuremask="4000" tiltratio="79" />
  <memory-copied type="nursery" objects="209094" bytes="9260920" bytesdiscarded="167504" />
  <memory-copied type="tenure" objects="36" bytes="1128" bytesdiscarded="0" />
  <finalization candidates="45" enqueued="1" />
  <ownableSynchronizers candidates="1018" cleared="577" />
  <references type="soft" candidates="22" cleared="0" enqueued="0" dynamicThreshold="24" maxThreshold="32" />
  <references type="weak" candidates="6059" cleared="1033" enqueued="9" />
  <references type="phantom" candidates="3310" cleared="3073" enqueued="3073" />
  <object-monitors candidates="12" cleared="0"  />
</gc-op>
<gc-end id="1208" type="scavenge" contextid="1204" durationms="5.536" usertimems="22.275" systemtimems="3.471" stalltimems="22.127" timestamp="2026-09-06T14:27:28.353" activeThreads="10">
  <mem-info id="1209" free="185130120" total="268435456" percent="68">
    <mem type="nursery" free="40947992" total="67108864" percent="61">
      <mem type="allocate" free="40947992" total="50397184" percent="81" />
      <mem type="survivor" free="0" total="16711680" percent="0" />
    </mem>
    <mem type="tenure" free="144182128" total="201326592" percent="71" macro-fragmented="33554432">
      <mem type="soa" free="134115184" total="191259648" percent="70" />
      <mem type="loa" free="10066944" total="10066944" percent="100" />
    </mem>
    <pending-finalizers system="0" default="1" reference="3082" classloader="0" />
    <remembered-set count="1243" />
  </mem-info>
</gc-end>
<cycle-end id="1210" type="scavenge" contextid="1204" timestamp="2026-09-06T14:27:28.353" />
<allocation-satisfied id="1211" threadId="0000000000B42D00" bytesRequested="992" />
<af-end id="1212" timestamp="2026-09-06T14:27:28.354" threadId="0000000000B437C0" success="true" from="nursery"/>
<exclusive-end id="1213" timestamp="2026-09-06T14:27:28.354" durationms="6.483" />

<exclusive-start id="1214" timestamp="2026-09-06T14:27:37.260" intervalms="8913.165">
  <response-info timems="0.033" idlems="0.033" threads="0" lastid="0000000001020A00" lastname="ForkJoinPool.commonPool-worker-99" />
</exclusive-start>
<af-start id="1215" threadId="00000000010214C0" totalBytesRequested="24" timestamp="2026-09-06T14:27:37.260" intervalms="8913.075" type="nursery" />
<cycle-start id="1216" type="scavenge" contextid="0" timestamp="2026-09-06T14:27:37.260" intervalms="8913.082" />
<gc-start id="1217" type="scavenge" contextid="1216" timestamp="2026-09-06T14:27:37.261">
  <mem-info id="1218" free="144179832" total="268435456" percent="53">
    <mem type="nursery" free="0" total="67108864" percent="0">
      <mem type="allocate" free="0" total="50397184" percent="0" />
      <mem type="survivor" free="0" total="16711680" percent="0" />
    </mem>
    <mem type="tenure" free="144179832" total="201326592" percent="71">
      <mem type="soa" free="134112888" total="191259648" percent="70" />
      <mem type="loa" free="10066944" total="10066944" percent="100" />
    </mem>
    <remembered-set count="1420" />
  </mem-info>
</gc-start>
<allocation-stats totalBytes="40861368" discardedBytes="88920" >
  <allocated-bytes non-tlh="1017872" tlh="39843496" />
  <largest-consumer threadName="Daemon worker Thread 25" threadId="000000000057F100" bytes="13700088" />
</allocation-stats>
<gc-op id="1219" type="scavenge" timems="3.842" contextid="1216" timestamp="2026-09-06T14:27:37.265">
  <scavenger-info tenureage="11" tenuremask="4800" tiltratio="75" />
  <memory-copied type="nursery" objects="115340" bytes="4739240" bytesdiscarded="130488" />
  <memory-copied type="tenure" objects="1331" bytes="67488" bytesdiscarded="168" />
  <finalization candidates="45" enqueued="45" />
  <ownableSynchronizers candidates="1539" cleared="1099" />
  <references type="soft" candidates="2" cleared="0" enqueued="0" dynamicThreshold="24" maxThreshold="32" />
  <references type="weak" candidates="339" cleared="49" enqueued="14" />
  <references type="phantom" candidates="3054" cleared="3024" enqueued="3024" />
  <object-monitors candidates="14" cleared="2"  />
</gc-op>
<gc-end id="1220" type="scavenge" contextid="1216" durationms="4.166" usertimems="17.009" systemtimems="0.594" stalltimems="17.389" timestamp="2026-09-06T14:27:37.265" activeThreads="10">
  <mem-info id="1221" free="190674800" total="268435456" percent="71">
    <mem type="nursery" free="46757624" total="67108864" percent="69">
      <mem type="allocate" free="46757624" total="51642368" percent="90" />
      <mem type="survivor" free="0" total="15466496" percent="0" />
    </mem>
    <mem type="tenure" free="143917176" total="201326592" percent="71" macro-fragmented="67108864">
      <mem type="soa" free="133850232" total="191259648" percent="69" />
      <mem type="loa" free="10066944" total="10066944" percent="100" />
    </mem>
    <pending-finalizers system="0" default="45" reference="3038" classloader="0" />
    <remembered-set count="1230" />
  </mem-info>
</gc-end>
<cycle-end id="1222" type="scavenge" contextid="1216" timestamp="2026-09-06T14:27:37.265" />
<allocation-satisfied id="1223" threadId="0000000001020A00" bytesRequested="24" />
<af-end id="1224" timestamp="2026-09-06T14:27:37.265" threadId="00000000010214C0" success="true" from="nursery"/>
<exclusive-end id="1225" timestamp="2026-09-06T14:27:37.265" durationms="5.132" />

<exclusive-start id="1226" timestamp="2026-09-06T14:27:46.119" intervalms="8859.200">
  <response-info timems="0.027" idlems="0.027" threads="0" lastid="00000000006BF600" lastname="Cache worker for journal cache (/gradle/caches/journal-1)" />
</exclusive-start>
<af-start id="1227" threadId="00000000006C00C0" totalBytesRequested="4104" timestamp="2026-09-06T14:27:46.122" intervalms="8861.314" type="nursery" />
<cycle-start id="1228" type="scavenge" contextid="0" timestamp="2026-09-06T14:27:46.122" intervalms="8861.352" />
<gc-start id="1229" type="scavenge" contextid="1228" timestamp="2026-09-06T14:27:46.122">
  <mem-info id="1230" free="143913920" total="268435456" percent="53">
    <mem type="nursery" free="0" total="67108864" percent="0">
      <mem type="allocate" free="0" total="51642368" percent="0" />
      <mem type="survivor" free="0" total="15466496" percent="0" />
    </mem>
    <mem type="tenure" free="143913920" total="201326592" percent="71">
      <mem type="soa" free="133846976" total="191259648" percent="69" />
      <mem type="loa" free="10066944" total="10066944" percent="100" />
    </mem>
    <remembered-set count="1437" />
  </mem-info>
</gc-start>
<allocation-stats totalBytes="46664344" discardedBytes="96536" >
  <allocated-bytes non-tlh="902104" tlh="45762240" />
  <largest-consumer threadName="Daemon worker Thread 25" threadId="000000000057F100" bytes="8280856" />
</allocation-stats>
<gc-op id="1231" type="scavenge" timems="2.433" contextid="1228" timestamp="2026-09-06T14:27:46.125">
  <scavenger-info tenureage="11" tenuremask="4800" tiltratio="76" />
  <memory-copied type="nursery" objects="73778" bytes="3246832" bytesdiscarded="346376" />
  <memory-copied type="tenure" objects="1358" bytes="68344" bytesdiscarded="0" />
  <finalization candidates="44" enqueued="44" />
  <ownableSynchronizers candidates="1370" cleared="942" />
  <references type="weak" candidates="271" cleared="121" enqueued="85" />
  <references type="phantom" candidates="218" cleared="209" enqueued="209" />
  <object-monitors candidates="14" cleared="3"  />
</gc-op>
<gc-end id="1232" type="scavenge" contextid="1228" durationms="3.244" usertimems="10.984" systemtimems="1.421" stalltimems="11.040" timestamp="2026-09-06T14:27:46.125" activeThreads="10">
  <mem-info id="1233" free="193982808" total="268435456" percent="72">
    <mem type="nursery" free="50068888" total="67108864" percent="74">
      <mem type="allocate" free="50068888" total="53673984" percent="93" />
      <mem type="survivor" free="0" total="13434880" percent="0" />
    </mem>
    <mem type="tenure" free="143913920" total="201326592" percent="71" macro-fragmented="67108864">
      <mem type="soa" free="133846976" total="191259648" percent="69" />
      <mem type="loa" free="10066944" total="10066944" percent="100" />
    </mem>
    <pending-finalizers system="0" default="44" reference="294" classloader="0" />
    <remembered-set count="1133" />
  </mem-info>
</gc-end>
<cycle-end id="1234" type="scavenge" contextid="1228" timestamp="2026-09-06T14:27:46.126" />
<allocation-satisfied id="1235" threadId="00000000006BF600" bytesRequested="4104" />
<af-end id="1236" timestamp="2026-09-06T14:27:46.126" threadId="00000000006C00C0" success="true" from="nursery"/>
<exclusive-end id="1237" timestamp="2026-09-06T14:27:46.126" durationms="6.342" />

<exclusive-start id="1238" timestamp="2026-09-06T14:27:46.350" intervalms="230.777">
  <response-info timems="0.029" idlems="0.029" threads="0" lastid="000000000124D700" lastname="Execution worker Thread 2" />
</exclusive-start>
<af-start id="1239" threadId="000000000124E1C0" totalBytesRequested="64" timestamp="2026-09-06T14:27:46.350" intervalms="228.661" type="nursery" />
<cycle-start id="1240" type="scavenge" contextid="0" timestamp="2026-09-06T14:27:46.350" intervalms="228.619" />
<gc-start id="1241" type="scavenge" contextid="1240" timestamp="2026-09-06T14:27:46.351">
  <mem-info id="1242" free="143908368" total="268435456" percent="53">
    <mem type="nursery" free="0" total="67108864" percent="0">
      <mem type="allocate" free="0" total="53673984" percent="0" />
      <mem type="survivor" free="0" total="13434880" percent="0" />
    </mem>
    <mem type="tenure" free="143908368" total="201326592" percent="71">
      <mem type="soa" free="133841424" total="191259648" percent="69" />
      <mem type="loa" free="10066944" total="10066944" percent="100" />
    </mem>
    <remembered-set count="1373" />
  </mem-info>
</gc-start>
<allocation-stats totalBytes="49956984" discardedBytes="117456" >
  <allocated-bytes non-tlh="1139488" tlh="48817496" />
  <largest-consumer threadName="Execution worker Thread 2" threadId="000000000124D700" bytes="21265432" />
</allocation-stats>
<gc-op id="1243" type="scavenge" timems="3.881" contextid="1240" timestamp="2026-09-06T14:27:46.355">
  <scavenger-info tenureage="14" tenuremask="4000" tiltratio="79" />
  <memory-copied type="nursery" objects="208184" bytes="9206432" bytesdiscarded="121536" />
  <memory-copied type="tenure" objects="1283" bytes="66104" bytesdiscarded="0" />
  <finalization candidates="45" enqueued="1" />
  <ownableSynchronizers candidates="1032" cleared="595" />
  <references type="soft" candidates="22" cleared="0" enqueued="0" dynamicThreshold="24" maxThreshold="32" />
  <references type="weak" candidates="6074" cleared="1026" enqueued="9" />
  <references type="phantom" candidates="3310" cleared="3073" enqueued="3073" />
  <object-monitors candidates="12" cleared="0"  />
</gc-op>
<gc-end id="1244" type="scavenge" contextid="1240" durationms="4.831" usertimems="26.963" systemtimems="1.697" stalltimems="6.813" timestamp="2026-09-06T14:27:46.356" activeThreads="9">
  <mem-info id="1245" free="185067200" total="268435456" percent="68">
    <mem type="nursery" free="41179568" total="67108864" percent="61">
      <mem type="allocate" free="41179568" total="50528256" percent="81" />
      <mem type="survivor" free="0" total="16580608" percent="0" />
    </mem>
    <mem type="tenure" free="143887632" total="201326592" percent="71" macro-fragmented="100663296">
      <mem type="soa" free="133820688" total="191259648" percent="69" />
      <mem type="loa" free="10066944" total="10066944" percent="100" />
    </mem>
    <pending-finalizers system="0" default="1" reference="3082" classloader="0" />
    <remembered-set count="1206" />
  </mem-info>
</gc-end>
<cycle-end id="1246" type="scavenge" contextid="1240" timestamp="2026-09-06T14:27:46.356" />
<allocation-satisfied id="1247" threadId="000000000124D700" bytesRequested="64" />
<af-end id="1248" timestamp="2026-09-06T14:27:46.356" threadId="000000000124E1C0" success="true" from="nursery"/>
<exclusive-end id="1249" timestamp="2026-09-06T14:27:46.356" durationms="5.626" />

<exclusive-start id="1250" timestamp="2026-09-06T14:27:55.269" intervalms="8918.483">
  <response-info timems="0.030" idlems="0.030" threads="0" lastid="0000000000945F00" lastname="Execution worker Thread 6" />
</exclusive-start>
<af-start id="1251" threadId="00000000009469C0" totalBytesRequested="8200" timestamp="2026-09-06T14:27:55.269" intervalms="8918.490" type="nursery" />
<cycle-start id="1252" type="scavenge" contextid="0" timestamp="2026-09-06T14:27:55.269" intervalms="8918.510" />
<gc-start id="1253" type="scavenge" contextid="1252" timestamp="2026-09-06T14:27:55.270">
  <mem-info id="1254" free="143885336" total="268435456" percent="53">
    <mem type="nursery" free="0" total="67108864" percent="0">
      <mem type="allocate" free="0" total="50528256" percent="0" />
      <mem type="survivor" free="0" total="16580608" percent="0" />
    </mem>
    <mem type="tenure" free="143885336" total="201326592" percent="71">
      <mem type="soa" free="133818392" total="191259648" percent="69" />
      <mem type="loa" free="10066944" total="10066944" percent="100" />
    </mem>
    <remembered-set count="1387" />
  </mem-info>
</gc-start>
<allocation-stats totalBytes="41094520" discardedBytes="87344" >
  <allocated-bytes non-tlh="1016944" tlh="40077576" />
  <largest-consumer threadName="Daemon worker Thread 25" threadId="000000000057F100" bytes="13732848" />
</allocation-stats>
<gc-op id="1255" type="scavenge" timems="3.148" contextid="1252" timestamp="2026-09-06T14:27:55.273">
  <scavenger-info tenureage="11" tenuremask="4800" tiltratio="75" />
  <memory-copied type="nursery" objects="114954" bytes="4803512" bytesdiscarded="227320" />
  <memory-copied type="tenure" objects="1289" bytes="66240" bytesdiscarded="0" />
  <finalization candidates="45" enqueued="45" />
  <ownableSynchronizers candidates="1533" cleared="1099" />
  <references type="soft" candidates="2" cleared="0" enqueued="0" dynamicThreshold="24" maxThreshold="32" />
  <references type="weak" candidates="338" cleared="49" enqueued="14" />
  <references type="phantom" candidates="3055" cleared="3024" enqueued="3024" />
  <object-monitors candidates="14" cleared="2"  />
</gc-op>
<gc-end id="1256" type="scavenge" contextid="1252" durationms="3.751" usertimems="13.198" systemtimems="3.278" stalltimems="10.953" timestamp="2026-09-06T14:27:55.274" activeThreads="10">
  <mem-info id="1257" free="190592232" total="268435456" percent="71">
    <mem type="nursery" free="46727632" total="67108864" percent="69">
      <mem type="allocate" free="46727632" total="51773440" percent="90" />
      <mem type="survivor" free="0" total="15335424" percent="0" />
    </mem>
    <mem type="tenure" free="143864600" total="201326592" percent="71" macro-fragmented="100663296">
      <mem type="soa" free="133797656" total="191259648" percent="69" />
      <mem type="loa" free="10066944" total="10066944" percent="100" />
    </mem>
    <pending-finalizers system="0" default="45" reference="3038" classloader="0" />
    <remembered-set count="1187" />
  </mem-info>
</gc-end>
<cycle-end id="1258" type="scavenge" contextid="1252" timestamp="2026-09-06T14:27:55.274" />
<allocation-satisfied id="1259" threadId="0000000000945F00" bytesRequested="8200" />
<af-end id="1260" timestamp="2026-09-06T14:27:55.274" threadId="00000000009469C0" success="true" from="nursery"/>
<exclusive-end id="1261" timestamp="2026-09-06T14:27:55.274" durationms="5.542" />

<exclusive-start id="1262" timestamp="2026-09-06T14:28:04.120" intervalms="8851.439">
  <response-info timems="0.039" idlems="0.039" threads="0" lastid="000000000124F100" lastname="Build operations Thread 5" />
</exclusive-start>
<af-start id="1263" threadId="000000000124FBC0" totalBytesRequested="152" timestamp="2026-09-06T14:28:04.120" intervalms="8851.683" type="nursery" />
<cycle-start id="1264" type="scavenge" contextid="0" timestamp="2026-09-06T14:28:04.121" intervalms="8851.699" />
<gc-start id="1265" type="scavenge" contextid="1264" timestamp="2026-09-06T14:28:04.121">
  <mem-info id="1266" free="143861344" total="268435456" percent="53">
    <mem type="nursery" free="0" total="67108864" percent="0">
      <mem type="allocate" free="0" total="51773440" percent="0" />
      <mem type="survivor" free="0" total="15335424" percent="0" />
    </mem>
    <mem type="tenure" free="143861344" total="201326592" percent="71">
      <mem type="soa" free="133794400" total="191259648" percent="69" />
      <mem type="loa" free="10066944" total="10066944" percent="100" />
    </mem>
    <remembered-set count="1379" />
  </mem-info>
</gc-start>
<allocation-stats totalBytes="46624784" discardedBytes="106104" >
  <allocated-bytes non-tlh="906176" tlh="45718608" />
  <largest-consumer threadName="Daemon worker Thread 25" threadId="000000000057F100" bytes="8297624" />
</allocation-stats>
<gc-op id="1267" type="scavenge" timems="2.342" contextid="1264" timestamp="2026-09-06T14:28:04.123">
  <scavenger-info tenureage="11" tenuremask="4800" tiltratio="77" />
  <memory-copied type="nursery" objects="72678" bytes="3190288" bytesdiscarded="312848" />
  <memory-copied type="tenure" objects="1297" bytes="66496" bytesdiscarded="0" />
  <finalization candidates="44" enqueued="44" />
  <ownableSynchronizers candidates="1367" cleared="971" />
  <references type="weak" candidates="267" cleared="121" enqueued="85" />
  <references type="phantom" candidates="218" cleared="209" enqueued="209" />
  <object-monitors candidates="13" cleared="2"  />
</gc-op>
<gc-end id="1268" type="scavenge" contextid="1264" durationms="2.630" usertimems="9.360" systemtimems="2.280" stalltimems="8.910" timestamp="2026-09-06T14:28:04.124" activeThreads="9">
  <mem-info id="1269" free="194065152" total="268435456" percent="72">
    <mem type="nursery" free="50224544" total="67108864" percent="74">
      <mem type="allocate" free="50224544" total="53739520" percent="93" />
      <mem type="survivor" free="0" total="13369344" percent="0" />
    </mem>
    <mem type="tenure" free="143840608" total="201326592" percent="71" macro-fragmented="0">
      <mem type="soa" free="133773664" total="191259648" percent="69" />
      <mem type="loa" free="10066944" total="10066944" percent="100" />
    </mem>
    <pending-finalizers system="0" default="44" reference="294" classloader="0" />
    <remembered-set count="1129" />
  </mem-info>
</gc-end>
<cycle-end id="1270" type="scavenge" contextid="1264" timestamp="2026-09-06T14:28:04.124" />
<allocation-satisfied id="1271" threadId="000000000124F100" bytesRequested="152" />
<af-end id="1272" timestamp="2026-09-06T14:28:04.124" threadId="000000000124FBC0" success="true" from="nursery"/>
<exclusive-end id="1273" timestamp="2026-09-06T14:28:04.124" durationms="3.886" />

<exclusive-start id="1274" timestamp="2026-09-06T14:28:04.376" intervalms="255.948">
  <response-info timems="0.028" idlems="0.028" threads="0" lastid="0000000000FF5200" lastname="Execution worker Thread 6" />
</exclusive-start>
<af-start id="1275" threadId="0000000000FF5CC0" totalBytesRequested="40" timestamp="2026-09-06T14:28:04.376" intervalms="255.679" type="nursery" />
<cycle-start id="1276" type="scavenge" contextid="0" timestamp="2026-09-06T14:28:04.376" intervalms="255.632" />
<gc-start id="1277" type="scavenge" contextid="1276" timestamp="2026-09-06T14:28:04.377">
  <mem-info id="1278" free="143835056" total="268435456" percent="53">
    <mem type="nursery" free="0" total="67108864" percent="0">
      <mem type="allocate" free="0" total="53739520" percent="0" />
      <mem type="survivor" free="0" total="13369344" percent="0" />
    </mem>
    <mem type="tenure" free="143835056" total="201326592" percent="71">
      <mem type="soa" free="133768112" total="191259648" percent="69" />
      <mem type="loa" free="10066944" total="10066944" percent="100" />
    </mem>
    <remembered-set count="1404" />
  </mem-info>
</gc-start>
<allocation-stats totalBytes="50151912" discardedBytes="78184" >
  <allocated-bytes non-tlh="939608" tlh="49212304" />
  <largest-consumer threadName="Execution worker Thread 6" threadId="0000000000FF5200" bytes="22060352" />
</allocation-stats>
<gc-op id="1279" type="scavenge" timems="4.359" contextid="1276" timestamp="2026-09-06T14:28:04.381">
  <scavenger-info tenureage="14" tenuremask="4000" tiltratio="80" />
  <memory-copied type="nursery" objects="210393" bytes="9279096" bytesdiscarded="171808" />
  <memory-copied type="tenure" objects="63" bytes="1920" bytesdiscarded="0" />
  <finalization candidates="45" enqueued="1" />
  <ownableSynchronizers candidates="1004" cleared="566" />
  <references type="soft" candidates="46" cleared="0" enqueued="0" dynamicThreshold="24" maxThreshold="32" />
  <references type="weak" candidates="6353" cleared="1106" enqueued="9" />
  <references type="phantom" candidates="3309" cleared="3073" enqueued="3073" />
  <object-monitors candidates="12" cleared="0"  />
</gc-op>
<gc-end id="1280" type="scavenge" contextid="1276" durationms="4.591" usertimems="23.323" systemtimems="2.942" stalltimems="11.640" timestamp="2026-09-06T14:28:04.381" activeThreads="9">
  <mem-info id="1281" free="184739552" total="268435456" percent="68">
    <mem type="nursery" free="40925232" total="67108864" percent="60">
      <mem type="allocate" free="40925232" total="50397184" percent="81" />
      <mem type="survivor" free="0" total="16711680" percent="0" />
    </mem>
    <mem type="tenure" free="143814320" total="201326592" percent="71" macro-fragmented="50331648">
      <mem type="soa" free="133747376" total="191259648" percent="69" />
      <mem type="loa" free="10066944" total="10066944" percent="100" />
    </mem>
    <pending-finalizers system="0" default="1" reference="3082" classloader="0" />
    <remembered-set count="1201" />
  </mem-info>
</gc-end>
<cycle-end id="1282" type="scavenge" contextid="1276" timestamp="2026-09-06T14:28:04.381" />
<allocation-satisfied id="1283" threadId="0000000000FF5200" bytesRequested="40" />
<af-end id="1284" timestamp="2026-09-06T14:28:04.381" threadId="0000000000FF5CC0" success="true" from="nursery"/>
<exclusive-end id="1285" timestamp="2026-09-06T14:28:04.381" durationms="5.301" />

<exclusive-start id="1286" timestamp="2026-09-06T14:28:13.292" intervalms="8916.295">
  <response-info timems="0.031" idlems="0.031" threads="0" lastid="0000000000945F00" lastname="Execution worker Thread 4" />
</exclusive-start>
<af-start id="1287" threadId="00000000009469C0" totalBytesRequested="1008" timestamp="2026-09-06T14:28:13.292" intervalms="8916.294" type="nursery" />
<cycle-start id="1288" type="scavenge" contextid="0" timestamp="2026-09-06T14:28:13.293" intervalms="8916.301" />
<gc-start id="1289" type="scavenge" contextid="1288" timestamp="2026-09-06T14:28:13.293">
  <mem-info id="1290" free="143811336" total="268435456" percent="53">
    <mem type="nursery" free="0" total="67108864" percent="0">
      <mem type="allocate" free="0" total="50397184" percent="0" />
      <mem type="survivor" free="0" total="16711680" percent="0" />
    </mem>
    <mem type="tenure" free="143811336" total="201326592" percent="71">
      <mem type="soa" free="133744392" total="191259648" percent="69" />
      <mem type="loa" free="10066944" total="10066944" percent="100" />
    </mem>
    <remembered-set count="1389" />
  </mem-info>
</gc-start>
<allocation-stats totalBytes="40826120" discardedBytes="102096" >
  <allocated-bytes non-tlh="1009408" tlh="39816712" />
  <largest-consumer threadName="Daemon worker Thread 25" threadId="000000000057F100" bytes="14126096" />
</allocation-stats>
<gc-op id="1291" type="scavenge" timems="3.180" contextid="1288" timestamp="2026-09-06T14:28:13.296">
  <scavenger-info tenureage="11" tenuremask="4800" tiltratio="75" />
  <memory-copied type="nursery" objects="116386" bytes="4842792" bytesdiscarded="308016" />
  <memory-copied type="tenure" objects="1306" bytes="66808" bytesdiscarded="0" />
  <finalization candidates="45" enqueued="45" />
  <ownableSynchronizers candidates="1531" cleared="1097" />
  <references type="soft" candidates="2" cleared="0" enqueued="0" dynamicThreshold="24" maxThreshold="32" />
  <references type="weak" candidates="339" cleared="49" enqueued="14" />
  <references type="phantom" candidates="3055" cleared="3024" enqueued="3024" />
  <object-monitors candidates="14" cleared="2"  />
</gc-op>
<gc-end id="1292" type="scavenge" contextid="1288" durationms="3.396" usertimems="13.099" systemtimems="3.487" stalltimems="8.637" timestamp="2026-09-06T14:28:13.296" activeThreads="10">
  <mem-info id="1293" free="190267192" total="268435456" percent="70">
    <mem type="nursery" free="46476592" total="67108864" percent="69">
      <mem type="allocate" free="46476592" total="51642368" percent="89" />
      <mem type="survivor" free="0" total="15466496" percent="0" />
    </mem>
    <mem type="tenure" free="143790600" total="201326592" percent="71" macro-fragmented="41943040">
      <mem type="soa" free="133723656" total="191259648" percent="69" />
      <mem type="loa" free="10066944" total="10066944" percent="100" />
    </mem>
    <pending-finalizers system="0" default="45" reference="3038" classloader="0" />
    <remembered-set count="1195" />
  </mem-info>
</gc-end>
<cycle-end id="1294" type="scavenge" contextid="1288" timestamp="2026-09-06T14:28:13.296" />
<allocation-satisfied id="1295" threadId="0000000000945F00" bytesRequested="1008" />
<af-end id="1296" timestamp="2026-09-06T14:28:13.297" threadId="00000000009469C0" success="true" from="nursery"/>
<exclusive-end id="1297" timestamp="2026-09-06T14:28:13.297" durationms="4.121" />

<exclusive-start id="1298" timestamp="2026-09-06T14:28:22.135" intervalms="8842.496">
  <response-info timems="0.031" idlems="0.031" threads="0" lastid="000000000057F100" lastname="Daemon worker Thread 25" />
</exclusive-start>
<af-start id="1299" threadId="000000000057FBC0" totalBytesRequested="24" timestamp="2026-09-06T14:28:22.135" intervalms="8842.568" type="nursery" />
<cycle-start id="1300" type="scavenge" contextid="0" timestamp="2026-09-06T14:28:22.135" intervalms="8842.578" />
<gc-start id="1301" type="scavenge" contextid="1300" timestamp="2026-09-06T14:28:22.136">
  <mem-info id="1302" free="143787344" total="268435456" percent="53">
    <mem type="nursery" free="0" total="67108864" percent="0">
      <mem type="allocate" free="0" total="51642368" percent="0" />
      <mem type="survivor" free="0" total="15466496" percent="0" />
    </mem>
    <mem type="tenure" free="143787344" total="201326592" percent="71">
      <mem type="soa" free="133720400" total="191259648" percent="69" />
      <mem type="loa" free="10066944" total="10066944" percent="100" />
    </mem>
    <remembered-set count="1395" />
  </mem-info>
</gc-start>
<allocation-stats totalBytes="46361824" discardedBytes="118024" >
  <allocated-bytes non-tlh="591776" tlh="45770048" />
  <largest-consumer threadName="Daemon worker Thread 25" threadId="000000000057F100" bytes="8763512" />
</allocation-stats>
<gc-op id="1303" type="scavenge" timems="4.577" contextid="1300" timestamp="2026-09-06T14:28:22.140">
  <scavenger-info tenureage="11" tenuremask="4800" tiltratio="76" />
  <memory-copied type="nursery" objects="79521" bytes="3351096" bytesdiscarded="138584" />
  <memory-copied type="tenure" objects="1297" bytes="66432" bytesdiscarded="0" />
  <finalization candidates="44" enqueued="44" />
  <ownableSynchronizers candidates="1565" cleared="1009" />
  <references type="weak" candidates="250" cleared="121" enqueued="85" />
  <references type="phantom" candidates="263" cleared="254" enqueued="254" />
  <object-monitors candidates="13" cleared="2"  />
</gc-op>
<gc-end id="1304" type="scavenge" contextid="1300" durationms="5.118" usertimems="9.667" systemtimems="2.801" stalltimems="31.169" timestamp="2026-09-06T14:28:22.141" activeThreads="10">
  <mem-info id="1305" free="193762904" total="268435456" percent="72">
    <mem type="nursery" free="50106888" total="67108864" percent="74">
      <mem type="allocate" free="50106888" total="53608448" percent="93" />
      <mem type="survivor" free="0" total="13500416" percent="0" />
    </mem>
    <mem type="tenure" free="143656016" total="201326592" percent="71" macro-fragmented="0">
      <mem type="soa" free="133589072" total="191259648" percent="69" />
      <mem type="loa" free="10066944" total="10066944" percent="100" />
    </mem>
    <pending-finalizers system="0" default="44" reference="339" classloader="0" />
    <remembered-set count="1138" />
  </mem-info>
</gc-end>
<cycle-end id="1306" type="scavenge" contextid="1300" timestamp="2026-09-06T14:28:22.141" />
<allocation-satisfied id="1307" threadId="000000000057F100" bytesRequested="24" />
<af-end id="1308" timestamp="2026-09-06T14:28:22.141" threadId="000000000057FBC0" success="true" from="nursery"/>
<exclusive-end id="1309" timestamp="2026-09-06T14:28:22.141" durationms="5.970" />

<exclusive-start id="1310" timestamp="2026-09-06T14:28:22.392" intervalms="256.825">
  <response-info timems="0.031" idlems="0.031" threads="0" lastid="000000000127EA00" lastname="included builds" />
</exclusive-start>
<af-start id="1311" threadId="000000000127F4C0" totalBytesRequested="40" timestamp="2026-09-06T14:28:22.392" intervalms="256.780" type="nursery" />
<cycle-start id="1312" type="scavenge" contextid="0" timestamp="2026-09-06T14:28:22.392" intervalms="256.819" />
<gc-start id="1313" type="scavenge" contextid="1312" timestamp="2026-09-06T14:28:22.393">
  <mem-info id="1314" free="143649776" total="268435456" percent="53">
    <mem type="nursery" free="0" total="67108864" percent="0">
      <mem type="allocate" free="0" total="53608448" percent="0" />
      <mem type="survivor" free="0" total="13500416" percent="0" />
    </mem>
    <mem type="tenure" free="143649776" total="201326592" percent="71">
      <mem type="soa" free="133582832" total="191259648" percent="69" />
      <mem type="loa" free="10066944" total="10066944" percent="100" />
    </mem>
    <remembered-set count="1387" />
  </mem-info>
</gc-start>
<allocation-stats totalBytes="50031160" discardedBytes="81968" >
  <allocated-bytes non-tlh="788592" tlh="49242568" />
  <largest-consumer threadName="included builds" threadId="000000000127EA00" bytes="23025256" />
</allocation-stats>
<gc-op id="1315" type="scavenge" timems="5.004" contextid="1312" timestamp="2026-09-06T14:28:22.398">
  <scavenger-info tenureage="14" tenuremask="4000" tiltratio="79" />
  <memory-copied type="nursery" objects="216782" bytes="9484000" bytesdiscarded="244736" />
  <memory-copied type="tenure" objects="64" bytes="1936" bytesdiscarded="0" />
  <finalization candidates="45" enqueued="1" />
  <ownableSynchronizers candidates="966" cleared="528" />
  <references type="soft" candidates="54" cleared="0" enqueued="0" dynamicThreshold="24" maxThreshold="32" />
  <references type="weak" candidates="7273" cleared="1320" enqueued="9" />
  <references type="phantom" candidates="3264" cleared="3028" enqueued="3028" />
  <object-monitors candidates="12" cleared="0"  />
</gc-op>
<gc-end id="1316" type="scavenge" contextid="1312" durationms="5.777" usertimems="23.925" systemtimems="2.086" stalltimems="11.364" timestamp="2026-09-06T14:28:22.399" activeThreads="8">
  <mem-info id="1317" free="184014264" total="268435456" percent="68">
    <mem type="nursery" free="40385224" total="67108864" percent="60">
      <mem type="allocate" free="40385224" total="50135040" percent="80" />
      <mem type="survivor" free="0" total="16973824" percent="0" />
    </mem>
    <mem type="tenure" free="143629040" total="201326592" percent="71" macro-fragmented="100663296">
      <mem type="soa" free="133562096" total="191259648" percent="69" />
      <mem type="loa" free="10066944" total="10066944" percent="100" />
    </mem>
    <pending-finalizers system="0" default="1" reference="3037" classloader="0" />
    <remembered-set count="1204" />
  </mem-info>
</gc-end>
<cycle-end id="1318" type="scavenge" contextid="1312" timestamp="2026-09-06T14:28:22.399" />
<allocation-satisfied id="1319" threadId="000000000127EA00" bytesRequested="40" />
<af-end id="1320" timestamp="2026-09-06T14:28:22.399" threadId="000000000127F4C0" success="true" from="nursery"/>
<exclusive-end id="1321" timestamp="2026-09-06T14:28:22.399" durationms="7.275" />

<exclusive-start id="1322" timestamp="2026-09-06T14:28:31.299" intervalms="8907.727">
  <response-info timems="0.028" idlems="0.028" threads="0" lastid="0000000000945F00" lastname="Execution worker" />
</exclusive-start>
<af-start id="1323" threadId="00000000009469C0" totalBytesRequested="24" timestamp="2026-09-06T14:28:31.300" intervalms="8907.699" type="nursery" />
<cycle-start id="1324" type="scavenge" contextid="0" timestamp="2026-09-06T14:28:31.300" intervalms="8907.644" />
<gc-start id="1325" type="scavenge" contextid="1324" timestamp="2026-09-06T14:28:31.300">
  <mem-info id="1326" free="143626744" total="268435456" percent="53">
    <mem type="nursery" free="0" total="67108864" percent="0">
      <mem type="allocate" free="0" total="50135040" percent="0" />
      <mem type="survivor" free="0" total="16973824" percent="0" />
    </mem>
    <mem type="tenure" free="143626744" total="201326592" percent="71">
      <mem type="soa" free="133559800" total="191259648" percent="69" />
      <mem type="loa" free="10066944" total="10066944" percent="100" />
    </mem>
    <remembered-set count="1387" />
  </mem-info>
</gc-start>
<allocation-stats totalBytes="40281360" discardedBytes="106160" >
  <allocated-bytes non-tlh="1000536" tlh="39280824" />
  <largest-consumer threadName="Daemon worker Thread 25" threadId="000000000057F100" bytes="13437512" />
</allocation-stats>
<gc-op id="1327" type="scavenge" timems="3.131" contextid="1324" timestamp="2026-09-06T14:28:31.303">
  <scavenger-info tenureage="9" tenuremask="4a00" tiltratio="74" />
  <memory-copied type="nursery" objects="116360" bytes="4847760" bytesdiscarded="193704" />
  <memory-copied type="tenure" objects="1441" bytes="70520" bytesdiscarded="48" />
  <finalization candidates="45" enqueued="45" />
  <ownableSynchronizers candidates="1533" cleared="1099" />
  <references type="soft" candidates="2" cleared="0" enqueued="0" dynamicThreshold="24" maxThreshold="32" />
  <references type="weak" candidates="343" cleared="49" enqueued="14" />
  <references type="phantom" candidates="3055" cleared="3024" enqueued="3024" />
  <object-monitors candidates="14" cleared="2"  />
</gc-op>
<gc-end id="1328" type="scavenge" contextid="1324" durationms="3.910" usertimems="15.458" systemtimems="1.141" stalltimems="10.735" timestamp="2026-09-06T14:28:31.304" activeThreads="9">
  <mem-info id="1329" free="189749248" total="268435456" percent="70">
    <mem type="nursery" free="46323720" total="67108864" percent="69">
      <mem type="allocate" free="46323720" total="51380224" percent="90" />
      <mem type="survivor" free="0" total="15728640" percent="0" />
    </mem>
    <mem type="tenure" free="143425528" total="201326592" percent="71" macro-fragmented="100663296">
      <mem type="soa" free="133358584" total="191259648" percent="69" />
      <mem type="loa" free="10066944" total="10066944" percent="100" />
    </mem>
    <pending-finalizers system="0" default="45" reference="3038" classloader="0" />
    <remembered-set count="1203" />
  </mem-info>
</gc-end>
<cycle-end id="1330" type="scavenge" contextid="1324" timestamp="2026-09-06T14:28:31.304" />
<allocation-satisfied id="1331" threadId="0000000000945F00" bytesRequested="24" />
<af-end id="1332" timestamp="2026-09-06T14:28:31.304" threadId="00000000009469C0" success="true" from="nursery"/>
<exclusive-end id="1333" timestamp="2026-09-06T14:28:31.304" durationms="4.663" />

<exclusive-start id="1334" timestamp="2026-09-06T14:33:06.385" intervalms="275086.105">
  <response-info timems="0.235" idlems="0.235" threads="0" lastid="00000000001A7100" lastname="VM Runtime State Listener" />
</exclusive-start>
<sys-start reason="vm idle" id="1335" timestamp="2026-09-06T14:33:06.388" intervalms="1019628.230" />
<cycle-start id="1336" type="global" contextid="0" timestamp="2026-09-06T14:33:06.389" intervalms="1019628.456" />
<gc-start id="1337" type="global" contextid="1336" timestamp="2026-09-06T14:33:06.391">
  <mem-info id="1338" free="151959920" total="268435456" percent="56">
    <mem type="nursery" free="8537768" total="67108864" percent="12">
      <mem type="allocate" free="8537768" total="51380224" percent="16" />
      <mem type="survivor" free="0" total="15728640" percent="0" />
    </mem>
    <mem type="tenure" free="143422152" total="201326592" percent="71">
      <mem type="soa" free="133355208" total="191259648" percent="69" />
      <mem type="loa" free="10066944" total="10066944" percent="100" />
    </mem>
    <remembered-set count="1393" />
  </mem-info>
</gc-start>
<allocation-stats totalBytes="37684576" discardedBytes="104752" >
  <allocated-bytes non-tlh="865288" tlh="36819288" />
  <largest-consumer threadName="Memory manager" threadId="00000000010E5B00" bytes="1298688" />
</allocation-stats>
<gc-op id="1339" type="mark" timems="31.952" contextid="1336" timestamp="2026-09-06T14:33:06.424">
  <trace-info objectcount="960305" scancount="837368" scanbytes="28028820" />
  <finalization candidates="1051" enqueued="89" />
  <ownableSynchronizers candidates="5097" cleared="785" />
  <references type="soft" candidates="25885" cleared="0" enqueued="0" dynamicThreshold="24" maxThreshold="32" />
  <references type="weak" candidates="25980" cleared="188" enqueued="131" />
  <references type="phantom" candidates="2080" cleared="179" enqueued="179" />
  <stringconstants candidates="45189" cleared="64"  />
  <object-monitors candidates="13" cleared="2"  />
</gc-op>
<gc-op id="1340" type="classunload" timems="0.510" contextid="1336" timestamp="2026-09-06T14:33:06.424">
  <classunload-info classloadercandidates="60" classloadersunloaded="46" classesunloaded="0" anonymousclassesunloaded="0" quiescems="0.000" setupms="0.127" scanms="0.347" postms="0.035" />
</gc-op>
<gc-op id="1341" type="sweep" timems="1.609" contextid="1336" timestamp="2026-09-06T14:33:06.426" />
<gc-end id="1342" type="global" contextid="1336" durationms="34.961" usertimems="206.941" systemtimems="3.707" stalltimems="91.698" timestamp="2026-09-06T14:33:06.426" activeThreads="10">
  <mem-info id="1343" free="198342096" total="268435456" percent="73">
    <mem type="nursery" free="46027888" total="67108864" percent="68">
      <mem type="allocate" free="46027888" total="51380224" percent="89" />
      <mem type="survivor" free="0" total="15728640" percent="0" />
    </mem>
    <mem type="tenure" free="152314208" total="201326592" percent="75" micro-fragmented="114945" macro-fragmented="0">
      <mem type="soa" free="142247264" total="191259648" percent="74" />
      <mem type="loa" free="10066944" total="10066944" percent="100" />
    </mem>
    <pending-finalizers system="1" default="88" reference="310" classloader="0" />
    <remembered-set count="1092" />
  </mem-info>
</gc-end>
<cycle-end id="1344" type="global" contextid="1336" timestamp="2026-09-06T14:33:06.427" />
<sys-end id="1345" timestamp="2026-09-06T14:33:06.427" />
<exclusive-end id="1346" timestamp="2026-09-06T14:33:06.427" durationms="41.651" />

<heap-resize id="1347" type="release free pages" space="tenure" amount="151535616" count="1" timems="0.412" reason="idle" timestamp="2026-09-06T14:33:06.427" />
<exclusive-start id="1348" timestamp="2026-09-06T14:34:22.665" intervalms="76279.902">
  <response-info timems="0.029" idlems="0.029" threads="0" lastid="000000000127EA00" lastname="Execution worker Thread 8" />
</exclusive-start>
<af-start id="1349" threadId="000000000127F4C0" totalBytesRequested="24" timestamp="2026-09-06T14:34:22.665" intervalms="351366.139" type="nursery" />
<cycle-start id="1350" type="scavenge" contextid="0" timestamp="2026-09-06T14:34:22.665" intervalms="351366.154" />
<gc-start id="1351" type="scavenge" contextid="1350" timestamp="2026-09-06T14:34:22.665">
  <mem-info id="1352" free="152307096" total="268435456" percent="56">
    <mem type="nursery" free="0" total="67108864" percent="0">
      <mem type="allocate" free="0" total="51380224" percent="0" />
      <mem type="survivor" free="0" total="15728640" percent="0" />
    </mem>
    <mem type="tenure" free="152307096" total="201326592" percent="75">
      <mem type="soa" free="142240152" total="191259648" percent="74" />
      <mem type="loa" free="10066944" total="10066944" percent="100" />
    </mem>
    <remembered-set count="1418" />
  </mem-info>
</gc-start>
<allocation-stats totalBytes="45828872" discardedBytes="200248" >
  <allocated-bytes non-tlh="1373128" tlh="44455744" />
  <largest-consumer threadName="Execution worker Thread 8" threadId="000000000127EA00" bytes="16397648" />
</allocation-stats>
<gc-op id="1353" type="scavenge" timems="5.721" contextid="1350" timestamp="2026-09-06T14:34:22.671">
  <scavenger-info tenureage="8" tenuremask="4d00" tiltratio="76" />
  <memory-copied type="nursery" objects="126921" bytes="4960608" bytesdiscarded="148848" />
  <memory-copied type="tenure" objects="98" bytes="2624" bytesdiscarded="0" />
  <finalization candidates="2" enqueued="2" />
  <ownableSynchronizers candidates="9372" cleared="8991" />
  <references type="soft" candidates="4" cleared="0" enqueued="0" dynamicThreshold="24" maxThreshold="32" />
  <references type="weak" candidates="764" cleared="86" enqueued="9" />
  <references type="phantom" candidates="3252" cleared="3103" enqueued="3103" />
  <object-monitors candidates="12" cleared="1"  />
</gc-op>
<gc-end id="1354" type="scavenge" contextid="1350" durationms="7.112" usertimems="16.741" systemtimems="2.895" stalltimems="22.707" timestamp="2026-09-06T14:34:22.673" activeThreads="9">
  <mem-info id="1355" free="200478280" total="268435456" percent="74">
    <mem type="nursery" free="48217744" total="67108864" percent="71">
      <mem type="allocate" free="48217744" total="53346304" percent="90" />
      <mem type="survivor" free="0" total="13762560" percent="0" />
    </mem>
    <mem type="tenure" free="152260536" total="201326592" percent="75" macro-fragmented="6144">
      <mem type="soa" free="142193592" total="191259648" percent="74" />
      <mem type="loa" free="10066944" total="10066944" percent="100" />
    </mem>
    <pending-finalizers system="1" default="1" reference="3112" classloader="0" />
    <remembered-set count="1166" />
  </mem-info>
</gc-end>
<cycle-end id="1356" type="scavenge" contextid="1350" timestamp="2026-09-06T14:34:22.673" />
<allocation-satisfied id="1357" threadId="000000000127EA00" bytesRequested="24" />
<af-end id="1358" timestamp="2026-09-06T14:34:22.673" threadId="000000000127F4C0" success="true" from="nursery"/>
<exclusive-end id="1359" timestamp="2026-09-06T14:34:22.673" durationms="8.191" />

<exclusive-start id="1360" timestamp="2026-09-06T14:34:31.505" intervalms="8840.119">
  <response-info timems="0.034" idlems="0.034" threads="0" lastid="000000000124CB00" lastname="Execution worker" />
</exclusive-start>
<af-start id="1361" threadId="000000000124D5C0" totalBytesRequested="8200" timestamp="2026-09-06T14:34:31.505" intervalms="8840.005" type="nursery" />
<cycle-start id="1362" type="scavenge" contextid="0" timestamp="2026-09-06T14:34:31.505" intervalms="8840.011" />
<gc-start id="1363" type="scavenge" contextid="1362" timestamp="2026-09-06T14:34:31.508">
  <mem-info id="1364" free="152258240" total="268435456" percent="56">
    <mem type="nursery" free="0" total="67108864" percent="0">
      <mem type="allocate" free="0" total="53346304" percent="0" />
      <mem type="survivor" free="0" total="13762560" percent="0" />
    </mem>
    <mem type="tenure" free="152258240" total="201326592" percent="75">
      <mem type="soa" free="142191296" total="191259648" percent="74" />
      <mem type="loa" free="10066944" total="10066944" percent="100" />
    </mem>
    <remembered-set count="1432" />
  </mem-info>
</gc-start>
<allocation-stats totalBytes="48131696" discardedBytes="88344" >
  <allocated-bytes non-tlh="848512" tlh="47283184" />
  <largest-consumer threadName="Daemon worker Thread 26" threadId="000000000127AD00" bytes="13876096" />
</allocation-stats>
<gc-op id="1365" type="scavenge" timems="3.009" contextid="1362" timestamp="2026-09-06T14:34:31.511">
  <scavenger-info tenureage="14" tenuremask="4000" tiltratio="79" />
  <memory-copied type="nursery" objects="103654" bytes="4106552" bytesdiscarded="148192" />
  <memory-copied type="tenure" objects="66" bytes="1984" bytesdiscarded="0" />
  <finalization candidates="45" enqueued="44" />
  <ownableSynchronizers candidates="1427" cleared="1010" />
  <references type="soft" candidates="1" cleared="0" enqueued="0" dynamicThreshold="24" maxThreshold="32" />
  <references type="weak" candidates="314" cleared="121" enqueued="86" />
  <references type="phantom" candidates="2834" cleared="2805" enqueued="2805" />
  <object-monitors candidates="13" cleared="2"  />
</gc-op>
<gc-end id="1366" type="scavenge" contextid="1362" durationms="3.865" usertimems="15.040" systemtimems="0.000" stalltimems="10.743" timestamp="2026-09-06T14:34:31.511" activeThreads="9">
  <mem-info id="1367" free="202948528" total="268435456" percent="75">
    <mem type="nursery" free="50715688" total="67108864" percent="75">
      <mem type="allocate" free="50715688" total="54984704" percent="92" />
      <mem type="survivor" free="0" total="12124160" percent="0" />
    </mem>
    <mem type="tenure" free="152232840" total="201326592" percent="75" macro-fragmented="67108864">
      <mem type="soa" free="142165896" total="191259648" percent="74" />
      <mem type="loa" free="10066944" total="10066944" percent="100" />
    </mem>
    <pending-finalizers system="0" default="44" reference="2891" classloader="0" />
    <remembered-set count="1202" />
  </mem-info>
</gc-end>
<cycle-end id="1368" type="scavenge" contextid="1362" timestamp="2026-09-06T14:34:31.512" />
<allocation-satisfied id="1369" threadId="000000000124CB00" bytesRequested="8200" />
<af-end id="1370" timestamp="2026-09-06T14:34:31.512" threadId="000000000124D5C0" success="true" from="nursery"/>
<exclusive-end id="1371" timestamp="2026-09-06T14:34:31.512" durationms="6.806" />

<exclusive-start id="1372" timestamp="2026-09-06T14:39:11.066" intervalms="279546.982">
  <response-info timems="0.524" idlems="0.524" threads="0" lastid="00000000001A7100" lastname="VM Runtime State Listener" />
</exclusive-start>
<sys-start reason="vm idle" id="1373" timestamp="2026-09-06T14:39:11.069" intervalms="364666.855" />
<cycle-start id="1374" type="global" contextid="0" timestamp="2026-09-06T14:39:11.069" intervalms="364666.235" />
<gc-start id="1375" type="global" contextid="1374" timestamp="2026-09-06T14:39:11.071">
  <mem-info id="1376" free="155057440" total="268435456" percent="57">
    <mem type="nursery" free="2832720" total="67108864" percent="4">
      <mem type="allocate" free="2832720" total="54984704" percent="5" />
      <mem type="survivor" free="0" total="12124160" percent="0" />
    </mem>
    <mem type="tenure" free="152224720" total="201326592" percent="75">
      <mem type="soa" free="142157776" total="191259648" percent="74" />
      <mem type="loa" free="10066944" total="10066944" percent="100" />
    </mem>
    <remembered-set count="1529" />
  </mem-info>
</gc-start>
<allocation-stats totalBytes="47753880" discardedBytes="134936" >
  <allocated-bytes non-tlh="878304" tlh="46875576" />
  <largest-consumer threadName="Memory manager" threadId="00000000010E5B00" bytes="1404760" />
</allocation-stats>
<gc-op id="1377" type="mark" timems="29.307" contextid="1374" timestamp="2026-09-06T14:39:11.101">
  <trace-info objectcount="958751" scancount="836312" scanbytes="27991452" />
  <finalization candidates="1007" enqueued="45" />
  <ownableSynchronizers candidates="4916" cleared="682" />
  <references type="soft" candidates="25885" cleared="0" enqueued="0" dynamicThreshold="24" maxThreshold="32" />
  <references type="weak" candidates="25889" cleared="95" enqueued="89" />
  <references type="phantom" candidates="2299" cleared="398" enqueued="398" />
  <stringconstants candidates="45188" cleared="63"  />
  <object-monitors candidates="12" cleared="1"  />
</gc-op>
<gc-op id="1378" type="classunload" timems="0.195" contextid="1374" timestamp="2026-09-06T14:39:11.101">
  <classunload-info classloadercandidates="18" classloadersunloaded="4" classesunloaded="0" anonymousclassesunloaded="0" quiescems="0.000" setupms="0.135" scanms="0.053" postms="0.005" />
</gc-op>
<gc-op id="1379" type="sweep" timems="0.969" contextid="1374" timestamp="2026-09-06T14:39:11.102" />
<mem-info id="1380" free="202757584" total="268435456" percent="75">
  <mem type="nursery" free="49336248" total="67108864" percent="73">
    <mem type="allocate" free="49336248" total="54984704" percent="89" />
    <mem type="survivor" free="0" total="12124160" percent="0" />
  </mem>
  <mem type="tenure" free="153421336" total="201326592" percent="76" micro-fragmented="30393" macro-fragmented="0">
    <mem type="soa" free="143354392" total="191259648" percent="74" />
    <mem type="loa" free="10066944" total="10066944" percent="100" />
  </mem>
  <pending-finalizers system="0" default="45" reference="487" classloader="0" />
  <remembered-set count="1182" />
</mem-info>
<gc-op id="1381" type="compact" timems="21.500" contextid="1374" timestamp="2026-09-06T14:39:11.124">
  <compact-info movecount="147511" movebytes="5482736" reason="compact on aggressive collection" />
</gc-op>
<gc-end id="1382" type="global" contextid="1374" durationms="52.962" usertimems="252.509" systemtimems="10.807" stalltimems="108.072" timestamp="2026-09-06T14:39:11.124" activeThreads="10">
  <mem-info id="1383" free="204488904" total="268435456" percent="76">
    <mem type="nursery" free="51050136" total="67108864" percent="76">
      <mem type="allocate" free="51050136" total="54984704" percent="92" />
      <mem type="survivor" free="0" total="12124160" percent="0" />
    </mem>
    <mem type="tenure" free="153438768" total="201326592" percent="76">
      <mem type="soa" free="143371824" total="191259648" percent="74" />
      <mem type="loa" free="10066944" total="10066944" percent="100" />
    </mem>
    <pending-finalizers system="0" default="45" reference="487" classloader="0" />
    <remembered-set count="1182" />
  </mem-info>
</gc-end>
<cycle-end id="1384" type="global" contextid="1374" timestamp="2026-09-06T14:39:11.125" />
<sys-end id="1385" timestamp="2026-09-06T14:39:11.125" />
<exclusive-end id="1386" timestamp="2026-09-06T14:39:11.125" durationms="58.563" />

<heap-resize id="1387" type="release free pages" space="tenure" amount="153419776" count="1" timems="0.152" reason="idle" timestamp="2026-09-06T14:39:11.125" />
<exclusive-start id="1388" timestamp="2026-09-06T14:40:04.989" intervalms="53922.738">
  <response-info timems="0.030" idlems="0.030" threads="0" lastid="000000000127EA00" lastname="Execution worker Thread 2" />
</exclusive-start>
<af-start id="1389" threadId="000000000127F4C0" totalBytesRequested="8200" timestamp="2026-09-06T14:40:04.989" intervalms="333469.721" type="nursery" />
<cycle-start id="1390" type="scavenge" contextid="0" timestamp="2026-09-06T14:40:04.989" intervalms="333469.703" />
<gc-start id="1391" type="scavenge" contextid="1390" timestamp="2026-09-06T14:40:04.990">
  <mem-info id="1392" free="153431000" total="268435456" percent="57">
    <mem type="nursery" free="0" total="67108864" percent="0">
      <mem type="allocate" free="0" total="54984704" percent="0" />
      <mem type="survivor" free="0" total="12124160" percent="0" />
    </mem>
    <mem type="tenure" free="153431000" total="201326592" percent="76">
      <mem type="soa" free="143364056" total="191259648" percent="74" />
      <mem type="loa" free="10066944" total="10066944" percent="100" />
    </mem>
    <remembered-set count="1388" />
  </mem-info>
</gc-start>
<allocation-stats totalBytes="50912752" discardedBytes="144400" >
  <allocated-bytes non-tlh="1046808" tlh="49865944" />
  <largest-consumer threadName="included builds" threadId="0000000000B64800" bytes="14470080" />
</allocation-stats>
<gc-op id="1393" type="scavenge" timems="4.269" contextid="1390" timestamp="2026-09-06T14:40:04.994">
  <scavenger-info tenureage="14" tenuremask="4000" tiltratio="81" />
  <memory-copied type="nursery" objects="149292" bytes="6605224" bytesdiscarded="177680" />
  <finalization candidates="22" enqueued="1" />
  <ownableSynchronizers candidates="9249" cleared="8849" />
  <references type="soft" candidates="7" cleared="0" enqueued="0" dynamicThreshold="24" maxThreshold="32" />
  <references type="weak" candidates="862" cleared="86" enqueued="9" />
  <references type="phantom" candidates="3298" cleared="3107" enqueued="3107" />
  <object-monitors candidates="12" cleared="1"  />
</gc-op>
<gc-end id="1394" type="scavenge" contextid="1390" durationms="4.988" usertimems="20.980" systemtimems="0.000" stalltimems="9.059" timestamp="2026-09-06T14:40:04.995" activeThreads="8">
  <mem-info id="1395" free="201939264" total="268435456" percent="75">
    <mem type="nursery" free="48508264" total="67108864" percent="72">
      <mem type="allocate" free="48508264" total="55312384" percent="87" />
      <mem type="survivor" free="0" total="11796480" percent="0" />
    </mem>
    <mem type="tenure" free="153431000" total="201326592" percent="76" macro-fragmented="117440512">
      <mem type="soa" free="143364056" total="191259648" percent="74" />
      <mem type="loa" free="10066944" total="10066944" percent="100" />
    </mem>
    <pending-finalizers system="0" default="1" reference="3116" classloader="0" />
    <remembered-set count="1141" />
  </mem-info>
</gc-end>
<cycle-end id="1396" type="scavenge" contextid="1390" timestamp="2026-09-06T14:40:04.995" />
<allocation-satisfied id="1397" threadId="000000000127EA00" bytesRequested="8200" />
<af-end id="1398" timestamp="2026-09-06T14:40:04.995" threadId="000000000127F4C0" success="true" from="nursery"/>
<exclusive-end id="1399" timestamp="2026-09-06T14:40:04.995" durationms="5.770" />

<exclusive-start id="1400" timestamp="2026-09-06T14:42:11.185" intervalms="126195.841">
  <response-info timems="0.043" idlems="0.043" threads="0" lastid="0000000001282700" lastname="Execution worker Thread 9" />
</exclusive-start>
<af-start id="1401" threadId="00000000012831C0" totalBytesRequested="1032" timestamp="2026-09-06T14:42:11.185" intervalms="126195.999" type="nursery" />
<cycle-start id="1402" type="scavenge" contextid="0" timestamp="2026-09-06T14:42:11.186" intervalms="126196.069" />
<gc-start id="1403" type="scavenge" contextid="1402" timestamp="2026-09-06T14:42:11.186">
  <mem-info id="1404" free="153423064" total="268435456" percent="57">
    <mem type="nursery" free="0" total="67108864" percent="0">
      <mem type="allocate" free="0" total="55312384" percent="0" />
      <mem type="survivor" free="0" total="11796480" percent="0" />
    </mem>
    <mem type="tenure" free="153423064" total="201326592" percent="76">
      <mem type="soa" free="143356120" total="191259648" percent="74" />
      <mem type="loa" free="10066944" total="10066944" percent="100" />
    </mem>
    <remembered-set count="1517" />
  </mem-info>
</gc-start>
<allocation-stats totalBytes="48301912" discardedBytes="214288" >
  <allocated-bytes non-tlh="985312" tlh="47316600" />
  <largest-consumer threadName="Daemon worker Thread 28" threadId="000000000100AE00" bytes="14853504" />
</allocation-stats>
<gc-op id="1405" type="scavenge" timems="4.484" contextid="1402" timestamp="2026-09-06T14:42:11.191">
  <scavenger-info tenureage="14" tenuremask="4000" tiltratio="82" />
  <memory-copied type="nursery" objects="104570" bytes="4193304" bytesdiscarded="212080" />
  <finalization candidates="92" enqueued="92" />
  <ownableSynchronizers candidates="1479" cleared="1056" />
  <references type="soft" candidates="1" cleared="0" enqueued="0" dynamicThreshold="24" maxThreshold="32" />
  <references type="weak" candidates="300" cleared="96" enqueued="86" />
  <references type="phantom" candidates="2955" cleared="2923" enqueued="2923" />
  <object-monitors candidates="13" cleared="2"  />
</gc-op>
<gc-end id="1406" type="scavenge" contextid="1402" durationms="5.177" usertimems="14.517" systemtimems="0.236" stalltimems="19.230" timestamp="2026-09-06T14:42:11.191" activeThreads="10">
  <mem-info id="1407" free="205167344" total="268435456" percent="76">
    <mem type="nursery" free="51744280" total="67108864" percent="77">
      <mem type="allocate" free="51744280" total="56164352" percent="92" />
      <mem type="survivor" free="0" total="10944512" percent="0" />
    </mem>
    <mem type="tenure" free="153423064" total="201326592" percent="76" macro-fragmented="117440512">
      <mem type="soa" free="143356120" total="191259648" percent="74" />
      <mem type="loa" free="10066944" total="10066944" percent="100" />
    </mem>
    <pending-finalizers system="47" default="45" reference="3009" classloader="0" />
    <remembered-set count="1285" />
  </mem-info>
</gc-end>
<cycle-end id="1408" type="scavenge" contextid="1402" timestamp="2026-09-06T14:42:11.192" />
<allocation-satisfied id="1409" threadId="0000000001282700" bytesRequested="1032" />
<af-end id="1410" timestamp="2026-09-06T14:42:11.192" threadId="00000000012831C0" success="true" from="nursery"/>
<exclusive-end id="1411" timestamp="2026-09-06T14:42:11.192" durationms="6.458" />

<exclusive-start id="1412" timestamp="2026-09-06T14:44:04.036" intervalms="112851.462">
  <response-info timems="0.124" idlems="0.124" threads="0" lastid="00000000001A7100" lastname="VM Runtime State Listener" />
</exclusive-start>
<sys-start reason="vm idle" id="1413" timestamp="2026-09-06T14:44:04.039" intervalms="292969.900" />
<cycle-start id="1414" type="global" contextid="0" timestamp="2026-09-06T14:44:04.039" intervalms="292969.693" />
<gc-start id="1415" type="global" contextid="1414" timestamp="2026-09-06T14:44:04.045">
  <mem-info id="1416" free="157402080" total="268435456" percent="58">
    <mem type="nursery" free="4000912" total="67108864" percent="5">
      <mem type="allocate" free="4000912" total="56164352" percent="7" />
      <mem type="survivor" free="0" total="10944512" percent="0" />
    </mem>
    <mem type="tenure" free="153401168" total="201326592" percent="76">
      <mem type="soa" free="143334224" total="191259648" percent="74" />
      <mem type="loa" free="10066944" total="10066944" percent="100" />
    </mem>
    <remembered-set count="1920" />
  </mem-info>
</gc-start>
<allocation-stats totalBytes="47665216" discardedBytes="99288" >
  <allocated-bytes non-tlh="372368" tlh="47292848" />
  <largest-consumer threadName="Cache worker for journal cache (/gradle/caches/journal-1)" threadId="00000000006BF600" bytes="670648" />
</allocation-stats>
<gc-op id="1417" type="mark" timems="19.774" contextid="1414" timestamp="2026-09-06T14:44:04.065">
  <trace-info objectcount="957506" scancount="835686" scanbytes="27961296" />
  <finalization candidates="1155" enqueued="193" />
  <ownableSynchronizers candidates="4797" cleared="555" />
  <references type="soft" candidates="25885" cleared="0" enqueued="0" dynamicThreshold="24" maxThreshold="32" />
  <references type="weak" candidates="25894" cleared="96" enqueued="90" />
  <references type="phantom" candidates="2181" cleared="280" enqueued="280" />
  <stringconstants candidates="45188" cleared="63"  />
  <object-monitors candidates="12" cleared="1"  />
</gc-op>
<gc-op id="1418" type="classunload" timems="0.124" contextid="1414" timestamp="2026-09-06T14:44:04.066">
  <classunload-info classloadercandidates="18" classloadersunloaded="4" classesunloaded="0" anonymousclassesunloaded="0" quiescems="0.000" setupms="0.105" scanms="0.013" postms="0.005" />
</gc-op>
<gc-op id="1419" type="sweep" timems="0.807" contextid="1414" timestamp="2026-09-06T14:44:04.067" />
<gc-end id="1420" type="global" contextid="1414" durationms="27.498" usertimems="119.192" systemtimems="10.133" stalltimems="65.342" timestamp="2026-09-06T14:44:04.073" activeThreads="10">
  <mem-info id="1421" free="204090600" total="268435456" percent="76">
    <mem type="nursery" free="50676112" total="67108864" percent="75">
      <mem type="allocate" free="50676112" total="56164352" percent="90" />
      <mem type="survivor" free="0" total="10944512" percent="0" />
    </mem>
    <mem type="tenure" free="153414488" total="201326592" percent="76" micro-fragmented="46501" macro-fragmented="134217728">
      <mem type="soa" free="143347544" total="191259648" percent="74" />
      <mem type="loa" free="10066944" total="10066944" percent="100" />
    </mem>
    <pending-finalizers system="149" default="44" reference="370" classloader="0" />
    <remembered-set count="1589" />
  </mem-info>
</gc-end>
<cycle-end id="1422" type="global" contextid="1414" timestamp="2026-09-06T14:44:04.073" />
<sys-end id="1423" timestamp="2026-09-06T14:44:04.073" />
<exclusive-end id="1424" timestamp="2026-09-06T14:44:04.073" durationms="36.742" />

<heap-resize id="1425" type="release free pages" space="tenure" amount="153387008" count="1" timems="0.010" reason="idle" timestamp="2026-09-06T14:44:04.073" />
<exclusive-start id="1426" timestamp="2026-09-06T14:44:35.371" intervalms="31333.631">
  <response-info timems="0.028" idlems="0.028" threads="0" lastid="000000000124D700" lastname="Execution worker Thread 7" />
</exclusive-start>
<af-start id="1427" threadId="000000000124E1C0" totalBytesRequested="56" timestamp="2026-09-06T14:44:35.371" intervalms="144184.928" type="nursery" />
<cycle-start id="1428" type="scavenge" contextid="0" timestamp="2026-09-06T14:44:35.371" intervalms="144184.858" />
<gc-start id="1429" type="scavenge" contextid="1428" timestamp="2026-09-06T14:44:35.372">
  <mem-info id="1430" free="153407496" total="268435456" percent="57">
    <mem type="nursery" free="0" total="67108864" percent="0">
      <mem type="allocate" free="0" total="56164352" percent="0" />
      <mem type="survivor" free="0" total="10944512" percent="0" />
    </mem>
    <mem type="tenure" free="153407496" total="201326592" percent="76">
      <mem type="soa" free="143340552" total="191259648" percent="74" />
      <mem type="loa" free="10066944" total="10066944" percent="100" />
    </mem>
    <remembered-set count="1842" />
  </mem-info>
</gc-start>
<allocation-stats totalBytes="50282312" discardedBytes="396776" >
  <allocated-bytes non-tlh="2354296" tlh="47928016" />
  <largest-consumer threadName="Execution worker Thread 5" threadId="0000000000580D00" bytes="14763952" />
</allocation-stats>
<gc-op id="1431" type="scavenge" timems="5.721" contextid="1428" timestamp="2026-09-06T14:44:35.378">
  <scavenger-info tenureage="14" tenuremask="4000" tiltratio="83" />
  <memory-copied type="nursery" objects="148839" bytes="6525136" bytesdiscarded="280376" />
  <finalization candidates="17" enqueued="1" />
  <ownableSynchronizers candidates="9252" cleared="8849" />
  <references type="soft" candidates="7" cleared="0" enqueued="0" dynamicThreshold="24" maxThreshold="32" />
  <references type="weak" candidates="865" cleared="86" enqueued="9" />
  <references type="phantom" candidates="3296" cleared="3115" enqueued="3115" />
  <object-monitors candidates="12" cleared="1"  />
</gc-op>
<gc-end id="1432" type="scavenge" contextid="1428" durationms="6.343" usertimems="19.323" systemtimems="0.674" stalltimems="28.864" timestamp="2026-09-06T14:44:35.379" activeThreads="10">
  <mem-info id="1433" free="203400552" total="268435456" percent="75">
    <mem type="nursery" free="49993056" total="67108864" percent="74">
      <mem type="allocate" free="49993056" total="56819712" percent="87" />
      <mem type="survivor" free="0" total="10289152" percent="0" />
    </mem>
    <mem type="tenure" free="153407496" total="201326592" percent="76" macro-fragmented="83886080">
      <mem type="soa" free="143340552" total="191259648" percent="74" />
      <mem type="loa" free="10066944" total="10066944" percent="100" />
    </mem>
    <pending-finalizers system="0" default="1" reference="3124" classloader="0" />
    <remembered-set count="1528" />
  </mem-info>
</gc-end>
<cycle-end id="1434" type="scavenge" contextid="1428" timestamp="2026-09-06T14:44:35.379" />
<allocation-satisfied id="1435" threadId="000000000124D700" bytesRequested="56" />
<af-end id="1436" timestamp="2026-09-06T14:44:35.379" threadId="000000000124E1C0" success="true" from="nursery"/>
<exclusive-end id="1437" timestamp="2026-09-06T14:44:35.379" durationms="8.432" />

<exclusive-start id="1438" timestamp="2026-09-06T14:45:02.084" intervalms="26713.760">
  <response-info timems="0.026" idlems="0.026" threads="0" lastid="0000000001273300" lastname="Execution worker Thread 3" />
</exclusive-start>
<af-start id="1439" threadId="0000000001273DC0" totalBytesRequested="48" timestamp="2026-09-06T14:45:02.085" intervalms="26713.973" type="nursery" />
<cycle-start id="1440" type="scavenge" contextid="0" timestamp="2026-09-06T14:45:02.085" intervalms="26713.980" />
<gc-start id="1441" type="scavenge" contextid="1440" timestamp="2026-09-06T14:45:02.088">
  <mem-info id="1442" free="153403696" total="268435456" percent="57">
    <mem type="nursery" free="0" total="67108864" percent="0">
      <mem type="allocate" free="0" total="56819712" percent="0" />
      <mem type="survivor" free="0" total="10289152" percent="0" />
    </mem>
    <mem type="tenure" free="153403696" total="201326592" percent="76">
      <mem type="soa" free="143336752" total="191259648" percent="74" />
      <mem type="loa" free="10066944" total="10066944" percent="100" />
    </mem>
    <remembered-set count="1811" />
  </mem-info>
</gc-start>
<allocation-stats totalBytes="49907472" discardedBytes="87880" >
  <allocated-bytes non-tlh="1012840" tlh="48894632" />
  <largest-consumer threadName="Daemon worker Thread 29" threadId="000000000101CD00" bytes="13401600" />
</allocation-stats>
<gc-op id="1443" type="scavenge" timems="3.532" contextid="1440" timestamp="2026-09-06T14:45:02.091">
  <scavenger-info tenureage="14" tenuremask="4000" tiltratio="84" />
  <memory-copied type="nursery" objects="107653" bytes="4315792" bytesdiscarded="203464" />
  <memory-copied type="tenure" objects="46" bytes="1456" bytesdiscarded="216" />
  <finalization candidates="45" enqueued="45" />
  <ownableSynchronizers candidates="1536" cleared="1104" />
  <references type="soft" candidates="2" cleared="0" enqueued="0" dynamicThreshold="24" maxThreshold="32" />
  <references type="weak" candidates="355" cleared="49" enqueued="14" />
  <references type="phantom" candidates="3063" cleared="3031" enqueued="3031" />
  <object-monitors candidates="13" cleared="2"  />
</gc-op>
<gc-end id="1444" type="scavenge" contextid="1440" durationms="4.182" usertimems="15.598" systemtimems="1.159" stalltimems="11.079" timestamp="2026-09-06T14:45:02.092" activeThreads="9">
  <mem-info id="1445" free="206235928" total="268435456" percent="76">
    <mem type="nursery" free="52874904" total="67108864" percent="78">
      <mem type="allocate" free="52874904" total="57409536" percent="92" />
      <mem type="survivor" free="0" total="9699328" percent="0" />
    </mem>
    <mem type="tenure" free="153361024" total="201326592" percent="76" macro-fragmented="83886080">
      <mem type="soa" free="143294080" total="191259648" percent="74" />
      <mem type="loa" free="10066944" total="10066944" percent="100" />
    </mem>
    <pending-finalizers system="0" default="45" reference="3045" classloader="0" />
    <remembered-set count="1571" />
  </mem-info>
</gc-end>
<cycle-end id="1446" type="scavenge" contextid="1440" timestamp="2026-09-06T14:45:02.092" />
<allocation-satisfied id="1447" threadId="0000000001273300" bytesRequested="48" />
<af-end id="1448" timestamp="2026-09-06T14:45:02.092" threadId="0000000001273DC0" success="true" from="nursery"/>
<exclusive-end id="1449" timestamp="2026-09-06T14:45:02.092" durationms="8.000" />

<exclusive-start id="1450" timestamp="2026-09-06T14:45:19.947" intervalms="17862.673">
  <response-info timems="0.033" idlems="0.033" threads="0" lastid="0000000000582E00" lastname="Build operations Thread 4" />
</exclusive-start>
<af-start id="1451" threadId="00000000005838C0" totalBytesRequested="16" timestamp="2026-09-06T14:45:19.947" intervalms="17862.669" type="nursery" />
<cycle-start id="1452" type="scavenge" contextid="0" timestamp="2026-09-06T14:45:19.947" intervalms="17862.670" />
<gc-start id="1453" type="scavenge" contextid="1452" timestamp="2026-09-06T14:45:19.948">
  <mem-info id="1454" free="153355960" total="268435456" percent="57">
    <mem type="nursery" free="0" total="67108864" percent="0">
      <mem type="allocate" free="0" total="57409536" percent="0" />
      <mem type="survivor" free="0" total="9699328" percent="0" />
    </mem>
    <mem type="tenure" free="153355960" total="201326592" percent="76">
      <mem type="soa" free="143289016" total="191259648" percent="74" />
      <mem type="loa" free="10066944" total="10066944" percent="100" />
    </mem>
    <remembered-set count="1917" />
  </mem-info>
</gc-start>
<allocation-stats totalBytes="52818384" discardedBytes="61584" >
  <allocated-bytes non-tlh="540048" tlh="52278336" />
  <largest-consumer threadName="Daemon worker Thread 29" threadId="000000000101CD00" bytes="11043712" />
</allocation-stats>
<gc-op id="1455" type="scavenge" timems="4.669" contextid="1452" timestamp="2026-09-06T14:45:19.952">
  <scavenger-info tenureage="14" tenuremask="4000" tiltratio="85" />
  <memory-copied type="nursery" objects="80076" bytes="3237952" bytesdiscarded="213648" />
  <finalization candidates="44" enqueued="44" />
  <ownableSynchronizers candidates="1577" cleared="1150" />
  <references type="weak" candidates="310" cleared="124" enqueued="88" />
  <references type="phantom" candidates="801" cleared="781" enqueued="781" />
  <object-monitors candidates="12" cleared="2"  />
</gc-op>
<gc-end id="1456" type="scavenge" contextid="1452" durationms="5.460" usertimems="11.440" systemtimems="1.043" stalltimems="7.153" timestamp="2026-09-06T14:45:19.953" activeThreads="8">
  <mem-info id="1457" free="208219704" total="268435456" percent="77">
    <mem type="nursery" free="54863744" total="67108864" percent="81">
      <mem type="allocate" free="54863744" total="58327040" percent="94" />
      <mem type="survivor" free="0" total="8781824" percent="0" />
    </mem>
    <mem type="tenure" free="153355960" total="201326592" percent="76" macro-fragmented="134217728">
      <mem type="soa" free="143289016" total="191259648" percent="74" />
      <mem type="loa" free="10066944" total="10066944" percent="100" />
    </mem>
    <pending-finalizers system="0" default="44" reference="869" classloader="0" />
    <remembered-set count="1542" />
  </mem-info>
</gc-end>
<cycle-end id="1458" type="scavenge" contextid="1452" timestamp="2026-09-06T14:45:19.954" />
<allocation-satisfied id="1459" threadId="0000000000582E00" bytesRequested="16" />
<af-end id="1460" timestamp="2026-09-06T14:45:19.954" threadId="00000000005838C0" success="true" from="nursery"/>
<exclusive-end id="1461" timestamp="2026-09-06T14:45:19.954" durationms="6.798" />

<exclusive-start id="1462" timestamp="2026-09-06T14:45:20.285" intervalms="338.594">
  <response-info timems="0.018" idlems="0.018" threads="0" lastid="000000000127B900" lastname="Problems report writer" />
</exclusive-start>
<af-start id="1463" threadId="000000000127C3C0" totalBytesRequested="213336" timestamp="2026-09-06T14:45:20.286" intervalms="338.383" type="nursery" />
<cycle-start id="1464" type="scavenge" contextid="0" timestamp="2026-09-06T14:45:20.286" intervalms="338.393" />
<gc-start id="1465" type="scavenge" contextid="1464" timestamp="2026-09-06T14:45:20.286">
  <mem-info id="1466" free="153502336" total="268435456" percent="57">
    <mem type="nursery" free="153736" total="67108864" percent="0">
      <mem type="allocate" free="153736" total="58327040" percent="0" />
      <mem type="survivor" free="0" total="8781824" percent="0" />
    </mem>
    <mem type="tenure" free="153348600" total="201326592" percent="76">
      <mem type="soa" free="143281656" total="191259648" percent="74" />
      <mem type="loa" free="10066944" total="10066944" percent="100" />
    </mem>
    <remembered-set count="1844" />
  </mem-info>
</gc-start>
<allocation-stats totalBytes="54628792" discardedBytes="88576" >
  <allocated-bytes non-tlh="1239992" tlh="53388800" />
  <largest-consumer threadName="Execution worker Thread 9" threadId="0000000001282700" bytes="25622896" />
</allocation-stats>
<gc-op id="1467" type="scavenge" timems="2.849" contextid="1464" timestamp="2026-09-06T14:45:20.289">
  <scavenger-info tenureage="14" tenuremask="4000" tiltratio="86" />
  <memory-copied type="nursery" objects="128963" bytes="5119640" bytesdiscarded="134160" />
  <memory-copied type="tenure" objects="64" bytes="1936" bytesdiscarded="0" />
  <finalization candidates="45" enqueued="45" />
  <ownableSynchronizers candidates="1017" cleared="573" />
  <references type="soft" candidates="2" cleared="0" enqueued="0" dynamicThreshold="24" maxThreshold="32" />
  <references type="weak" candidates="376" cleared="19" enqueued="18" />
  <references type="phantom" candidates="2602" cleared="2559" enqueued="2559" />
  <object-monitors candidates="11" cleared="0"  />
</gc-op>
<gc-end id="1468" type="scavenge" contextid="1464" durationms="3.110" usertimems="16.732" systemtimems="0.000" stalltimems="12.028" timestamp="2026-09-06T14:45:20.290" activeThreads="10">
  <mem-info id="1469" free="206467688" total="268435456" percent="76">
    <mem type="nursery" free="53186104" total="67108864" percent="79">
      <mem type="allocate" free="53186104" total="58458112" percent="90" />
      <mem type="survivor" free="0" total="8650752" percent="0" />
    </mem>
    <mem type="tenure" free="153281584" total="201326592" percent="76" macro-fragmented="50331648">
      <mem type="soa" free="143214640" total="191259648" percent="74" />
      <mem type="loa" free="10066944" total="10066944" percent="100" />
    </mem>
    <pending-finalizers system="0" default="45" reference="2577" classloader="0" />
    <remembered-set count="1656" />
  </mem-info>
</gc-end>
<cycle-end id="1470" type="scavenge" contextid="1464" timestamp="2026-09-06T14:45:20.290" />
<allocation-satisfied id="1471" threadId="000000000127B900" bytesRequested="213336" />
<af-end id="1472" timestamp="2026-09-06T14:45:20.290" threadId="000000000127C3C0" success="true" from="nursery"/>
<exclusive-end id="1473" timestamp="2026-09-06T14:45:20.290" durationms="4.431" />

<exclusive-start id="1474" timestamp="2026-09-06T14:45:29.173" intervalms="8887.533">
  <response-info timems="0.041" idlems="0.041" threads="0" lastid="000000000055F000" lastname="Execution worker Thread 5" />
</exclusive-start>
<af-start id="1475" threadId="000000000055FAC0" totalBytesRequested="44072" timestamp="2026-09-06T14:45:29.173" intervalms="8887.550" type="nursery" />
<cycle-start id="1476" type="scavenge" contextid="0" timestamp="2026-09-06T14:45:29.173" intervalms="8887.538" />
<gc-start id="1477" type="scavenge" contextid="1476" timestamp="2026-09-06T14:45:29.174">
  <mem-info id="1478" free="153274224" total="268435456" percent="57">
    <mem type="nursery" free="0" total="67108864" percent="0">
      <mem type="allocate" free="0" total="58458112" percent="0" />
      <mem type="survivor" free="0" total="8650752" percent="0" />
    </mem>
    <mem type="tenure" free="153274224" total="201326592" percent="76">
      <mem type="soa" free="143207280" total="191259648" percent="74" />
      <mem type="loa" free="10066944" total="10066944" percent="100" />
    </mem>
    <remembered-set count="2071" />
  </mem-info>
</gc-start>
<allocation-stats totalBytes="53053768" discardedBytes="139696" >
  <allocated-bytes non-tlh="1387472" tlh="51666296" />
  <largest-consumer threadName="Daemon worker Thread 29" threadId="000000000101CD00" bytes="13696000" />
</allocation-stats>
<gc-op id="1479" type="scavenge" timems="3.336" contextid="1476" timestamp="2026-09-06T14:45:29.177">
  <scavenger-info tenureage="14" tenuremask="4000" tiltratio="87" />
  <memory-copied type="nursery" objects="158684" bytes="7084384" bytesdiscarded="246888" />
  <memory-copied type="tenure" objects="47" bytes="1472" bytesdiscarded="0" />
  <finalization candidates="40" enqueued="1" />
  <ownableSynchronizers candidates="1598" cleared="1158" />
  <references type="soft" candidates="7" cleared="0" enqueued="0" dynamicThreshold="24" maxThreshold="32" />
  <references type="weak" candidates="924" cleared="112" enqueued="9" />
  <references type="phantom" candidates="3340" cleared="3114" enqueued="3114" />
  <object-monitors candidates="13" cleared="2"  />
</gc-op>
<gc-end id="1480" type="scavenge" contextid="1476" durationms="3.806" usertimems="21.932" systemtimems="0.842" stalltimems="7.008" timestamp="2026-09-06T14:45:29.177" activeThreads="9">
  <mem-info id="1481" free="202818096" total="268435456" percent="75">
    <mem type="nursery" free="49728960" total="67108864" percent="74">
      <mem type="allocate" free="49728960" total="57081856" percent="87" />
      <mem type="survivor" free="0" total="10027008" percent="0" />
    </mem>
    <mem type="tenure" free="153089136" total="201326592" percent="76" macro-fragmented="117440512">
      <mem type="soa" free="143022192" total="191259648" percent="74" />
      <mem type="loa" free="10066944" total="10066944" percent="100" />
    </mem>
    <pending-finalizers system="0" default="1" reference="3123" classloader="0" />
    <remembered-set count="1696" />
  </mem-info>
</gc-end>
<cycle-end id="1482" type="scavenge" contextid="1476" timestamp="2026-09-06T14:45:29.178" />
<allocation-satisfied id="1483" threadId="000000000055F000" bytesRequested="44072" />
<af-end id="1484" timestamp="2026-09-06T14:45:29.178" threadId="000000000055FAC0" success="true" from="nursery"/>
<exclusive-end id="1485" timestamp="2026-09-06T14:45:29.178" durationms="4.621" />

<exclusive-start id="1486" timestamp="2026-09-06T14:46:32.173" intervalms="63000.644">
  <response-info timems="0.021" idlems="0.021" threads="0" lastid="000000000057F100" lastname="Execution worker" />
</exclusive-start>
<af-start id="1487" threadId="000000000057FBC0" totalBytesRequested="136" timestamp="2026-09-06T14:46:32.174" intervalms="63000.629" type="nursery" />
<cycle-start id="1488" type="scavenge" contextid="0" timestamp="2026-09-06T14:46:32.174" intervalms="63000.640" />
<gc-start id="1489" type="scavenge" contextid="1488" timestamp="2026-09-06T14:46:32.174">
  <mem-info id="1490" free="153086840" total="268435456" percent="57">
    <mem type="nursery" free="0" total="67108864" percent="0">
      <mem type="allocate" free="0" total="57081856" percent="0" />
      <mem type="survivor" free="0" total="10027008" percent="0" />
    </mem>
    <mem type="tenure" free="153086840" total="201326592" percent="76">
      <mem type="soa" free="143019896" total="191259648" percent="74" />
      <mem type="loa" free="10066944" total="10066944" percent="100" />
    </mem>
    <remembered-set count="1992" />
  </mem-info>
</gc-start>
<allocation-stats totalBytes="49608056" discardedBytes="123200" >
  <allocated-bytes non-tlh="1056856" tlh="48551200" />
  <largest-consumer threadName="Daemon worker Thread 30" threadId="0000000000A9B900" bytes="13410704" />
</allocation-stats>
<gc-op id="1491" type="scavenge" timems="4.509" contextid="1488" timestamp="2026-09-06T14:46:32.179">
  <scavenger-info tenureage="14" tenuremask="4000" tiltratio="85" />
  <memory-copied type="nursery" objects="111827" bytes="4595744" bytesdiscarded="147368" />
  <memory-copied type="tenure" objects="38" bytes="1616" bytesdiscarded="0" />
  <finalization candidates="45" enqueued="45" />
  <ownableSynchronizers candidates="1561" cleared="1118" />
  <references type="soft" candidates="2" cleared="0" enqueued="0" dynamicThreshold="24" maxThreshold="32" />
  <references type="weak" candidates="347" cleared="20" enqueued="10" />
  <references type="phantom" candidates="3060" cleared="3027" enqueued="3027" />
  <object-monitors candidates="13" cleared="2"  />
</gc-op>
<gc-end id="1492" type="scavenge" contextid="1488" durationms="5.197" usertimems="9.036" systemtimems="4.312" stalltimems="21.094" timestamp="2026-09-06T14:46:32.179" activeThreads="10">
  <mem-info id="1493" free="205783168" total="268435456" percent="76">
    <mem type="nursery" free="52717064" total="67108864" percent="78">
      <mem type="allocate" free="52717064" total="57475072" percent="91" />
      <mem type="survivor" free="0" total="9633792" percent="0" />
    </mem>
    <mem type="tenure" free="153066104" total="201326592" percent="76" macro-fragmented="0">
      <mem type="soa" free="142999160" total="191259648" percent="74" />
      <mem type="loa" free="10066944" total="10066944" percent="100" />
    </mem>
    <pending-finalizers system="0" default="45" reference="3037" classloader="0" />
    <remembered-set count="1582" />
  </mem-info>
</gc-end>
<cycle-end id="1494" type="scavenge" contextid="1488" timestamp="2026-09-06T14:46:32.179" />
<allocation-satisfied id="1495" threadId="000000000057F100" bytesRequested="136" />
<af-end id="1496" timestamp="2026-09-06T14:46:32.179" threadId="000000000057FBC0" success="true" from="nursery"/>
<exclusive-end id="1497" timestamp="2026-09-06T14:46:32.179" durationms="5.982" />

<exclusive-start id="1498" timestamp="2026-09-06T14:46:41.024" intervalms="8850.882">
  <response-info timems="0.043" idlems="0.029" threads="1" lastid="0000000000945F00" lastname="Build operations Thread 5" />
</exclusive-start>
<af-start id="1499" threadId="00000000005817C0" totalBytesRequested="24" timestamp="2026-09-06T14:46:41.027" intervalms="8853.904" type="nursery" />
<cycle-start id="1500" type="scavenge" contextid="0" timestamp="2026-09-06T14:46:41.027" intervalms="8853.910" />
<gc-start id="1501" type="scavenge" contextid="1500" timestamp="2026-09-06T14:46:41.028">
  <mem-info id="1502" free="153062848" total="268435456" percent="57">
    <mem type="nursery" free="0" total="67108864" percent="0">
      <mem type="allocate" free="0" total="57475072" percent="0" />
      <mem type="survivor" free="0" total="9633792" percent="0" />
    </mem>
    <mem type="tenure" free="153062848" total="201326592" percent="76">
      <mem type="soa" free="142995904" total="191259648" percent="74" />
      <mem type="loa" free="10066944" total="10066944" percent="100" />
    </mem>
    <remembered-set count="1880" />
  </mem-info>
</gc-start>
<allocation-stats totalBytes="52611792" discardedBytes="108528" >
  <allocated-bytes non-tlh="881728" tlh="51730064" />
  <largest-consumer threadName="Daemon worker Thread 30" threadId="0000000000A9B900" bytes="10926968" />
</allocation-stats>
<gc-op id="1503" type="scavenge" timems="4.428" contextid="1500" timestamp="2026-09-06T14:46:41.032">
  <scavenger-info tenureage="14" tenuremask="4000" tiltratio="85" />
  <memory-copied type="nursery" objects="89828" bytes="3585280" bytesdiscarded="135512" />
  <memory-copied type="tenure" objects="63" bytes="1920" bytesdiscarded="0" />
  <finalization candidates="44" enqueued="44" />
  <ownableSynchronizers candidates="1582" cleared="1198" />
  <references type="weak" candidates="325" cleared="129" enqueued="93" />
  <references type="phantom" candidates="1891" cleared="1870" enqueued="1870" />
  <object-monitors candidates="12" cleared="2"  />
</gc-op>
<gc-end id="1504" type="scavenge" contextid="1500" durationms="4.817" usertimems="14.680" systemtimems="0.000" stalltimems="14.821" timestamp="2026-09-06T14:46:41.033" activeThreads="10">
  <mem-info id="1505" free="207615784" total="268435456" percent="77">
    <mem type="nursery" free="54594408" total="67108864" percent="81">
      <mem type="allocate" free="54594408" total="58327040" percent="93" />
      <mem type="survivor" free="0" total="8781824" percent="0" />
    </mem>
    <mem type="tenure" free="153021376" total="201326592" percent="76" macro-fragmented="134217728">
      <mem type="soa" free="142954432" total="191259648" percent="74" />
      <mem type="loa" free="10066944" total="10066944" percent="100" />
    </mem>
    <pending-finalizers system="0" default="44" reference="1963" classloader="0" />
    <remembered-set count="1493" />
  </mem-info>
</gc-end>
<cycle-end id="1506" type="scavenge" contextid="1500" timestamp="2026-09-06T14:46:41.033" />
<allocation-satisfied id="1507" threadId="0000000000580D00" bytesRequested="24" />
<af-end id="1508" timestamp="2026-09-06T14:46:41.033" threadId="00000000005817C0" success="true" from="nursery"/>
<exclusive-end id="1509" timestamp="2026-09-06T14:46:41.033" durationms="8.663" />

<exclusive-start id="1510" timestamp="2026-09-06T14:46:50.010" intervalms="8985.738">
  <response-info timems="0.025" idlems="0.025" threads="0" lastid="0000000000A9B900" lastname="Daemon worker Thread 30" />
</exclusive-start>
<af-start id="1511" threadId="0000000000A9C3C0" totalBytesRequested="40" timestamp="2026-09-06T14:46:50.010" intervalms="8982.748" type="nursery" />
<cycle-start id="1512" type="scavenge" contextid="0" timestamp="2026-09-06T14:46:50.010" intervalms="8982.749" />
<gc-start id="1513" type="scavenge" contextid="1512" timestamp="2026-09-06T14:46:50.010">
  <mem-info id="1514" free="153015824" total="268435456" percent="57">
    <mem type="nursery" free="0" total="67108864" percent="0">
      <mem type="allocate" free="0" total="58327040" percent="0" />
      <mem type="survivor" free="0" total="8781824" percent="0" />
    </mem>
    <mem type="tenure" free="153015824" total="201326592" percent="76">
      <mem type="soa" free="142948880" total="191259648" percent="74" />
      <mem type="loa" free="10066944" total="10066944" percent="100" />
    </mem>
    <remembered-set count="1866" />
  </mem-info>
</gc-start>
<allocation-stats totalBytes="54490008" discardedBytes="109952" >
  <allocated-bytes non-tlh="931976" tlh="53558032" />
  <largest-consumer threadName="Daemon worker Thread 30" threadId="0000000000A9B900" bytes="4523696" />
</allocation-stats>
<gc-op id="1515" type="scavenge" timems="2.698" contextid="1512" timestamp="2026-09-06T14:46:50.013">
  <scavenger-info tenureage="14" tenuremask="4000" tiltratio="86" />
  <memory-copied type="nursery" objects="40179" bytes="2239592" bytesdiscarded="193168" />
  <memory-copied type="tenure" objects="39" bytes="1216" bytesdiscarded="0" />
  <finalization candidates="45" enqueued="45" />
  <ownableSynchronizers candidates="1236" cleared="891" />
  <references type="weak" candidates="268" cleared="128" enqueued="92" />
  <references type="phantom" candidates="1508" cleared="1499" enqueued="1499" />
  <object-monitors candidates="12" cleared="2"  />
</gc-op>
<gc-end id="1516" type="scavenge" contextid="1512" durationms="3.373" usertimems="6.203" systemtimems="2.401" stalltimems="17.891" timestamp="2026-09-06T14:46:50.014" activeThreads="10">
  <mem-info id="1517" free="209787040" total="268435456" percent="78">
    <mem type="nursery" free="56874128" total="67108864" percent="84">
      <mem type="allocate" free="56874128" total="59310080" percent="95" />
      <mem type="survivor" free="0" total="7798784" percent="0" />
    </mem>
    <mem type="tenure" free="152912912" total="201326592" percent="75" macro-fragmented="100663296">
      <mem type="soa" free="142845968" total="191259648" percent="74" />
      <mem type="loa" free="10066944" total="10066944" percent="100" />
    </mem>
    <pending-finalizers system="0" default="45" reference="1591" classloader="0" />
    <remembered-set count="1553" />
  </mem-info>
</gc-end>
<cycle-end id="1518" type="scavenge" contextid="1512" timestamp="2026-09-06T14:46:50.014" />
<allocation-satisfied id="1519" threadId="0000000000A9B900" bytesRequested="40" />
<af-end id="1520" timestamp="2026-09-06T14:46:50.014" threadId="0000000000A9C3C0" success="true" from="nursery"/>
<exclusive-end id="1521" timestamp="2026-09-06T14:46:50.014" durationms="4.229" />

<exclusive-start id="1522" timestamp="2026-09-06T14:46:50.285" intervalms="275.275">
  <response-info timems="0.021" idlems="0.021" threads="0" lastid="0000000000580D00" lastname="included builds" />
</exclusive-start>
<af-start id="1523" threadId="00000000005817C0" totalBytesRequested="12712" timestamp="2026-09-06T14:46:50.285" intervalms="275.252" type="nursery" />
<cycle-start id="1524" type="scavenge" contextid="0" timestamp="2026-09-06T14:46:50.285" intervalms="275.240" />
<gc-start id="1525" type="scavenge" contextid="1524" timestamp="2026-09-06T14:46:50.287">
  <mem-info id="1526" free="152906576" total="268435456" percent="56">
    <mem type="nursery" free="0" total="67108864" percent="0">
      <mem type="allocate" free="0" total="59310080" percent="0" />
      <mem type="survivor" free="0" total="7798784" percent="0" />
    </mem>
    <mem type="tenure" free="152906576" total="201326592" percent="75">
      <mem type="soa" free="142839632" total="191259648" percent="74" />
      <mem type="loa" free="10066944" total="10066944" percent="100" />
    </mem>
    <remembered-set count="1818" />
  </mem-info>
</gc-start>
<allocation-stats totalBytes="56777688" discardedBytes="102776" >
  <allocated-bytes non-tlh="1164952" tlh="55612736" />
  <largest-consumer threadName="included builds" threadId="0000000000580D00" bytes="20659840" />
</allocation-stats>
<gc-op id="1527" type="scavenge" timems="4.155" contextid="1524" timestamp="2026-09-06T14:46:50.291">
  <scavenger-info tenureage="14" tenuremask="4000" tiltratio="88" />
  <memory-copied type="nursery" objects="187179" bytes="7775240" bytesdiscarded="2232" />
  <memory-copied type="tenure" objects="19167" bytes="1366296" bytesdiscarded="1096" />
  <copy-failed type="nursery" objects="19129" bytes="1365352" />
  <finalization candidates="45" enqueued="1" />
  <ownableSynchronizers candidates="1241" cleared="787" />
  <references type="soft" candidates="7" cleared="0" enqueued="0" dynamicThreshold="24" maxThreshold="32" />
  <references type="weak" candidates="5766" cleared="903" enqueued="9" />
  <references type="phantom" candidates="3319" cleared="3081" enqueued="3081" />
  <object-monitors candidates="11" cleared="0"  />
</gc-op>
<gc-end id="1528" type="scavenge" contextid="1524" durationms="4.667" usertimems="23.680" systemtimems="2.403" stalltimems="6.735" timestamp="2026-09-06T14:46:50.291" activeThreads="8">
  <mem-info id="1529" free="192658120" total="268435456" percent="71">
    <mem type="nursery" free="40960000" total="67108864" percent="61">
      <mem type="allocate" free="40960000" total="48758784" percent="84" />
      <mem type="survivor" free="0" total="18350080" percent="0" />
    </mem>
    <mem type="tenure" free="151698120" total="201326592" percent="75" macro-fragmented="0">
      <mem type="soa" free="141631176" total="191259648" percent="74" />
      <mem type="loa" free="10066944" total="10066944" percent="100" />
    </mem>
    <pending-finalizers system="0" default="1" reference="3090" classloader="0" />
    <remembered-set count="3579" />
  </mem-info>
</gc-end>
<cycle-end id="1530" type="scavenge" contextid="1524" timestamp="2026-09-06T14:46:50.292" />
<allocation-satisfied id="1531" threadId="0000000000580D00" bytesRequested="12712" />
<af-end id="1532" timestamp="2026-09-06T14:46:50.292" threadId="00000000005817C0" success="true" from="nursery"/>
<exclusive-end id="1533" timestamp="2026-09-06T14:46:50.292" durationms="6.680" />

<exclusive-start id="1534" timestamp="2026-09-06T14:47:08.225" intervalms="17939.801">
  <response-info timems="0.026" idlems="0.026" threads="0" lastid="0000000001273300" lastname="Execution worker Thread 8" />
</exclusive-start>
<af-start id="1535" threadId="0000000001273DC0" totalBytesRequested="24" timestamp="2026-09-06T14:47:08.225" intervalms="17939.956" type="nursery" />
<cycle-start id="1536" type="scavenge" contextid="0" timestamp="2026-09-06T14:47:08.225" intervalms="17939.944" />
<gc-start id="1537" type="scavenge" contextid="1536" timestamp="2026-09-06T14:47:08.226">
  <mem-info id="1538" free="151695824" total="268435456" percent="56">
    <mem type="nursery" free="0" total="67108864" percent="0">
      <mem type="allocate" free="0" total="48758784" percent="0" />
      <mem type="survivor" free="0" total="18350080" percent="0" />
    </mem>
    <mem type="tenure" free="151695824" total="201326592" percent="75">
      <mem type="soa" free="141628880" total="191259648" percent="74" />
      <mem type="loa" free="10066944" total="10066944" percent="100" />
    </mem>
    <remembered-set count="3917" />
  </mem-info>
</gc-start>
<allocation-stats totalBytes="40781184" discardedBytes="181112" >
  <allocated-bytes non-tlh="926808" tlh="39854376" />
  <largest-consumer threadName="Daemon worker Thread 30" threadId="0000000000A9B900" bytes="13768888" />
</allocation-stats>
<gc-op id="1539" type="scavenge" timems="6.136" contextid="1536" timestamp="2026-09-06T14:47:08.232">
  <scavenger-info tenureage="14" tenuremask="4000" tiltratio="72" />
  <memory-copied type="nursery" objects="279172" bytes="10016160" bytesdiscarded="246112" />
  <memory-copied type="tenure" objects="65" bytes="1984" bytesdiscarded="0" />
  <finalization candidates="40" enqueued="1" />
  <ownableSynchronizers candidates="1548" cleared="841" />
  <references type="soft" candidates="55" cleared="0" enqueued="0" dynamicThreshold="24" maxThreshold="32" />
  <references type="weak" candidates="615" cleared="30" enqueued="14" />
  <references type="phantom" candidates="3059" cleared="3027" enqueued="3027" />
  <object-monitors candidates="13" cleared="1"  />
</gc-op>
<gc-end id="1540" type="scavenge" contextid="1536" durationms="6.942" usertimems="31.172" systemtimems="1.179" stalltimems="14.327" timestamp="2026-09-06T14:47:08.233" activeThreads="9">
  <mem-info id="1541" free="194878904" total="268435456" percent="72">
    <mem type="nursery" free="43183080" total="67108864" percent="64">
      <mem type="allocate" free="43183080" total="53477376" percent="80" />
      <mem type="survivor" free="0" total="13631488" percent="0" />
    </mem>
    <mem type="tenure" free="151695824" total="201326592" percent="75" macro-fragmented="134217728">
      <mem type="soa" free="141628880" total="191259648" percent="74" />
      <mem type="loa" free="10066944" total="10066944" percent="100" />
    </mem>
    <pending-finalizers system="0" default="1" reference="3041" classloader="0" />
    <remembered-set count="3516" />
  </mem-info>
</gc-end>
<cycle-end id="1542" type="scavenge" contextid="1536" timestamp="2026-09-06T14:47:08.233" />
<allocation-satisfied id="1543" threadId="0000000001273300" bytesRequested="24" />
<af-end id="1544" timestamp="2026-09-06T14:47:08.233" threadId="0000000001273DC0" success="true" from="nursery"/>
<exclusive-end id="1545" timestamp="2026-09-06T14:47:08.233" durationms="7.962" />

<exclusive-start id="1546" timestamp="2026-09-06T14:47:35.057" intervalms="26832.155">
  <response-info timems="0.036" idlems="0.036" threads="0" lastid="0000000000A9B900" lastname="Daemon worker Thread 30" />
</exclusive-start>
<af-start id="1547" threadId="0000000000A9C3C0" totalBytesRequested="4104" timestamp="2026-09-06T14:47:35.058" intervalms="26832.239" type="nursery" />
<cycle-start id="1548" type="scavenge" contextid="0" timestamp="2026-09-06T14:47:35.058" intervalms="26832.261" />
<gc-start id="1549" type="scavenge" contextid="1548" timestamp="2026-09-06T14:47:35.058">
  <mem-info id="1550" free="151692448" total="268435456" percent="56">
    <mem type="nursery" free="0" total="67108864" percent="0">
      <mem type="allocate" free="0" total="53477376" percent="0" />
      <mem type="survivor" free="0" total="13631488" percent="0" />
    </mem>
    <mem type="tenure" free="151692448" total="201326592" percent="75">
      <mem type="soa" free="141625504" total="191259648" percent="74" />
      <mem type="loa" free="10066944" total="10066944" percent="100" />
    </mem>
    <remembered-set count="3822" />
  </mem-info>
</gc-start>
<allocation-stats totalBytes="43129424" discardedBytes="57032" >
  <allocated-bytes non-tlh="857088" tlh="42272336" />
  <largest-consumer threadName="Daemon worker Thread 30" threadId="0000000000A9B900" bytes="5182496" />
</allocation-stats>
<gc-op id="1551" type="scavenge" timems="6.613" contextid="1548" timestamp="2026-09-06T14:47:35.065">
  <scavenger-info tenureage="14" tenuremask="4000" tiltratio="79" />
  <memory-copied type="nursery" objects="204953" bytes="8340808" bytesdiscarded="151056" />
  <memory-copied type="tenure" objects="98" bytes="3464" bytesdiscarded="0" />
  <finalization candidates="84" enqueued="45" />
  <ownableSynchronizers candidates="1484" cleared="795" />
  <references type="soft" candidates="53" cleared="0" enqueued="0" dynamicThreshold="24" maxThreshold="32" />
  <references type="weak" candidates="572" cleared="177" enqueued="141" />
  <references type="phantom" candidates="223" cleared="212" enqueued="212" />
  <object-monitors candidates="13" cleared="2"  />
</gc-op>
<gc-end id="1552" type="scavenge" contextid="1548" durationms="6.939" usertimems="25.440" systemtimems="3.625" stalltimems="32.837" timestamp="2026-09-06T14:47:35.065" activeThreads="10">
  <mem-info id="1553" free="197114624" total="268435456" percent="73">
    <mem type="nursery" free="45422176" total="67108864" percent="67">
      <mem type="allocate" free="45422176" total="53936128" percent="84" />
      <mem type="survivor" free="0" total="13172736" percent="0" />
    </mem>
    <mem type="tenure" free="151692448" total="201326592" percent="75" macro-fragmented="134217728">
      <mem type="soa" free="141625504" total="191259648" percent="74" />
      <mem type="loa" free="10066944" total="10066944" percent="100" />
    </mem>
    <pending-finalizers system="1" default="44" reference="353" classloader="0" />
    <remembered-set count="3439" />
  </mem-info>
</gc-end>
<cycle-end id="1554" type="scavenge" contextid="1548" timestamp="2026-09-06T14:47:35.065" />
<allocation-satisfied id="1555" threadId="0000000000A9B900" bytesRequested="4104" />
<af-end id="1556" timestamp="2026-09-06T14:47:35.066" threadId="0000000000A9C3C0" success="true" from="nursery"/>
<exclusive-end id="1557" timestamp="2026-09-06T14:47:35.066" durationms="8.291" />

<exclusive-start id="1558" timestamp="2026-09-06T14:47:35.308" intervalms="250.835">
  <response-info timems="0.030" idlems="0.030" threads="0" lastid="000000000127B900" lastname="Execution worker Thread 4" />
</exclusive-start>
<af-start id="1559" threadId="000000000127C3C0" totalBytesRequested="1912" timestamp="2026-09-06T14:47:35.308" intervalms="250.617" type="nursery" />
<cycle-start id="1560" type="scavenge" contextid="0" timestamp="2026-09-06T14:47:35.308" intervalms="250.608" />
<gc-start id="1561" type="scavenge" contextid="1560" timestamp="2026-09-06T14:47:35.309">
  <mem-info id="1562" free="151689112" total="268435456" percent="56">
    <mem type="nursery" free="0" total="67108864" percent="0">
      <mem type="allocate" free="0" total="53936128" percent="0" />
      <mem type="survivor" free="0" total="13172736" percent="0" />
    </mem>
    <mem type="tenure" free="151689112" total="201326592" percent="75">
      <mem type="soa" free="141622168" total="191259648" percent="74" />
      <mem type="loa" free="10066944" total="10066944" percent="100" />
    </mem>
    <remembered-set count="3639" />
  </mem-info>
</gc-start>
<allocation-stats totalBytes="45316744" discardedBytes="108768" >
  <allocated-bytes non-tlh="687440" tlh="44629304" />
  <largest-consumer threadName="Execution worker Thread 4" threadId="000000000127B900" bytes="26399384" />
</allocation-stats>
<gc-op id="1563" type="scavenge" timems="5.961" contextid="1560" timestamp="2026-09-06T14:47:35.315">
  <scavenger-info tenureage="14" tenuremask="4000" tiltratio="80" />
  <memory-copied type="nursery" objects="307379" bytes="12710008" bytesdiscarded="144960" />
  <memory-copied type="tenure" objects="60" bytes="1872" bytesdiscarded="0" />
  <finalization candidates="70" enqueued="1" />
  <ownableSynchronizers candidates="1455" cleared="714" />
  <references type="soft" candidates="60" cleared="0" enqueued="0" dynamicThreshold="24" maxThreshold="32" />
  <references type="weak" candidates="1146" cleared="77" enqueued="9" />
  <references type="phantom" candidates="3286" cleared="3079" enqueued="3079" />
  <object-monitors candidates="12" cleared="0"  />
</gc-op>
<gc-end id="1564" type="scavenge" contextid="1560" durationms="6.265" usertimems="36.944" systemtimems="2.853" stalltimems="15.205" timestamp="2026-09-06T14:47:35.315" activeThreads="10">
  <mem-info id="1565" free="187643088" total="268435456" percent="69">
    <mem type="nursery" free="35999288" total="67108864" percent="53">
      <mem type="allocate" free="35999288" total="48889856" percent="73" />
      <mem type="survivor" free="0" total="18219008" percent="0" />
    </mem>
    <mem type="tenure" free="151643800" total="201326592" percent="75" macro-fragmented="134217728">
      <mem type="soa" free="141576856" total="191259648" percent="74" />
      <mem type="loa" free="10066944" total="10066944" percent="100" />
    </mem>
    <pending-finalizers system="0" default="1" reference="3088" classloader="0" />
    <remembered-set count="3472" />
  </mem-info>
</gc-end>
<cycle-end id="1566" type="scavenge" contextid="1560" timestamp="2026-09-06T14:47:35.315" />
<allocation-satisfied id="1567" threadId="000000000127B900" bytesRequested="1912" />
<af-end id="1568" timestamp="2026-09-06T14:47:35.315" threadId="000000000127C3C0" success="true" from="nursery"/>
<exclusive-end id="1569" timestamp="2026-09-06T14:47:35.315" durationms="7.359" />

<exclusive-start id="1570" timestamp="2026-09-06T14:48:20.113" intervalms="44804.738">
  <response-info timems="0.024" idlems="0.024" threads="0" lastid="0000000000FF8F00" lastname="Build operations" />
</exclusive-start>
<af-start id="1571" threadId="0000000000FF99C0" totalBytesRequested="40" timestamp="2026-09-06T14:48:20.113" intervalms="44804.736" type="nursery" />
<cycle-start id="1572" type="scavenge" contextid="0" timestamp="2026-09-06T14:48:20.113" intervalms="44804.723" />
<gc-start id="1573" type="scavenge" contextid="1572" timestamp="2026-09-06T14:48:20.114">
  <mem-info id="1574" free="151643800" total="268435456" percent="56">
    <mem type="nursery" free="0" total="67108864" percent="0">
      <mem type="allocate" free="0" total="48889856" percent="0" />
      <mem type="survivor" free="0" total="18219008" percent="0" />
    </mem>
    <mem type="tenure" free="151643800" total="201326592" percent="75">
      <mem type="soa" free="141576856" total="191259648" percent="74" />
      <mem type="loa" free="10066944" total="10066944" percent="100" />
    </mem>
    <remembered-set count="3682" />
  </mem-info>
</gc-start>
<allocation-stats totalBytes="35934784" discardedBytes="64504" >
  <allocated-bytes non-tlh="295088" tlh="35639696" />
  <largest-consumer threadName="Daemon worker Thread 30" threadId="0000000000A9B900" bytes="11639192" />
</allocation-stats>
<gc-op id="1575" type="scavenge" timems="6.349" contextid="1572" timestamp="2026-09-06T14:48:20.120">
  <scavenger-info tenureage="4" tenuremask="5010" tiltratio="72" />
  <memory-copied type="nursery" objects="122030" bytes="4651312" bytesdiscarded="266024" />
  <memory-copied type="tenure" objects="121318" bytes="4732264" bytesdiscarded="1944" />
  <finalization candidates="83" enqueued="44" />
  <ownableSynchronizers candidates="1670" cleared="982" />
  <references type="soft" candidates="52" cleared="0" enqueued="0" dynamicThreshold="24" maxThreshold="32" />
  <references type="weak" candidates="516" cleared="122" enqueued="87" />
  <references type="phantom" candidates="2396" cleared="2370" enqueued="2370" />
  <object-monitors candidates="13" cleared="2"  />
</gc-op>
<gc-end id="1576" type="scavenge" contextid="1572" durationms="6.638" usertimems="29.294" systemtimems="3.716" stalltimems="10.699" timestamp="2026-09-06T14:48:20.120" activeThreads="10">
  <mem-info id="1577" free="191647432" total="268435456" percent="71">
    <mem type="nursery" free="44679272" total="67108864" percent="66">
      <mem type="allocate" free="44679272" total="49610752" percent="90" />
      <mem type="survivor" free="0" total="17498112" percent="0" />
    </mem>
    <mem type="tenure" free="146968160" total="201326592" percent="72" macro-fragmented="134217728">
      <mem type="soa" free="136901216" total="191259648" percent="71" />
      <mem type="loa" free="10066944" total="10066944" percent="100" />
    </mem>
    <pending-finalizers system="0" default="44" reference="2457" classloader="0" />
    <remembered-set count="6922" />
  </mem-info>
</gc-end>
<cycle-end id="1578" type="scavenge" contextid="1572" timestamp="2026-09-06T14:48:20.121" />
<allocation-satisfied id="1579" threadId="0000000000FF8F00" bytesRequested="40" />
<af-end id="1580" timestamp="2026-09-06T14:48:20.121" threadId="0000000000FF99C0" success="true" from="nursery"/>
<exclusive-end id="1581" timestamp="2026-09-06T14:48:20.121" durationms="7.387" />

<exclusive-start id="1582" timestamp="2026-09-06T14:48:20.363" intervalms="249.428">
  <response-info timems="0.028" idlems="0.028" threads="0" lastid="000000000124D700" lastname="Execution worker Thread 8" />
</exclusive-start>
<af-start id="1583" threadId="000000000124E1C0" totalBytesRequested="24" timestamp="2026-09-06T14:48:20.363" intervalms="249.393" type="nursery" />
<cycle-start id="1584" type="scavenge" contextid="0" timestamp="2026-09-06T14:48:20.363" intervalms="249.394" />
<gc-start id="1585" type="scavenge" contextid="1584" timestamp="2026-09-06T14:48:20.363">
  <mem-info id="1586" free="146960112" total="268435456" percent="54">
    <mem type="nursery" free="0" total="67108864" percent="0">
      <mem type="allocate" free="0" total="49610752" percent="0" />
      <mem type="survivor" free="0" total="17498112" percent="0" />
    </mem>
    <mem type="tenure" free="146960112" total="201326592" percent="72">
      <mem type="soa" free="136893168" total="191259648" percent="71" />
      <mem type="loa" free="10066944" total="10066944" percent="100" />
    </mem>
    <remembered-set count="7220" />
  </mem-info>
</gc-start>
<allocation-stats totalBytes="44612912" discardedBytes="74408" >
  <allocated-bytes non-tlh="667544" tlh="43945368" />
  <largest-consumer threadName="Execution worker Thread 8" threadId="000000000124D700" bytes="33046880" />
</allocation-stats>
<gc-op id="1587" type="scavenge" timems="5.441" contextid="1584" timestamp="2026-09-06T14:48:20.369">
  <scavenger-info tenureage="14" tenuremask="4000" tiltratio="73" />
  <memory-copied type="nursery" objects="204840" bytes="8444440" bytesdiscarded="169384" />
  <memory-copied type="tenure" objects="259" bytes="10176" bytesdiscarded="0" />
  <finalization candidates="45" enqueued="35" />
  <ownableSynchronizers candidates="998" cleared="351" />
  <references type="soft" candidates="108" cleared="0" enqueued="0" dynamicThreshold="24" maxThreshold="32" />
  <references type="weak" candidates="765" cleared="15" enqueued="14" />
  <references type="phantom" candidates="827" cleared="789" enqueued="789" />
  <object-monitors candidates="12" cleared="0"  />
</gc-op>
<gc-end id="1588" type="scavenge" contextid="1584" durationms="5.678" usertimems="18.162" systemtimems="1.451" stalltimems="22.681" timestamp="2026-09-06T14:48:20.369" activeThreads="10">
  <mem-info id="1589" free="188584720" total="268435456" percent="70">
    <mem type="nursery" free="41694496" total="67108864" percent="62">
      <mem type="allocate" free="41694496" total="50331648" percent="82" />
      <mem type="survivor" free="0" total="16777216" percent="0" />
    </mem>
    <mem type="tenure" free="146890224" total="201326592" percent="72" macro-fragmented="134217728">
      <mem type="soa" free="136823280" total="191259648" percent="71" />
      <mem type="loa" free="10066944" total="10066944" percent="100" />
    </mem>
    <pending-finalizers system="0" default="35" reference="803" classloader="0" />
    <remembered-set count="6917" />
  </mem-info>
</gc-end>
<cycle-end id="1590" type="scavenge" contextid="1584" timestamp="2026-09-06T14:48:20.369" />
<allocation-satisfied id="1591" threadId="000000000124D700" bytesRequested="24" />
<af-end id="1592" timestamp="2026-09-06T14:48:20.369" threadId="000000000124E1C0" success="true" from="nursery"/>
<exclusive-end id="1593" timestamp="2026-09-06T14:48:20.369" durationms="6.608" />

<exclusive-start id="1594" timestamp="2026-09-06T14:48:29.266" intervalms="8903.667">
  <response-info timems="0.028" idlems="0.028" threads="0" lastid="0000000000581A00" lastname="Execution worker Thread 9" />
</exclusive-start>
<af-start id="1595" threadId="00000000005824C0" totalBytesRequested="136" timestamp="2026-09-06T14:48:29.266" intervalms="8903.676" type="nursery" />
<cycle-start id="1596" type="scavenge" contextid="0" timestamp="2026-09-06T14:48:29.267" intervalms="8903.679" />
<gc-start id="1597" type="scavenge" contextid="1596" timestamp="2026-09-06T14:48:29.267">
  <mem-info id="1598" free="146887240" total="268435456" percent="54">
    <mem type="nursery" free="0" total="67108864" percent="0">
      <mem type="allocate" free="0" total="50331648" percent="0" />
      <mem type="survivor" free="0" total="16777216" percent="0" />
    </mem>
    <mem type="tenure" free="146887240" total="201326592" percent="72">
      <mem type="soa" free="136820296" total="191259648" percent="71" />
      <mem type="loa" free="10066944" total="10066944" percent="100" />
    </mem>
    <remembered-set count="7219" />
  </mem-info>
</gc-start>
<allocation-stats totalBytes="41592760" discardedBytes="104720" >
  <allocated-bytes non-tlh="984816" tlh="40607944" />
  <largest-consumer threadName="Daemon worker Thread 30" threadId="0000000000A9B900" bytes="13765176" />
</allocation-stats>
<gc-op id="1599" type="scavenge" timems="3.680" contextid="1596" timestamp="2026-09-06T14:48:29.271">
  <scavenger-info tenureage="7" tenuremask="5480" tiltratio="75" />
  <memory-copied type="nursery" objects="127095" bytes="4448456" bytesdiscarded="129784" />
  <memory-copied type="tenure" objects="15920" bytes="591584" bytesdiscarded="96" />
  <finalization candidates="11" enqueued="11" />
  <ownableSynchronizers candidates="1748" cleared="1139" />
  <references type="soft" candidates="54" cleared="0" enqueued="0" dynamicThreshold="24" maxThreshold="32" />
  <references type="weak" candidates="542" cleared="40" enqueued="5" />
  <references type="phantom" candidates="3060" cleared="3027" enqueued="3027" />
  <object-monitors candidates="14" cleared="2"  />
</gc-op>
<gc-end id="1600" type="scavenge" contextid="1596" durationms="4.006" usertimems="18.325" systemtimems="1.008" stalltimems="12.327" timestamp="2026-09-06T14:48:29.271" activeThreads="9">
  <mem-info id="1601" free="193225312" total="268435456" percent="71">
    <mem type="nursery" free="47179800" total="67108864" percent="70">
      <mem type="allocate" free="47179800" total="51773440" percent="91" />
      <mem type="survivor" free="0" total="15335424" percent="0" />
    </mem>
    <mem type="tenure" free="146045512" total="201326592" percent="72" macro-fragmented="100663296">
      <mem type="soa" free="135978568" total="191259648" percent="71" />
      <mem type="loa" free="10066944" total="10066944" percent="100" />
    </mem>
    <pending-finalizers system="0" default="11" reference="3032" classloader="0" />
    <remembered-set count="2039" />
  </mem-info>
</gc-end>
<cycle-end id="1602" type="scavenge" contextid="1596" timestamp="2026-09-06T14:48:29.271" />
<allocation-satisfied id="1603" threadId="0000000000581A00" bytesRequested="136" />
<af-end id="1604" timestamp="2026-09-06T14:48:29.271" threadId="00000000005824C0" success="true" from="nursery"/>
<exclusive-end id="1605" timestamp="2026-09-06T14:48:29.271" durationms="4.885" />

<exclusive-start id="1606" timestamp="2026-09-06T14:49:23.175" intervalms="53908.141">
  <response-info timems="0.032" idlems="0.032" threads="0" lastid="0000000000A9B900" lastname="Daemon worker Thread 30" />
</exclusive-start>
<af-start id="1607" threadId="0000000000A9C3C0" totalBytesRequested="24" timestamp="2026-09-06T14:49:23.175" intervalms="53908.350" type="nursery" />
<cycle-start id="1608" type="scavenge" contextid="0" timestamp="2026-09-06T14:49:23.175" intervalms="53908.384" />
<gc-start id="1609" type="scavenge" contextid="1608" timestamp="2026-09-06T14:49:23.175">
  <mem-info id="1610" free="146040448" total="268435456" percent="54">
    <mem type="nursery" free="0" total="67108864" percent="0">
      <mem type="allocate" free="0" total="51773440" percent="0" />
      <mem type="survivor" free="0" total="15335424" percent="0" />
    </mem>
    <mem type="tenure" free="146040448" total="201326592" percent="72">
      <mem type="soa" free="135973504" total="191259648" percent="71" />
      <mem type="loa" free="10066944" total="10066944" percent="100" />
    </mem>
    <remembered-set count="2409" />
  </mem-info>
</gc-start>
<allocation-stats totalBytes="47084016" discardedBytes="100848" >
  <allocated-bytes non-tlh="793040" tlh="46290976" />
  <largest-consumer threadName="Daemon worker Thread 30" threadId="0000000000A9B900" bytes="10087288" />
</allocation-stats>
<gc-op id="1611" type="scavenge" timems="5.025" contextid="1608" timestamp="2026-09-06T14:49:23.181">
  <scavenger-info tenureage="12" tenuremask="5000" tiltratio="77" />
  <memory-copied type="nursery" objects="95041" bytes="3808936" bytesdiscarded="245728" />
  <memory-copied type="tenure" objects="1473" bytes="71152" bytesdiscarded="32" />
  <finalization candidates="44" enqueued="44" />
  <ownableSynchronizers candidates="1549" cleared="1071" />
  <references type="soft" candidates="52" cleared="0" enqueued="0" dynamicThreshold="24" maxThreshold="32" />
  <references type="weak" candidates="443" cleared="129" enqueued="93" />
  <references type="phantom" candidates="513" cleared="502" enqueued="502" />
  <object-monitors candidates="13" cleared="2"  />
</gc-op>
<gc-end id="1612" type="scavenge" contextid="1608" durationms="5.718" usertimems="13.440" systemtimems="1.384" stalltimems="19.600" timestamp="2026-09-06T14:49:23.181" activeThreads="9">
  <mem-info id="1613" free="195646656" total="268435456" percent="72">
    <mem type="nursery" free="49737536" total="67108864" percent="74">
      <mem type="allocate" free="49737536" total="53805056" percent="92" />
      <mem type="survivor" free="0" total="13303808" percent="0" />
    </mem>
    <mem type="tenure" free="145909120" total="201326592" percent="72" macro-fragmented="67108864">
      <mem type="soa" free="135842176" total="191259648" percent="71" />
      <mem type="loa" free="10066944" total="10066944" percent="100" />
    </mem>
    <pending-finalizers system="0" default="44" reference="595" classloader="0" />
    <remembered-set count="1936" />
  </mem-info>
</gc-end>
<cycle-end id="1614" type="scavenge" contextid="1608" timestamp="2026-09-06T14:49:23.181" />
<allocation-satisfied id="1615" threadId="0000000000A9B900" bytesRequested="24" />
<af-end id="1616" timestamp="2026-09-06T14:49:23.181" threadId="0000000000A9C3C0" success="true" from="nursery"/>
<exclusive-end id="1617" timestamp="2026-09-06T14:49:23.182" durationms="6.824" />

<exclusive-start id="1618" timestamp="2026-09-06T14:49:23.439" intervalms="264.042">
  <response-info timems="0.051" idlems="0.051" threads="0" lastid="0000000001282700" lastname="Execution worker Thread 8" />
</exclusive-start>
<af-start id="1619" threadId="00000000012831C0" totalBytesRequested="56" timestamp="2026-09-06T14:49:23.439" intervalms="263.857" type="nursery" />
<cycle-start id="1620" type="scavenge" contextid="0" timestamp="2026-09-06T14:49:23.439" intervalms="263.844" />
<gc-start id="1621" type="scavenge" contextid="1620" timestamp="2026-09-06T14:49:23.439">
  <mem-info id="1622" free="145903568" total="268435456" percent="54">
    <mem type="nursery" free="0" total="67108864" percent="0">
      <mem type="allocate" free="0" total="53805056" percent="0" />
      <mem type="survivor" free="0" total="13303808" percent="0" />
    </mem>
    <mem type="tenure" free="145903568" total="201326592" percent="72">
      <mem type="soa" free="135836624" total="191259648" percent="71" />
      <mem type="loa" free="10066944" total="10066944" percent="100" />
    </mem>
    <remembered-set count="2188" />
  </mem-info>
</gc-start>
<allocation-stats totalBytes="49666864" discardedBytes="76224" >
  <allocated-bytes non-tlh="1004344" tlh="48662520" />
  <largest-consumer threadName="Execution worker Thread 8" threadId="0000000001282700" bytes="23248856" />
</allocation-stats>
<gc-op id="1623" type="scavenge" timems="7.112" contextid="1620" timestamp="2026-09-06T14:49:23.446">
  <scavenger-info tenureage="14" tenuremask="4000" tiltratio="80" />
  <memory-copied type="nursery" objects="230357" bytes="9913504" bytesdiscarded="122760" />
  <finalization candidates="45" enqueued="1" />
  <ownableSynchronizers candidates="892" cleared="454" />
  <references type="soft" candidates="111" cleared="0" enqueued="0" dynamicThreshold="24" maxThreshold="32" />
  <references type="weak" candidates="7524" cleared="1314" enqueued="9" />
  <references type="phantom" candidates="3031" cleared="2793" enqueued="2793" />
  <object-monitors candidates="12" cleared="0"  />
</gc-op>
<gc-end id="1624" type="scavenge" contextid="1620" durationms="7.527" usertimems="23.662" systemtimems="1.262" stalltimems="29.145" timestamp="2026-09-06T14:49:23.447" activeThreads="9">
  <mem-info id="1625" free="185652432" total="268435456" percent="69">
    <mem type="nursery" free="39748864" total="67108864" percent="59">
      <mem type="allocate" free="39748864" total="49807360" percent="79" />
      <mem type="survivor" free="0" total="17301504" percent="0" />
    </mem>
    <mem type="tenure" free="145903568" total="201326592" percent="72" macro-fragmented="134217728">
      <mem type="soa" free="135836624" total="191259648" percent="71" />
      <mem type="loa" free="10066944" total="10066944" percent="100" />
    </mem>
    <pending-finalizers system="0" default="1" reference="2802" classloader="0" />
    <remembered-set count="2010" />
  </mem-info>
</gc-end>
<cycle-end id="1626" type="scavenge" contextid="1620" timestamp="2026-09-06T14:49:23.447" />
<allocation-satisfied id="1627" threadId="0000000001282700" bytesRequested="56" />
<af-end id="1628" timestamp="2026-09-06T14:49:23.447" threadId="00000000012831C0" success="true" from="nursery"/>
<exclusive-end id="1629" timestamp="2026-09-06T14:49:23.447" durationms="8.485" />

<exclusive-start id="1630" timestamp="2026-09-06T14:50:35.372" intervalms="71933.789">
  <response-info timems="0.042" idlems="0.042" threads="0" lastid="0000000000581A00" lastname="Execution worker Thread 6" />
</exclusive-start>
<af-start id="1631" threadId="00000000005824C0" totalBytesRequested="24" timestamp="2026-09-06T14:50:35.373" intervalms="71933.959" type="nursery" />
<cycle-start id="1632" type="scavenge" contextid="0" timestamp="2026-09-06T14:50:35.373" intervalms="71934.066" />
<gc-start id="1633" type="scavenge" contextid="1632" timestamp="2026-09-06T14:50:35.374">
  <mem-info id="1634" free="145901272" total="268435456" percent="54">
    <mem type="nursery" free="0" total="67108864" percent="0">
      <mem type="allocate" free="0" total="49807360" percent="0" />
      <mem type="survivor" free="0" total="17301504" percent="0" />
    </mem>
    <mem type="tenure" free="145901272" total="201326592" percent="72">
      <mem type="soa" free="135834328" total="191259648" percent="71" />
      <mem type="loa" free="10066944" total="10066944" percent="100" />
    </mem>
    <remembered-set count="2309" />
  </mem-info>
</gc-start>
<allocation-stats totalBytes="39645008" discardedBytes="106152" >
  <allocated-bytes non-tlh="1012840" tlh="38632168" />
  <largest-consumer threadName="Daemon worker Thread 31" threadId="0000000001277000" bytes="13829408" />
</allocation-stats>
<gc-op id="1635" type="scavenge" timems="4.150" contextid="1632" timestamp="2026-09-06T14:50:35.378">
  <scavenger-info tenureage="8" tenuremask="4100" tiltratio="74" />
  <memory-copied type="nursery" objects="113060" bytes="4671472" bytesdiscarded="203000" />
  <memory-copied type="tenure" objects="15651" bytes="505984" bytesdiscarded="136" />
  <finalization candidates="45" enqueued="45" />
  <ownableSynchronizers candidates="1557" cleared="1120" />
  <references type="soft" candidates="2" cleared="0" enqueued="0" dynamicThreshold="24" maxThreshold="32" />
  <references type="weak" candidates="329" cleared="20" enqueued="10" />
  <references type="phantom" candidates="3059" cleared="3027" enqueued="3027" />
  <object-monitors candidates="14" cleared="2"  />
</gc-op>
<gc-end id="1636" type="scavenge" contextid="1632" durationms="4.816" usertimems="18.289" systemtimems="1.004" stalltimems="7.173" timestamp="2026-09-06T14:50:35.378" activeThreads="8">
  <mem-info id="1637" free="191321424" total="268435456" percent="71">
    <mem type="nursery" free="46097528" total="67108864" percent="68">
      <mem type="allocate" free="46097528" total="50987008" percent="90" />
      <mem type="survivor" free="0" total="16121856" percent="0" />
    </mem>
    <mem type="tenure" free="145223896" total="201326592" percent="72" macro-fragmented="117440512">
      <mem type="soa" free="135156952" total="191259648" percent="70" />
      <mem type="loa" free="10066944" total="10066944" percent="100" />
    </mem>
    <pending-finalizers system="0" default="45" reference="3037" classloader="0" />
    <remembered-set count="1144" />
  </mem-info>
</gc-end>
<cycle-end id="1638" type="scavenge" contextid="1632" timestamp="2026-09-06T14:50:35.379" />
<allocation-satisfied id="1639" threadId="0000000000581A00" bytesRequested="24" />
<af-end id="1640" timestamp="2026-09-06T14:50:35.379" threadId="00000000005824C0" success="true" from="nursery"/>
<exclusive-end id="1641" timestamp="2026-09-06T14:50:35.379" durationms="6.337" />

<exclusive-start id="1642" timestamp="2026-09-06T14:52:14.316" intervalms="98943.639">
  <response-info timems="0.864" idlems="0.134" threads="9" lastid="00000000012A1500" lastname="Build operations Thread 8" />
</exclusive-start>
<af-start id="1643" threadId="00000000006C00C0" totalBytesRequested="4104" timestamp="2026-09-06T14:52:14.317" intervalms="98943.763" type="nursery" />
<cycle-start id="1644" type="scavenge" contextid="0" timestamp="2026-09-06T14:52:14.317" intervalms="98943.639" />
<gc-start id="1645" type="scavenge" contextid="1644" timestamp="2026-09-06T14:52:14.317">
  <mem-info id="1646" free="145218832" total="268435456" percent="54">
    <mem type="nursery" free="0" total="67108864" percent="0">
      <mem type="allocate" free="0" total="50987008" percent="0" />
      <mem type="survivor" free="0" total="16121856" percent="0" />
    </mem>
    <mem type="tenure" free="145218832" total="201326592" percent="72">
      <mem type="soa" free="135151888" total="191259648" percent="70" />
      <mem type="loa" free="10066944" total="10066944" percent="100" />
    </mem>
    <remembered-set count="1526" />
  </mem-info>
</gc-start>
<allocation-stats totalBytes="46032840" discardedBytes="69752" >
  <allocated-bytes non-tlh="424904" tlh="45607936" />
  <largest-consumer threadName="Daemon worker Thread 32" threadId="000000000124E400" bytes="7910136" />
</allocation-stats>
<gc-op id="1647" type="scavenge" timems="4.441" contextid="1644" timestamp="2026-09-06T14:52:14.321">
  <scavenger-info tenureage="14" tenuremask="4000" tiltratio="75" />
  <memory-copied type="nursery" objects="72048" bytes="3177000" bytesdiscarded="259456" />
  <finalization candidates="44" enqueued="44" />
  <ownableSynchronizers candidates="1384" cleared="926" />
  <references type="weak" candidates="243" cleared="104" enqueued="93" />
  <references type="phantom" candidates="223" cleared="212" enqueued="212" />
  <object-monitors candidates="13" cleared="2"  />
</gc-op>
<gc-end id="1648" type="scavenge" contextid="1644" durationms="5.207" usertimems="11.251" systemtimems="2.401" stalltimems="22.562" timestamp="2026-09-06T14:52:14.322" activeThreads="10">
  <mem-info id="1649" free="194920200" total="268435456" percent="72">
    <mem type="nursery" free="49701368" total="67108864" percent="74">
      <mem type="allocate" free="49701368" total="53149696" percent="93" />
      <mem type="survivor" free="0" total="13959168" percent="0" />
    </mem>
    <mem type="tenure" free="145218832" total="201326592" percent="72" macro-fragmented="134217728">
      <mem type="soa" free="135151888" total="191259648" percent="70" />
      <mem type="loa" free="10066944" total="10066944" percent="100" />
    </mem>
    <pending-finalizers system="0" default="44" reference="305" classloader="0" />
    <remembered-set count="1127" />
  </mem-info>
</gc-end>
<cycle-end id="1650" type="scavenge" contextid="1644" timestamp="2026-09-06T14:52:14.322" />
<allocation-satisfied id="1651" threadId="00000000006BF600" bytesRequested="4104" />
<af-end id="1652" timestamp="2026-09-06T14:52:14.322" threadId="00000000006C00C0" success="true" from="nursery"/>
<exclusive-end id="1653" timestamp="2026-09-06T14:52:14.322" durationms="6.320" />

<exclusive-start id="1654" timestamp="2026-09-06T14:52:14.580" intervalms="263.539">
  <response-info timems="0.028" idlems="0.028" threads="0" lastid="0000000000582E00" lastname="Execution worker Thread 3" />
</exclusive-start>
<af-start id="1655" threadId="00000000005838C0" totalBytesRequested="32" timestamp="2026-09-06T14:52:14.580" intervalms="263.224" type="nursery" />
<cycle-start id="1656" type="scavenge" contextid="0" timestamp="2026-09-06T14:52:14.580" intervalms="263.216" />
<gc-start id="1657" type="scavenge" contextid="1656" timestamp="2026-09-06T14:52:14.581">
  <mem-info id="1658" free="145209200" total="268435456" percent="54">
    <mem type="nursery" free="0" total="67108864" percent="0">
      <mem type="allocate" free="0" total="53149696" percent="0" />
      <mem type="survivor" free="0" total="13959168" percent="0" />
    </mem>
    <mem type="tenure" free="145209200" total="201326592" percent="72">
      <mem type="soa" free="135142256" total="191259648" percent="70" />
      <mem type="loa" free="10066944" total="10066944" percent="100" />
    </mem>
    <remembered-set count="1441" />
  </mem-info>
</gc-start>
<allocation-stats totalBytes="49586000" discardedBytes="125000" >
  <allocated-bytes non-tlh="701936" tlh="48884064" />
  <largest-consumer threadName="Execution worker Thread 3" threadId="0000000000582E00" bytes="29463936" />
</allocation-stats>
<gc-op id="1659" type="scavenge" timems="5.096" contextid="1656" timestamp="2026-09-06T14:52:14.586">
  <scavenger-info tenureage="14" tenuremask="4000" tiltratio="79" />
  <memory-copied type="nursery" objects="195782" bytes="8797112" bytesdiscarded="285320" />
  <memory-copied type="tenure" objects="66" bytes="2000" bytesdiscarded="0" />
  <finalization candidates="79" enqueued="35" />
  <ownableSynchronizers candidates="1077" cleared="644" />
  <references type="soft" candidates="7" cleared="0" enqueued="0" dynamicThreshold="24" maxThreshold="32" />
  <references type="weak" candidates="4563" cleared="462" enqueued="9" />
  <references type="phantom" candidates="3316" cleared="3079" enqueued="3079" />
  <object-monitors candidates="12" cleared="0"  />
</gc-op>
<gc-end id="1660" type="scavenge" contextid="1656" durationms="5.755" usertimems="28.563" systemtimems="0.088" stalltimems="10.861" timestamp="2026-09-06T14:52:14.586" activeThreads="10">
  <mem-info id="1661" free="187203872" total="268435456" percent="69">
    <mem type="nursery" free="42015408" total="67108864" percent="62">
      <mem type="allocate" free="42015408" total="51118080" percent="82" />
      <mem type="survivor" free="0" total="15990784" percent="0" />
    </mem>
    <mem type="tenure" free="145188464" total="201326592" percent="72" macro-fragmented="0">
      <mem type="soa" free="135121520" total="191259648" percent="70" />
      <mem type="loa" free="10066944" total="10066944" percent="100" />
    </mem>
    <pending-finalizers system="34" default="1" reference="3088" classloader="0" />
    <remembered-set count="1274" />
  </mem-info>
</gc-end>
<cycle-end id="1662" type="scavenge" contextid="1656" timestamp="2026-09-06T14:52:14.587" />
<allocation-satisfied id="1663" threadId="0000000000582E00" bytesRequested="32" />
<af-end id="1664" timestamp="2026-09-06T14:52:14.587" threadId="00000000005838C0" success="true" from="nursery"/>
<exclusive-end id="1665" timestamp="2026-09-06T14:52:14.587" durationms="7.138" />

<exclusive-start id="1666" timestamp="2026-09-06T14:52:41.465" intervalms="26885.061">
  <response-info timems="0.021" idlems="0.021" threads="0" lastid="000000000057F100" lastname="Execution worker Thread 6" />
</exclusive-start>
<af-start id="1667" threadId="000000000057FBC0" totalBytesRequested="16" timestamp="2026-09-06T14:52:41.465" intervalms="26885.228" type="nursery" />
<cycle-start id="1668" type="scavenge" contextid="0" timestamp="2026-09-06T14:52:41.465" intervalms="26885.226" />
<gc-start id="1669" type="scavenge" contextid="1668" timestamp="2026-09-06T14:52:41.466">
  <mem-info id="1670" free="145186168" total="268435456" percent="54">
    <mem type="nursery" free="0" total="67108864" percent="0">
      <mem type="allocate" free="0" total="51118080" percent="0" />
      <mem type="survivor" free="0" total="15990784" percent="0" />
    </mem>
    <mem type="tenure" free="145186168" total="201326592" percent="72">
      <mem type="soa" free="135119224" total="191259648" percent="70" />
      <mem type="loa" free="10066944" total="10066944" percent="100" />
    </mem>
    <remembered-set count="1572" />
  </mem-info>
</gc-start>
<allocation-stats totalBytes="41921096" discardedBytes="96608" >
  <allocated-bytes non-tlh="1012816" tlh="40908280" />
  <largest-consumer threadName="Daemon worker Thread 32" threadId="000000000124E400" bytes="13826576" />
</allocation-stats>
<gc-op id="1671" type="scavenge" timems="3.637" contextid="1668" timestamp="2026-09-06T14:52:41.470">
  <scavenger-info tenureage="14" tenuremask="4000" tiltratio="76" />
  <memory-copied type="nursery" objects="114141" bytes="4692432" bytesdiscarded="172432" />
  <memory-copied type="tenure" objects="1301" bytes="66592" bytesdiscarded="208" />
  <finalization candidates="45" enqueued="45" />
  <ownableSynchronizers candidates="1537" cleared="1107" />
  <references type="soft" candidates="2" cleared="0" enqueued="0" dynamicThreshold="24" maxThreshold="32" />
  <references type="weak" candidates="360" cleared="45" enqueued="10" />
  <references type="phantom" candidates="3063" cleared="3031" enqueued="3031" />
  <object-monitors candidates="14" cleared="2"  />
</gc-op>
<gc-end id="1672" type="scavenge" contextid="1668" durationms="4.133" usertimems="15.520" systemtimems="1.156" stalltimems="18.679" timestamp="2026-09-06T14:52:41.470" activeThreads="10">
  <mem-info id="1673" free="192422736" total="268435456" percent="71">
    <mem type="nursery" free="47417816" total="67108864" percent="70">
      <mem type="allocate" free="47417816" total="52297728" percent="90" />
      <mem type="survivor" free="0" total="14811136" percent="0" />
    </mem>
    <mem type="tenure" free="145004920" total="201326592" percent="72" macro-fragmented="100663296">
      <mem type="soa" free="134937976" total="191259648" percent="70" />
      <mem type="loa" free="10066944" total="10066944" percent="100" />
    </mem>
    <pending-finalizers system="0" default="45" reference="3041" classloader="0" />
    <remembered-set count="1197" />
  </mem-info>
</gc-end>
<cycle-end id="1674" type="scavenge" contextid="1668" timestamp="2026-09-06T14:52:41.471" />
<allocation-satisfied id="1675" threadId="000000000057F100" bytesRequested="16" />
<af-end id="1676" timestamp="2026-09-06T14:52:41.471" threadId="000000000057FBC0" success="true" from="nursery"/>
<exclusive-end id="1677" timestamp="2026-09-06T14:52:41.471" durationms="5.932" />

<exclusive-start id="1678" timestamp="2026-09-06T14:52:50.322" intervalms="8857.057">
  <response-info timems="0.045" idlems="0.030" threads="1" lastid="000000000124E400" lastname="Daemon worker Thread 32" />
</exclusive-start>
<af-start id="1679" threadId="000000000057FBC0" totalBytesRequested="24" timestamp="2026-09-06T14:52:50.322" intervalms="8856.923" type="nursery" />
<cycle-start id="1680" type="scavenge" contextid="0" timestamp="2026-09-06T14:52:50.322" intervalms="8856.940" />
<gc-start id="1681" type="scavenge" contextid="1680" timestamp="2026-09-06T14:52:50.322">
  <mem-info id="1682" free="144999856" total="268435456" percent="54">
    <mem type="nursery" free="0" total="67108864" percent="0">
      <mem type="allocate" free="0" total="52297728" percent="0" />
      <mem type="survivor" free="0" total="14811136" percent="0" />
    </mem>
    <mem type="tenure" free="144999856" total="201326592" percent="72">
      <mem type="soa" free="134932912" total="191259648" percent="70" />
      <mem type="loa" free="10066944" total="10066944" percent="100" />
    </mem>
    <remembered-set count="1551" />
  </mem-info>
</gc-start>
<allocation-stats totalBytes="47370056" discardedBytes="52824" >
  <allocated-bytes non-tlh="711312" tlh="46658744" />
  <largest-consumer threadName="Daemon worker Thread 32" threadId="000000000124E400" bytes="8244584" />
</allocation-stats>
<gc-op id="1683" type="scavenge" timems="2.488" contextid="1680" timestamp="2026-09-06T14:52:50.325">
  <scavenger-info tenureage="14" tenuremask="4000" tiltratio="77" />
  <memory-copied type="nursery" objects="73246" bytes="3232456" bytesdiscarded="222024" />
  <finalization candidates="44" enqueued="44" />
  <ownableSynchronizers candidates="1363" cleared="900" />
  <references type="weak" candidates="250" cleared="129" enqueued="93" />
  <references type="phantom" candidates="223" cleared="212" enqueued="212" />
  <object-monitors candidates="13" cleared="2"  />
</gc-op>
<gc-end id="1684" type="scavenge" contextid="1680" durationms="3.612" usertimems="9.265" systemtimems="2.528" stalltimems="9.492" timestamp="2026-09-06T14:52:50.326" activeThreads="9">
  <mem-info id="1685" free="195731792" total="268435456" percent="72">
    <mem type="nursery" free="50731936" total="67108864" percent="75">
      <mem type="allocate" free="50731936" total="54198272" percent="93" />
      <mem type="survivor" free="0" total="12910592" percent="0" />
    </mem>
    <mem type="tenure" free="144999856" total="201326592" percent="72" macro-fragmented="134217728">
      <mem type="soa" free="134932912" total="191259648" percent="70" />
      <mem type="loa" free="10066944" total="10066944" percent="100" />
    </mem>
    <pending-finalizers system="0" default="44" reference="305" classloader="0" />
    <remembered-set count="1183" />
  </mem-info>
</gc-end>
<cycle-end id="1686" type="scavenge" contextid="1680" timestamp="2026-09-06T14:52:50.326" />
<allocation-satisfied id="1687" threadId="000000000057F100" bytesRequested="24" />
<af-end id="1688" timestamp="2026-09-06T14:52:50.326" threadId="000000000057FBC0" success="true" from="nursery"/>
<exclusive-end id="1689" timestamp="2026-09-06T14:52:50.326" durationms="4.492" />

<exclusive-start id="1690" timestamp="2026-09-06T14:52:50.560" intervalms="238.458">
  <response-info timems="0.034" idlems="0.034" threads="0" lastid="0000000001282700" lastname="Execution worker" />
</exclusive-start>
<af-start id="1691" threadId="00000000012831C0" totalBytesRequested="16" timestamp="2026-09-06T14:52:50.560" intervalms="238.450" type="nursery" />
<cycle-start id="1692" type="scavenge" contextid="0" timestamp="2026-09-06T14:52:50.561" intervalms="238.437" />
<gc-start id="1693" type="scavenge" contextid="1692" timestamp="2026-09-06T14:52:50.561">
  <mem-info id="1694" free="144994304" total="268435456" percent="54">
    <mem type="nursery" free="0" total="67108864" percent="0">
      <mem type="allocate" free="0" total="54198272" percent="0" />
      <mem type="survivor" free="0" total="12910592" percent="0" />
    </mem>
    <mem type="tenure" free="144994304" total="201326592" percent="72">
      <mem type="soa" free="134927360" total="191259648" percent="70" />
      <mem type="loa" free="10066944" total="10066944" percent="100" />
    </mem>
    <remembered-set count="1430" />
  </mem-info>
</gc-start>
<allocation-stats totalBytes="50632064" discardedBytes="105424" >
  <allocated-bytes non-tlh="1180544" tlh="49451520" />
  <largest-consumer threadName="Execution worker" threadId="0000000001282700" bytes="20797840" />
</allocation-stats>
<gc-op id="1695" type="scavenge" timems="3.757" contextid="1692" timestamp="2026-09-06T14:52:50.565">
  <scavenger-info tenureage="14" tenuremask="4000" tiltratio="80" />
  <memory-copied type="nursery" objects="208484" bytes="9264024" bytesdiscarded="181824" />
  <finalization candidates="45" enqueued="1" />
  <ownableSynchronizers candidates="1088" cleared="649" />
  <references type="soft" candidates="7" cleared="0" enqueued="0" dynamicThreshold="24" maxThreshold="32" />
  <references type="weak" candidates="5935" cleared="914" enqueued="9" />
  <references type="phantom" candidates="3317" cleared="3079" enqueued="3079" />
  <object-monitors candidates="12" cleared="0"  />
</gc-op>
<gc-end id="1696" type="scavenge" contextid="1692" durationms="3.978" usertimems="25.015" systemtimems="0.390" stalltimems="7.211" timestamp="2026-09-06T14:52:50.565" activeThreads="9">
  <mem-info id="1697" free="186056328" total="268435456" percent="69">
    <mem type="nursery" free="41062024" total="67108864" percent="61">
      <mem type="allocate" free="41062024" total="50528256" percent="81" />
      <mem type="survivor" free="0" total="16580608" percent="0" />
    </mem>
    <mem type="tenure" free="144994304" total="201326592" percent="72" macro-fragmented="134217728">
      <mem type="soa" free="134927360" total="191259648" percent="70" />
      <mem type="loa" free="10066944" total="10066944" percent="100" />
    </mem>
    <pending-finalizers system="0" default="1" reference="3088" classloader="0" />
    <remembered-set count="1266" />
  </mem-info>
</gc-end>
<cycle-end id="1698" type="scavenge" contextid="1692" timestamp="2026-09-06T14:52:50.566" />
<allocation-satisfied id="1699" threadId="0000000001282700" bytesRequested="16" />
<af-end id="1700" timestamp="2026-09-06T14:52:50.566" threadId="00000000012831C0" success="true" from="nursery"/>
<exclusive-end id="1701" timestamp="2026-09-06T14:52:50.566" durationms="5.343" />

<exclusive-start id="1702" timestamp="2026-09-06T14:53:17.495" intervalms="26934.586">
  <response-info timems="0.027" idlems="0.027" threads="0" lastid="0000000000B64800" lastname="Execution worker" />
</exclusive-start>
<af-start id="1703" threadId="0000000000B652C0" totalBytesRequested="32" timestamp="2026-09-06T14:53:17.495" intervalms="26934.764" type="nursery" />
<cycle-start id="1704" type="scavenge" contextid="0" timestamp="2026-09-06T14:53:17.495" intervalms="26934.770" />
<gc-start id="1705" type="scavenge" contextid="1704" timestamp="2026-09-06T14:53:17.495">
  <mem-info id="1706" free="144991320" total="268435456" percent="54">
    <mem type="nursery" free="0" total="67108864" percent="0">
      <mem type="allocate" free="0" total="50528256" percent="0" />
      <mem type="survivor" free="0" total="16580608" percent="0" />
    </mem>
    <mem type="tenure" free="144991320" total="201326592" percent="72">
      <mem type="soa" free="134924376" total="191259648" percent="70" />
      <mem type="loa" free="10066944" total="10066944" percent="100" />
    </mem>
    <remembered-set count="1580" />
  </mem-info>
</gc-start>
<allocation-stats totalBytes="40944448" discardedBytes="120560" >
  <allocated-bytes non-tlh="1017584" tlh="39926864" />
  <largest-consumer threadName="Daemon worker Thread 32" threadId="000000000124E400" bytes="14031104" />
</allocation-stats>
<gc-op id="1707" type="scavenge" timems="4.530" contextid="1704" timestamp="2026-09-06T14:53:17.500">
  <scavenger-info tenureage="14" tenuremask="4000" tiltratio="75" />
  <memory-copied type="nursery" objects="134799" bytes="5438960" bytesdiscarded="187960" />
  <finalization candidates="45" enqueued="45" />
  <ownableSynchronizers candidates="1548" cleared="1109" />
  <references type="soft" candidates="2" cleared="0" enqueued="0" dynamicThreshold="24" maxThreshold="32" />
  <references type="weak" candidates="375" cleared="45" enqueued="10" />
  <references type="phantom" candidates="3060" cleared="3027" enqueued="3027" />
  <object-monitors candidates="14" cleared="2"  />
</gc-op>
<gc-end id="1708" type="scavenge" contextid="1704" durationms="6.920" usertimems="18.905" systemtimems="1.309" stalltimems="15.740" timestamp="2026-09-06T14:53:17.502" activeThreads="10">
  <mem-info id="1709" free="191121280" total="268435456" percent="71">
    <mem type="nursery" free="46129960" total="67108864" percent="68">
      <mem type="allocate" free="46129960" total="51773440" percent="89" />
      <mem type="survivor" free="0" total="15335424" percent="0" />
    </mem>
    <mem type="tenure" free="144991320" total="201326592" percent="72" macro-fragmented="100663296">
      <mem type="soa" free="134924376" total="191259648" percent="70" />
      <mem type="loa" free="10066944" total="10066944" percent="100" />
    </mem>
    <pending-finalizers system="0" default="45" reference="3037" classloader="0" />
    <remembered-set count="1219" />
  </mem-info>
</gc-end>
<cycle-end id="1710" type="scavenge" contextid="1704" timestamp="2026-09-06T14:53:17.503" />
<allocation-satisfied id="1711" threadId="0000000000B64800" bytesRequested="32" />
<af-end id="1712" timestamp="2026-09-06T14:53:17.503" threadId="0000000000B652C0" success="true" from="nursery"/>
<exclusive-end id="1713" timestamp="2026-09-06T14:53:17.503" durationms="8.025" />

<exclusive-start id="1714" timestamp="2026-09-06T14:56:17.508" intervalms="180013.031">
  <response-info timems="0.021" idlems="0.021" threads="0" lastid="00000000005A3F00" lastname="Daemon worker Thread 33" />
</exclusive-start>
<af-start id="1715" threadId="00000000005A49C0" totalBytesRequested="120" timestamp="2026-09-06T14:56:17.509" intervalms="180013.040" type="nursery" />
<cycle-start id="1716" type="scavenge" contextid="0" timestamp="2026-09-06T14:56:17.509" intervalms="180013.028" />
<gc-start id="1717" type="scavenge" contextid="1716" timestamp="2026-09-06T14:56:17.510">
  <mem-info id="1718" free="144985568" total="268435456" percent="54">
    <mem type="nursery" free="0" total="67108864" percent="0">
      <mem type="allocate" free="0" total="51773440" percent="0" />
      <mem type="survivor" free="0" total="15335424" percent="0" />
    </mem>
    <mem type="tenure" free="144985568" total="201326592" percent="72">
      <mem type="soa" free="134918624" total="191259648" percent="70" />
      <mem type="loa" free="10066944" total="10066944" percent="100" />
    </mem>
    <remembered-set count="1610" />
  </mem-info>
</gc-start>
<allocation-stats totalBytes="46043952" discardedBytes="91760" >
  <allocated-bytes non-tlh="524280" tlh="45519672" />
  <largest-consumer threadName="Daemon worker Thread 33" threadId="00000000005A3F00" bytes="5863568" />
</allocation-stats>
<gc-op id="1719" type="scavenge" timems="3.620" contextid="1716" timestamp="2026-09-06T14:56:17.514">
  <scavenger-info tenureage="11" tenuremask="4800" tiltratio="77" />
  <memory-copied type="nursery" objects="66176" bytes="3070576" bytesdiscarded="206592" />
  <memory-copied type="tenure" objects="2600" bytes="133048" bytesdiscarded="408" />
  <finalization candidates="44" enqueued="44" />
  <ownableSynchronizers candidates="1276" cleared="896" />
  <references type="weak" candidates="296" cleared="180" enqueued="169" />
  <references type="phantom" candidates="223" cleared="212" enqueued="212" />
  <object-monitors candidates="13" cleared="2"  />
</gc-op>
<gc-end id="1720" type="scavenge" contextid="1716" durationms="4.251" usertimems="10.294" systemtimems="0.793" stalltimems="17.986" timestamp="2026-09-06T14:56:17.514" activeThreads="10">
  <mem-info id="1721" free="195077168" total="268435456" percent="72">
    <mem type="nursery" free="50256720" total="67108864" percent="74">
      <mem type="allocate" free="50256720" total="53542912" percent="93" />
      <mem type="survivor" free="0" total="13565952" percent="0" />
    </mem>
    <mem type="tenure" free="144820448" total="201326592" percent="71" macro-fragmented="134217728">
      <mem type="soa" free="134753504" total="191259648" percent="70" />
      <mem type="loa" free="10066944" total="10066944" percent="100" />
    </mem>
    <pending-finalizers system="0" default="44" reference="381" classloader="0" />
    <remembered-set count="1207" />
  </mem-info>
</gc-end>
<cycle-end id="1722" type="scavenge" contextid="1716" timestamp="2026-09-06T14:56:17.515" />
<allocation-satisfied id="1723" threadId="00000000005A3F00" bytesRequested="120" />
<af-end id="1724" timestamp="2026-09-06T14:56:17.515" threadId="00000000005A49C0" success="true" from="nursery"/>
<exclusive-end id="1725" timestamp="2026-09-06T14:56:17.515" durationms="6.480" />

<exclusive-start id="1726" timestamp="2026-09-06T14:56:17.759" intervalms="250.486">
  <response-info timems="0.026" idlems="0.026" threads="0" lastid="0000000000582E00" lastname="Execution worker Thread 5" />
</exclusive-start>
<af-start id="1727" threadId="00000000005838C0" totalBytesRequested="131048" timestamp="2026-09-06T14:56:17.759" intervalms="250.286" type="nursery" />
<cycle-start id="1728" type="scavenge" contextid="0" timestamp="2026-09-06T14:56:17.759" intervalms="250.299" />
<gc-start id="1729" type="scavenge" contextid="1728" timestamp="2026-09-06T14:56:17.760">
  <mem-info id="1730" free="144814896" total="268435456" percent="53">
    <mem type="nursery" free="0" total="67108864" percent="0">
      <mem type="allocate" free="0" total="53542912" percent="0" />
      <mem type="survivor" free="0" total="13565952" percent="0" />
    </mem>
    <mem type="tenure" free="144814896" total="201326592" percent="71">
      <mem type="soa" free="134747952" total="191259648" percent="70" />
      <mem type="loa" free="10066944" total="10066944" percent="100" />
    </mem>
    <remembered-set count="1455" />
  </mem-info>
</gc-start>
<allocation-stats totalBytes="50113456" discardedBytes="148816" >
  <allocated-bytes non-tlh="693872" tlh="49419584" />
  <largest-consumer threadName="Execution worker Thread 5" threadId="0000000000582E00" bytes="28100208" />
</allocation-stats>
<gc-op id="1731" type="scavenge" timems="6.923" contextid="1728" timestamp="2026-09-06T14:56:17.767">
  <scavenger-info tenureage="14" tenuremask="4000" tiltratio="79" />
  <memory-copied type="nursery" objects="194883" bytes="8731712" bytesdiscarded="157208" />
  <memory-copied type="tenure" objects="1286" bytes="66128" bytesdiscarded="0" />
  <finalization candidates="45" enqueued="1" />
  <ownableSynchronizers candidates="1132" cleared="690" />
  <references type="soft" candidates="7" cleared="0" enqueued="0" dynamicThreshold="24" maxThreshold="32" />
  <references type="weak" candidates="4382" cleared="454" enqueued="9" />
  <references type="phantom" candidates="3316" cleared="3079" enqueued="3079" />
  <object-monitors candidates="12" cleared="0"  />
</gc-op>
<gc-end id="1732" type="scavenge" contextid="1728" durationms="7.409" usertimems="18.932" systemtimems="1.392" stalltimems="27.184" timestamp="2026-09-06T14:56:17.767" activeThreads="9">
  <mem-info id="1733" free="187023224" total="268435456" percent="69">
    <mem type="nursery" free="42339656" total="67108864" percent="63">
      <mem type="allocate" free="42339656" total="51249152" percent="82" />
      <mem type="survivor" free="0" total="15859712" percent="0" />
    </mem>
    <mem type="tenure" free="144683568" total="201326592" percent="71" macro-fragmented="134217728">
      <mem type="soa" free="134616624" total="191259648" percent="70" />
      <mem type="loa" free="10066944" total="10066944" percent="100" />
    </mem>
    <pending-finalizers system="0" default="1" reference="3088" classloader="0" />
    <remembered-set count="1286" />
  </mem-info>
</gc-end>
<cycle-end id="1734" type="scavenge" contextid="1728" timestamp="2026-09-06T14:56:17.768" />
<allocation-satisfied id="1735" threadId="0000000000582E00" bytesRequested="131048" />
<af-end id="1736" timestamp="2026-09-06T14:56:17.768" threadId="00000000005838C0" success="true" from="nursery"/>
<exclusive-end id="1737" timestamp="2026-09-06T14:56:17.768" durationms="8.990" />

<exclusive-start id="1738" timestamp="2026-09-06T14:56:35.646" intervalms="17887.661">
  <response-info timems="0.032" idlems="0.032" threads="0" lastid="0000000000B42D00" lastname="Execution worker Thread 7" />
</exclusive-start>
<af-start id="1739" threadId="0000000000B437C0" totalBytesRequested="24" timestamp="2026-09-06T14:56:35.647" intervalms="17887.830" type="nursery" />
<cycle-start id="1740" type="scavenge" contextid="0" timestamp="2026-09-06T14:56:35.647" intervalms="17887.830" />
<gc-start id="1741" type="scavenge" contextid="1740" timestamp="2026-09-06T14:56:35.647">
  <mem-info id="1742" free="144681272" total="268435456" percent="53">
    <mem type="nursery" free="0" total="67108864" percent="0">
      <mem type="allocate" free="0" total="51249152" percent="0" />
      <mem type="survivor" free="0" total="15859712" percent="0" />
    </mem>
    <mem type="tenure" free="144681272" total="201326592" percent="71">
      <mem type="soa" free="134614328" total="191259648" percent="70" />
      <mem type="loa" free="10066944" total="10066944" percent="100" />
    </mem>
    <remembered-set count="1590" />
  </mem-info>
</gc-start>
<allocation-stats totalBytes="42248240" discardedBytes="93712" >
  <allocated-bytes non-tlh="1111056" tlh="41137184" />
  <largest-consumer threadName="Daemon worker Thread 33" threadId="00000000005A3F00" bytes="13789600" />
</allocation-stats>
<gc-op id="1743" type="scavenge" timems="3.112" contextid="1740" timestamp="2026-09-06T14:56:35.650">
  <scavenger-info tenureage="11" tenuremask="4800" tiltratio="76" />
  <memory-copied type="nursery" objects="117807" bytes="4815384" bytesdiscarded="148992" />
  <memory-copied type="tenure" objects="1336" bytes="67672" bytesdiscarded="0" />
  <finalization candidates="45" enqueued="45" />
  <ownableSynchronizers candidates="1545" cleared="1107" />
  <references type="soft" candidates="2" cleared="0" enqueued="0" dynamicThreshold="24" maxThreshold="32" />
  <references type="weak" candidates="362" cleared="45" enqueued="10" />
  <references type="phantom" candidates="3059" cleared="3027" enqueued="3027" />
  <object-monitors candidates="14" cleared="2"  />
</gc-op>
<gc-end id="1744" type="scavenge" contextid="1740" durationms="3.592" usertimems="14.528" systemtimems="1.162" stalltimems="11.621" timestamp="2026-09-06T14:56:35.651" activeThreads="9">
  <mem-info id="1745" free="192109608" total="268435456" percent="71">
    <mem type="nursery" free="47449072" total="67108864" percent="70">
      <mem type="allocate" free="47449072" total="52428800" percent="90" />
      <mem type="survivor" free="0" total="14680064" percent="0" />
    </mem>
    <mem type="tenure" free="144660536" total="201326592" percent="71" macro-fragmented="117440512">
      <mem type="soa" free="134593592" total="191259648" percent="70" />
      <mem type="loa" free="10066944" total="10066944" percent="100" />
    </mem>
    <pending-finalizers system="0" default="45" reference="3037" classloader="0" />
    <remembered-set count="1216" />
  </mem-info>
</gc-end>
<cycle-end id="1746" type="scavenge" contextid="1740" timestamp="2026-09-06T14:56:35.651" />
<allocation-satisfied id="1747" threadId="0000000000B42D00" bytesRequested="24" />
<af-end id="1748" timestamp="2026-09-06T14:56:35.651" threadId="0000000000B437C0" success="true" from="nursery"/>
<exclusive-end id="1749" timestamp="2026-09-06T14:56:35.651" durationms="4.734" />

<exclusive-start id="1750" timestamp="2026-09-06T14:56:44.531" intervalms="8883.739">
  <response-info timems="0.690" idlems="0.456" threads="2" lastid="000000000124D700" lastname="Build operations Thread 4" />
</exclusive-start>
<af-start id="1751" threadId="000000000124D5C0" totalBytesRequested="4104" timestamp="2026-09-06T14:56:44.531" intervalms="8883.584" type="nursery" />
<cycle-start id="1752" type="scavenge" contextid="0" timestamp="2026-09-06T14:56:44.531" intervalms="8883.589" />
<gc-start id="1753" type="scavenge" contextid="1752" timestamp="2026-09-06T14:56:44.531">
  <mem-info id="1754" free="144656592" total="268435456" percent="53">
    <mem type="nursery" free="0" total="67108864" percent="0">
      <mem type="allocate" free="0" total="52428800" percent="0" />
      <mem type="survivor" free="0" total="14680064" percent="0" />
    </mem>
    <mem type="tenure" free="144656592" total="201326592" percent="71">
      <mem type="soa" free="134589648" total="191259648" percent="70" />
      <mem type="loa" free="10066944" total="10066944" percent="100" />
    </mem>
    <remembered-set count="1546" />
  </mem-info>
</gc-start>
<allocation-stats totalBytes="47385680" discardedBytes="67336" >
  <allocated-bytes non-tlh="878176" tlh="46507504" />
  <largest-consumer threadName="Daemon worker Thread 33" threadId="00000000005A3F00" bytes="8248880" />
</allocation-stats>
<gc-op id="1755" type="scavenge" timems="2.900" contextid="1752" timestamp="2026-09-06T14:56:44.534">
  <scavenger-info tenureage="11" tenuremask="4800" tiltratio="78" />
  <memory-copied type="nursery" objects="72809" bytes="3196416" bytesdiscarded="133664" />
  <memory-copied type="tenure" objects="1292" bytes="66224" bytesdiscarded="240" />
  <finalization candidates="44" enqueued="44" />
  <ownableSynchronizers candidates="1376" cleared="908" />
  <references type="weak" candidates="288" cleared="129" enqueued="93" />
  <references type="phantom" candidates="223" cleared="212" enqueued="212" />
  <object-monitors candidates="13" cleared="2"  />
</gc-op>
<gc-end id="1756" type="scavenge" contextid="1752" durationms="3.445" usertimems="9.323" systemtimems="2.303" stalltimems="7.057" timestamp="2026-09-06T14:56:44.535" activeThreads="9">
  <mem-info id="1757" free="195282744" total="268435456" percent="72">
    <mem type="nursery" free="50921832" total="67108864" percent="75">
      <mem type="allocate" free="50921832" total="54263808" percent="93" />
      <mem type="survivor" free="0" total="12845056" percent="0" />
    </mem>
    <mem type="tenure" free="144360912" total="201326592" percent="71" macro-fragmented="67108864">
      <mem type="soa" free="134293968" total="191259648" percent="70" />
      <mem type="loa" free="10066944" total="10066944" percent="100" />
    </mem>
    <pending-finalizers system="0" default="44" reference="305" classloader="0" />
    <remembered-set count="1180" />
  </mem-info>
</gc-end>
<cycle-end id="1758" type="scavenge" contextid="1752" timestamp="2026-09-06T14:56:44.535" />
<allocation-satisfied id="1759" threadId="000000000124CB00" bytesRequested="4104" />
<af-end id="1760" timestamp="2026-09-06T14:56:44.535" threadId="000000000124D5C0" success="true" from="nursery"/>
<exclusive-end id="1761" timestamp="2026-09-06T14:56:44.535" durationms="4.279" />

<exclusive-start id="1762" timestamp="2026-09-06T14:56:44.823" intervalms="292.273">
  <response-info timems="0.064" idlems="0.064" threads="0" lastid="000000000124F100" lastname="Execution worker Thread 5" />
</exclusive-start>
<af-start id="1763" threadId="000000000124FBC0" totalBytesRequested="32" timestamp="2026-09-06T14:56:44.823" intervalms="292.303" type="nursery" />
<cycle-start id="1764" type="scavenge" contextid="0" timestamp="2026-09-06T14:56:44.823" intervalms="292.316" />
<gc-start id="1765" type="scavenge" contextid="1764" timestamp="2026-09-06T14:56:44.824">
  <mem-info id="1766" free="144355360" total="268435456" percent="53">
    <mem type="nursery" free="0" total="67108864" percent="0">
      <mem type="allocate" free="0" total="54263808" percent="0" />
      <mem type="survivor" free="0" total="12845056" percent="0" />
    </mem>
    <mem type="tenure" free="144355360" total="201326592" percent="71">
      <mem type="soa" free="134288416" total="191259648" percent="70" />
      <mem type="loa" free="10066944" total="10066944" percent="100" />
    </mem>
    <remembered-set count="1426" />
  </mem-info>
</gc-start>
<allocation-stats totalBytes="50810232" discardedBytes="117152" >
  <allocated-bytes non-tlh="1033024" tlh="49777208" />
  <largest-consumer threadName="Execution worker Thread 5" threadId="000000000124F100" bytes="21148000" />
</allocation-stats>
<gc-op id="1767" type="scavenge" timems="4.172" contextid="1764" timestamp="2026-09-06T14:56:44.828">
  <scavenger-info tenureage="14" tenuremask="4000" tiltratio="80" />
  <memory-copied type="nursery" objects="208398" bytes="9223072" bytesdiscarded="162640" />
  <memory-copied type="tenure" objects="64" bytes="1936" bytesdiscarded="0" />
  <finalization candidates="45" enqueued="1" />
  <ownableSynchronizers candidates="1082" cleared="641" />
  <references type="soft" candidates="20" cleared="0" enqueued="0" dynamicThreshold="24" maxThreshold="32" />
  <references type="weak" candidates="6059" cleared="1030" enqueued="9" />
  <references type="phantom" candidates="3316" cleared="3078" enqueued="3078" />
  <object-monitors candidates="12" cleared="0"  />
</gc-op>
<gc-end id="1768" type="scavenge" contextid="1764" durationms="4.408" usertimems="25.206" systemtimems="1.879" stalltimems="13.628" timestamp="2026-09-06T14:56:44.828" activeThreads="10">
  <mem-info id="1769" free="185411424" total="268435456" percent="69">
    <mem type="nursery" free="41187392" total="67108864" percent="61">
      <mem type="allocate" free="41187392" total="50593792" percent="81" />
      <mem type="survivor" free="0" total="16515072" percent="0" />
    </mem>
    <mem type="tenure" free="144224032" total="201326592" percent="71" macro-fragmented="117440512">
      <mem type="soa" free="134157088" total="191259648" percent="70" />
      <mem type="loa" free="10066944" total="10066944" percent="100" />
    </mem>
    <pending-finalizers system="0" default="1" reference="3087" classloader="0" />
    <remembered-set count="1247" />
  </mem-info>
</gc-end>
<cycle-end id="1770" type="scavenge" contextid="1764" timestamp="2026-09-06T14:56:44.828" />
<allocation-satisfied id="1771" threadId="000000000124F100" bytesRequested="32" />
<af-end id="1772" timestamp="2026-09-06T14:56:44.828" threadId="000000000124FBC0" success="true" from="nursery"/>
<exclusive-end id="1773" timestamp="2026-09-06T14:56:44.828" durationms="5.281" />

<exclusive-start id="1774" timestamp="2026-09-06T14:58:14.757" intervalms="89934.575">
  <response-info timems="0.026" idlems="0.026" threads="0" lastid="000000000054F200" lastname="Execution worker Thread 3" />
</exclusive-start>
<af-start id="1775" threadId="000000000054FCC0" totalBytesRequested="24" timestamp="2026-09-06T14:58:14.757" intervalms="89934.670" type="nursery" />
<cycle-start id="1776" type="scavenge" contextid="0" timestamp="2026-09-06T14:58:14.757" intervalms="89934.639" />
<gc-start id="1777" type="scavenge" contextid="1776" timestamp="2026-09-06T14:58:14.758">
  <mem-info id="1778" free="144221736" total="268435456" percent="53">
    <mem type="nursery" free="0" total="67108864" percent="0">
      <mem type="allocate" free="0" total="50593792" percent="0" />
      <mem type="survivor" free="0" total="16515072" percent="0" />
    </mem>
    <mem type="tenure" free="144221736" total="201326592" percent="71">
      <mem type="soa" free="134154792" total="191259648" percent="70" />
      <mem type="loa" free="10066944" total="10066944" percent="100" />
    </mem>
    <remembered-set count="1552" />
  </mem-info>
</gc-start>
<allocation-stats totalBytes="41034928" discardedBytes="154760" >
  <allocated-bytes non-tlh="1021016" tlh="40013912" />
  <largest-consumer threadName="Daemon worker Thread 34" threadId="0000000000582E00" bytes="13716152" />
</allocation-stats>
<gc-op id="1779" type="scavenge" timems="5.113" contextid="1776" timestamp="2026-09-06T14:58:14.763">
  <scavenger-info tenureage="14" tenuremask="4000" tiltratio="75" />
  <memory-copied type="nursery" objects="134731" bytes="5407488" bytesdiscarded="223160" />
  <finalization candidates="45" enqueued="45" />
  <ownableSynchronizers candidates="1560" cleared="1124" />
  <references type="soft" candidates="2" cleared="0" enqueued="0" dynamicThreshold="24" maxThreshold="32" />
  <references type="weak" candidates="348" cleared="20" enqueued="10" />
  <references type="phantom" candidates="3060" cleared="3027" enqueued="3027" />
  <object-monitors candidates="14" cleared="2"  />
</gc-op>
<gc-end id="1780" type="scavenge" contextid="1776" durationms="5.683" usertimems="13.075" systemtimems="0.757" stalltimems="26.974" timestamp="2026-09-06T14:58:14.763" activeThreads="10">
  <mem-info id="1781" free="190347960" total="268435456" percent="70">
    <mem type="nursery" free="46126224" total="67108864" percent="68">
      <mem type="allocate" free="46126224" total="51773440" percent="89" />
      <mem type="survivor" free="0" total="15335424" percent="0" />
    </mem>
    <mem type="tenure" free="144221736" total="201326592" percent="71" macro-fragmented="67108864">
      <mem type="soa" free="134154792" total="191259648" percent="70" />
      <mem type="loa" free="10066944" total="10066944" percent="100" />
    </mem>
    <pending-finalizers system="0" default="45" reference="3037" classloader="0" />
    <remembered-set count="1209" />
  </mem-info>
</gc-end>
<cycle-end id="1782" type="scavenge" contextid="1776" timestamp="2026-09-06T14:58:14.764" />
<allocation-satisfied id="1783" threadId="000000000054F200" bytesRequested="24" />
<af-end id="1784" timestamp="2026-09-06T14:58:14.764" threadId="000000000054FCC0" success="true" from="nursery"/>
<exclusive-end id="1785" timestamp="2026-09-06T14:58:14.764" durationms="6.668" />

<exclusive-start id="1786" timestamp="2026-09-06T14:58:23.597" intervalms="8840.177">
  <response-info timems="0.023" idlems="0.023" threads="0" lastid="0000000000582E00" lastname="Daemon worker Thread 34" />
</exclusive-start>
<af-start id="1787" threadId="00000000005838C0" totalBytesRequested="8208" timestamp="2026-09-06T14:58:23.597" intervalms="8840.055" type="nursery" />
<cycle-start id="1788" type="scavenge" contextid="0" timestamp="2026-09-06T14:58:23.597" intervalms="8840.062" />
<gc-start id="1789" type="scavenge" contextid="1788" timestamp="2026-09-06T14:58:23.598">
  <mem-info id="1790" free="144218480" total="268435456" percent="53">
    <mem type="nursery" free="0" total="67108864" percent="0">
      <mem type="allocate" free="0" total="51773440" percent="0" />
      <mem type="survivor" free="0" total="15335424" percent="0" />
    </mem>
    <mem type="tenure" free="144218480" total="201326592" percent="71">
      <mem type="soa" free="134151536" total="191259648" percent="70" />
      <mem type="loa" free="10066944" total="10066944" percent="100" />
    </mem>
    <remembered-set count="1523" />
  </mem-info>
</gc-start>
<allocation-stats totalBytes="46079344" discardedBytes="50136" >
  <allocated-bytes non-tlh="652840" tlh="45426504" />
  <largest-consumer threadName="Daemon worker Thread 34" threadId="0000000000582E00" bytes="7747512" />
</allocation-stats>
<gc-op id="1791" type="scavenge" timems="3.545" contextid="1788" timestamp="2026-09-06T14:58:23.601">
  <scavenger-info tenureage="14" tenuremask="4000" tiltratio="77" />
  <memory-copied type="nursery" objects="79273" bytes="3504408" bytesdiscarded="159824" />
  <finalization candidates="44" enqueued="44" />
  <ownableSynchronizers candidates="1271" cleared="892" />
  <references type="weak" candidates="367" cleared="238" enqueued="202" />
  <references type="phantom" candidates="223" cleared="212" enqueued="212" />
  <object-monitors candidates="13" cleared="2"  />
</gc-op>
<gc-end id="1792" type="scavenge" contextid="1788" durationms="3.773" usertimems="9.314" systemtimems="2.302" stalltimems="13.529" timestamp="2026-09-06T14:58:23.601" activeThreads="9">
  <mem-info id="1793" free="194150784" total="268435456" percent="72">
    <mem type="nursery" free="49932304" total="67108864" percent="74">
      <mem type="allocate" free="49932304" total="53608448" percent="93" />
      <mem type="survivor" free="0" total="13500416" percent="0" />
    </mem>
    <mem type="tenure" free="144218480" total="201326592" percent="71" macro-fragmented="100663296">
      <mem type="soa" free="134151536" total="191259648" percent="70" />
      <mem type="loa" free="10066944" total="10066944" percent="100" />
    </mem>
    <pending-finalizers system="0" default="44" reference="414" classloader="0" />
    <remembered-set count="1157" />
  </mem-info>
</gc-end>
<cycle-end id="1794" type="scavenge" contextid="1788" timestamp="2026-09-06T14:58:23.602" />
<allocation-satisfied id="1795" threadId="0000000000582E00" bytesRequested="8208" />
<af-end id="1796" timestamp="2026-09-06T14:58:23.602" threadId="00000000005838C0" success="true" from="nursery"/>
<exclusive-end id="1797" timestamp="2026-09-06T14:58:23.602" durationms="4.615" />

<exclusive-start id="1798" timestamp="2026-09-06T14:58:23.851" intervalms="253.925">
  <response-info timems="0.031" idlems="0.031" threads="0" lastid="0000000000581A00" lastname="Execution worker Thread 3" />
</exclusive-start>
<af-start id="1799" threadId="00000000005824C0" totalBytesRequested="32" timestamp="2026-09-06T14:58:23.851" intervalms="253.919" type="nursery" />
<cycle-start id="1800" type="scavenge" contextid="0" timestamp="2026-09-06T14:58:23.851" intervalms="253.925" />
<gc-start id="1801" type="scavenge" contextid="1800" timestamp="2026-09-06T14:58:23.852">
  <mem-info id="1802" free="144213336" total="268435456" percent="53">
    <mem type="nursery" free="0" total="67108864" percent="0">
      <mem type="allocate" free="0" total="53608448" percent="0" />
      <mem type="survivor" free="0" total="13500416" percent="0" />
    </mem>
    <mem type="tenure" free="144213336" total="201326592" percent="71">
      <mem type="soa" free="134146392" total="191259648" percent="70" />
      <mem type="loa" free="10066944" total="10066944" percent="100" />
    </mem>
    <remembered-set count="1401" />
  </mem-info>
</gc-start>
<allocation-stats totalBytes="49832152" discardedBytes="105296" >
  <allocated-bytes non-tlh="1163728" tlh="48668424" />
  <largest-consumer threadName="Execution worker Thread 3" threadId="0000000000581A00" bytes="19473544" />
</allocation-stats>
<gc-op id="1803" type="scavenge" timems="5.948" contextid="1800" timestamp="2026-09-06T14:58:23.858">
  <scavenger-info tenureage="8" tenuremask="4100" tiltratio="79" />
  <memory-copied type="nursery" objects="203816" bytes="9109744" bytesdiscarded="180744" />
  <memory-copied type="tenure" objects="148" bytes="5232" bytesdiscarded="0" />
  <finalization candidates="45" enqueued="1" />
  <ownableSynchronizers candidates="1106" cleared="657" />
  <references type="soft" candidates="7" cleared="0" enqueued="0" dynamicThreshold="24" maxThreshold="32" />
  <references type="weak" candidates="5294" cleared="779" enqueued="9" />
  <references type="phantom" candidates="3317" cleared="3079" enqueued="3079" />
  <object-monitors candidates="12" cleared="0"  />
</gc-op>
<gc-end id="1804" type="scavenge" contextid="1800" durationms="6.278" usertimems="27.029" systemtimems="2.209" stalltimems="20.494" timestamp="2026-09-06T14:58:23.858" activeThreads="9">
  <mem-info id="1805" free="185758104" total="268435456" percent="69">
    <mem type="nursery" free="41676096" total="67108864" percent="62">
      <mem type="allocate" free="41676096" total="50987008" percent="81" />
      <mem type="survivor" free="0" total="16121856" percent="0" />
    </mem>
    <mem type="tenure" free="144082008" total="201326592" percent="71" macro-fragmented="0">
      <mem type="soa" free="134015064" total="191259648" percent="70" />
      <mem type="loa" free="10066944" total="10066944" percent="100" />
    </mem>
    <pending-finalizers system="0" default="1" reference="3088" classloader="0" />
    <remembered-set count="1242" />
  </mem-info>
</gc-end>
<cycle-end id="1806" type="scavenge" contextid="1800" timestamp="2026-09-06T14:58:23.858" />
<allocation-satisfied id="1807" threadId="0000000000581A00" bytesRequested="32" />
<af-end id="1808" timestamp="2026-09-06T14:58:23.858" threadId="00000000005824C0" success="true" from="nursery"/>
<exclusive-end id="1809" timestamp="2026-09-06T14:58:23.858" durationms="7.364" />

<exclusive-start id="1810" timestamp="2026-09-06T14:58:32.755" intervalms="8903.399">
  <response-info timems="0.025" idlems="0.025" threads="0" lastid="0000000000B64800" lastname="Execution worker Thread 7" />
</exclusive-start>
<af-start id="1811" threadId="0000000000B652C0" totalBytesRequested="32" timestamp="2026-09-06T14:58:32.755" intervalms="8903.378" type="nursery" />
<cycle-start id="1812" type="scavenge" contextid="0" timestamp="2026-09-06T14:58:32.755" intervalms="8903.371" />
<gc-start id="1813" type="scavenge" contextid="1812" timestamp="2026-09-06T14:58:32.755">
  <mem-info id="1814" free="144079024" total="268435456" percent="53">
    <mem type="nursery" free="0" total="67108864" percent="0">
      <mem type="allocate" free="0" total="50987008" percent="0" />
      <mem type="survivor" free="0" total="16121856" percent="0" />
    </mem>
    <mem type="tenure" free="144079024" total="201326592" percent="71">
      <mem type="soa" free="134012080" total="191259648" percent="70" />
      <mem type="loa" free="10066944" total="10066944" percent="100" />
    </mem>
    <remembered-set count="1554" />
  </mem-info>
</gc-start>
<allocation-stats totalBytes="41590152" discardedBytes="88928" >
  <allocated-bytes non-tlh="1001200" tlh="40588952" />
  <largest-consumer threadName="Daemon worker Thread 34" threadId="0000000000582E00" bytes="13741216" />
</allocation-stats>
<gc-op id="1815" type="scavenge" timems="2.948" contextid="1812" timestamp="2026-09-06T14:58:32.758">
  <scavenger-info tenureage="11" tenuremask="6800" tiltratio="75" />
  <memory-copied type="nursery" objects="122085" bytes="4960776" bytesdiscarded="214592" />
  <memory-copied type="tenure" objects="4029" bytes="204512" bytesdiscarded="168" />
  <finalization candidates="45" enqueued="45" />
  <ownableSynchronizers candidates="1544" cleared="1103" />
  <references type="soft" candidates="2" cleared="0" enqueued="0" dynamicThreshold="24" maxThreshold="32" />
  <references type="weak" candidates="368" cleared="45" enqueued="10" />
  <references type="phantom" candidates="3060" cleared="3027" enqueued="3027" />
  <object-monitors candidates="14" cleared="2"  />
</gc-op>
<gc-end id="1816" type="scavenge" contextid="1812" durationms="3.246" usertimems="18.191" systemtimems="0.513" stalltimems="10.683" timestamp="2026-09-06T14:58:32.758" activeThreads="10">
  <mem-info id="1817" free="190659632" total="268435456" percent="71">
    <mem type="nursery" free="46910080" total="67108864" percent="69">
      <mem type="allocate" free="46910080" total="52101120" percent="90" />
      <mem type="survivor" free="0" total="15007744" percent="0" />
    </mem>
    <mem type="tenure" free="143749552" total="201326592" percent="71" macro-fragmented="83886080">
      <mem type="soa" free="133682608" total="191259648" percent="69" />
      <mem type="loa" free="10066944" total="10066944" percent="100" />
    </mem>
    <pending-finalizers system="0" default="45" reference="3037" classloader="0" />
    <remembered-set count="1167" />
  </mem-info>
</gc-end>
<cycle-end id="1818" type="scavenge" contextid="1812" timestamp="2026-09-06T14:58:32.758" />
<allocation-satisfied id="1819" threadId="0000000000B64800" bytesRequested="32" />
<af-end id="1820" timestamp="2026-09-06T14:58:32.758" threadId="0000000000B652C0" success="true" from="nursery"/>
<exclusive-end id="1821" timestamp="2026-09-06T14:58:32.759" durationms="4.013" />

<exclusive-start id="1822" timestamp="2026-09-06T14:58:41.618" intervalms="8863.109">
  <response-info timems="0.269" idlems="0.112" threads="3" lastid="0000000001273300" lastname="Build operations Thread 8" />
</exclusive-start>
<af-start id="1823" threadId="000000000127F4C0" totalBytesRequested="48" timestamp="2026-09-06T14:58:41.620" intervalms="8865.276" type="nursery" />
<cycle-start id="1824" type="scavenge" contextid="0" timestamp="2026-09-06T14:58:41.620" intervalms="8865.296" />
<gc-start id="1825" type="scavenge" contextid="1824" timestamp="2026-09-06T14:58:41.621">
  <mem-info id="1826" free="143746296" total="268435456" percent="53">
    <mem type="nursery" free="0" total="67108864" percent="0">
      <mem type="allocate" free="0" total="52101120" percent="0" />
      <mem type="survivor" free="0" total="15007744" percent="0" />
    </mem>
    <mem type="tenure" free="143746296" total="201326592" percent="71">
      <mem type="soa" free="133679352" total="191259648" percent="69" />
      <mem type="loa" free="10066944" total="10066944" percent="100" />
    </mem>
    <remembered-set count="1488" />
  </mem-info>
</gc-start>
<allocation-stats totalBytes="46851248" discardedBytes="62088" >
  <allocated-bytes non-tlh="762400" tlh="46088848" />
  <largest-consumer threadName="Daemon worker Thread 34" threadId="0000000000582E00" bytes="8203808" />
</allocation-stats>
<gc-op id="1827" type="scavenge" timems="3.582" contextid="1824" timestamp="2026-09-06T14:58:41.624">
  <scavenger-info tenureage="11" tenuremask="4800" tiltratio="77" />
  <memory-copied type="nursery" objects="72522" bytes="3182136" bytesdiscarded="248144" />
  <memory-copied type="tenure" objects="1290" bytes="66192" bytesdiscarded="232" />
  <finalization candidates="44" enqueued="44" />
  <ownableSynchronizers candidates="1372" cleared="909" />
  <references type="weak" candidates="283" cleared="129" enqueued="93" />
  <references type="phantom" candidates="223" cleared="212" enqueued="212" />
  <object-monitors candidates="13" cleared="2"  />
</gc-op>
<gc-end id="1828" type="scavenge" contextid="1824" durationms="3.941" usertimems="11.612" systemtimems="0.034" stalltimems="11.240" timestamp="2026-09-06T14:58:41.625" activeThreads="10">
  <mem-info id="1829" free="194075384" total="268435456" percent="72">
    <mem type="nursery" free="50559488" total="67108864" percent="75">
      <mem type="allocate" free="50559488" total="54001664" percent="93" />
      <mem type="survivor" free="0" total="13107200" percent="0" />
    </mem>
    <mem type="tenure" free="143515896" total="201326592" percent="71" macro-fragmented="117440512">
      <mem type="soa" free="133448952" total="191259648" percent="69" />
      <mem type="loa" free="10066944" total="10066944" percent="100" />
    </mem>
    <pending-finalizers system="0" default="44" reference="305" classloader="0" />
    <remembered-set count="1111" />
  </mem-info>
</gc-end>
<cycle-end id="1830" type="scavenge" contextid="1824" timestamp="2026-09-06T14:58:41.625" />
<allocation-satisfied id="1831" threadId="000000000127EA00" bytesRequested="48" />
<af-end id="1832" timestamp="2026-09-06T14:58:41.625" threadId="000000000127F4C0" success="true" from="nursery"/>
<exclusive-end id="1833" timestamp="2026-09-06T14:58:41.625" durationms="6.924" />

<exclusive-start id="1834" timestamp="2026-09-06T14:58:41.862" intervalms="243.568">
  <response-info timems="0.026" idlems="0.026" threads="0" lastid="0000000000955C00" lastname="included builds" />
</exclusive-start>
<af-start id="1835" threadId="00000000009566C0" totalBytesRequested="104" timestamp="2026-09-06T14:58:41.862" intervalms="241.420" type="nursery" />
<cycle-start id="1836" type="scavenge" contextid="0" timestamp="2026-09-06T14:58:41.862" intervalms="241.397" />
<gc-start id="1837" type="scavenge" contextid="1836" timestamp="2026-09-06T14:58:41.863">
  <mem-info id="1838" free="143509656" total="268435456" percent="53">
    <mem type="nursery" free="0" total="67108864" percent="0">
      <mem type="allocate" free="0" total="54001664" percent="0" />
      <mem type="survivor" free="0" total="13107200" percent="0" />
    </mem>
    <mem type="tenure" free="143509656" total="201326592" percent="71">
      <mem type="soa" free="133442712" total="191259648" percent="69" />
      <mem type="loa" free="10066944" total="10066944" percent="100" />
    </mem>
    <remembered-set count="1370" />
  </mem-info>
</gc-start>
<allocation-stats totalBytes="50437928" discardedBytes="127800" >
  <allocated-bytes non-tlh="686280" tlh="49751648" />
  <largest-consumer threadName="included builds" threadId="0000000000955C00" bytes="30365136" />
</allocation-stats>
<gc-op id="1839" type="scavenge" timems="3.449" contextid="1836" timestamp="2026-09-06T14:58:41.866">
  <scavenger-info tenureage="14" tenuremask="4000" tiltratio="80" />
  <memory-copied type="nursery" objects="206393" bytes="9168816" bytesdiscarded="207024" />
  <memory-copied type="tenure" objects="76" bytes="2120" bytesdiscarded="0" />
  <finalization candidates="45" enqueued="1" />
  <ownableSynchronizers candidates="1077" cleared="640" />
  <references type="soft" candidates="7" cleared="0" enqueued="0" dynamicThreshold="24" maxThreshold="32" />
  <references type="weak" candidates="5871" cleared="915" enqueued="9" />
  <references type="phantom" candidates="3317" cleared="3079" enqueued="3079" />
  <object-monitors candidates="12" cleared="0"  />
</gc-op>
<gc-end id="1840" type="scavenge" contextid="1836" durationms="4.188" usertimems="24.224" systemtimems="1.884" stalltimems="8.537" timestamp="2026-09-06T14:58:41.867" activeThreads="10">
  <mem-info id="1841" free="184641536" total="268435456" percent="68">
    <mem type="nursery" free="41263208" total="67108864" percent="61">
      <mem type="allocate" free="41263208" total="50659328" percent="81" />
      <mem type="survivor" free="0" total="16449536" percent="0" />
    </mem>
    <mem type="tenure" free="143378328" total="201326592" percent="71" macro-fragmented="100663296">
      <mem type="soa" free="133311384" total="191259648" percent="69" />
      <mem type="loa" free="10066944" total="10066944" percent="100" />
    </mem>
    <pending-finalizers system="0" default="1" reference="3088" classloader="0" />
    <remembered-set count="1172" />
  </mem-info>
</gc-end>
<cycle-end id="1842" type="scavenge" contextid="1836" timestamp="2026-09-06T14:58:41.867" />
<allocation-satisfied id="1843" threadId="0000000000955C00" bytesRequested="104" />
<af-end id="1844" timestamp="2026-09-06T14:58:41.867" threadId="00000000009566C0" success="true" from="nursery"/>
<exclusive-end id="1845" timestamp="2026-09-06T14:58:41.867" durationms="5.600" />

<exclusive-start id="1846" timestamp="2026-09-06T14:58:50.770" intervalms="8908.110">
  <response-info timems="0.025" idlems="0.025" threads="0" lastid="0000000001273300" lastname="Execution worker Thread 5" />
</exclusive-start>
<af-start id="1847" threadId="0000000001273DC0" totalBytesRequested="256" timestamp="2026-09-06T14:58:50.770" intervalms="8908.268" type="nursery" />
<cycle-start id="1848" type="scavenge" contextid="0" timestamp="2026-09-06T14:58:50.770" intervalms="8908.266" />
<gc-start id="1849" type="scavenge" contextid="1848" timestamp="2026-09-06T14:58:50.772">
  <mem-info id="1850" free="143376032" total="268435456" percent="53">
    <mem type="nursery" free="0" total="67108864" percent="0">
      <mem type="allocate" free="0" total="50659328" percent="0" />
      <mem type="survivor" free="0" total="16449536" percent="0" />
    </mem>
    <mem type="tenure" free="143376032" total="201326592" percent="71">
      <mem type="soa" free="133309088" total="191259648" percent="69" />
      <mem type="loa" free="10066944" total="10066944" percent="100" />
    </mem>
    <remembered-set count="1480" />
  </mem-info>
</gc-start>
<allocation-stats totalBytes="41170352" discardedBytes="95152" >
  <allocated-bytes non-tlh="1016984" tlh="40153368" />
  <largest-consumer threadName="Daemon worker Thread 34" threadId="0000000000582E00" bytes="13551488" />
</allocation-stats>
<gc-op id="1851" type="scavenge" timems="2.940" contextid="1848" timestamp="2026-09-06T14:58:50.775">
  <scavenger-info tenureage="14" tenuremask="4000" tiltratio="75" />
  <memory-copied type="nursery" objects="115613" bytes="4803208" bytesdiscarded="210360" />
  <finalization candidates="45" enqueued="45" />
  <ownableSynchronizers candidates="1538" cleared="1105" />
  <references type="soft" candidates="2" cleared="0" enqueued="0" dynamicThreshold="24" maxThreshold="32" />
  <references type="weak" candidates="358" cleared="45" enqueued="10" />
  <references type="phantom" candidates="3058" cleared="3027" enqueued="3027" />
  <object-monitors candidates="14" cleared="2"  />
</gc-op>
<gc-end id="1852" type="scavenge" contextid="1848" durationms="3.358" usertimems="11.154" systemtimems="4.765" stalltimems="13.052" timestamp="2026-09-06T14:58:50.775" activeThreads="10">
  <mem-info id="1853" free="190186376" total="268435456" percent="70">
    <mem type="nursery" free="46810344" total="67108864" percent="69">
      <mem type="allocate" free="46810344" total="51838976" percent="90" />
      <mem type="survivor" free="0" total="15269888" percent="0" />
    </mem>
    <mem type="tenure" free="143376032" total="201326592" percent="71" macro-fragmented="100663296">
      <mem type="soa" free="133309088" total="191259648" percent="69" />
      <mem type="loa" free="10066944" total="10066944" percent="100" />
    </mem>
    <pending-finalizers system="0" default="45" reference="3037" classloader="0" />
    <remembered-set count="1152" />
  </mem-info>
</gc-end>
<cycle-end id="1854" type="scavenge" contextid="1848" timestamp="2026-09-06T14:58:50.775" />
<allocation-satisfied id="1855" threadId="0000000001273300" bytesRequested="256" />
<af-end id="1856" timestamp="2026-09-06T14:58:50.775" threadId="0000000001273DC0" success="true" from="nursery"/>
<exclusive-end id="1857" timestamp="2026-09-06T14:58:50.775" durationms="5.480" />

<exclusive-start id="1858" timestamp="2026-09-06T15:04:59.849" intervalms="237360.725">
  <response-info timems="0.332" idlems="0.332" threads="0" lastid="00000000001A7100" lastname="VM Runtime State Listener" />
</exclusive-start>
<sys-start reason="vm idle" id="1859" timestamp="2026-09-06T15:04:59.852" intervalms="1124092.918" />
<cycle-start id="1860" type="global" contextid="0" timestamp="2026-09-06T15:04:59.853" intervalms="1124093.692" />
<gc-start id="1861" type="global" contextid="1860" timestamp="2026-09-06T15:04:59.860">
  <mem-info id="1862" free="151115120" total="268435456" percent="56">
    <mem type="nursery" free="7742344" total="67108864" percent="11">
      <mem type="allocate" free="7742344" total="51838976" percent="14" />
      <mem type="survivor" free="0" total="15269888" percent="0" />
    </mem>
    <mem type="tenure" free="143372776" total="201326592" percent="71">
      <mem type="soa" free="133305832" total="191259648" percent="69" />
      <mem type="loa" free="10066944" total="10066944" percent="100" />
    </mem>
    <remembered-set count="1445" />
  </mem-info>
</gc-start>
<allocation-stats totalBytes="39006472" discardedBytes="64784" >
  <allocated-bytes non-tlh="865400" tlh="38141072" />
  <largest-consumer threadName="Memory manager" threadId="00000000010E5B00" bytes="1177472" />
</allocation-stats>
<gc-op id="1863" type="mark" timems="37.174" contextid="1860" timestamp="2026-09-06T15:04:59.898">
  <trace-info objectcount="964149" scancount="840807" scanbytes="28160244" />
  <finalization candidates="1050" enqueued="88" />
  <ownableSynchronizers candidates="5215" cleared="783" />
  <references type="soft" candidates="25885" cleared="0" enqueued="0" dynamicThreshold="24" maxThreshold="32" />
  <references type="weak" candidates="26041" cleared="204" enqueued="143" />
  <references type="phantom" candidates="2083" cleared="182" enqueued="182" />
  <stringconstants candidates="45188" cleared="63"  />
  <object-monitors candidates="13" cleared="2"  />
</gc-op>
<gc-op id="1864" type="classunload" timems="0.616" contextid="1860" timestamp="2026-09-06T15:04:59.899">
  <classunload-info classloadercandidates="64" classloadersunloaded="50" classesunloaded="0" anonymousclassesunloaded="0" quiescems="0.000" setupms="0.128" scanms="0.416" postms="0.071" />
</gc-op>
<gc-op id="1865" type="sweep" timems="1.454" contextid="1860" timestamp="2026-09-06T15:04:59.900" />
<mem-info id="1866" free="198628400" total="268435456" percent="73">
  <mem type="nursery" free="46457888" total="67108864" percent="69">
    <mem type="allocate" free="46457888" total="51838976" percent="89" />
    <mem type="survivor" free="0" total="15269888" percent="0" />
  </mem>
  <mem type="tenure" free="152170512" total="201326592" percent="75" micro-fragmented="89220" macro-fragmented="100663296">
    <mem type="soa" free="142103568" total="191259648" percent="74" />
    <mem type="loa" free="10066944" total="10066944" percent="100" />
  </mem>
  <pending-finalizers system="0" default="88" reference="325" classloader="0" />
  <remembered-set count="1190" />
</mem-info>
<gc-op id="1867" type="compact" timems="22.069" contextid="1860" timestamp="2026-09-06T15:04:59.922">
  <compact-info movecount="267300" movebytes="12993776" reason="compact on aggressive collection" />
</gc-op>
<gc-end id="1868" type="global" contextid="1860" durationms="63.132" usertimems="397.623" systemtimems="5.694" stalltimems="107.272" timestamp="2026-09-06T15:04:59.923" activeThreads="10">
  <mem-info id="1869" free="200214408" total="268435456" percent="74">
    <mem type="nursery" free="47961288" total="67108864" percent="71">
      <mem type="allocate" free="47961288" total="51838976" percent="92" />
      <mem type="survivor" free="0" total="15269888" percent="0" />
    </mem>
    <mem type="tenure" free="152253120" total="201326592" percent="75">
      <mem type="soa" free="142186176" total="191259648" percent="74" />
      <mem type="loa" free="10066944" total="10066944" percent="100" />
    </mem>
    <pending-finalizers system="0" default="88" reference="325" classloader="0" />
    <remembered-set count="1190" />
  </mem-info>
</gc-end>
<cycle-end id="1870" type="global" contextid="1860" timestamp="2026-09-06T15:04:59.924" />
<sys-end id="1871" timestamp="2026-09-06T15:04:59.924" />
<exclusive-end id="1872" timestamp="2026-09-06T15:04:59.924" durationms="74.750" />

<heap-resize id="1873" type="release free pages" space="tenure" amount="152236032" count="1" timems="0.103" reason="idle" timestamp="2026-09-06T15:04:59.924" />
<exclusive-start id="1874" timestamp="2026-09-06T15:05:41.818" intervalms="41969.115">
  <response-info timems="0.027" idlems="0.027" threads="0" lastid="0000000001041B00" lastname="Execution worker Thread 9" />
</exclusive-start>
<af-start id="1875" threadId="00000000010425C0" totalBytesRequested="208232" timestamp="2026-09-06T15:05:41.818" intervalms="279329.864" type="nursery" />
<cycle-start id="1876" type="scavenge" contextid="0" timestamp="2026-09-06T15:05:41.819" intervalms="279329.873" />
<gc-start id="1877" type="scavenge" contextid="1876" timestamp="2026-09-06T15:05:41.819">
  <mem-info id="1878" free="152396264" total="268435456" percent="56">
    <mem type="nursery" free="151936" total="67108864" percent="0">
      <mem type="allocate" free="151936" total="51838976" percent="0" />
      <mem type="survivor" free="0" total="15269888" percent="0" />
    </mem>
    <mem type="tenure" free="152244328" total="201326592" percent="75">
      <mem type="soa" free="142177384" total="191259648" percent="74" />
      <mem type="loa" free="10066944" total="10066944" percent="100" />
    </mem>
    <remembered-set count="1468" />
  </mem-info>
</gc-start>
<allocation-stats totalBytes="47696656" discardedBytes="120736" >
  <allocated-bytes non-tlh="831424" tlh="46865232" />
  <largest-consumer threadName="Daemon worker Thread 35" threadId="000000000101CD00" bytes="13409304" />
</allocation-stats>
<gc-op id="1879" type="scavenge" timems="5.634" contextid="1876" timestamp="2026-09-06T15:05:41.825">
  <scavenger-info tenureage="14" tenuremask="4000" tiltratio="77" />
  <memory-copied type="nursery" objects="138416" bytes="5804264" bytesdiscarded="211664" />
  <finalization candidates="16" enqueued="1" />
  <ownableSynchronizers candidates="9624" cleared="9227" />
  <references type="soft" candidates="7" cleared="0" enqueued="0" dynamicThreshold="24" maxThreshold="32" />
  <references type="weak" candidates="866" cleared="86" enqueued="9" />
  <references type="phantom" candidates="3288" cleared="3109" enqueued="3109" />
  <object-monitors candidates="12" cleared="1"  />
</gc-op>
<gc-end id="1880" type="scavenge" contextid="1876" durationms="6.411" usertimems="18.450" systemtimems="0.901" stalltimems="23.551" timestamp="2026-09-06T15:05:41.825" activeThreads="9">
  <mem-info id="1881" free="199553560" total="268435456" percent="74">
    <mem type="nursery" free="47309232" total="67108864" percent="70">
      <mem type="allocate" free="47309232" total="53346304" percent="88" />
      <mem type="survivor" free="0" total="13762560" percent="0" />
    </mem>
    <mem type="tenure" free="152244328" total="201326592" percent="75" macro-fragmented="0">
      <mem type="soa" free="142177384" total="191259648" percent="74" />
      <mem type="loa" free="10066944" total="10066944" percent="100" />
    </mem>
    <pending-finalizers system="0" default="1" reference="3118" classloader="0" />
    <remembered-set count="1177" />
  </mem-info>
</gc-end>
<cycle-end id="1882" type="scavenge" contextid="1876" timestamp="2026-09-06T15:05:41.826" />
<allocation-satisfied id="1883" threadId="0000000001041B00" bytesRequested="208232" />
<af-end id="1884" timestamp="2026-09-06T15:05:41.826" threadId="00000000010425C0" success="true" from="nursery"/>
<exclusive-end id="1885" timestamp="2026-09-06T15:05:41.826" durationms="7.649" />

<exclusive-start id="1886" timestamp="2026-09-06T15:05:50.710" intervalms="8891.277">
  <response-info timems="0.040" idlems="0.040" threads="0" lastid="000000000057F100" lastname="Cache worker for file hash cache (/workspace/project/.gradle/9." />
</exclusive-start>
<af-start id="1887" threadId="000000000057FBC0" totalBytesRequested="4104" timestamp="2026-09-06T15:05:50.710" intervalms="8891.069" type="nursery" />
<cycle-start id="1888" type="scavenge" contextid="0" timestamp="2026-09-06T15:05:50.710" intervalms="8891.069" />
<gc-start id="1889" type="scavenge" contextid="1888" timestamp="2026-09-06T15:05:50.712">
  <mem-info id="1890" free="152242032" total="268435456" percent="56">
    <mem type="nursery" free="0" total="67108864" percent="0">
      <mem type="allocate" free="0" total="53346304" percent="0" />
      <mem type="survivor" free="0" total="13762560" percent="0" />
    </mem>
    <mem type="tenure" free="152242032" total="201326592" percent="75">
      <mem type="soa" free="142175088" total="191259648" percent="74" />
      <mem type="loa" free="10066944" total="10066944" percent="100" />
    </mem>
    <remembered-set count="1478" />
  </mem-info>
</gc-start>
<allocation-stats totalBytes="47221216" discardedBytes="90312" >
  <allocated-bytes non-tlh="1147232" tlh="46073984" />
  <largest-consumer threadName="Daemon worker Thread 35" threadId="000000000101CD00" bytes="13462256" />
</allocation-stats>
<gc-op id="1891" type="scavenge" timems="2.765" contextid="1888" timestamp="2026-09-06T15:05:50.715">
  <scavenger-info tenureage="14" tenuremask="4000" tiltratio="79" />
  <memory-copied type="nursery" objects="103752" bytes="4119592" bytesdiscarded="239104" />
  <finalization candidates="45" enqueued="45" />
  <ownableSynchronizers candidates="1454" cleared="1024" />
  <references type="soft" candidates="1" cleared="0" enqueued="0" dynamicThreshold="24" maxThreshold="32" />
  <references type="weak" candidates="330" cleared="121" enqueued="86" />
  <references type="phantom" candidates="2872" cleared="2844" enqueued="2844" />
  <object-monitors candidates="13" cleared="2"  />
</gc-op>
<gc-end id="1892" type="scavenge" contextid="1888" durationms="2.970" usertimems="11.542" systemtimems="2.325" stalltimems="9.072" timestamp="2026-09-06T15:05:50.715" activeThreads="9">
  <mem-info id="1893" free="202591656" total="268435456" percent="75">
    <mem type="nursery" free="50349624" total="67108864" percent="75">
      <mem type="allocate" free="50349624" total="54722560" percent="92" />
      <mem type="survivor" free="0" total="12386304" percent="0" />
    </mem>
    <mem type="tenure" free="152242032" total="201326592" percent="75" macro-fragmented="134217728">
      <mem type="soa" free="142175088" total="191259648" percent="74" />
      <mem type="loa" free="10066944" total="10066944" percent="100" />
    </mem>
    <pending-finalizers system="0" default="45" reference="2930" classloader="0" />
    <remembered-set count="1230" />
  </mem-info>
</gc-end>
<cycle-end id="1894" type="scavenge" contextid="1888" timestamp="2026-09-06T15:05:50.715" />
<allocation-satisfied id="1895" threadId="000000000057F100" bytesRequested="4104" />
<af-end id="1896" timestamp="2026-09-06T15:05:50.716" threadId="000000000057FBC0" success="true" from="nursery"/>
<exclusive-end id="1897" timestamp="2026-09-06T15:05:50.716" durationms="5.909" />

<exclusive-start id="1898" timestamp="2026-09-06T15:05:59.572" intervalms="8861.984">
  <response-info timems="0.026" idlems="0.026" threads="0" lastid="000000000101CD00" lastname="Daemon worker Thread 35" />
</exclusive-start>
<af-start id="1899" threadId="000000000101D7C0" totalBytesRequested="16" timestamp="2026-09-06T15:05:59.572" intervalms="8862.217" type="nursery" />
<cycle-start id="1900" type="scavenge" contextid="0" timestamp="2026-09-06T15:05:59.572" intervalms="8862.235" />
<gc-start id="1901" type="scavenge" contextid="1900" timestamp="2026-09-06T15:05:59.572">
  <mem-info id="1902" free="152236216" total="268435456" percent="56">
    <mem type="nursery" free="0" total="67108864" percent="0">
      <mem type="allocate" free="0" total="54722560" percent="0" />
      <mem type="survivor" free="0" total="12386304" percent="0" />
    </mem>
    <mem type="tenure" free="152236216" total="201326592" percent="75">
      <mem type="soa" free="142169272" total="191259648" percent="74" />
      <mem type="loa" free="10066944" total="10066944" percent="100" />
    </mem>
    <remembered-set count="1581" />
  </mem-info>
</gc-start>
<allocation-stats totalBytes="50252168" discardedBytes="102512" >
  <allocated-bytes non-tlh="766520" tlh="49485648" />
  <largest-consumer threadName="Daemon worker Thread 35" threadId="000000000101CD00" bytes="6709712" />
</allocation-stats>
<gc-op id="1903" type="scavenge" timems="3.700" contextid="1900" timestamp="2026-09-06T15:05:59.576">
  <scavenger-info tenureage="14" tenuremask="4000" tiltratio="81" />
  <memory-copied type="nursery" objects="63419" bytes="2828336" bytesdiscarded="149504" />
  <memory-copied type="tenure" objects="52" bytes="1560" bytesdiscarded="0" />
  <finalization candidates="59" enqueued="59" />
  <ownableSynchronizers candidates="1321" cleared="952" />
  <references type="weak" candidates="319" cleared="217" enqueued="181" />
  <references type="phantom" candidates="406" cleared="395" enqueued="395" />
  <object-monitors candidates="12" cleared="2"  />
</gc-op>
<gc-end id="1904" type="scavenge" contextid="1900" durationms="4.357" usertimems="6.014" systemtimems="3.615" stalltimems="18.805" timestamp="2026-09-06T15:05:59.577" activeThreads="8">
  <mem-info id="1905" free="205464912" total="268435456" percent="76">
    <mem type="nursery" free="53307792" total="67108864" percent="79">
      <mem type="allocate" free="53307792" total="56295424" percent="94" />
      <mem type="survivor" free="0" total="10813440" percent="0" />
    </mem>
    <mem type="tenure" free="152157120" total="201326592" percent="75" macro-fragmented="100663296">
      <mem type="soa" free="142090176" total="191259648" percent="74" />
      <mem type="loa" free="10066944" total="10066944" percent="100" />
    </mem>
    <pending-finalizers system="15" default="44" reference="576" classloader="0" />
    <remembered-set count="1108" />
  </mem-info>
</gc-end>
<cycle-end id="1906" type="scavenge" contextid="1900" timestamp="2026-09-06T15:05:59.577" />
<allocation-satisfied id="1907" threadId="000000000101CD00" bytesRequested="16" />
<af-end id="1908" timestamp="2026-09-06T15:05:59.577" threadId="000000000101D7C0" success="true" from="nursery"/>
<exclusive-end id="1909" timestamp="2026-09-06T15:05:59.577" durationms="5.475" />

<exclusive-start id="1910" timestamp="2026-09-06T15:05:59.821" intervalms="249.522">
  <response-info timems="0.025" idlems="0.025" threads="0" lastid="0000000000955C00" lastname="Execution worker Thread 4" />
</exclusive-start>
<af-start id="1911" threadId="00000000009566C0" totalBytesRequested="88" timestamp="2026-09-06T15:05:59.821" intervalms="249.281" type="nursery" />
<cycle-start id="1912" type="scavenge" contextid="0" timestamp="2026-09-06T15:05:59.821" intervalms="249.247" />
<gc-start id="1913" type="scavenge" contextid="1912" timestamp="2026-09-06T15:05:59.822">
  <mem-info id="1914" free="152151568" total="268435456" percent="56">
    <mem type="nursery" free="0" total="67108864" percent="0">
      <mem type="allocate" free="0" total="56295424" percent="0" />
      <mem type="survivor" free="0" total="10813440" percent="0" />
    </mem>
    <mem type="tenure" free="152151568" total="201326592" percent="75">
      <mem type="soa" free="142084624" total="191259648" percent="74" />
      <mem type="loa" free="10066944" total="10066944" percent="100" />
    </mem>
    <remembered-set count="1357" />
  </mem-info>
</gc-start>
<allocation-stats totalBytes="53205520" discardedBytes="107824" >
  <allocated-bytes non-tlh="1172336" tlh="52033184" />
  <largest-consumer threadName="Execution worker Thread 4" threadId="0000000000955C00" bytes="22084896" />
</allocation-stats>
<gc-op id="1915" type="scavenge" timems="5.664" contextid="1912" timestamp="2026-09-06T15:05:59.828">
  <scavenger-info tenureage="14" tenuremask="4000" tiltratio="83" />
  <memory-copied type="nursery" objects="205663" bytes="9017184" bytesdiscarded="449680" />
  <memory-copied type="tenure" objects="45" bytes="1296" bytesdiscarded="0" />
  <finalization candidates="45" enqueued="1" />
  <ownableSynchronizers candidates="1116" cleared="678" />
  <references type="soft" candidates="47" cleared="0" enqueued="0" dynamicThreshold="24" maxThreshold="32" />
  <references type="weak" candidates="6437" cleared="1091" enqueued="9" />
  <references type="phantom" candidates="3317" cleared="3079" enqueued="3079" />
  <object-monitors candidates="11" cleared="0"  />
</gc-op>
<gc-end id="1916" type="scavenge" contextid="1912" durationms="5.872" usertimems="21.760" systemtimems="1.652" stalltimems="14.172" timestamp="2026-09-06T15:05:59.828" activeThreads="7">
  <mem-info id="1917" free="193543304" total="268435456" percent="72">
    <mem type="nursery" free="41564536" total="67108864" percent="61">
      <mem type="allocate" free="41564536" total="51052544" percent="81" />
      <mem type="survivor" free="0" total="16056320" percent="0" />
    </mem>
    <mem type="tenure" free="151978768" total="201326592" percent="75" macro-fragmented="134217728">
      <mem type="soa" free="141911824" total="191259648" percent="74" />
      <mem type="loa" free="10066944" total="10066944" percent="100" />
    </mem>
    <pending-finalizers system="0" default="1" reference="3088" classloader="0" />
    <remembered-set count="1194" />
  </mem-info>
</gc-end>
<cycle-end id="1918" type="scavenge" contextid="1912" timestamp="2026-09-06T15:05:59.828" />
<allocation-satisfied id="1919" threadId="0000000000955C00" bytesRequested="88" />
<af-end id="1920" timestamp="2026-09-06T15:05:59.828" threadId="00000000009566C0" success="true" from="nursery"/>
<exclusive-end id="1921" timestamp="2026-09-06T15:05:59.828" durationms="7.244" />

<exclusive-start id="1922" timestamp="2026-09-06T15:06:08.746" intervalms="8925.346">
  <response-info timems="0.032" idlems="0.032" threads="0" lastid="0000000000B64800" lastname="Execution worker Thread 6" />
</exclusive-start>
<af-start id="1923" threadId="0000000000B652C0" totalBytesRequested="960" timestamp="2026-09-06T15:06:08.747" intervalms="8925.510" type="nursery" />
<cycle-start id="1924" type="scavenge" contextid="0" timestamp="2026-09-06T15:06:08.747" intervalms="8925.525" />
<gc-start id="1925" type="scavenge" contextid="1924" timestamp="2026-09-06T15:06:08.747">
  <mem-info id="1926" free="151976472" total="268435456" percent="56">
    <mem type="nursery" free="0" total="67108864" percent="0">
      <mem type="allocate" free="0" total="51052544" percent="0" />
      <mem type="survivor" free="0" total="16056320" percent="0" />
    </mem>
    <mem type="tenure" free="151976472" total="201326592" percent="75">
      <mem type="soa" free="141909528" total="191259648" percent="74" />
      <mem type="loa" free="10066944" total="10066944" percent="100" />
    </mem>
    <remembered-set count="1535" />
  </mem-info>
</gc-start>
<allocation-stats totalBytes="41473768" discardedBytes="93064" >
  <allocated-bytes non-tlh="1016968" tlh="40456800" />
  <largest-consumer threadName="Daemon worker Thread 35" threadId="000000000101CD00" bytes="13925608" />
</allocation-stats>
<gc-op id="1927" type="scavenge" timems="3.748" contextid="1924" timestamp="2026-09-06T15:06:08.751">
  <scavenger-info tenureage="14" tenuremask="4000" tiltratio="76" />
  <memory-copied type="nursery" objects="111744" bytes="4610128" bytesdiscarded="87312" />
  <memory-copied type="tenure" objects="70" bytes="2112" bytesdiscarded="568" />
  <finalization candidates="45" enqueued="45" />
  <ownableSynchronizers candidates="1540" cleared="1105" />
  <references type="soft" candidates="2" cleared="0" enqueued="0" dynamicThreshold="24" maxThreshold="32" />
  <references type="weak" candidates="349" cleared="45" enqueued="10" />
  <references type="phantom" candidates="3059" cleared="3027" enqueued="3027" />
  <object-monitors candidates="13" cleared="2"  />
</gc-op>
<gc-end id="1928" type="scavenge" contextid="1924" durationms="3.999" usertimems="11.251" systemtimems="3.322" stalltimems="6.153" timestamp="2026-09-06T15:06:08.751" activeThreads="7">
  <mem-info id="1929" free="199299520" total="268435456" percent="74">
    <mem type="nursery" free="47454376" total="67108864" percent="70">
      <mem type="allocate" free="47454376" total="52166656" percent="90" />
      <mem type="survivor" free="0" total="14942208" percent="0" />
    </mem>
    <mem type="tenure" free="151845144" total="201326592" percent="75" macro-fragmented="0">
      <mem type="soa" free="141778200" total="191259648" percent="74" />
      <mem type="loa" free="10066944" total="10066944" percent="100" />
    </mem>
    <pending-finalizers system="0" default="45" reference="3037" classloader="0" />
    <remembered-set count="1170" />
  </mem-info>
</gc-end>
<cycle-end id="1930" type="scavenge" contextid="1924" timestamp="2026-09-06T15:06:08.751" />
<allocation-satisfied id="1931" threadId="0000000000B64800" bytesRequested="960" />
<af-end id="1932" timestamp="2026-09-06T15:06:08.752" threadId="0000000000B652C0" success="true" from="nursery"/>
<exclusive-end id="1933" timestamp="2026-09-06T15:06:08.752" durationms="5.053" />

<exclusive-start id="1934" timestamp="2026-09-06T15:06:26.601" intervalms="17854.409">
  <response-info timems="0.029" idlems="0.029" threads="0" lastid="000000000101CD00" lastname="Daemon worker Thread 35" />
</exclusive-start>
<af-start id="1935" threadId="000000000101D7C0" totalBytesRequested="24" timestamp="2026-09-06T15:06:26.603" intervalms="17856.364" type="nursery" />
<cycle-start id="1936" type="scavenge" contextid="0" timestamp="2026-09-06T15:06:26.603" intervalms="17856.363" />
<gc-start id="1937" type="scavenge" contextid="1936" timestamp="2026-09-06T15:06:26.603">
  <mem-info id="1938" free="151840080" total="268435456" percent="56">
    <mem type="nursery" free="0" total="67108864" percent="0">
      <mem type="allocate" free="0" total="52166656" percent="0" />
      <mem type="survivor" free="0" total="14942208" percent="0" />
    </mem>
    <mem type="tenure" free="151840080" total="201326592" percent="75">
      <mem type="soa" free="141773136" total="191259648" percent="74" />
      <mem type="loa" free="10066944" total="10066944" percent="100" />
    </mem>
    <remembered-set count="1537" />
  </mem-info>
</gc-start>
<allocation-stats totalBytes="47363288" discardedBytes="96152" >
  <allocated-bytes non-tlh="565536" tlh="46797752" />
  <largest-consumer threadName="Daemon worker Thread 35" threadId="000000000101CD00" bytes="9437720" />
</allocation-stats>
<gc-op id="1939" type="scavenge" timems="6.456" contextid="1936" timestamp="2026-09-06T15:06:26.610">
  <scavenger-info tenureage="14" tenuremask="4000" tiltratio="77" />
  <memory-copied type="nursery" objects="78239" bytes="3239560" bytesdiscarded="136944" />
  <memory-copied type="tenure" objects="47" bytes="1472" bytesdiscarded="0" />
  <finalization candidates="44" enqueued="44" />
  <ownableSynchronizers candidates="1573" cleared="1093" />
  <references type="weak" candidates="264" cleared="129" enqueued="93" />
  <references type="phantom" candidates="493" cleared="482" enqueued="482" />
  <object-monitors candidates="12" cleared="2"  />
</gc-op>
<gc-end id="1940" type="scavenge" contextid="1936" durationms="6.708" usertimems="8.841" systemtimems="1.400" stalltimems="43.845" timestamp="2026-09-06T15:06:26.610" activeThreads="9">
  <mem-info id="1941" free="202581656" total="268435456" percent="75">
    <mem type="nursery" free="50744432" total="67108864" percent="75">
      <mem type="allocate" free="50744432" total="54132736" percent="93" />
      <mem type="survivor" free="0" total="12976128" percent="0" />
    </mem>
    <mem type="tenure" free="151837224" total="201326592" percent="75" macro-fragmented="134217728">
      <mem type="soa" free="141770280" total="191259648" percent="74" />
      <mem type="loa" free="10066944" total="10066944" percent="100" />
    </mem>
    <pending-finalizers system="0" default="44" reference="575" classloader="0" />
    <remembered-set count="1152" />
  </mem-info>
</gc-end>
<cycle-end id="1942" type="scavenge" contextid="1936" timestamp="2026-09-06T15:06:26.610" />
<allocation-satisfied id="1943" threadId="000000000101CD00" bytesRequested="24" />
<af-end id="1944" timestamp="2026-09-06T15:06:26.610" threadId="000000000101D7C0" success="true" from="nursery"/>
<exclusive-end id="1945" timestamp="2026-09-06T15:06:26.610" durationms="9.620" />

<exclusive-start id="1946" timestamp="2026-09-06T15:06:26.843" intervalms="241.865">
  <response-info timems="0.027" idlems="0.027" threads="0" lastid="0000000000FF8F00" lastname="Execution worker Thread 5" />
</exclusive-start>
<af-start id="1947" threadId="0000000000FF99C0" totalBytesRequested="40" timestamp="2026-09-06T15:06:26.843" intervalms="239.749" type="nursery" />
<cycle-start id="1948" type="scavenge" contextid="0" timestamp="2026-09-06T15:06:26.843" intervalms="239.742" />
<gc-start id="1949" type="scavenge" contextid="1948" timestamp="2026-09-06T15:06:26.843">
  <mem-info id="1950" free="151833888" total="268435456" percent="56">
    <mem type="nursery" free="0" total="67108864" percent="0">
      <mem type="allocate" free="0" total="54132736" percent="0" />
      <mem type="survivor" free="0" total="12976128" percent="0" />
    </mem>
    <mem type="tenure" free="151833888" total="201326592" percent="75">
      <mem type="soa" free="141766944" total="191259648" percent="74" />
      <mem type="loa" free="10066944" total="10066944" percent="100" />
    </mem>
    <remembered-set count="1347" />
  </mem-info>
</gc-start>
<allocation-stats totalBytes="50676592" discardedBytes="71176" >
  <allocated-bytes non-tlh="646424" tlh="50030168" />
  <largest-consumer threadName="Execution worker Thread 5" threadId="0000000000FF8F00" bytes="38136208" />
</allocation-stats>
<gc-op id="1951" type="scavenge" timems="2.941" contextid="1948" timestamp="2026-09-06T15:06:26.846">
  <scavenger-info tenureage="14" tenuremask="4000" tiltratio="80" />
  <memory-copied type="nursery" objects="145159" bytes="5722608" bytesdiscarded="125400" />
  <memory-copied type="tenure" objects="43" bytes="1216" bytesdiscarded="0" />
  <finalization candidates="45" enqueued="45" />
  <ownableSynchronizers candidates="907" cleared="465" />
  <references type="soft" candidates="2" cleared="0" enqueued="0" dynamicThreshold="24" maxThreshold="32" />
  <references type="weak" candidates="322" cleared="15" enqueued="14" />
  <references type="phantom" candidates="2849" cleared="2813" enqueued="2813" />
  <object-monitors candidates="11" cleared="0"  />
</gc-op>
<gc-end id="1952" type="scavenge" contextid="1948" durationms="3.206" usertimems="14.541" systemtimems="1.044" stalltimems="4.990" timestamp="2026-09-06T15:06:26.846" activeThreads="7">
  <mem-info id="1953" free="200690888" total="268435456" percent="74">
    <mem type="nursery" free="48988328" total="67108864" percent="72">
      <mem type="allocate" free="48988328" total="54853632" percent="89" />
      <mem type="survivor" free="0" total="12255232" percent="0" />
    </mem>
    <mem type="tenure" free="151702560" total="201326592" percent="75" macro-fragmented="134217728">
      <mem type="soa" free="141635616" total="191259648" percent="74" />
      <mem type="loa" free="10066944" total="10066944" percent="100" />
    </mem>
    <pending-finalizers system="0" default="45" reference="2827" classloader="0" />
    <remembered-set count="1185" />
  </mem-info>
</gc-end>
<cycle-end id="1954" type="scavenge" contextid="1948" timestamp="2026-09-06T15:06:26.847" />
<allocation-satisfied id="1955" threadId="0000000000FF8F00" bytesRequested="40" />
<af-end id="1956" timestamp="2026-09-06T15:06:26.847" threadId="0000000000FF99C0" success="true" from="nursery"/>
<exclusive-end id="1957" timestamp="2026-09-06T15:06:26.847" durationms="4.146" />

<exclusive-start id="1958" timestamp="2026-09-06T15:09:26.949" intervalms="180106.408">
  <response-info timems="0.044" idlems="0.044" threads="0" lastid="000000000127B900" lastname="Build operations Thread 2" />
</exclusive-start>
<af-start id="1959" threadId="000000000127C3C0" totalBytesRequested="4104" timestamp="2026-09-06T15:09:26.950" intervalms="180106.604" type="nursery" />
<cycle-start id="1960" type="scavenge" contextid="0" timestamp="2026-09-06T15:09:26.950" intervalms="180106.627" />
<gc-start id="1961" type="scavenge" contextid="1960" timestamp="2026-09-06T15:09:26.950">
  <mem-info id="1962" free="151698008" total="268435456" percent="56">
    <mem type="nursery" free="0" total="67108864" percent="0">
      <mem type="allocate" free="0" total="54853632" percent="0" />
      <mem type="survivor" free="0" total="12255232" percent="0" />
    </mem>
    <mem type="tenure" free="151698008" total="201326592" percent="75">
      <mem type="soa" free="141631064" total="191259648" percent="74" />
      <mem type="loa" free="10066944" total="10066944" percent="100" />
    </mem>
    <remembered-set count="1550" />
  </mem-info>
</gc-start>
<allocation-stats totalBytes="48837232" discardedBytes="155648" >
  <allocated-bytes non-tlh="1047720" tlh="47789512" />
  <largest-consumer threadName="Daemon worker Thread 36" threadId="0000000000945F00" bytes="13522752" />
</allocation-stats>
<gc-op id="1963" type="scavenge" timems="4.191" contextid="1960" timestamp="2026-09-06T15:09:26.954">
  <scavenger-info tenureage="14" tenuremask="4000" tiltratio="81" />
  <memory-copied type="nursery" objects="127127" bytes="4246888" bytesdiscarded="225496" />
  <memory-copied type="tenure" objects="61" bytes="1888" bytesdiscarded="16" />
  <finalization candidates="1" enqueued="1" />
  <ownableSynchronizers candidates="1747" cleared="1318" />
  <references type="soft" candidates="2" cleared="0" enqueued="0" dynamicThreshold="24" maxThreshold="32" />
  <references type="weak" candidates="360" cleared="17" enqueued="7" />
  <references type="phantom" candidates="3189" cleared="3151" enqueued="3151" />
  <object-monitors candidates="13" cleared="2"  />
</gc-op>
<gc-end id="1964" type="scavenge" contextid="1960" durationms="4.697" usertimems="14.962" systemtimems="1.462" stalltimems="7.543" timestamp="2026-09-06T15:09:26.955" activeThreads="8">
  <mem-info id="1965" free="203043728" total="268435456" percent="75">
    <mem type="nursery" free="51477048" total="67108864" percent="76">
      <mem type="allocate" free="51477048" total="55967744" percent="91" />
      <mem type="survivor" free="0" total="11141120" percent="0" />
    </mem>
    <mem type="tenure" free="151566680" total="201326592" percent="75" macro-fragmented="0">
      <mem type="soa" free="141499736" total="191259648" percent="73" />
      <mem type="loa" free="10066944" total="10066944" percent="100" />
    </mem>
    <pending-finalizers system="0" default="1" reference="3158" classloader="0" />
    <remembered-set count="1171" />
  </mem-info>
</gc-end>
<cycle-end id="1966" type="scavenge" contextid="1960" timestamp="2026-09-06T15:09:26.955" />
<allocation-satisfied id="1967" threadId="000000000127B900" bytesRequested="4104" />
<af-end id="1968" timestamp="2026-09-06T15:09:26.955" threadId="000000000127C3C0" success="true" from="nursery"/>
<exclusive-end id="1969" timestamp="2026-09-06T15:09:26.955" durationms="5.745" />

<exclusive-start id="1970" timestamp="2026-09-06T15:09:35.798" intervalms="8848.775">
  <response-info timems="0.071" idlems="0.071" threads="0" lastid="0000000000FF8F00" lastname="Execution worker" />
</exclusive-start>
<af-start id="1971" threadId="0000000000FF99C0" totalBytesRequested="8200" timestamp="2026-09-06T15:09:35.798" intervalms="8848.647" type="nursery" />
<cycle-start id="1972" type="scavenge" contextid="0" timestamp="2026-09-06T15:09:35.799" intervalms="8848.768" />
<gc-start id="1973" type="scavenge" contextid="1972" timestamp="2026-09-06T15:09:35.799">
  <mem-info id="1974" free="151561576" total="268435456" percent="56">
    <mem type="nursery" free="0" total="67108864" percent="0">
      <mem type="allocate" free="0" total="55967744" percent="0" />
      <mem type="survivor" free="0" total="11141120" percent="0" />
    </mem>
    <mem type="tenure" free="151561576" total="201326592" percent="75">
      <mem type="soa" free="141494632" total="191259648" percent="73" />
      <mem type="loa" free="10066944" total="10066944" percent="100" />
    </mem>
    <remembered-set count="1544" />
  </mem-info>
</gc-start>
<allocation-stats totalBytes="51408440" discardedBytes="73712" >
  <allocated-bytes non-tlh="1387576" tlh="50020864" />
  <largest-consumer threadName="Daemon worker Thread 36" threadId="0000000000945F00" bytes="13426032" />
</allocation-stats>
<gc-op id="1975" type="scavenge" timems="3.335" contextid="1972" timestamp="2026-09-06T15:09:35.803">
  <scavenger-info tenureage="14" tenuremask="4000" tiltratio="83" />
  <memory-copied type="nursery" objects="109837" bytes="4423984" bytesdiscarded="157256" />
  <memory-copied type="tenure" objects="47" bytes="1472" bytesdiscarded="0" />
  <finalization candidates="45" enqueued="44" />
  <ownableSynchronizers candidates="1490" cleared="1052" />
  <references type="soft" candidates="1" cleared="0" enqueued="0" dynamicThreshold="24" maxThreshold="32" />
  <references type="weak" candidates="338" cleared="128" enqueued="92" />
  <references type="phantom" candidates="2837" cleared="2809" enqueued="2809" />
  <object-monitors candidates="13" cleared="2"  />
</gc-op>
<gc-end id="1976" type="scavenge" contextid="1972" durationms="3.570" usertimems="15.685" systemtimems="0.518" stalltimems="14.877" timestamp="2026-09-06T15:09:35.803" activeThreads="10">
  <mem-info id="1977" free="204031032" total="268435456" percent="76">
    <mem type="nursery" free="52551632" total="67108864" percent="78">
      <mem type="allocate" free="52551632" total="57147392" percent="91" />
      <mem type="survivor" free="0" total="9961472" percent="0" />
    </mem>
    <mem type="tenure" free="151479400" total="201326592" percent="75" macro-fragmented="100663296">
      <mem type="soa" free="141412456" total="191259648" percent="73" />
      <mem type="loa" free="10066944" total="10066944" percent="100" />
    </mem>
    <pending-finalizers system="0" default="44" reference="2901" classloader="0" />
    <remembered-set count="1212" />
  </mem-info>
</gc-end>
<cycle-end id="1978" type="scavenge" contextid="1972" timestamp="2026-09-06T15:09:35.803" />
<allocation-satisfied id="1979" threadId="0000000000FF8F00" bytesRequested="8200" />
<af-end id="1980" timestamp="2026-09-06T15:09:35.803" threadId="0000000000FF99C0" success="true" from="nursery"/>
<exclusive-end id="1981" timestamp="2026-09-06T15:09:35.803" durationms="4.861" />

<exclusive-start id="1982" timestamp="2026-09-06T15:09:39.736" intervalms="3938.118">
  <response-info timems="0.099" idlems="0.099" threads="0" lastid="00000000001A7100" lastname="VM Runtime State Listener" />
</exclusive-start>
<sys-start reason="vm idle" id="1983" timestamp="2026-09-06T15:09:39.737" intervalms="279884.179" />
<cycle-start id="1984" type="global" contextid="0" timestamp="2026-09-06T15:09:39.737" intervalms="279883.442" />
<gc-start id="1985" type="global" contextid="1984" timestamp="2026-09-06T15:09:39.738">
  <mem-info id="1986" free="158840024" total="268435456" percent="59">
    <mem type="nursery" free="7363880" total="67108864" percent="10">
      <mem type="allocate" free="7363880" total="57147392" percent="12" />
      <mem type="survivor" free="0" total="9961472" percent="0" />
    </mem>
    <mem type="tenure" free="151476144" total="201326592" percent="75">
      <mem type="soa" free="141409200" total="191259648" percent="73" />
      <mem type="loa" free="10066944" total="10066944" percent="100" />
    </mem>
    <remembered-set count="1508" />
  </mem-info>
</gc-start>
<allocation-stats totalBytes="45089144" discardedBytes="101864" >
  <allocated-bytes non-tlh="683872" tlh="44405272" />
  <largest-consumer threadName="Cache worker for journal cache (/gradle/caches/journal-1)" threadId="00000000006BF600" bytes="602984" />
</allocation-stats>
<gc-op id="1987" type="mark" timems="27.846" contextid="1984" timestamp="2026-09-06T15:09:39.766">
  <trace-info objectcount="963547" scancount="840490" scanbytes="28168300" />
  <finalization candidates="1007" enqueued="45" />
  <ownableSynchronizers candidates="5017" cleared="634" />
  <references type="soft" candidates="25885" cleared="0" enqueued="0" dynamicThreshold="24" maxThreshold="32" />
  <references type="weak" candidates="26014" cleared="128" enqueued="103" />
  <references type="phantom" candidates="2307" cleared="404" enqueued="404" />
  <stringconstants candidates="45173" cleared="48"  />
  <object-monitors candidates="12" cleared="1"  />
</gc-op>
<gc-op id="1988" type="classunload" timems="0.177" contextid="1984" timestamp="2026-09-06T15:09:39.767">
  <classunload-info classloadercandidates="28" classloadersunloaded="14" classesunloaded="0" anonymousclassesunloaded="0" quiescems="0.000" setupms="0.142" scanms="0.021" postms="0.013" />
</gc-op>
<gc-op id="1989" type="sweep" timems="1.268" contextid="1984" timestamp="2026-09-06T15:09:39.768" />
<gc-end id="1990" type="global" contextid="1984" durationms="30.258" usertimems="161.949" systemtimems="3.531" stalltimems="118.827" timestamp="2026-09-06T15:09:39.768" activeThreads="10">
  <mem-info id="1991" free="204707432" total="268435456" percent="76">
    <mem type="nursery" free="51421128" total="67108864" percent="76">
      <mem type="allocate" free="51421128" total="57147392" percent="89" />
      <mem type="survivor" free="0" total="9961472" percent="0" />
    </mem>
    <mem type="tenure" free="153286304" total="201326592" percent="76" micro-fragmented="24068" macro-fragmented="134217728">
      <mem type="soa" free="143219360" total="191259648" percent="74" />
      <mem type="loa" free="10066944" total="10066944" percent="100" />
    </mem>
    <pending-finalizers system="0" default="45" reference="507" classloader="0" />
    <remembered-set count="1227" />
  </mem-info>
</gc-end>
<cycle-end id="1992" type="global" contextid="1984" timestamp="2026-09-06T15:09:39.769" />
<sys-end id="1993" timestamp="2026-09-06T15:09:39.769" />
<exclusive-end id="1994" timestamp="2026-09-06T15:09:39.769" durationms="32.501" />

<heap-resize id="1995" type="release free pages" space="tenure" amount="153128960" count="1" timems="0.122" reason="idle" timestamp="2026-09-06T15:09:39.769" />
<exclusive-start id="1996" timestamp="2026-09-06T15:09:44.974" intervalms="5237.368">
  <response-info timems="0.033" idlems="0.033" threads="0" lastid="0000000000580D00" lastname="Execution worker Thread 8" />
</exclusive-start>
<af-start id="1997" threadId="00000000005817C0" totalBytesRequested="24" timestamp="2026-09-06T15:09:44.974" intervalms="9175.588" type="nursery" />
<cycle-start id="1998" type="scavenge" contextid="0" timestamp="2026-09-06T15:09:44.974" intervalms="9175.457" />
<gc-start id="1999" type="scavenge" contextid="1998" timestamp="2026-09-06T15:09:44.974">
  <mem-info id="2000" free="153276744" total="268435456" percent="57">
    <mem type="nursery" free="0" total="67108864" percent="0">
      <mem type="allocate" free="0" total="57147392" percent="0" />
      <mem type="survivor" free="0" total="9961472" percent="0" />
    </mem>
    <mem type="tenure" free="153276744" total="201326592" percent="76">
      <mem type="soa" free="143209800" total="191259648" percent="74" />
      <mem type="loa" free="10066944" total="10066944" percent="100" />
    </mem>
    <remembered-set count="1497" />
  </mem-info>
</gc-start>
<allocation-stats totalBytes="51037456" discardedBytes="389032" >
  <allocated-bytes non-tlh="2388400" tlh="48649056" />
  <largest-consumer threadName="Daemon worker Thread 36" threadId="0000000000945F00" bytes="13337848" />
</allocation-stats>
<gc-op id="2001" type="scavenge" timems="4.459" contextid="1998" timestamp="2026-09-06T15:09:44.979">
  <scavenger-info tenureage="14" tenuremask="4000" tiltratio="85" />
  <memory-copied type="nursery" objects="155429" bytes="6996536" bytesdiscarded="274056" />
  <memory-copied type="tenure" objects="39" bytes="1152" bytesdiscarded="0" />
  <finalization candidates="40" enqueued="1" />
  <ownableSynchronizers candidates="9912" cleared="9479" />
  <references type="soft" candidates="7" cleared="0" enqueued="0" dynamicThreshold="24" maxThreshold="32" />
  <references type="weak" candidates="903" cleared="102" enqueued="9" />
  <references type="phantom" candidates="3338" cleared="3109" enqueued="3109" />
  <object-monitors candidates="12" cleared="1"  />
</gc-op>
<gc-end id="2002" type="scavenge" contextid="1998" durationms="4.678" usertimems="18.827" systemtimems="2.047" stalltimems="12.554" timestamp="2026-09-06T15:09:44.979" activeThreads="9">
  <mem-info id="2003" free="202249864" total="268435456" percent="75">
    <mem type="nursery" free="49068864" total="67108864" percent="73">
      <mem type="allocate" free="49068864" total="56360960" percent="87" />
      <mem type="survivor" free="0" total="10747904" percent="0" />
    </mem>
    <mem type="tenure" free="153181000" total="201326592" percent="76" macro-fragmented="83886080">
      <mem type="soa" free="143114056" total="191259648" percent="74" />
      <mem type="loa" free="10066944" total="10066944" percent="100" />
    </mem>
    <pending-finalizers system="0" default="1" reference="3118" classloader="0" />
    <remembered-set count="1200" />
  </mem-info>
</gc-end>
<cycle-end id="2004" type="scavenge" contextid="1998" timestamp="2026-09-06T15:09:44.979" />
<allocation-satisfied id="2005" threadId="0000000000580D00" bytesRequested="24" />
<af-end id="2006" timestamp="2026-09-06T15:09:44.979" threadId="00000000005817C0" success="true" from="nursery"/>
<exclusive-end id="2007" timestamp="2026-09-06T15:09:44.979" durationms="5.659" />

<exclusive-start id="2008" timestamp="2026-09-06T15:13:21.535" intervalms="216560.306">
  <response-info timems="0.021" idlems="0.021" threads="0" lastid="0000000000581A00" lastname="Execution worker" />
</exclusive-start>
<af-start id="2009" threadId="00000000005824C0" totalBytesRequested="72" timestamp="2026-09-06T15:13:21.535" intervalms="216560.301" type="nursery" />
<cycle-start id="2010" type="scavenge" contextid="0" timestamp="2026-09-06T15:13:21.535" intervalms="216560.295" />
<gc-start id="2011" type="scavenge" contextid="2010" timestamp="2026-09-06T15:13:21.535">
  <mem-info id="2012" free="153178704" total="268435456" percent="57">
    <mem type="nursery" free="0" total="67108864" percent="0">
      <mem type="allocate" free="0" total="56360960" percent="0" />
      <mem type="survivor" free="0" total="10747904" percent="0" />
    </mem>
    <mem type="tenure" free="153178704" total="201326592" percent="76">
      <mem type="soa" free="143111760" total="191259648" percent="74" />
      <mem type="loa" free="10066944" total="10066944" percent="100" />
    </mem>
    <remembered-set count="1504" />
  </mem-info>
</gc-start>
<allocation-stats totalBytes="48947064" discardedBytes="124096" >
  <allocated-bytes non-tlh="926424" tlh="48020640" />
  <largest-consumer threadName="Daemon worker Thread 37" threadId="0000000000954900" bytes="13666520" />
</allocation-stats>
<gc-op id="2013" type="scavenge" timems="5.039" contextid="2010" timestamp="2026-09-06T15:13:21.540">
  <scavenger-info tenureage="14" tenuremask="4000" tiltratio="83" />
  <memory-copied type="nursery" objects="122037" bytes="4757544" bytesdiscarded="174376" />
  <memory-copied type="tenure" objects="64" bytes="1936" bytesdiscarded="296" />
  <finalization candidates="45" enqueued="45" />
  <ownableSynchronizers candidates="1581" cleared="1147" />
  <references type="soft" candidates="1" cleared="0" enqueued="0" dynamicThreshold="24" maxThreshold="32" />
  <references type="weak" candidates="308" cleared="24" enqueued="14" />
  <references type="phantom" candidates="3059" cleared="3027" enqueued="3027" />
  <object-monitors candidates="13" cleared="2"  />
</gc-op>
<gc-end id="2014" type="scavenge" contextid="2010" durationms="6.169" usertimems="14.920" systemtimems="1.336" stalltimems="24.213" timestamp="2026-09-06T15:13:21.541" activeThreads="10">
  <mem-info id="2015" free="204992504" total="268435456" percent="76">
    <mem type="nursery" free="51937328" total="67108864" percent="77">
      <mem type="allocate" free="51937328" total="56885248" percent="91" />
      <mem type="survivor" free="0" total="10223616" percent="0" />
    </mem>
    <mem type="tenure" free="153055176" total="201326592" percent="76" macro-fragmented="117440512">
      <mem type="soa" free="142988232" total="191259648" percent="74" />
      <mem type="loa" free="10066944" total="10066944" percent="100" />
    </mem>
    <pending-finalizers system="0" default="45" reference="3041" classloader="0" />
    <remembered-set count="1243" />
  </mem-info>
</gc-end>
<cycle-end id="2016" type="scavenge" contextid="2010" timestamp="2026-09-06T15:13:21.542" />
<allocation-satisfied id="2017" threadId="0000000000581A00" bytesRequested="72" />
<af-end id="2018" timestamp="2026-09-06T15:13:21.542" threadId="00000000005824C0" success="true" from="nursery"/>
<exclusive-end id="2019" timestamp="2026-09-06T15:13:21.542" durationms="7.192" />

<exclusive-start id="2020" timestamp="2026-09-06T15:13:38.953" intervalms="17418.717">
  <response-info timems="0.028" idlems="0.028" threads="0" lastid="0000000000954900" lastname="Daemon worker Thread 37" />
</exclusive-start>
<af-start id="2021" threadId="00000000009553C0" totalBytesRequested="16" timestamp="2026-09-06T15:13:38.954" intervalms="17418.813" type="nursery" />
<cycle-start id="2022" type="scavenge" contextid="0" timestamp="2026-09-06T15:13:38.954" intervalms="17418.830" />
<gc-start id="2023" type="scavenge" contextid="2022" timestamp="2026-09-06T15:13:38.954">
  <mem-info id="2024" free="153050112" total="268435456" percent="57">
    <mem type="nursery" free="0" total="67108864" percent="0">
      <mem type="allocate" free="0" total="56885248" percent="0" />
      <mem type="survivor" free="0" total="10223616" percent="0" />
    </mem>
    <mem type="tenure" free="153050112" total="201326592" percent="76">
      <mem type="soa" free="142983168" total="191259648" percent="74" />
      <mem type="loa" free="10066944" total="10066944" percent="100" />
    </mem>
    <remembered-set count="1614" />
  </mem-info>
</gc-start>
<allocation-stats totalBytes="51846424" discardedBytes="95968" >
  <allocated-bytes non-tlh="691632" tlh="51154792" />
  <largest-consumer threadName="Daemon worker Thread 37" threadId="0000000000954900" bytes="8610440" />
</allocation-stats>
<gc-op id="2025" type="scavenge" timems="4.889" contextid="2022" timestamp="2026-09-06T15:13:38.959">
  <scavenger-info tenureage="14" tenuremask="4000" tiltratio="84" />
  <memory-copied type="nursery" objects="73372" bytes="3047256" bytesdiscarded="121240" />
  <memory-copied type="tenure" objects="43" bytes="1408" bytesdiscarded="0" />
  <finalization candidates="44" enqueued="44" />
  <ownableSynchronizers candidates="1576" cleared="1009" />
  <references type="weak" candidates="257" cleared="125" enqueued="89" />
  <references type="phantom" candidates="234" cleared="223" enqueued="223" />
  <object-monitors candidates="12" cleared="2"  />
</gc-op>
<gc-end id="2026" type="scavenge" contextid="2022" durationms="5.386" usertimems="9.191" systemtimems="3.451" stalltimems="33.341" timestamp="2026-09-06T15:13:38.959" activeThreads="10">
  <mem-info id="2027" free="207682440" total="268435456" percent="77">
    <mem type="nursery" free="54688080" total="67108864" percent="81">
      <mem type="allocate" free="54688080" total="57868288" percent="94" />
      <mem type="survivor" free="0" total="9240576" percent="0" />
    </mem>
    <mem type="tenure" free="152994360" total="201326592" percent="75" macro-fragmented="58720256">
      <mem type="soa" free="142927416" total="191259648" percent="74" />
      <mem type="loa" free="10066944" total="10066944" percent="100" />
    </mem>
    <pending-finalizers system="0" default="44" reference="312" classloader="0" />
    <remembered-set count="1155" />
  </mem-info>
</gc-end>
<cycle-end id="2028" type="scavenge" contextid="2022" timestamp="2026-09-06T15:13:38.960" />
<allocation-satisfied id="2029" threadId="0000000000954900" bytesRequested="16" />
<af-end id="2030" timestamp="2026-09-06T15:13:38.960" threadId="00000000009553C0" success="true" from="nursery"/>
<exclusive-end id="2031" timestamp="2026-09-06T15:13:38.960" durationms="6.521" />

<exclusive-start id="2032" timestamp="2026-09-06T15:13:39.223" intervalms="270.121">
  <response-info timems="0.083" idlems="0.083" threads="0" lastid="0000000001277000" lastname="Execution worker Thread 3" />
</exclusive-start>
<af-start id="2033" threadId="0000000001277AC0" totalBytesRequested="40" timestamp="2026-09-06T15:13:39.223" intervalms="269.882" type="nursery" />
<cycle-start id="2034" type="scavenge" contextid="0" timestamp="2026-09-06T15:13:39.224" intervalms="269.865" />
<gc-start id="2035" type="scavenge" contextid="2034" timestamp="2026-09-06T15:13:39.227">
  <mem-info id="2036" free="152987000" total="268435456" percent="56">
    <mem type="nursery" free="0" total="67108864" percent="0">
      <mem type="allocate" free="0" total="57868288" percent="0" />
      <mem type="survivor" free="0" total="9240576" percent="0" />
    </mem>
    <mem type="tenure" free="152987000" total="201326592" percent="75">
      <mem type="soa" free="142920056" total="191259648" percent="74" />
      <mem type="loa" free="10066944" total="10066944" percent="100" />
    </mem>
    <remembered-set count="1449" />
  </mem-info>
</gc-start>
<allocation-stats totalBytes="54578096" discardedBytes="117344" >
  <allocated-bytes non-tlh="1137208" tlh="53440888" />
  <largest-consumer threadName="Execution worker Thread 7" threadId="0000000000B42D00" bytes="25688800" />
</allocation-stats>
<gc-op id="2037" type="scavenge" timems="3.275" contextid="2034" timestamp="2026-09-06T15:13:39.230">
  <scavenger-info tenureage="14" tenuremask="4000" tiltratio="86" />
  <memory-copied type="nursery" objects="131050" bytes="5234816" bytesdiscarded="114176" />
  <memory-copied type="tenure" objects="38" bytes="1136" bytesdiscarded="0" />
  <finalization candidates="45" enqueued="45" />
  <ownableSynchronizers candidates="1116" cleared="662" />
  <references type="soft" candidates="2" cleared="0" enqueued="0" dynamicThreshold="24" maxThreshold="32" />
  <references type="weak" candidates="388" cleared="57" enqueued="56" />
  <references type="phantom" candidates="3139" cleared="3098" enqueued="3098" />
  <object-monitors candidates="11" cleared="0"  />
</gc-op>
<gc-end id="2038" type="scavenge" contextid="2034" durationms="3.546" usertimems="14.918" systemtimems="2.244" stalltimems="7.805" timestamp="2026-09-06T15:13:39.231" activeThreads="8">
  <mem-info id="2039" free="205606664" total="268435456" percent="76">
    <mem type="nursery" free="52632936" total="67108864" percent="78">
      <mem type="allocate" free="52632936" total="57999360" percent="90" />
      <mem type="survivor" free="0" total="9109504" percent="0" />
    </mem>
    <mem type="tenure" free="152973728" total="201326592" percent="75" macro-fragmented="134217728">
      <mem type="soa" free="142906784" total="191259648" percent="74" />
      <mem type="loa" free="10066944" total="10066944" percent="100" />
    </mem>
    <pending-finalizers system="0" default="45" reference="3154" classloader="0" />
    <remembered-set count="1282" />
  </mem-info>
</gc-end>
<cycle-end id="2040" type="scavenge" contextid="2034" timestamp="2026-09-06T15:13:39.231" />
<allocation-satisfied id="2041" threadId="0000000001277000" bytesRequested="40" />
<af-end id="2042" timestamp="2026-09-06T15:13:39.231" threadId="0000000001277AC0" success="true" from="nursery"/>
<exclusive-end id="2043" timestamp="2026-09-06T15:13:39.231" durationms="7.824" />

<exclusive-start id="2044" timestamp="2026-09-06T15:15:09.685" intervalms="90461.564">
  <response-info timems="0.026" idlems="0.026" threads="0" lastid="0000000000FF0700" lastname="Execution worker Thread 3" />
</exclusive-start>
<af-start id="2045" threadId="0000000000FF11C0" totalBytesRequested="80" timestamp="2026-09-06T15:15:09.685" intervalms="90461.734" type="nursery" />
<cycle-start id="2046" type="scavenge" contextid="0" timestamp="2026-09-06T15:15:09.685" intervalms="90461.731" />
<gc-start id="2047" type="scavenge" contextid="2046" timestamp="2026-09-06T15:15:09.686">
  <mem-info id="2048" free="152968176" total="268435456" percent="56">
    <mem type="nursery" free="0" total="67108864" percent="0">
      <mem type="allocate" free="0" total="57999360" percent="0" />
      <mem type="survivor" free="0" total="9109504" percent="0" />
    </mem>
    <mem type="tenure" free="152968176" total="201326592" percent="75">
      <mem type="soa" free="142901232" total="191259648" percent="74" />
      <mem type="loa" free="10066944" total="10066944" percent="100" />
    </mem>
    <remembered-set count="1688" />
  </mem-info>
</gc-start>
<allocation-stats totalBytes="52510312" discardedBytes="128176" >
  <allocated-bytes non-tlh="1398000" tlh="51112312" />
  <largest-consumer threadName="Execution worker Thread 4" threadId="000000000127AD00" bytes="14282184" />
</allocation-stats>
<gc-op id="2049" type="scavenge" timems="5.377" contextid="2046" timestamp="2026-09-06T15:15:09.691">
  <scavenger-info tenureage="14" tenuremask="4000" tiltratio="86" />
  <memory-copied type="nursery" objects="146899" bytes="6420296" bytesdiscarded="141008" />
  <memory-copied type="tenure" objects="61" bytes="1888" bytesdiscarded="136" />
  <finalization candidates="16" enqueued="1" />
  <ownableSynchronizers candidates="1644" cleared="1229" />
  <references type="soft" candidates="7" cleared="0" enqueued="0" dynamicThreshold="24" maxThreshold="32" />
  <references type="weak" candidates="882" cleared="88" enqueued="10" />
  <references type="phantom" candidates="3317" cleared="3138" enqueued="3138" />
  <object-monitors candidates="13" cleared="2"  />
</gc-op>
<gc-end id="2050" type="scavenge" contextid="2046" durationms="5.588" usertimems="14.692" systemtimems="1.845" stalltimems="13.822" timestamp="2026-09-06T15:15:09.691" activeThreads="7">
  <mem-info id="2051" free="204712624" total="268435456" percent="76">
    <mem type="nursery" free="51744448" total="67108864" percent="77">
      <mem type="allocate" free="51744448" total="58327040" percent="88" />
      <mem type="survivor" free="0" total="8781824" percent="0" />
    </mem>
    <mem type="tenure" free="152968176" total="201326592" percent="75" macro-fragmented="83886080">
      <mem type="soa" free="142901232" total="191259648" percent="74" />
      <mem type="loa" free="10066944" total="10066944" percent="100" />
    </mem>
    <pending-finalizers system="0" default="1" reference="3148" classloader="0" />
    <remembered-set count="1304" />
  </mem-info>
</gc-end>
<cycle-end id="2052" type="scavenge" contextid="2046" timestamp="2026-09-06T15:15:09.692" />
<allocation-satisfied id="2053" threadId="0000000000FF0700" bytesRequested="80" />
<af-end id="2054" timestamp="2026-09-06T15:15:09.692" threadId="0000000000FF11C0" success="true" from="nursery"/>
<exclusive-end id="2055" timestamp="2026-09-06T15:15:09.692" durationms="6.551" />

<exclusive-start id="2056" timestamp="2026-09-06T15:16:21.804" intervalms="72118.920">
  <response-info timems="0.020" idlems="0.020" threads="0" lastid="0000000000FF1500" lastname="Execution worker Thread 5" />
</exclusive-start>
<af-start id="2057" threadId="0000000000FF1FC0" totalBytesRequested="24" timestamp="2026-09-06T15:16:21.804" intervalms="72118.965" type="nursery" />
<cycle-start id="2058" type="scavenge" contextid="0" timestamp="2026-09-06T15:16:21.804" intervalms="72119.007" />
<gc-start id="2059" type="scavenge" contextid="2058" timestamp="2026-09-06T15:16:21.805">
  <mem-info id="2060" free="152965880" total="268435456" percent="56">
    <mem type="nursery" free="0" total="67108864" percent="0">
      <mem type="allocate" free="0" total="58327040" percent="0" />
      <mem type="survivor" free="0" total="8781824" percent="0" />
    </mem>
    <mem type="tenure" free="152965880" total="201326592" percent="75">
      <mem type="soa" free="142898936" total="191259648" percent="74" />
      <mem type="loa" free="10066944" total="10066944" percent="100" />
    </mem>
    <remembered-set count="1628" />
  </mem-info>
</gc-start>
<allocation-stats totalBytes="51566832" discardedBytes="179912" >
  <allocated-bytes non-tlh="873200" tlh="50693632" />
  <largest-consumer threadName="Daemon worker Thread 39" threadId="0000000001282700" bytes="13059016" />
</allocation-stats>
<gc-op id="2061" type="scavenge" timems="4.414" contextid="2058" timestamp="2026-09-06T15:16:21.809">
  <scavenger-info tenureage="14" tenuremask="4000" tiltratio="86" />
  <memory-copied type="nursery" objects="114762" bytes="4636568" bytesdiscarded="241728" />
  <memory-copied type="tenure" objects="82" bytes="2560" bytesdiscarded="8" />
  <finalization candidates="45" enqueued="45" />
  <ownableSynchronizers candidates="1560" cleared="1120" />
  <references type="soft" candidates="2" cleared="0" enqueued="0" dynamicThreshold="24" maxThreshold="32" />
  <references type="weak" candidates="324" cleared="20" enqueued="10" />
  <references type="phantom" candidates="3064" cleared="3032" enqueued="3032" />
  <object-monitors candidates="13" cleared="2"  />
</gc-op>
<gc-end id="2062" type="scavenge" contextid="2058" durationms="4.631" usertimems="13.028" systemtimems="0.863" stalltimems="13.578" timestamp="2026-09-06T15:16:21.809" activeThreads="8">
  <mem-info id="2063" free="206517096" total="268435456" percent="76">
    <mem type="nursery" free="53695648" total="67108864" percent="80">
      <mem type="allocate" free="53695648" total="58589184" percent="91" />
      <mem type="survivor" free="0" total="8519680" percent="0" />
    </mem>
    <mem type="tenure" free="152821448" total="201326592" percent="75" macro-fragmented="134217728">
      <mem type="soa" free="142754504" total="191259648" percent="74" />
      <mem type="loa" free="10066944" total="10066944" percent="100" />
    </mem>
    <pending-finalizers system="0" default="45" reference="3042" classloader="0" />
    <remembered-set count="1191" />
  </mem-info>
</gc-end>
<cycle-end id="2064" type="scavenge" contextid="2058" timestamp="2026-09-06T15:16:21.810" />
<allocation-satisfied id="2065" threadId="0000000000FF1500" bytesRequested="24" />
<af-end id="2066" timestamp="2026-09-06T15:16:21.810" threadId="0000000000FF1FC0" success="true" from="nursery"/>
<exclusive-end id="2067" timestamp="2026-09-06T15:16:21.810" durationms="5.757" />

<exclusive-start id="2068" timestamp="2026-09-06T15:18:36.222" intervalms="134417.142">
  <response-info timems="0.023" idlems="0.023" threads="0" lastid="000000000124D700" lastname="Build operations" />
</exclusive-start>
<af-start id="2069" threadId="000000000124E1C0" totalBytesRequested="24" timestamp="2026-09-06T15:18:36.222" intervalms="134417.114" type="nursery" />
<cycle-start id="2070" type="scavenge" contextid="0" timestamp="2026-09-06T15:18:36.222" intervalms="134417.063" />
<gc-start id="2071" type="scavenge" contextid="2070" timestamp="2026-09-06T15:18:36.222">
  <mem-info id="2072" free="152816384" total="268435456" percent="56">
    <mem type="nursery" free="0" total="67108864" percent="0">
      <mem type="allocate" free="0" total="58589184" percent="0" />
      <mem type="survivor" free="0" total="8519680" percent="0" />
    </mem>
    <mem type="tenure" free="152816384" total="201326592" percent="75">
      <mem type="soa" free="142749440" total="191259648" percent="74" />
      <mem type="loa" free="10066944" total="10066944" percent="100" />
    </mem>
    <remembered-set count="1575" />
  </mem-info>
</gc-start>
<allocation-stats totalBytes="53572960" discardedBytes="127752" >
  <allocated-bytes non-tlh="653680" tlh="52919280" />
  <largest-consumer threadName="Daemon worker Thread 40" threadId="00000000005A3F00" bytes="10881008" />
</allocation-stats>
<gc-op id="2073" type="scavenge" timems="4.163" contextid="2070" timestamp="2026-09-06T15:18:36.226">
  <scavenger-info tenureage="14" tenuremask="4000" tiltratio="87" />
  <memory-copied type="nursery" objects="82058" bytes="3371816" bytesdiscarded="237440" />
  <memory-copied type="tenure" objects="62" bytes="1904" bytesdiscarded="0" />
  <finalization candidates="44" enqueued="44" />
  <ownableSynchronizers candidates="1606" cleared="1162" />
  <references type="weak" candidates="281" cleared="106" enqueued="95" />
  <references type="phantom" candidates="705" cleared="686" enqueued="686" />
  <object-monitors candidates="12" cleared="2"  />
</gc-op>
<gc-end id="2074" type="scavenge" contextid="2070" durationms="4.740" usertimems="8.031" systemtimems="3.188" stalltimems="6.280" timestamp="2026-09-06T15:18:36.227" activeThreads="8">
  <mem-info id="2075" free="208382256" total="268435456" percent="77">
    <mem type="nursery" free="55623472" total="67108864" percent="82">
      <mem type="allocate" free="55623472" total="59244544" percent="93" />
      <mem type="survivor" free="0" total="7864320" percent="0" />
    </mem>
    <mem type="tenure" free="152758784" total="201326592" percent="75" macro-fragmented="134217728">
      <mem type="soa" free="142691840" total="191259648" percent="74" />
      <mem type="loa" free="10066944" total="10066944" percent="100" />
    </mem>
    <pending-finalizers system="0" default="44" reference="781" classloader="0" />
    <remembered-set count="1180" />
  </mem-info>
</gc-end>
<cycle-end id="2076" type="scavenge" contextid="2070" timestamp="2026-09-06T15:18:36.227" />
<allocation-satisfied id="2077" threadId="000000000124D700" bytesRequested="24" />
<af-end id="2078" timestamp="2026-09-06T15:18:36.227" threadId="000000000124E1C0" success="true" from="nursery"/>
<exclusive-end id="2079" timestamp="2026-09-06T15:18:36.227" durationms="5.685" />

<exclusive-start id="2080" timestamp="2026-09-06T15:18:36.559" intervalms="337.198">
  <response-info timems="0.017" idlems="0.017" threads="0" lastid="0000000000A9B900" lastname="Daemon Thread 40" />
</exclusive-start>
<af-start id="2081" threadId="0000000000A9C3C0" totalBytesRequested="8200" timestamp="2026-09-06T15:18:36.559" intervalms="336.984" type="nursery" />
<cycle-start id="2082" type="scavenge" contextid="0" timestamp="2026-09-06T15:18:36.559" intervalms="336.985" />
<gc-start id="2083" type="scavenge" contextid="2082" timestamp="2026-09-06T15:18:36.559">
  <mem-info id="2084" free="152750736" total="268435456" percent="56">
    <mem type="nursery" free="0" total="67108864" percent="0">
      <mem type="allocate" free="0" total="59244544" percent="0" />
      <mem type="survivor" free="0" total="7864320" percent="0" />
    </mem>
    <mem type="tenure" free="152750736" total="201326592" percent="75">
      <mem type="soa" free="142683792" total="191259648" percent="74" />
      <mem type="loa" free="10066944" total="10066944" percent="100" />
    </mem>
    <remembered-set count="1616" />
  </mem-info>
</gc-start>
<allocation-stats totalBytes="55540144" discardedBytes="91376" >
  <allocated-bytes non-tlh="1445832" tlh="54094312" />
  <largest-consumer threadName="Daemon worker Thread 40" threadId="00000000005A3F00" bytes="3579440" />
</allocation-stats>
<gc-op id="2085" type="scavenge" timems="3.039" contextid="2082" timestamp="2026-09-06T15:18:36.562">
  <scavenger-info tenureage="14" tenuremask="4000" tiltratio="88" />
  <memory-copied type="nursery" objects="117340" bytes="4461336" bytesdiscarded="113104" />
  <memory-copied type="tenure" objects="108" bytes="3768" bytesdiscarded="384" />
  <finalization candidates="45" enqueued="45" />
  <ownableSynchronizers candidates="1039" cleared="657" />
  <references type="weak" candidates="223" cleared="105" enqueued="94" />
  <references type="phantom" candidates="2661" cleared="2655" enqueued="2655" />
  <object-monitors candidates="12" cleared="1"  />
</gc-op>
<gc-end id="2086" type="scavenge" contextid="2082" durationms="3.493" usertimems="10.133" systemtimems="3.690" stalltimems="15.849" timestamp="2026-09-06T15:18:36.563" activeThreads="10">
  <mem-info id="2087" free="207710288" total="268435456" percent="77">
    <mem type="nursery" free="54980288" total="67108864" percent="81">
      <mem type="allocate" free="54980288" total="59572224" percent="92" />
      <mem type="survivor" free="0" total="7536640" percent="0" />
    </mem>
    <mem type="tenure" free="152730000" total="201326592" percent="75" macro-fragmented="117440512">
      <mem type="soa" free="142663056" total="191259648" percent="74" />
      <mem type="loa" free="10066944" total="10066944" percent="100" />
    </mem>
    <pending-finalizers system="0" default="45" reference="2749" classloader="0" />
    <remembered-set count="1239" />
  </mem-info>
</gc-end>
<cycle-end id="2088" type="scavenge" contextid="2082" timestamp="2026-09-06T15:18:36.563" />
<allocation-satisfied id="2089" threadId="0000000000A9B900" bytesRequested="8200" />
<af-end id="2090" timestamp="2026-09-06T15:18:36.563" threadId="0000000000A9C3C0" success="true" from="nursery"/>
<exclusive-end id="2091" timestamp="2026-09-06T15:18:36.563" durationms="4.196" />

<exclusive-start id="2092" timestamp="2026-09-06T15:18:45.448" intervalms="8889.069">
  <response-info timems="0.029" idlems="0.029" threads="0" lastid="0000000000FF1500" lastname="Execution worker Thread 4" />
</exclusive-start>
<af-start id="2093" threadId="0000000000FF1FC0" totalBytesRequested="72" timestamp="2026-09-06T15:18:45.448" intervalms="8889.271" type="nursery" />
<cycle-start id="2094" type="scavenge" contextid="0" timestamp="2026-09-06T15:18:45.448" intervalms="8889.286" />
<gc-start id="2095" type="scavenge" contextid="2094" timestamp="2026-09-06T15:18:45.449">
  <mem-info id="2096" free="152724448" total="268435456" percent="56">
    <mem type="nursery" free="0" total="67108864" percent="0">
      <mem type="allocate" free="0" total="59572224" percent="0" />
      <mem type="survivor" free="0" total="7536640" percent="0" />
    </mem>
    <mem type="tenure" free="152724448" total="201326592" percent="75">
      <mem type="soa" free="142657504" total="191259648" percent="74" />
      <mem type="loa" free="10066944" total="10066944" percent="100" />
    </mem>
    <remembered-set count="1679" />
  </mem-info>
</gc-start>
<allocation-stats totalBytes="54869560" discardedBytes="116280" >
  <allocated-bytes non-tlh="1184624" tlh="53684936" />
  <largest-consumer threadName="Execution worker Thread 4" threadId="0000000000FF1500" bytes="16506664" />
</allocation-stats>
<gc-op id="2097" type="scavenge" timems="3.924" contextid="2094" timestamp="2026-09-06T15:18:45.453">
  <scavenger-info tenureage="14" tenuremask="4000" tiltratio="88" />
  <memory-copied type="nursery" objects="170197" bytes="7511528" bytesdiscarded="3448" />
  <memory-copied type="tenure" objects="14248" bytes="743304" bytesdiscarded="800" />
  <copy-failed type="nursery" objects="14210" bytes="742136" />
  <finalization candidates="45" enqueued="1" />
  <ownableSynchronizers candidates="1536" cleared="1086" />
  <references type="soft" candidates="7" cleared="0" enqueued="0" dynamicThreshold="24" maxThreshold="32" />
  <references type="weak" candidates="3316" cleared="114" enqueued="9" />
  <references type="phantom" candidates="3346" cleared="3109" enqueued="3109" />
  <object-monitors candidates="12" cleared="1"  />
</gc-op>
<gc-end id="2098" type="scavenge" contextid="2094" durationms="4.317" usertimems="24.160" systemtimems="0.000" stalltimems="10.125" timestamp="2026-09-06T15:18:45.453" activeThreads="9">
  <mem-info id="2099" free="197819888" total="268435456" percent="73">
    <mem type="nursery" free="45809664" total="67108864" percent="68">
      <mem type="allocate" free="45809664" total="53346304" percent="85" />
      <mem type="survivor" free="0" total="13762560" percent="0" />
    </mem>
    <mem type="tenure" free="152010224" total="201326592" percent="75" macro-fragmented="117440512">
      <mem type="soa" free="141943280" total="191259648" percent="74" />
      <mem type="loa" free="10066944" total="10066944" percent="100" />
    </mem>
    <pending-finalizers system="0" default="1" reference="3118" classloader="0" />
    <remembered-set count="3039" />
  </mem-info>
</gc-end>
<cycle-end id="2100" type="scavenge" contextid="2094" timestamp="2026-09-06T15:18:45.453" />
<allocation-satisfied id="2101" threadId="0000000000FF1500" bytesRequested="72" />
<af-end id="2102" timestamp="2026-09-06T15:18:45.453" threadId="0000000000FF1FC0" success="true" from="nursery"/>
<exclusive-end id="2103" timestamp="2026-09-06T15:18:45.453" durationms="5.382" />

<exclusive-start id="2104" timestamp="2026-09-06T15:18:54.366" intervalms="8918.251">
  <response-info timems="0.036" idlems="0.036" threads="0" lastid="0000000000FF5200" lastname="ForkJoinPool.commonPool-worker-163" />
</exclusive-start>
<af-start id="2105" threadId="0000000000FF5CC0" totalBytesRequested="24" timestamp="2026-09-06T15:18:54.366" intervalms="8918.274" type="nursery" />
<cycle-start id="2106" type="scavenge" contextid="0" timestamp="2026-09-06T15:18:54.366" intervalms="8918.269" />
<gc-start id="2107" type="scavenge" contextid="2106" timestamp="2026-09-06T15:18:54.367">
  <mem-info id="2108" free="152007928" total="268435456" percent="56">
    <mem type="nursery" free="0" total="67108864" percent="0">
      <mem type="allocate" free="0" total="53346304" percent="0" />
      <mem type="survivor" free="0" total="13762560" percent="0" />
    </mem>
    <mem type="tenure" free="152007928" total="201326592" percent="75">
      <mem type="soa" free="141940984" total="191259648" percent="74" />
      <mem type="loa" free="10066944" total="10066944" percent="100" />
    </mem>
    <remembered-set count="3388" />
  </mem-info>
</gc-start>
<allocation-stats totalBytes="45721392" discardedBytes="90568" >
  <allocated-bytes non-tlh="1147992" tlh="44573400" />
  <largest-consumer threadName="Daemon worker Thread 40" threadId="00000000005A3F00" bytes="13340912" />
</allocation-stats>
<gc-op id="2109" type="scavenge" timems="3.840" contextid="2106" timestamp="2026-09-06T15:18:54.371">
  <scavenger-info tenureage="14" tenuremask="4000" tiltratio="79" />
  <memory-copied type="nursery" objects="118355" bytes="4777112" bytesdiscarded="186248" />
  <memory-copied type="tenure" objects="63" bytes="1920" bytesdiscarded="0" />
  <finalization candidates="44" enqueued="26" />
  <ownableSynchronizers candidates="1540" cleared="1103" />
  <references type="soft" candidates="2" cleared="0" enqueued="0" dynamicThreshold="24" maxThreshold="32" />
  <references type="weak" candidates="373" cleared="49" enqueued="14" />
  <references type="phantom" candidates="3060" cleared="3027" enqueued="3027" />
  <object-monitors candidates="13" cleared="2"  />
</gc-op>
<gc-end id="2110" type="scavenge" contextid="2106" durationms="4.061" usertimems="14.468" systemtimems="1.942" stalltimems="18.958" timestamp="2026-09-06T15:18:54.371" activeThreads="10">
  <mem-info id="2111" free="201168832" total="268435456" percent="74">
    <mem type="nursery" free="49220072" total="67108864" percent="73">
      <mem type="allocate" free="49220072" total="54198272" percent="90" />
      <mem type="survivor" free="0" total="12910592" percent="0" />
    </mem>
    <mem type="tenure" free="151948760" total="201326592" percent="75" macro-fragmented="134217728">
      <mem type="soa" free="141881816" total="191259648" percent="74" />
      <mem type="loa" free="10066944" total="10066944" percent="100" />
    </mem>
    <pending-finalizers system="0" default="26" reference="3041" classloader="0" />
    <remembered-set count="2937" />
  </mem-info>
</gc-end>
<cycle-end id="2112" type="scavenge" contextid="2106" timestamp="2026-09-06T15:18:54.371" />
<allocation-satisfied id="2113" threadId="0000000000FF5200" bytesRequested="24" />
<af-end id="2114" timestamp="2026-09-06T15:18:54.371" threadId="0000000000FF5CC0" success="true" from="nursery"/>
<exclusive-end id="2115" timestamp="2026-09-06T15:18:54.371" durationms="5.105" />

<exclusive-start id="2116" timestamp="2026-09-06T15:20:06.283" intervalms="71916.603">
  <response-info timems="0.023" idlems="0.023" threads="0" lastid="000000000100AE00" lastname="Daemon worker Thread 41" />
</exclusive-start>
<af-start id="2117" threadId="000000000100B8C0" totalBytesRequested="16" timestamp="2026-09-06T15:20:06.283" intervalms="71916.624" type="nursery" />
<cycle-start id="2118" type="scavenge" contextid="0" timestamp="2026-09-06T15:20:06.283" intervalms="71916.628" />
<gc-start id="2119" type="scavenge" contextid="2118" timestamp="2026-09-06T15:20:06.284">
  <mem-info id="2120" free="151943008" total="268435456" percent="56">
    <mem type="nursery" free="0" total="67108864" percent="0">
      <mem type="allocate" free="0" total="54198272" percent="0" />
      <mem type="survivor" free="0" total="12910592" percent="0" />
    </mem>
    <mem type="tenure" free="151943008" total="201326592" percent="75">
      <mem type="soa" free="141876064" total="191259648" percent="74" />
      <mem type="loa" free="10066944" total="10066944" percent="100" />
    </mem>
    <remembered-set count="3332" />
  </mem-info>
</gc-start>
<allocation-stats totalBytes="49102280" discardedBytes="123544" >
  <allocated-bytes non-tlh="544800" tlh="48557480" />
  <largest-consumer threadName="Daemon worker Thread 41" threadId="000000000100AE00" bytes="9136656" />
</allocation-stats>
<gc-op id="2121" type="scavenge" timems="6.593" contextid="2118" timestamp="2026-09-06T15:20:06.290">
  <scavenger-info tenureage="14" tenuremask="4000" tiltratio="80" />
  <memory-copied type="nursery" objects="86646" bytes="4038080" bytesdiscarded="224784" />
  <memory-copied type="tenure" objects="51" bytes="1840" bytesdiscarded="0" />
  <finalization candidates="62" enqueued="44" />
  <ownableSynchronizers candidates="1589" cleared="1039" />
  <references type="weak" candidates="257" cleared="102" enqueued="91" />
  <references type="phantom" candidates="343" cleared="332" enqueued="332" />
  <object-monitors candidates="12" cleared="2"  />
</gc-op>
<gc-end id="2122" type="scavenge" contextid="2118" durationms="7.183" usertimems="9.392" systemtimems="3.605" stalltimems="35.788" timestamp="2026-09-06T15:20:06.291" activeThreads="9">
  <mem-info id="2123" free="203303752" total="268435456" percent="75">
    <mem type="nursery" free="51430632" total="67108864" percent="76">
      <mem type="allocate" free="51430632" total="55705600" percent="92" />
      <mem type="survivor" free="0" total="11403264" percent="0" />
    </mem>
    <mem type="tenure" free="151873120" total="201326592" percent="75" macro-fragmented="134217728">
      <mem type="soa" free="141806176" total="191259648" percent="74" />
      <mem type="loa" free="10066944" total="10066944" percent="100" />
    </mem>
    <pending-finalizers system="0" default="44" reference="423" classloader="0" />
    <remembered-set count="2925" />
  </mem-info>
</gc-end>
<cycle-end id="2124" type="scavenge" contextid="2118" timestamp="2026-09-06T15:20:06.291" />
<allocation-satisfied id="2125" threadId="000000000100AE00" bytesRequested="16" />
<af-end id="2126" timestamp="2026-09-06T15:20:06.291" threadId="000000000100B8C0" success="true" from="nursery"/>
<exclusive-end id="2127" timestamp="2026-09-06T15:20:06.291" durationms="8.198" />

<exclusive-start id="2128" timestamp="2026-09-06T15:20:06.521" intervalms="237.993">
  <response-info timems="0.024" idlems="0.024" threads="0" lastid="000000000057F100" lastname="Execution worker Thread 2" />
</exclusive-start>
<af-start id="2129" threadId="000000000057FBC0" totalBytesRequested="24" timestamp="2026-09-06T15:20:06.521" intervalms="237.763" type="nursery" />
<cycle-start id="2130" type="scavenge" contextid="0" timestamp="2026-09-06T15:20:06.521" intervalms="237.755" />
<gc-start id="2131" type="scavenge" contextid="2130" timestamp="2026-09-06T15:20:06.521">
  <mem-info id="2132" free="151867568" total="268435456" percent="56">
    <mem type="nursery" free="0" total="67108864" percent="0">
      <mem type="allocate" free="0" total="55705600" percent="0" />
      <mem type="survivor" free="0" total="11403264" percent="0" />
    </mem>
    <mem type="tenure" free="151867568" total="201326592" percent="75">
      <mem type="soa" free="141800624" total="191259648" percent="74" />
      <mem type="loa" free="10066944" total="10066944" percent="100" />
    </mem>
    <remembered-set count="3179" />
  </mem-info>
</gc-start>
<allocation-stats totalBytes="51361528" discardedBytes="74656" >
  <allocated-bytes non-tlh="656832" tlh="50704696" />
  <largest-consumer threadName="Execution worker Thread 2" threadId="000000000057F100" bytes="28809512" />
</allocation-stats>
<gc-op id="2133" type="scavenge" timems="4.563" contextid="2130" timestamp="2026-09-06T15:20:06.526">
  <scavenger-info tenureage="11" tenuremask="4800" tiltratio="83" />
  <memory-copied type="nursery" objects="151310" bytes="6431288" bytesdiscarded="175320" />
  <memory-copied type="tenure" objects="1385" bytes="68976" bytesdiscarded="0" />
  <finalization candidates="63" enqueued="45" />
  <ownableSynchronizers candidates="977" cleared="515" />
  <references type="soft" candidates="2" cleared="0" enqueued="0" dynamicThreshold="24" maxThreshold="32" />
  <references type="weak" candidates="342" cleared="15" enqueued="14" />
  <references type="phantom" candidates="2999" cleared="2963" enqueued="2963" />
  <object-monitors candidates="11" cleared="0"  />
</gc-op>
<gc-end id="2134" type="scavenge" contextid="2130" durationms="4.802" usertimems="9.987" systemtimems="3.303" stalltimems="13.431" timestamp="2026-09-06T15:20:06.526" activeThreads="8">
  <mem-info id="2135" free="201116672" total="268435456" percent="74">
    <mem type="nursery" free="49343568" total="67108864" percent="73">
      <mem type="allocate" free="49343568" total="55967744" percent="88" />
      <mem type="survivor" free="0" total="11141120" percent="0" />
    </mem>
    <mem type="tenure" free="151773104" total="201326592" percent="75" macro-fragmented="134217728">
      <mem type="soa" free="141706160" total="191259648" percent="74" />
      <mem type="loa" free="10066944" total="10066944" percent="100" />
    </mem>
    <pending-finalizers system="0" default="45" reference="2977" classloader="0" />
    <remembered-set count="3023" />
  </mem-info>
</gc-end>
<cycle-end id="2136" type="scavenge" contextid="2130" timestamp="2026-09-06T15:20:06.526" />
<allocation-satisfied id="2137" threadId="000000000057F100" bytesRequested="24" />
<af-end id="2138" timestamp="2026-09-06T15:20:06.527" threadId="000000000057FBC0" success="true" from="nursery"/>
<exclusive-end id="2139" timestamp="2026-09-06T15:20:06.527" durationms="5.736" />

<exclusive-start id="2140" timestamp="2026-09-06T15:20:15.502" intervalms="8981.421">
  <response-info timems="0.029" idlems="0.029" threads="0" lastid="0000000000581A00" lastname="Execution worker Thread 2" />
</exclusive-start>
<af-start id="2141" threadId="00000000005824C0" totalBytesRequested="131080" timestamp="2026-09-06T15:20:15.502" intervalms="8981.434" type="nursery" />
<cycle-start id="2142" type="scavenge" contextid="0" timestamp="2026-09-06T15:20:15.502" intervalms="8981.464" />
<gc-start id="2143" type="scavenge" contextid="2142" timestamp="2026-09-06T15:20:15.503">
  <mem-info id="2144" free="151797600" total="268435456" percent="56">
    <mem type="nursery" free="29048" total="67108864" percent="0">
      <mem type="allocate" free="29048" total="55967744" percent="0" />
      <mem type="survivor" free="0" total="11141120" percent="0" />
    </mem>
    <mem type="tenure" free="151768552" total="201326592" percent="75">
      <mem type="soa" free="141701608" total="191259648" percent="74" />
      <mem type="loa" free="10066944" total="10066944" percent="100" />
    </mem>
    <remembered-set count="3413" />
  </mem-info>
</gc-start>
<allocation-stats totalBytes="49182600" discardedBytes="136472" >
  <allocated-bytes non-tlh="1055904" tlh="48126696" />
  <largest-consumer threadName="Execution worker Thread 8" threadId="000000000124CB00" bytes="14109936" />
</allocation-stats>
<gc-op id="2145" type="scavenge" timems="2.841" contextid="2142" timestamp="2026-09-06T15:20:15.506">
  <scavenger-info tenureage="14" tenuremask="4000" tiltratio="83" />
  <memory-copied type="nursery" objects="137417" bytes="5147664" bytesdiscarded="179072" />
  <memory-copied type="tenure" objects="69" bytes="2168" bytesdiscarded="0" />
  <finalization candidates="19" enqueued="1" />
  <ownableSynchronizers candidates="1735" cleared="1320" />
  <references type="soft" candidates="2" cleared="0" enqueued="0" dynamicThreshold="24" maxThreshold="32" />
  <references type="weak" candidates="385" cleared="49" enqueued="13" />
  <references type="phantom" candidates="3192" cleared="3155" enqueued="3155" />
  <object-monitors candidates="13" cleared="2"  />
</gc-op>
<gc-end id="2146" type="scavenge" contextid="2142" durationms="3.076" usertimems="15.591" systemtimems="1.047" stalltimems="5.858" timestamp="2026-09-06T15:20:15.506" activeThreads="8">
  <mem-info id="2147" free="202980432" total="268435456" percent="75">
    <mem type="nursery" free="51343208" total="67108864" percent="76">
      <mem type="allocate" free="51343208" total="56688640" percent="90" />
      <mem type="survivor" free="0" total="10420224" percent="0" />
    </mem>
    <mem type="tenure" free="151637224" total="201326592" percent="75" macro-fragmented="134217728">
      <mem type="soa" free="141570280" total="191259648" percent="74" />
      <mem type="loa" free="10066944" total="10066944" percent="100" />
    </mem>
    <pending-finalizers system="0" default="1" reference="3168" classloader="0" />
    <remembered-set count="2999" />
  </mem-info>
</gc-end>
<cycle-end id="2148" type="scavenge" contextid="2142" timestamp="2026-09-06T15:20:15.506" />
<allocation-satisfied id="2149" threadId="0000000000581A00" bytesRequested="131080" />
<af-end id="2150" timestamp="2026-09-06T15:20:15.506" threadId="00000000005824C0" success="true" from="nursery"/>
<exclusive-end id="2151" timestamp="2026-09-06T15:20:15.506" durationms="4.156" />

<exclusive-start id="2152" timestamp="2026-09-06T15:20:33.378" intervalms="17891.425">
  <response-info timems="0.035" idlems="0.035" threads="0" lastid="0000000000B64800" lastname="Cache worker for file hash cache (/workspace/project/.gradle/9." />
</exclusive-start>
<af-start id="2153" threadId="0000000000B652C0" totalBytesRequested="4104" timestamp="2026-09-06T15:20:33.378" intervalms="17891.412" type="nursery" />
<cycle-start id="2154" type="scavenge" contextid="0" timestamp="2026-09-06T15:20:33.378" intervalms="17891.392" />
<gc-start id="2155" type="scavenge" contextid="2154" timestamp="2026-09-06T15:20:33.378">
  <mem-info id="2156" free="151632120" total="268435456" percent="56">
    <mem type="nursery" free="0" total="67108864" percent="0">
      <mem type="allocate" free="0" total="56688640" percent="0" />
      <mem type="survivor" free="0" total="10420224" percent="0" />
    </mem>
    <mem type="tenure" free="151632120" total="201326592" percent="75">
      <mem type="soa" free="141565176" total="191259648" percent="74" />
      <mem type="loa" free="10066944" total="10066944" percent="100" />
    </mem>
    <remembered-set count="3386" />
  </mem-info>
</gc-start>
<allocation-stats totalBytes="51247600" discardedBytes="100712" >
  <allocated-bytes non-tlh="1436744" tlh="49810856" />
  <largest-consumer threadName="Daemon worker Thread 41" threadId="000000000100AE00" bytes="13587120" />
</allocation-stats>
<gc-op id="2157" type="scavenge" timems="3.417" contextid="2154" timestamp="2026-09-06T15:20:33.382">
  <scavenger-info tenureage="11" tenuremask="6800" tiltratio="84" />
  <memory-copied type="nursery" objects="116613" bytes="5114568" bytesdiscarded="222256" />
  <memory-copied type="tenure" objects="1365" bytes="68376" bytesdiscarded="152" />
  <finalization candidates="63" enqueued="45" />
  <ownableSynchronizers candidates="1468" cleared="1013" />
  <references type="soft" candidates="1" cleared="0" enqueued="0" dynamicThreshold="24" maxThreshold="32" />
  <references type="weak" candidates="361" cleared="123" enqueued="88" />
  <references type="phantom" candidates="2834" cleared="2807" enqueued="2807" />
  <object-monitors candidates="13" cleared="2"  />
</gc-op>
<gc-end id="2158" type="scavenge" contextid="2154" durationms="3.663" usertimems="17.747" systemtimems="0.000" stalltimems="11.534" timestamp="2026-09-06T15:20:33.382" activeThreads="9">
  <mem-info id="2159" free="203812256" total="268435456" percent="75">
    <mem type="nursery" free="52254632" total="67108864" percent="77">
      <mem type="allocate" free="52254632" total="57606144" percent="90" />
      <mem type="survivor" free="0" total="9502720" percent="0" />
    </mem>
    <mem type="tenure" free="151557624" total="201326592" percent="75" macro-fragmented="117440512">
      <mem type="soa" free="141490680" total="191259648" percent="73" />
      <mem type="loa" free="10066944" total="10066944" percent="100" />
    </mem>
    <pending-finalizers system="0" default="45" reference="2895" classloader="0" />
    <remembered-set count="2984" />
  </mem-info>
</gc-end>
<cycle-end id="2160" type="scavenge" contextid="2154" timestamp="2026-09-06T15:20:33.382" />
<allocation-satisfied id="2161" threadId="0000000000B64800" bytesRequested="4104" />
<af-end id="2162" timestamp="2026-09-06T15:20:33.382" threadId="0000000000B652C0" success="true" from="nursery"/>
<exclusive-end id="2163" timestamp="2026-09-06T15:20:33.382" durationms="4.560" />

<exclusive-start id="2164" timestamp="2026-09-06T15:20:42.288" intervalms="8910.188">
  <response-info timems="0.508" idlems="0.100" threads="9" lastid="000000000124D700" lastname="Build operations" />
</exclusive-start>
<af-start id="2165" threadId="00000000006C00C0" totalBytesRequested="4104" timestamp="2026-09-06T15:20:42.288" intervalms="8910.208" type="nursery" />
<cycle-start id="2166" type="scavenge" contextid="0" timestamp="2026-09-06T15:20:42.288" intervalms="8910.201" />
<gc-start id="2167" type="scavenge" contextid="2166" timestamp="2026-09-06T15:20:42.288">
  <mem-info id="2168" free="151554368" total="268435456" percent="56">
    <mem type="nursery" free="0" total="67108864" percent="0">
      <mem type="allocate" free="0" total="57606144" percent="0" />
      <mem type="survivor" free="0" total="9502720" percent="0" />
    </mem>
    <mem type="tenure" free="151554368" total="201326592" percent="75">
      <mem type="soa" free="141487424" total="191259648" percent="73" />
      <mem type="loa" free="10066944" total="10066944" percent="100" />
    </mem>
    <remembered-set count="3346" />
  </mem-info>
</gc-start>
<allocation-stats totalBytes="52171432" discardedBytes="86456" >
  <allocated-bytes non-tlh="397136" tlh="51774296" />
  <largest-consumer threadName="Daemon worker Thread 41" threadId="000000000100AE00" bytes="8241376" />
</allocation-stats>
<gc-op id="2169" type="scavenge" timems="3.287" contextid="2166" timestamp="2026-09-06T15:20:42.292">
  <scavenger-info tenureage="6" tenuremask="4040" tiltratio="85" />
  <memory-copied type="nursery" objects="74268" bytes="3264808" bytesdiscarded="180576" />
  <memory-copied type="tenure" objects="6099" bytes="649312" bytesdiscarded="648" />
  <finalization candidates="62" enqueued="44" />
  <ownableSynchronizers candidates="1483" cleared="999" />
  <references type="weak" candidates="285" cleared="130" enqueued="94" />
  <references type="phantom" candidates="443" cleared="432" enqueued="432" />
  <object-monitors candidates="12" cleared="2"  />
</gc-op>
<gc-end id="2170" type="scavenge" contextid="2166" durationms="3.697" usertimems="11.139" systemtimems="1.132" stalltimems="10.849" timestamp="2026-09-06T15:20:42.292" activeThreads="9">
  <mem-info id="2171" free="205273736" total="268435456" percent="76">
    <mem type="nursery" free="54869720" total="67108864" percent="81">
      <mem type="allocate" free="54869720" total="58327040" percent="94" />
      <mem type="survivor" free="0" total="8781824" percent="0" />
    </mem>
    <mem type="tenure" free="150404016" total="201326592" percent="74" macro-fragmented="134217728">
      <mem type="soa" free="140337072" total="191259648" percent="73" />
      <mem type="loa" free="10066944" total="10066944" percent="100" />
    </mem>
    <pending-finalizers system="0" default="44" reference="526" classloader="0" />
    <remembered-set count="1246" />
  </mem-info>
</gc-end>
<cycle-end id="2172" type="scavenge" contextid="2166" timestamp="2026-09-06T15:20:42.292" />
<allocation-satisfied id="2173" threadId="00000000006BF600" bytesRequested="4104" />
<af-end id="2174" timestamp="2026-09-06T15:20:42.292" threadId="00000000006C00C0" success="true" from="nursery"/>
<exclusive-end id="2175" timestamp="2026-09-06T15:20:42.292" durationms="4.510" />

<exclusive-start id="2176" timestamp="2026-09-06T15:20:42.570" intervalms="282.031">
  <response-info timems="0.024" idlems="0.024" threads="0" lastid="0000000000FF2200" lastname="included builds" />
</exclusive-start>
<af-start id="2177" threadId="0000000000FF2CC0" totalBytesRequested="24" timestamp="2026-09-06T15:20:42.570" intervalms="282.001" type="nursery" />
<cycle-start id="2178" type="scavenge" contextid="0" timestamp="2026-09-06T15:20:42.570" intervalms="281.997" />
<gc-start id="2179" type="scavenge" contextid="2178" timestamp="2026-09-06T15:20:42.572">
  <mem-info id="2180" free="150395968" total="268435456" percent="56">
    <mem type="nursery" free="0" total="67108864" percent="0">
      <mem type="allocate" free="0" total="58327040" percent="0" />
      <mem type="survivor" free="0" total="8781824" percent="0" />
    </mem>
    <mem type="tenure" free="150395968" total="201326592" percent="74">
      <mem type="soa" free="140329024" total="191259648" percent="73" />
      <mem type="loa" free="10066944" total="10066944" percent="100" />
    </mem>
    <remembered-set count="1558" />
  </mem-info>
</gc-start>
<allocation-stats totalBytes="54765824" discardedBytes="111944" >
  <allocated-bytes non-tlh="962496" tlh="53803328" />
  <largest-consumer threadName="included builds" threadId="0000000000FF2200" bytes="24721024" />
</allocation-stats>
<gc-op id="2181" type="scavenge" timems="3.039" contextid="2178" timestamp="2026-09-06T15:20:42.575">
  <scavenger-info tenureage="11" tenuremask="5800" tiltratio="86" />
  <memory-copied type="nursery" objects="148479" bytes="5920480" bytesdiscarded="188464" />
  <memory-copied type="tenure" objects="2709" bytes="136112" bytesdiscarded="0" />
  <finalization candidates="45" enqueued="45" />
  <ownableSynchronizers candidates="1095" cleared="649" />
  <references type="soft" candidates="2" cleared="0" enqueued="0" dynamicThreshold="24" maxThreshold="32" />
  <references type="weak" candidates="336" cleared="15" enqueued="14" />
  <references type="phantom" candidates="3120" cleared="3083" enqueued="3083" />
  <object-monitors candidates="11" cleared="0"  />
</gc-op>
<gc-end id="2182" type="scavenge" contextid="2178" durationms="3.643" usertimems="18.756" systemtimems="0.000" stalltimems="7.577" timestamp="2026-09-06T15:20:42.575" activeThreads="9">
  <mem-info id="2183" free="201739848" total="268435456" percent="75">
    <mem type="nursery" free="51348712" total="67108864" percent="76">
      <mem type="allocate" free="51348712" total="57475072" percent="89" />
      <mem type="survivor" free="0" total="9633792" percent="0" />
    </mem>
    <mem type="tenure" free="150391136" total="201326592" percent="74" macro-fragmented="57344">
      <mem type="soa" free="140324192" total="191259648" percent="73" />
      <mem type="loa" free="10066944" total="10066944" percent="100" />
    </mem>
    <pending-finalizers system="0" default="45" reference="3097" classloader="0" />
    <remembered-set count="1294" />
  </mem-info>
</gc-end>
<cycle-end id="2184" type="scavenge" contextid="2178" timestamp="2026-09-06T15:20:42.575" />
<allocation-satisfied id="2185" threadId="0000000000FF2200" bytesRequested="24" />
<af-end id="2186" timestamp="2026-09-06T15:20:42.576" threadId="0000000000FF2CC0" success="true" from="nursery"/>
<exclusive-end id="2187" timestamp="2026-09-06T15:20:42.576" durationms="5.627" />

<exclusive-start id="2188" timestamp="2026-09-06T15:20:51.489" intervalms="8935.659">
  <response-info timems="0.020" idlems="0.020" threads="0" lastid="00000000012A1500" lastname="included builds" />
</exclusive-start>
<af-start id="2189" threadId="00000000012A1FC0" totalBytesRequested="5840" timestamp="2026-09-06T15:20:51.489" intervalms="8935.670" type="nursery" />
<cycle-start id="2190" type="scavenge" contextid="0" timestamp="2026-09-06T15:20:51.489" intervalms="8935.678" />
<gc-start id="2191" type="scavenge" contextid="2190" timestamp="2026-09-06T15:20:51.490">
  <mem-info id="2192" free="150384896" total="268435456" percent="56">
    <mem type="nursery" free="0" total="67108864" percent="0">
      <mem type="allocate" free="0" total="57475072" percent="0" />
      <mem type="survivor" free="0" total="9633792" percent="0" />
    </mem>
    <mem type="tenure" free="150384896" total="201326592" percent="74">
      <mem type="soa" free="140317952" total="191259648" percent="73" />
      <mem type="loa" free="10066944" total="10066944" percent="100" />
    </mem>
    <remembered-set count="1720" />
  </mem-info>
</gc-start>
<allocation-stats totalBytes="51233768" discardedBytes="121184" >
  <allocated-bytes non-tlh="1028896" tlh="50204872" />
  <largest-consumer threadName="included builds" threadId="00000000012A1500" bytes="17023200" />
</allocation-stats>
<gc-op id="2193" type="scavenge" timems="2.865" contextid="2190" timestamp="2026-09-06T15:20:51.493">
  <scavenger-info tenureage="14" tenuremask="4000" tiltratio="85" />
  <memory-copied type="nursery" objects="140499" bytes="5716512" bytesdiscarded="244472" />
  <finalization candidates="9" enqueued="1" />
  <ownableSynchronizers candidates="1721" cleared="1320" />
  <references type="soft" candidates="7" cleared="0" enqueued="0" dynamicThreshold="24" maxThreshold="32" />
  <references type="weak" candidates="925" cleared="113" enqueued="10" />
  <references type="phantom" candidates="3321" cleared="3155" enqueued="3155" />
  <object-monitors candidates="13" cleared="2"  />
</gc-op>
<gc-end id="2194" type="scavenge" contextid="2190" durationms="3.504" usertimems="17.301" systemtimems="0.751" stalltimems="7.903" timestamp="2026-09-06T15:20:51.493" activeThreads="9">
  <mem-info id="2195" free="202467488" total="268435456" percent="75">
    <mem type="nursery" free="52082592" total="67108864" percent="77">
      <mem type="allocate" free="52082592" total="58064896" percent="89" />
      <mem type="survivor" free="0" total="9043968" percent="0" />
    </mem>
    <mem type="tenure" free="150384896" total="201326592" percent="74" macro-fragmented="0">
      <mem type="soa" free="140317952" total="191259648" percent="73" />
      <mem type="loa" free="10066944" total="10066944" percent="100" />
    </mem>
    <pending-finalizers system="0" default="1" reference="3165" classloader="0" />
    <remembered-set count="1363" />
  </mem-info>
</gc-end>
<cycle-end id="2196" type="scavenge" contextid="2190" timestamp="2026-09-06T15:20:51.493" />
<allocation-satisfied id="2197" threadId="00000000012A1500" bytesRequested="5840" />
<af-end id="2198" timestamp="2026-09-06T15:20:51.493" threadId="00000000012A1FC0" success="true" from="nursery"/>
<exclusive-end id="2199" timestamp="2026-09-06T15:20:51.493" durationms="4.386" />

<exclusive-start id="2200" timestamp="2026-09-06T15:21:18.413" intervalms="26926.852">
  <response-info timems="0.031" idlems="0.031" threads="0" lastid="000000000124F100" lastname="Execution worker Thread 3" />
</exclusive-start>
<af-start id="2201" threadId="000000000124FBC0" totalBytesRequested="24" timestamp="2026-09-06T15:21:18.414" intervalms="26927.043" type="nursery" />
<cycle-start id="2202" type="scavenge" contextid="0" timestamp="2026-09-06T15:21:18.414" intervalms="26927.047" />
<gc-start id="2203" type="scavenge" contextid="2202" timestamp="2026-09-06T15:21:18.414">
  <mem-info id="2204" free="150382600" total="268435456" percent="56">
    <mem type="nursery" free="0" total="67108864" percent="0">
      <mem type="allocate" free="0" total="58064896" percent="0" />
      <mem type="survivor" free="0" total="9043968" percent="0" />
    </mem>
    <mem type="tenure" free="150382600" total="201326592" percent="74">
      <mem type="soa" free="140315656" total="191259648" percent="73" />
      <mem type="loa" free="10066944" total="10066944" percent="100" />
    </mem>
    <remembered-set count="1696" />
  </mem-info>
</gc-start>
<allocation-stats totalBytes="52002984" discardedBytes="81904" >
  <allocated-bytes non-tlh="1239144" tlh="50763840" />
  <largest-consumer threadName="Daemon worker Thread 41" threadId="000000000100AE00" bytes="13646808" />
</allocation-stats>
<gc-op id="2205" type="scavenge" timems="2.893" contextid="2202" timestamp="2026-09-06T15:21:18.417">
  <scavenger-info tenureage="14" tenuremask="4000" tiltratio="86" />
  <memory-copied type="nursery" objects="124843" bytes="5016824" bytesdiscarded="211824" />
  <finalization candidates="45" enqueued="45" />
  <ownableSynchronizers candidates="1543" cleared="1106" />
  <references type="soft" candidates="1" cleared="0" enqueued="0" dynamicThreshold="24" maxThreshold="32" />
  <references type="weak" candidates="371" cleared="48" enqueued="13" />
  <references type="phantom" candidates="3060" cleared="3027" enqueued="3027" />
  <object-monitors candidates="13" cleared="2"  />
</gc-op>
<gc-end id="2206" type="scavenge" contextid="2202" durationms="3.098" usertimems="16.392" systemtimems="0.891" stalltimems="11.128" timestamp="2026-09-06T15:21:18.417" activeThreads="10">
  <mem-info id="2207" free="203727240" total="268435456" percent="75">
    <mem type="nursery" free="53344640" total="67108864" percent="79">
      <mem type="allocate" free="53344640" total="58589184" percent="91" />
      <mem type="survivor" free="0" total="8519680" percent="0" />
    </mem>
    <mem type="tenure" free="150382600" total="201326592" percent="74" macro-fragmented="100663296">
      <mem type="soa" free="140315656" total="191259648" percent="73" />
      <mem type="loa" free="10066944" total="10066944" percent="100" />
    </mem>
    <pending-finalizers system="0" default="45" reference="3040" classloader="0" />
    <remembered-set count="1247" />
  </mem-info>
</gc-end>
<cycle-end id="2208" type="scavenge" contextid="2202" timestamp="2026-09-06T15:21:18.417" />
<allocation-satisfied id="2209" threadId="000000000124F100" bytesRequested="24" />
<af-end id="2210" timestamp="2026-09-06T15:21:18.417" threadId="000000000124FBC0" success="true" from="nursery"/>
<exclusive-end id="2211" timestamp="2026-09-06T15:21:18.417" durationms="4.048" />

<exclusive-start id="2212" timestamp="2026-09-06T15:21:36.315" intervalms="17901.999">
  <response-info timems="0.034" idlems="0.034" threads="0" lastid="000000000100AE00" lastname="Daemon worker Thread 41" />
</exclusive-start>
<af-start id="2213" threadId="000000000100B8C0" totalBytesRequested="296" timestamp="2026-09-06T15:21:36.315" intervalms="17901.890" type="nursery" />
<cycle-start id="2214" type="scavenge" contextid="0" timestamp="2026-09-06T15:21:36.316" intervalms="17901.983" />
<gc-start id="2215" type="scavenge" contextid="2214" timestamp="2026-09-06T15:21:36.316">
  <mem-info id="2216" free="150376848" total="268435456" percent="56">
    <mem type="nursery" free="0" total="67108864" percent="0">
      <mem type="allocate" free="0" total="58589184" percent="0" />
      <mem type="survivor" free="0" total="8519680" percent="0" />
    </mem>
    <mem type="tenure" free="150376848" total="201326592" percent="74">
      <mem type="soa" free="140309904" total="191259648" percent="73" />
      <mem type="loa" free="10066944" total="10066944" percent="100" />
    </mem>
    <remembered-set count="1653" />
  </mem-info>
</gc-start>
<allocation-stats totalBytes="53234016" discardedBytes="116376" >
  <allocated-bytes non-tlh="793616" tlh="52440400" />
  <largest-consumer threadName="Daemon worker Thread 41" threadId="000000000100AE00" bytes="9940072" />
</allocation-stats>
<gc-op id="2217" type="scavenge" timems="3.943" contextid="2214" timestamp="2026-09-06T15:21:36.320">
  <scavenger-info tenureage="12" tenuremask="5000" tiltratio="87" />
  <memory-copied type="nursery" objects="84219" bytes="3530976" bytesdiscarded="155352" />
  <memory-copied type="tenure" objects="1361" bytes="67808" bytesdiscarded="0" />
  <finalization candidates="44" enqueued="44" />
  <ownableSynchronizers candidates="1582" cleared="1103" />
  <references type="weak" candidates="283" cleared="127" enqueued="91" />
  <references type="phantom" candidates="515" cleared="503" enqueued="503" />
  <object-monitors candidates="12" cleared="2"  />
</gc-op>
<gc-end id="2218" type="scavenge" contextid="2214" durationms="4.463" usertimems="12.344" systemtimems="1.407" stalltimems="24.169" timestamp="2026-09-06T15:21:36.321" activeThreads="10">
  <mem-info id="2219" free="205792008" total="268435456" percent="76">
    <mem type="nursery" free="55415160" total="67108864" percent="82">
      <mem type="allocate" free="55415160" total="59113472" percent="93" />
      <mem type="survivor" free="0" total="7995392" percent="0" />
    </mem>
    <mem type="tenure" free="150376848" total="201326592" percent="74" macro-fragmented="134217728">
      <mem type="soa" free="140309904" total="191259648" percent="73" />
      <mem type="loa" free="10066944" total="10066944" percent="100" />
    </mem>
    <pending-finalizers system="0" default="44" reference="594" classloader="0" />
    <remembered-set count="1241" />
  </mem-info>
</gc-end>
<cycle-end id="2220" type="scavenge" contextid="2214" timestamp="2026-09-06T15:21:36.321" />
<allocation-satisfied id="2221" threadId="000000000100AE00" bytesRequested="296" />
<af-end id="2222" timestamp="2026-09-06T15:21:36.321" threadId="000000000100B8C0" success="true" from="nursery"/>
<exclusive-end id="2223" timestamp="2026-09-06T15:21:36.321" durationms="5.563" />

<exclusive-start id="2224" timestamp="2026-09-06T15:21:36.604" intervalms="288.533">
  <response-info timems="0.023" idlems="0.023" threads="0" lastid="0000000000FF8F00" lastname="Execution worker Thread 2" />
</exclusive-start>
<af-start id="2225" threadId="0000000000FF99C0" totalBytesRequested="80" timestamp="2026-09-06T15:21:36.604" intervalms="288.457" type="nursery" />
<cycle-start id="2226" type="scavenge" contextid="0" timestamp="2026-09-06T15:21:36.604" intervalms="288.360" />
<gc-start id="2227" type="scavenge" contextid="2226" timestamp="2026-09-06T15:21:36.604">
  <mem-info id="2228" free="150368040" total="268435456" percent="56">
    <mem type="nursery" free="0" total="67108864" percent="0">
      <mem type="allocate" free="0" total="59113472" percent="0" />
      <mem type="survivor" free="0" total="7995392" percent="0" />
    </mem>
    <mem type="tenure" free="150368040" total="201326592" percent="74">
      <mem type="soa" free="140301096" total="191259648" percent="73" />
      <mem type="loa" free="10066944" total="10066944" percent="100" />
    </mem>
    <remembered-set count="1547" />
  </mem-info>
</gc-start>
<allocation-stats totalBytes="55328272" discardedBytes="94936" >
  <allocated-bytes non-tlh="885272" tlh="54443000" />
  <largest-consumer threadName="Execution worker" threadId="0000000000955C00" bytes="26084584" />
</allocation-stats>
<gc-op id="2229" type="scavenge" timems="2.821" contextid="2226" timestamp="2026-09-06T15:21:36.607">
  <scavenger-info tenureage="12" tenuremask="5000" tiltratio="88" />
  <memory-copied type="nursery" objects="135479" bytes="5430848" bytesdiscarded="157936" />
  <memory-copied type="tenure" objects="1402" bytes="69304" bytesdiscarded="256" />
  <finalization candidates="45" enqueued="45" />
  <ownableSynchronizers candidates="1067" cleared="612" />
  <references type="soft" candidates="2" cleared="0" enqueued="0" dynamicThreshold="24" maxThreshold="32" />
  <references type="weak" candidates="361" cleared="19" enqueued="18" />
  <references type="phantom" candidates="2870" cleared="2829" enqueued="2829" />
  <object-monitors candidates="11" cleared="0"  />
</gc-op>
<gc-end id="2230" type="scavenge" contextid="2226" durationms="3.063" usertimems="14.104" systemtimems="1.751" stalltimems="8.546" timestamp="2026-09-06T15:21:36.607" activeThreads="9">
  <mem-info id="2231" free="203469168" total="268435456" percent="75">
    <mem type="nursery" free="53178544" total="67108864" percent="79">
      <mem type="allocate" free="53178544" total="58785792" percent="90" />
      <mem type="survivor" free="0" total="8323072" percent="0" />
    </mem>
    <mem type="tenure" free="150290624" total="201326592" percent="74" macro-fragmented="134217728">
      <mem type="soa" free="140223680" total="191259648" percent="73" />
      <mem type="loa" free="10066944" total="10066944" percent="100" />
    </mem>
    <pending-finalizers system="0" default="45" reference="2847" classloader="0" />
    <remembered-set count="1332" />
  </mem-info>
</gc-end>
<cycle-end id="2232" type="scavenge" contextid="2226" timestamp="2026-09-06T15:21:36.608" />
<allocation-satisfied id="2233" threadId="0000000000FF8F00" bytesRequested="80" />
<af-end id="2234" timestamp="2026-09-06T15:21:36.608" threadId="0000000000FF99C0" success="true" from="nursery"/>
<exclusive-end id="2235" timestamp="2026-09-06T15:21:36.608" durationms="3.841" />

<exclusive-start id="2236" timestamp="2026-09-06T15:24:18.678" intervalms="162075.662">
  <response-info timems="0.030" idlems="0.030" threads="0" lastid="000000000127B900" lastname="Execution worker Thread 7" />
</exclusive-start>
<af-start id="2237" threadId="000000000127C3C0" totalBytesRequested="48" timestamp="2026-09-06T15:24:18.678" intervalms="162075.867" type="nursery" />
<cycle-start id="2238" type="scavenge" contextid="0" timestamp="2026-09-06T15:24:18.678" intervalms="162075.865" />
<gc-start id="2239" type="scavenge" contextid="2238" timestamp="2026-09-06T15:24:18.679">
  <mem-info id="2240" free="150287288" total="268435456" percent="55">
    <mem type="nursery" free="0" total="67108864" percent="0">
      <mem type="allocate" free="0" total="58785792" percent="0" />
      <mem type="survivor" free="0" total="8323072" percent="0" />
    </mem>
    <mem type="tenure" free="150287288" total="201326592" percent="74">
      <mem type="soa" free="140220344" total="191259648" percent="73" />
      <mem type="loa" free="10066944" total="10066944" percent="100" />
    </mem>
    <remembered-set count="1701" />
  </mem-info>
</gc-start>
<allocation-stats totalBytes="53040664" discardedBytes="141216" >
  <allocated-bytes non-tlh="917256" tlh="52123408" />
  <largest-consumer threadName="Execution worker Thread 7" threadId="000000000127B900" bytes="25742256" />
</allocation-stats>
<gc-op id="2241" type="scavenge" timems="6.154" contextid="2238" timestamp="2026-09-06T15:24:18.685">
  <scavenger-info tenureage="10" tenuremask="4400" tiltratio="87" />
  <memory-copied type="nursery" objects="157133" bytes="6984152" bytesdiscarded="149104" />
  <memory-copied type="tenure" objects="1307" bytes="66656" bytesdiscarded="256" />
  <finalization candidates="19" enqueued="1" />
  <ownableSynchronizers candidates="1615" cleared="1199" />
  <references type="soft" candidates="7" cleared="0" enqueued="0" dynamicThreshold="24" maxThreshold="32" />
  <references type="weak" candidates="883" cleared="87" enqueued="9" />
  <references type="phantom" candidates="3307" cleared="3122" enqueued="3122" />
  <object-monitors candidates="13" cleared="2"  />
</gc-op>
<gc-end id="2242" type="scavenge" contextid="2238" durationms="6.667" usertimems="18.227" systemtimems="1.513" stalltimems="30.999" timestamp="2026-09-06T15:24:18.685" activeThreads="10">
  <mem-info id="2243" free="200579992" total="268435456" percent="74">
    <mem type="nursery" free="50451384" total="67108864" percent="75">
      <mem type="allocate" free="50451384" total="57606144" percent="87" />
      <mem type="survivor" free="0" total="9502720" percent="0" />
    </mem>
    <mem type="tenure" free="150128608" total="201326592" percent="74" macro-fragmented="83886080">
      <mem type="soa" free="140061664" total="191259648" percent="73" />
      <mem type="loa" free="10066944" total="10066944" percent="100" />
    </mem>
    <pending-finalizers system="0" default="1" reference="3131" classloader="0" />
    <remembered-set count="1294" />
  </mem-info>
</gc-end>
<cycle-end id="2244" type="scavenge" contextid="2238" timestamp="2026-09-06T15:24:18.686" />
<allocation-satisfied id="2245" threadId="000000000127B900" bytesRequested="48" />
<af-end id="2246" timestamp="2026-09-06T15:24:18.686" threadId="000000000127C3C0" success="true" from="nursery"/>
<exclusive-end id="2247" timestamp="2026-09-06T15:24:18.686" durationms="7.769" />

<exclusive-start id="2248" timestamp="2026-09-06T15:28:33.976" intervalms="255298.424">
  <response-info timems="0.464" idlems="0.464" threads="0" lastid="00000000001A7100" lastname="VM Runtime State Listener" />
</exclusive-start>
<sys-start reason="vm idle" id="2249" timestamp="2026-09-06T15:28:33.979" intervalms="1134278.069" />
<cycle-start id="2250" type="global" contextid="0" timestamp="2026-09-06T15:28:33.980" intervalms="1134279.075" />
<gc-start id="2251" type="global" contextid="2250" timestamp="2026-09-06T15:28:33.984">
  <mem-info id="2252" free="179302656" total="268435456" percent="66">
    <mem type="nursery" free="29174048" total="67108864" percent="43">
      <mem type="allocate" free="29174048" total="57606144" percent="50" />
      <mem type="survivor" free="0" total="9502720" percent="0" />
    </mem>
    <mem type="tenure" free="150128608" total="201326592" percent="74">
      <mem type="soa" free="140061664" total="191259648" percent="73" />
      <mem type="loa" free="10066944" total="10066944" percent="100" />
    </mem>
    <remembered-set count="1507" />
  </mem-info>
</gc-start>
<allocation-stats totalBytes="21246504" discardedBytes="30832" >
  <allocated-bytes non-tlh="338584" tlh="20907920" />
  <largest-consumer threadName="Memory manager" threadId="00000000010E5B00" bytes="1264216" />
</allocation-stats>
<gc-op id="2253" type="mark" timems="34.230" contextid="2250" timestamp="2026-09-06T15:28:34.019">
  <trace-info objectcount="963360" scancount="840406" scanbytes="28129280" />
  <finalization candidates="1025" enqueued="63" />
  <ownableSynchronizers candidates="4778" cleared="297" />
  <references type="soft" candidates="25885" cleared="0" enqueued="0" dynamicThreshold="24" maxThreshold="32" />
  <references type="weak" candidates="26018" cleared="150" enqueued="117" />
  <references type="phantom" candidates="1951" cleared="50" enqueued="50" />
  <stringconstants candidates="45188" cleared="63"  />
  <object-monitors candidates="12" cleared="1"  />
</gc-op>
<gc-op id="2254" type="classunload" timems="0.403" contextid="2250" timestamp="2026-09-06T15:28:34.020">
  <classunload-info classloadercandidates="46" classloadersunloaded="32" classesunloaded="0" anonymousclassesunloaded="0" quiescems="0.000" setupms="0.146" scanms="0.216" postms="0.039" />
</gc-op>
<gc-op id="2255" type="sweep" timems="1.029" contextid="2250" timestamp="2026-09-06T15:28:34.021" />
<mem-info id="2256" free="205827208" total="268435456" percent="76">
  <mem type="nursery" free="53222752" total="67108864" percent="79">
    <mem type="allocate" free="53222752" total="57606144" percent="92" />
    <mem type="survivor" free="0" total="9502720" percent="0" />
  </mem>
  <mem type="tenure" free="152604456" total="201326592" percent="75" micro-fragmented="41237" macro-fragmented="117440512">
    <mem type="soa" free="142537512" total="191259648" percent="74" />
    <mem type="loa" free="10066944" total="10066944" percent="100" />
  </mem>
  <pending-finalizers system="0" default="63" reference="167" classloader="0" />
  <remembered-set count="1230" />
</mem-info>
<gc-op id="2257" type="compact" timems="23.226" contextid="2250" timestamp="2026-09-06T15:28:34.044">
  <compact-info movecount="154435" movebytes="7023728" reason="compact on aggressive collection" />
</gc-op>
<gc-end id="2258" type="global" contextid="2250" durationms="59.895" usertimems="323.596" systemtimems="8.214" stalltimems="93.917" timestamp="2026-09-06T15:28:34.044" activeThreads="10">
  <mem-info id="2259" free="206394864" total="268435456" percent="76">
    <mem type="nursery" free="53745240" total="67108864" percent="80">
      <mem type="allocate" free="53745240" total="57606144" percent="93" />
      <mem type="survivor" free="0" total="9502720" percent="0" />
    </mem>
    <mem type="tenure" free="152649624" total="201326592" percent="75">
      <mem type="soa" free="142582680" total="191259648" percent="74" />
      <mem type="loa" free="10066944" total="10066944" percent="100" />
    </mem>
    <pending-finalizers system="0" default="63" reference="167" classloader="0" />
    <remembered-set count="1230" />
  </mem-info>
</gc-end>
<cycle-end id="2260" type="global" contextid="2250" timestamp="2026-09-06T15:28:34.045" />
<sys-end id="2261" timestamp="2026-09-06T15:28:34.045" />
<exclusive-end id="2262" timestamp="2026-09-06T15:28:34.045" durationms="68.894" />

<heap-resize id="2263" type="release free pages" space="tenure" amount="152625152" count="1" timems="0.151" reason="idle" timestamp="2026-09-06T15:28:34.045" />
<exclusive-start id="2264" timestamp="2026-09-06T15:31:10.428" intervalms="156453.061">
  <response-info timems="0.027" idlems="0.027" threads="0" lastid="000000000124E400" lastname="Daemon worker Thread 43" />
</exclusive-start>
<af-start id="2265" threadId="000000000124EEC0" totalBytesRequested="24" timestamp="2026-09-06T15:31:10.433" intervalms="411755.720" type="nursery" />
<cycle-start id="2266" type="scavenge" contextid="0" timestamp="2026-09-06T15:31:10.433" intervalms="411755.722" />
<gc-start id="2267" type="scavenge" contextid="2266" timestamp="2026-09-06T15:31:10.433">
  <mem-info id="2268" free="152612984" total="268435456" percent="56">
    <mem type="nursery" free="0" total="67108864" percent="0">
      <mem type="allocate" free="0" total="57606144" percent="0" />
      <mem type="survivor" free="0" total="9502720" percent="0" />
    </mem>
    <mem type="tenure" free="152612984" total="201326592" percent="75">
      <mem type="soa" free="142546040" total="191259648" percent="74" />
      <mem type="loa" free="10066944" total="10066944" percent="100" />
    </mem>
    <remembered-set count="2068" />
  </mem-info>
</gc-start>
<allocation-stats totalBytes="53650400" discardedBytes="130072" >
  <allocated-bytes non-tlh="981912" tlh="52668488" />
  <largest-consumer threadName="Daemon worker Thread 43" threadId="000000000124E400" bytes="27195648" />
</allocation-stats>
<gc-op id="2269" type="scavenge" timems="5.522" contextid="2266" timestamp="2026-09-06T15:31:10.439">
  <scavenger-info tenureage="14" tenuremask="4000" tiltratio="85" />
  <memory-copied type="nursery" objects="105922" bytes="3200384" bytesdiscarded="232552" />
  <finalization candidates="121" enqueued="96" />
  <ownableSynchronizers candidates="10391" cleared="10041" />
  <references type="soft" candidates="414" cleared="0" enqueued="0" dynamicThreshold="24" maxThreshold="32" />
  <references type="weak" candidates="622" cleared="286" enqueued="241" />
  <references type="phantom" candidates="5842" cleared="5822" enqueued="5822" />
  <object-monitors candidates="13" cleared="3"  />
</gc-op>
<gc-end id="2270" type="scavenge" contextid="2266" durationms="7.550" usertimems="15.322" systemtimems="2.554" stalltimems="25.497" timestamp="2026-09-06T15:31:10.441" activeThreads="10">
  <mem-info id="2271" free="207101976" total="268435456" percent="77">
    <mem type="nursery" free="54488992" total="67108864" percent="81">
      <mem type="allocate" free="54488992" total="57933824" percent="94" />
      <mem type="survivor" free="0" total="9175040" percent="0" />
    </mem>
    <mem type="tenure" free="152612984" total="201326592" percent="75" macro-fragmented="100663296">
      <mem type="soa" free="142546040" total="191259648" percent="74" />
      <mem type="loa" free="10066944" total="10066944" percent="100" />
    </mem>
    <pending-finalizers system="95" default="1" reference="6063" classloader="0" />
    <remembered-set count="1730" />
  </mem-info>
</gc-end>
<cycle-end id="2272" type="scavenge" contextid="2266" timestamp="2026-09-06T15:31:10.441" />
<allocation-satisfied id="2273" threadId="000000000124E400" bytesRequested="24" />
<af-end id="2274" timestamp="2026-09-06T15:31:10.441" threadId="000000000124EEC0" success="true" from="nursery"/>
<exclusive-end id="2275" timestamp="2026-09-06T15:31:10.441" durationms="12.839" />

<exclusive-start id="2276" timestamp="2026-09-06T15:32:31.428" intervalms="80999.884">
  <response-info timems="0.231" idlems="0.128" threads="1" lastid="000000000124E400" lastname="Daemon worker Thread 43" />
</exclusive-start>
<af-start id="2277" threadId="0000000000FF38C0" totalBytesRequested="24" timestamp="2026-09-06T15:32:31.429" intervalms="80995.923" type="nursery" />
<cycle-start id="2278" type="scavenge" contextid="0" timestamp="2026-09-06T15:32:31.429" intervalms="80996.027" />
<gc-start id="2279" type="scavenge" contextid="2278" timestamp="2026-09-06T15:32:31.430">
  <mem-info id="2280" free="152562896" total="268435456" percent="56">
    <mem type="nursery" free="0" total="67108864" percent="0">
      <mem type="allocate" free="0" total="57933824" percent="0" />
      <mem type="survivor" free="0" total="9175040" percent="0" />
    </mem>
    <mem type="tenure" free="152562896" total="201326592" percent="75">
      <mem type="soa" free="142495952" total="191259648" percent="74" />
      <mem type="loa" free="10066944" total="10066944" percent="100" />
    </mem>
    <remembered-set count="2863" />
  </mem-info>
</gc-start>
<allocation-stats totalBytes="54370200" discardedBytes="168136" >
  <allocated-bytes non-tlh="1836056" tlh="52534144" />
  <largest-consumer threadName="Daemon worker Thread 43" threadId="000000000124E400" bytes="17273912" />
</allocation-stats>
<gc-op id="2281" type="scavenge" timems="6.259" contextid="2278" timestamp="2026-09-06T15:32:31.436">
  <scavenger-info tenureage="14" tenuremask="4000" tiltratio="86" />
  <memory-copied type="nursery" objects="109734" bytes="3511264" bytesdiscarded="180864" />
  <finalization candidates="58" enqueued="21" />
  <ownableSynchronizers candidates="1851" cleared="1332" />
  <references type="soft" candidates="617" cleared="0" enqueued="0" dynamicThreshold="24" maxThreshold="32" />
  <references type="weak" candidates="832" cleared="400" enqueued="350" />
  <references type="phantom" candidates="3500" cleared="3478" enqueued="3478" />
  <object-monitors candidates="14" cleared="3"  />
</gc-op>
<gc-end id="2282" type="scavenge" contextid="2278" durationms="8.731" usertimems="20.589" systemtimems="4.122" stalltimems="26.591" timestamp="2026-09-06T15:32:31.438" activeThreads="10">
  <mem-info id="2283" free="207770784" total="268435456" percent="77">
    <mem type="nursery" free="55207888" total="67108864" percent="82">
      <mem type="allocate" free="55207888" total="58916864" percent="93" />
      <mem type="survivor" free="0" total="8192000" percent="0" />
    </mem>
    <mem type="tenure" free="152562896" total="201326592" percent="75" macro-fragmented="117440512">
      <mem type="soa" free="142495952" total="191259648" percent="74" />
      <mem type="loa" free="10066944" total="10066944" percent="100" />
    </mem>
    <pending-finalizers system="19" default="2" reference="3828" classloader="0" />
    <remembered-set count="2524" />
  </mem-info>
</gc-end>
<cycle-end id="2284" type="scavenge" contextid="2278" timestamp="2026-09-06T15:32:31.439" />
<allocation-satisfied id="2285" threadId="0000000000FF2E00" bytesRequested="24" />
<af-end id="2286" timestamp="2026-09-06T15:32:31.439" threadId="0000000000FF38C0" success="true" from="nursery"/>
<exclusive-end id="2287" timestamp="2026-09-06T15:32:31.439" durationms="10.611" />

<exclusive-start id="2288" timestamp="2026-09-06T15:32:58.507" intervalms="27078.423">
  <response-info timems="0.023" idlems="0.023" threads="0" lastid="0000000000B44500" lastname="Execution worker Thread 4" />
</exclusive-start>
<af-start id="2289" threadId="0000000000B44FC0" totalBytesRequested="88" timestamp="2026-09-06T15:32:58.507" intervalms="27078.152" type="nursery" />
<cycle-start id="2290" type="scavenge" contextid="0" timestamp="2026-09-06T15:32:58.507" intervalms="27078.050" />
<gc-start id="2291" type="scavenge" contextid="2290" timestamp="2026-09-06T15:32:58.507">
  <mem-info id="2292" free="152553408" total="268435456" percent="56">
    <mem type="nursery" free="0" total="67108864" percent="0">
      <mem type="allocate" free="0" total="58916864" percent="0" />
      <mem type="survivor" free="0" total="8192000" percent="0" />
    </mem>
    <mem type="tenure" free="152553408" total="201326592" percent="75">
      <mem type="soa" free="142486464" total="191259648" percent="74" />
      <mem type="loa" free="10066944" total="10066944" percent="100" />
    </mem>
    <remembered-set count="2999" />
  </mem-info>
</gc-start>
<allocation-stats totalBytes="55099704" discardedBytes="117672" >
  <allocated-bytes non-tlh="1542040" tlh="53557664" />
  <largest-consumer threadName="Daemon worker Thread 43" threadId="000000000124E400" bytes="26466672" />
</allocation-stats>
<gc-op id="2293" type="scavenge" timems="3.283" contextid="2290" timestamp="2026-09-06T15:32:58.511">
  <scavenger-info tenureage="14" tenuremask="4000" tiltratio="87" />
  <memory-copied type="nursery" objects="115400" bytes="3781984" bytesdiscarded="163080" />
  <memory-copied type="tenure" objects="92" bytes="2576" bytesdiscarded="0" />
  <finalization candidates="39" enqueued="1" />
  <ownableSynchronizers candidates="2154" cleared="1739" />
  <references type="soft" candidates="618" cleared="0" enqueued="0" dynamicThreshold="24" maxThreshold="32" />
  <references type="weak" candidates="658" cleared="145" enqueued="87" />
  <references type="phantom" candidates="5860" cleared="5818" enqueued="5818" />
  <object-monitors candidates="14" cleared="3"  />
</gc-op>
<gc-end id="2294" type="scavenge" contextid="2290" durationms="4.076" usertimems="17.083" systemtimems="0.071" stalltimems="13.878" timestamp="2026-09-06T15:32:58.511" activeThreads="10">
  <mem-info id="2295" free="208038776" total="268435456" percent="77">
    <mem type="nursery" free="55613376" total="67108864" percent="82">
      <mem type="allocate" free="55613376" total="59572224" percent="93" />
      <mem type="survivor" free="0" total="7536640" percent="0" />
    </mem>
    <mem type="tenure" free="152425400" total="201326592" percent="75" macro-fragmented="83886080">
      <mem type="soa" free="142358456" total="191259648" percent="74" />
      <mem type="loa" free="10066944" total="10066944" percent="100" />
    </mem>
    <pending-finalizers system="0" default="1" reference="5905" classloader="0" />
    <remembered-set count="2188" />
  </mem-info>
</gc-end>
<cycle-end id="2296" type="scavenge" contextid="2290" timestamp="2026-09-06T15:32:58.512" />
<allocation-satisfied id="2297" threadId="0000000000B44500" bytesRequested="88" />
<af-end id="2298" timestamp="2026-09-06T15:32:58.512" threadId="0000000000B44FC0" success="true" from="nursery"/>
<exclusive-end id="2299" timestamp="2026-09-06T15:32:58.512" durationms="5.115" />

<exclusive-start id="2300" timestamp="2026-09-06T15:34:28.502" intervalms="89996.150">
  <response-info timems="0.029" idlems="0.026" threads="1" lastid="000000000100AE00" lastname="Build operations Thread 6" />
</exclusive-start>
<af-start id="2301" threadId="00000000006C00C0" totalBytesRequested="4104" timestamp="2026-09-06T15:34:28.503" intervalms="89996.276" type="nursery" />
<cycle-start id="2302" type="scavenge" contextid="0" timestamp="2026-09-06T15:34:28.503" intervalms="89996.309" />
<gc-start id="2303" type="scavenge" contextid="2302" timestamp="2026-09-06T15:34:28.504">
  <mem-info id="2304" free="152411944" total="268435456" percent="56">
    <mem type="nursery" free="0" total="67108864" percent="0">
      <mem type="allocate" free="0" total="59572224" percent="0" />
      <mem type="survivor" free="0" total="7536640" percent="0" />
    </mem>
    <mem type="tenure" free="152411944" total="201326592" percent="75">
      <mem type="soa" free="142345000" total="191259648" percent="74" />
      <mem type="loa" free="10066944" total="10066944" percent="100" />
    </mem>
    <remembered-set count="2749" />
  </mem-info>
</gc-start>
<allocation-stats totalBytes="55421792" discardedBytes="205040" >
  <allocated-bytes non-tlh="1274160" tlh="54147632" />
  <largest-consumer threadName="Daemon worker Thread 44" threadId="000000000124D700" bytes="22241832" />
</allocation-stats>
<gc-op id="2305" type="scavenge" timems="3.943" contextid="2302" timestamp="2026-09-06T15:34:28.508">
  <scavenger-info tenureage="14" tenuremask="4000" tiltratio="88" />
  <memory-copied type="nursery" objects="83172" bytes="2761768" bytesdiscarded="189520" />
  <finalization candidates="39" enqueued="2" />
  <ownableSynchronizers candidates="2161" cleared="1781" />
  <references type="soft" candidates="617" cleared="0" enqueued="0" dynamicThreshold="24" maxThreshold="32" />
  <references type="weak" candidates="586" cleared="133" enqueued="87" />
  <references type="phantom" candidates="3475" cleared="3449" enqueued="3449" />
  <object-monitors candidates="14" cleared="4"  />
</gc-op>
<gc-end id="2306" type="scavenge" contextid="2302" durationms="4.631" usertimems="13.740" systemtimems="1.718" stalltimems="13.318" timestamp="2026-09-06T15:34:28.508" activeThreads="10">
  <mem-info id="2307" free="209677064" total="268435456" percent="78">
    <mem type="nursery" free="57265120" total="67108864" percent="85">
      <mem type="allocate" free="57265120" total="60227584" percent="95" />
      <mem type="survivor" free="0" total="6881280" percent="0" />
    </mem>
    <mem type="tenure" free="152411944" total="201326592" percent="75" macro-fragmented="83886080">
      <mem type="soa" free="142345000" total="191259648" percent="74" />
      <mem type="loa" free="10066944" total="10066944" percent="100" />
    </mem>
    <pending-finalizers system="0" default="2" reference="3536" classloader="0" />
    <remembered-set count="1787" />
  </mem-info>
</gc-end>
<cycle-end id="2308" type="scavenge" contextid="2302" timestamp="2026-09-06T15:34:28.509" />
<allocation-satisfied id="2309" threadId="00000000006BF600" bytesRequested="4104" />
<af-end id="2310" timestamp="2026-09-06T15:34:28.509" threadId="00000000006C00C0" success="true" from="nursery"/>
<exclusive-end id="2311" timestamp="2026-09-06T15:34:28.509" durationms="6.756" />

<exclusive-start id="2312" timestamp="2026-09-06T15:38:43.876" intervalms="255369.764">
  <response-info timems="0.360" idlems="0.360" threads="0" lastid="00000000001A7100" lastname="VM Runtime State Listener" />
</exclusive-start>
<sys-start reason="vm idle" id="2313" timestamp="2026-09-06T15:38:43.879" intervalms="609897.498" />
<cycle-start id="2314" type="global" contextid="0" timestamp="2026-09-06T15:38:43.880" intervalms="609897.178" />
<gc-start id="2315" type="global" contextid="2314" timestamp="2026-09-06T15:38:43.885">
  <mem-info id="2316" free="186045088" total="268435456" percent="69">
    <mem type="nursery" free="33639040" total="67108864" percent="50">
      <mem type="allocate" free="33639040" total="60227584" percent="55" />
      <mem type="survivor" free="0" total="6881280" percent="0" />
    </mem>
    <mem type="tenure" free="152406048" total="201326592" percent="75">
      <mem type="soa" free="142339104" total="191259648" percent="74" />
      <mem type="loa" free="10066944" total="10066944" percent="100" />
    </mem>
    <remembered-set count="2158" />
  </mem-info>
</gc-start>
<allocation-stats totalBytes="23564816" discardedBytes="67160" >
  <allocated-bytes non-tlh="874600" tlh="22690216" />
  <largest-consumer threadName="Memory manager" threadId="00000000010E5B00" bytes="1275264" />
</allocation-stats>
<gc-op id="2317" type="mark" timems="37.024" contextid="2314" timestamp="2026-09-06T15:38:43.922">
  <trace-info objectcount="957535" scancount="834113" scanbytes="28053360" />
  <finalization candidates="1001" enqueued="2" />
  <ownableSynchronizers candidates="5024" cleared="592" />
  <references type="soft" candidates="26502" cleared="0" enqueued="0" dynamicThreshold="24" maxThreshold="32" />
  <references type="weak" candidates="26271" cleared="92" enqueued="91" />
  <references type="phantom" candidates="4973" cleared="3057" enqueued="3057" />
  <stringconstants candidates="45685" cleared="50"  />
  <object-monitors candidates="12" cleared="1"  />
</gc-op>
<gc-op id="2318" type="classunload" timems="0.379" contextid="2314" timestamp="2026-09-06T15:38:43.923">
  <classunload-info classloadercandidates="14" classloadersunloaded="0" classesunloaded="0" anonymousclassesunloaded="0" quiescems="0.000" setupms="0.377" scanms="0.000" postms="0.002" />
</gc-op>
<gc-op id="2319" type="sweep" timems="1.422" contextid="2314" timestamp="2026-09-06T15:38:43.924" />
<gc-end id="2320" type="global" contextid="2314" durationms="39.702" usertimems="232.344" systemtimems="6.981" stalltimems="103.717" timestamp="2026-09-06T15:38:43.925" activeThreads="10">
  <mem-info id="2321" free="207778240" total="268435456" percent="77">
    <mem type="nursery" free="54700056" total="67108864" percent="81">
      <mem type="allocate" free="54700056" total="60227584" percent="90" />
      <mem type="survivor" free="0" total="6881280" percent="0" />
    </mem>
    <mem type="tenure" free="153078184" total="201326592" percent="76" micro-fragmented="58401" macro-fragmented="0">
      <mem type="soa" free="143011240" total="191259648" percent="74" />
      <mem type="loa" free="10066944" total="10066944" percent="100" />
    </mem>
    <pending-finalizers system="1" default="1" reference="3148" classloader="0" />
    <remembered-set count="1548" />
  </mem-info>
</gc-end>
<cycle-end id="2322" type="global" contextid="2314" timestamp="2026-09-06T15:38:43.925" />
<sys-end id="2323" timestamp="2026-09-06T15:38:43.925" />
<exclusive-end id="2324" timestamp="2026-09-06T15:38:43.925" durationms="48.856" />

<heap-resize id="2325" type="release free pages" space="tenure" amount="153001984" count="1" timems="0.151" reason="idle" timestamp="2026-09-06T15:38:43.925" />
