<?xml version="1.0" ?>

<verbosegc xmlns="http://www.ibm.com/j9/verbosegc" version="6426f03fa_CMPRSS">

<initialized id="1" timestamp="2026-09-07T14:45:29.082">
  <attribute name="gcPolicy" value="-Xgcpolicy:gencon" />
  <attribute name="maxHeapSize" value="0x20000000" />
  <attribute name="initialHeapSize" value="0x10000000" />
  <attribute name="compressedRefs" value="true" />
  <attribute name="compressedRefsDisplacement" value="0x0" />
  <attribute name="compressedRefsShift" value="0x3" />
  <attribute name="pageSize" value="0x1000" />
  <attribute name="pageType" value="not used" />
  <attribute name="requestedPageSize" value="0x1000" />
  <attribute name="requestedPageType" value="not used" />
  <attribute name="gcthreads" value="10" />
  <attribute name="gcthreads Concurrent Mark" value="1" />
  <attribute name="packetListSplit" value="2" />
  <attribute name="cacheListSplit" value="2" />
  <attribute name="splitFreeListSplitAmount" value="2" />
  <attribute name="numaNodes" value="0" />
  <system>
    <attribute name="physicalMemory" value="8319504384" />
    <attribute name="addressablePhysicalMemory" value="8319504384" />
    <attribute name="container memory limit set" value="false" />
    <attribute name="numCPUs" value="10" />
    <attribute name="numCPUs active" value="10" />
    <attribute name="architecture" value="amd64" />
    <attribute name="os" value="Linux" />
    <attribute name="osVersion" value="7.0.12-linuxkit" />
  </system>
  <vmargs>
    <vmarg name="-Xoptionsfile=/opt/java/openjdk/lib/options.default" />
    <vmarg name="-Xlockword:mode=default,noLockword=java/lang/String,noLockword=java/util/MapEntry,noLockword=java/util/HashMap$Entry,noLockword..." />
    <vmarg name="-XX:+EnsureHashed:java/lang/Class,java/lang/Thread" />
    <vmarg name="-Dcom.ibm.oti.vm.bootstrap.library.path=/opt/java/openjdk/lib/default:/opt/java/openjdk/lib" />
    <vmarg name="-Dsun.boot.library.path=/opt/java/openjdk/lib/default:/opt/java/openjdk/lib" />
    <vmarg name="-Djava.library.path=/opt/java/openjdk/lib/default:/opt/java/openjdk/lib:/usr/lib64:/usr/lib" />
    <vmarg name="-Djava.home=/opt/java/openjdk" />
    <vmarg name="-Duser.dir=/gradle/daemon/9.5.0" />
    <vmarg name="-XX:+IgnoreUnrecognizedVMOptions" />
    <vmarg name="-XX:+PortableSharedCache" />
    <vmarg name="-XX:+IdleTuningGcOnIdle" />
    <vmarg name="-Xshareclasses:name=openj9_system_scc,cacheDir=/opt/java/.scc,readonly,nonFatal" />
    <vmarg name="-Xverbosegclog:/liberty/logs/verbosegc.%seq.log,10,1024" />
    <vmarg name="-Djdk.nativePBKDF2=true" />
    <vmarg name="-XX:+IgnoreUnrecognizedVMOptions" />
    <vmarg name="-XX:+IdleTuningGcOnIdle" />
    <vmarg name="-Xshareclasses:name=openj9_system_scc,cacheDir=/opt/java/.scc,readonly,nonFatal" />
    <vmarg name="-Dosgi.checkConfiguration=false" />
    <vmarg name="-Djdk.nativePBKDF2=true" />
    <vmarg name="-XX:+IgnoreUnrecognizedVMOptions" />
    <vmarg name="-XX:+IdleTuningGcOnIdle" />
    <vmarg name="-Xshareclasses:name=openj9_system_scc,cacheDir=/opt/java/.scc,readonly,nonFatal" />
    <vmarg name="-Dosgi.checkConfiguration=false" />
    <vmarg name="--add-opens=java.base/java.lang=ALL-UNNAMED" />
    <vmarg name="--add-opens=java.base/java.lang.invoke=ALL-UNNAMED" />
    <vmarg name="--add-opens=java.base/java.util=ALL-UNNAMED" />
    <vmarg name="--add-opens=java.prefs/java.util.prefs=ALL-UNNAMED" />
    <vmarg name="--add-exports=jdk.compiler/com.sun.tools.javac.api=ALL-UNNAMED" />
    <vmarg name="--add-exports=jdk.compiler/com.sun.tools.javac.util=ALL-UNNAMED" />
    <vmarg name="--add-opens=java.base/java.nio.charset=ALL-UNNAMED" />
    <vmarg name="--add-opens=java.base/java.net=ALL-UNNAMED" />
    <vmarg name="--add-opens=java.base/java.util.concurrent=ALL-UNNAMED" />
    <vmarg name="--add-opens=java.base/java.util.concurrent.atomic=ALL-UNNAMED" />
    <vmarg name="--add-opens=java.xml/javax.xml.namespace=ALL-UNNAMED" />
    <vmarg name="--add-opens=java.base/java.time=ALL-UNNAMED" />
    <vmarg name="--enable-native-access=ALL-UNNAMED" />
    <vmarg name="-XX:MaxMetaspaceSize=384m" />
    <vmarg name="-XX:+HeapDumpOnOutOfMemoryError" />
    <vmarg name="-Xms256m" />
    <vmarg name="-Xmx512m" />
    <vmarg name="-Dfile.encoding=UTF-8" />
    <vmarg name="-Duser.country=US" />
    <vmarg name="-Duser.language=en" />
    <vmarg name="-Duser.variant" />
    <vmarg name="-Djava.class.path=/opt/gradle/lib/gradle-daemon-main-9.5.0.jar" />
    <vmarg name="-javaagent:/opt/gradle/lib/agents/gradle-instrumentation-agent-9.5.0.jar" />
    <vmarg name="-Dsun.java.command=org.gradle.launcher.daemon.bootstrap.GradleDaemon 9.5.0" />
    <vmarg name="-Dsun.java.launcher=SUN_STANDARD" />
  </vmargs>
</initialized>

<exclusive-start id="2" timestamp="2026-09-07T14:45:29.886" intervalms="803.304">
  <response-info timems="0.012" idlems="0.012" threads="0" lastid="0000000000019700" lastname="main" />
</exclusive-start>
<af-start id="3" threadId="000000000001A1C0" totalBytesRequested="1032" timestamp="2026-09-07T14:45:29.886" intervalms="803.772" type="nursery" />
<cycle-start id="4" type="scavenge" contextid="0" timestamp="2026-09-07T14:45:29.887" intervalms="804.659" />
<gc-start id="5" type="scavenge" contextid="4" timestamp="2026-09-07T14:45:29.888">
  <mem-info id="6" free="200735616" total="268435456" percent="74">
    <mem type="nursery" free="0" total="67108864" percent="0">
      <mem type="allocate" free="0" total="33554432" percent="0" />
      <mem type="survivor" free="0" total="33554432" percent="0" />
    </mem>
    <mem type="tenure" free="200735616" total="201326592" percent="99">
      <mem type="soa" free="190668672" total="191259648" percent="99" />
      <mem type="loa" free="10066944" total="10066944" percent="100" />
    </mem>
    <remembered-set count="7550" />
  </mem-info>
</gc-start>
<allocation-stats totalBytes="34089720" discardedBytes="55688" >
  <allocated-bytes non-tlh="4981824" tlh="29107896" />
  <largest-consumer threadName="main" threadId="0000000000019700" bytes="33969320" />
</allocation-stats>
<gc-op id="7" type="scavenge" timems="46.370" contextid="4" timestamp="2026-09-07T14:45:29.935">
  <scavenger-info tenureage="1" tenuremask="fffe" tiltratio="50" />
  <memory-copied type="nursery" objects="53730" bytes="10091856" bytesdiscarded="280728" />
  <finalization candidates="708" enqueued="548" />
  <ownableSynchronizers candidates="17" cleared="9" />
  <references type="soft" candidates="441" cleared="0" enqueued="0" dynamicThreshold="32" maxThreshold="32" />
  <references type="weak" candidates="2872" cleared="2493" enqueued="2491" />
  <references type="phantom" candidates="606" cleared="0" enqueued="0" />
  <object-monitors candidates="1" cleared="0"  />
</gc-op>
<gc-end id="8" type="scavenge" contextid="4" durationms="48.644" usertimems="40.157" systemtimems="10.071" stalltimems="25.582" timestamp="2026-09-07T14:45:29.937" activeThreads="10">
  <mem-info id="9" free="223911280" total="268435456" percent="83">
    <mem type="nursery" free="23175664" total="67108864" percent="34">
      <mem type="allocate" free="23175664" total="33554432" percent="69" />
      <mem type="survivor" free="0" total="33554432" percent="0" />
    </mem>
    <mem type="tenure" free="200735616" total="201326592" percent="99">
      <mem type="soa" free="190668672" total="191259648" percent="99" />
      <mem type="loa" free="10066944" total="10066944" percent="100" />
    </mem>
    <pending-finalizers system="548" default="0" reference="2491" classloader="0" />
    <remembered-set count="7550" />
  </mem-info>
</gc-end>
<cycle-end id="10" type="scavenge" contextid="4" timestamp="2026-09-07T14:45:29.937" />
<allocation-satisfied id="11" threadId="0000000000019700" bytesRequested="1032" />
<af-end id="12" timestamp="2026-09-07T14:45:29.938" threadId="000000000001A1C0" success="true" from="nursery"/>
<exclusive-end id="13" timestamp="2026-09-07T14:45:29.938" durationms="52.401" />

<exclusive-start id="14" timestamp="2026-09-07T14:45:30.200" intervalms="314.967">
  <response-info timems="0.012" idlems="0.012" threads="0" lastid="0000000000019700" lastname="main" />
</exclusive-start>
<af-start id="15" threadId="000000000001A1C0" totalBytesRequested="792" timestamp="2026-09-07T14:45:30.201" intervalms="314.601" type="nursery" />
<cycle-start id="16" type="scavenge" contextid="0" timestamp="2026-09-07T14:45:30.201" intervalms="313.811" />
<gc-start id="17" type="scavenge" contextid="16" timestamp="2026-09-07T14:45:30.201">
  <mem-info id="18" free="200418208" total="268435456" percent="74">
    <mem type="nursery" free="0" total="67108864" percent="0">
      <mem type="allocate" free="0" total="33554432" percent="0" />
      <mem type="survivor" free="0" total="33554432" percent="0" />
    </mem>
    <mem type="tenure" free="200418208" total="201326592" percent="99">
      <mem type="soa" free="190351264" total="191259648" percent="99" />
      <mem type="loa" free="10066944" total="10066944" percent="100" />
    </mem>
    <remembered-set count="11910" />
  </mem-info>
</gc-start>
<allocation-stats totalBytes="23482664" discardedBytes="10408" >
  <allocated-bytes non-tlh="2186320" tlh="21296344" />
  <largest-consumer threadName="main" threadId="0000000000019700" bytes="23478448" />
</allocation-stats>
<gc-op id="19" type="scavenge" timems="7.848" contextid="16" timestamp="2026-09-07T14:45:30.209">
  <scavenger-info tenureage="1" tenuremask="7ffe" tiltratio="50" />
  <memory-copied type="nursery" objects="52687" bytes="5364464" bytesdiscarded="620968" />
  <memory-copied type="tenure" objects="45713" bytes="9825352" bytesdiscarded="4896" />
  <finalization candidates="508" enqueued="201" />
  <ownableSynchronizers candidates="9" cleared="0" />
  <references type="soft" candidates="2711" cleared="0" enqueued="0" dynamicThreshold="32" maxThreshold="32" />
  <references type="weak" candidates="1581" cleared="1403" enqueued="1340" />
  <references type="phantom" candidates="885" cleared="0" enqueued="0" />
  <object-monitors candidates="1" cleared="0"  />
</gc-op>
<gc-end id="20" type="scavenge" contextid="16" durationms="8.209" usertimems="25.276" systemtimems="1.604" stalltimems="8.864" timestamp="2026-09-07T14:45:30.209" activeThreads="10">
  <mem-info id="21" free="217536024" total="268435456" percent="81">
    <mem type="nursery" free="27566952" total="67108864" percent="41">
      <mem type="allocate" free="27566952" total="33554432" percent="82" />
      <mem type="survivor" free="0" total="33554432" percent="0" />
    </mem>
    <mem type="tenure" free="189969072" total="201326592" percent="94">
      <mem type="soa" free="179902128" total="191259648" percent="94" />
      <mem type="loa" free="10066944" total="10066944" percent="100" />
    </mem>
    <pending-finalizers system="201" default="0" reference="1340" classloader="0" />
    <remembered-set count="12278" />
  </mem-info>
</gc-end>
<cycle-end id="22" type="scavenge" contextid="16" timestamp="2026-09-07T14:45:30.209" />
<allocation-satisfied id="23" threadId="0000000000019700" bytesRequested="792" />
<af-end id="24" timestamp="2026-09-07T14:45:30.209" threadId="000000000001A1C0" success="true" from="nursery"/>
<exclusive-end id="25" timestamp="2026-09-07T14:45:30.209" durationms="8.775" />

<exclusive-start id="26" timestamp="2026-09-07T14:45:30.509" intervalms="308.038">
  <response-info timems="0.013" idlems="0.013" threads="0" lastid="0000000000583000" lastname="Daemon worker" />
</exclusive-start>
<af-start id="27" threadId="0000000000583AC0" totalBytesRequested="12280" timestamp="2026-09-07T14:45:30.509" intervalms="308.024" type="nursery" />
<cycle-start id="28" type="scavenge" contextid="0" timestamp="2026-09-07T14:45:30.509" intervalms="308.021" />
<gc-start id="29" type="scavenge" contextid="28" timestamp="2026-09-07T14:45:30.509">
  <mem-info id="30" free="189435544" total="268435456" percent="70">
    <mem type="nursery" free="0" total="67108864" percent="0">
      <mem type="allocate" free="0" total="33554432" percent="0" />
      <mem type="survivor" free="0" total="33554432" percent="0" />
    </mem>
    <mem type="tenure" free="189435544" total="201326592" percent="94">
      <mem type="soa" free="179368600" total="191259648" percent="93" />
      <mem type="loa" free="10066944" total="10066944" percent="100" />
    </mem>
    <remembered-set count="19846" />
  </mem-info>
</gc-start>
<allocation-stats totalBytes="27973048" discardedBytes="127432" >
  <allocated-bytes non-tlh="644912" tlh="27328136" />
  <largest-consumer threadName="main" threadId="0000000000019700" bytes="13844160" />
</allocation-stats>
<gc-op id="31" type="scavenge" timems="2.915" contextid="28" timestamp="2026-09-07T14:45:30.512">
  <scavenger-info tenureage="1" tenuremask="7ffe" tiltratio="50" />
  <memory-copied type="nursery" objects="39823" bytes="1476928" bytesdiscarded="479160" />
  <memory-copied type="tenure" objects="48796" bytes="5234840" bytesdiscarded="2624" />
  <finalization candidates="968" enqueued="679" />
  <ownableSynchronizers candidates="77" cleared="11" />
  <references type="soft" candidates="488" cleared="0" enqueued="0" dynamicThreshold="32" maxThreshold="32" />
  <references type="weak" candidates="3479" cleared="2987" enqueued="2987" />
  <references type="phantom" candidates="9" cleared="0" enqueued="0" />
  <object-monitors candidates="3" cleared="1"  />
</gc-op>
<gc-end id="32" type="scavenge" contextid="28" durationms="3.170" usertimems="14.562" systemtimems="1.969" stalltimems="6.295" timestamp="2026-09-07T14:45:30.512" activeThreads="10">
  <mem-info id="33" free="215974056" total="268435456" percent="80">
    <mem type="nursery" free="31596512" total="67108864" percent="47">
      <mem type="allocate" free="31596512" total="33554432" percent="94" />
      <mem type="survivor" free="0" total="33554432" percent="0" />
    </mem>
    <mem type="tenure" free="184377544" total="201326592" percent="91">
      <mem type="soa" free="174310600" total="191259648" percent="91" />
      <mem type="loa" free="10066944" total="10066944" percent="100" />
    </mem>
    <pending-finalizers system="679" default="0" reference="2987" classloader="0" />
    <remembered-set count="12223" />
  </mem-info>
</gc-end>
<cycle-end id="34" type="scavenge" contextid="28" timestamp="2026-09-07T14:45:30.512" />
<allocation-satisfied id="35" threadId="0000000000583000" bytesRequested="12280" />
<af-end id="36" timestamp="2026-09-07T14:45:30.512" threadId="0000000000583AC0" success="true" from="nursery"/>
<exclusive-end id="37" timestamp="2026-09-07T14:45:30.512" durationms="3.634" />

<exclusive-start id="38" timestamp="2026-09-07T14:45:30.767" intervalms="258.427">
  <response-info timems="0.011" idlems="0.011" threads="0" lastid="0000000000583000" lastname="Daemon worker" />
</exclusive-start>
<af-start id="39" threadId="0000000000583AC0" totalBytesRequested="3080" timestamp="2026-09-07T14:45:30.767" intervalms="258.427" type="nursery" />
<cycle-start id="40" type="scavenge" contextid="0" timestamp="2026-09-07T14:45:30.767" intervalms="258.404" />
<gc-start id="41" type="scavenge" contextid="40" timestamp="2026-09-07T14:45:30.767">
  <mem-info id="42" free="183873064" total="268435456" percent="68">
    <mem type="nursery" free="0" total="67108864" percent="0">
      <mem type="allocate" free="0" total="33554432" percent="0" />
      <mem type="survivor" free="0" total="33554432" percent="0" />
    </mem>
    <mem type="tenure" free="183873064" total="201326592" percent="91">
      <mem type="soa" free="173806120" total="191259648" percent="90" />
      <mem type="loa" free="10066944" total="10066944" percent="100" />
    </mem>
    <remembered-set count="18496" />
  </mem-info>
</gc-start>
<allocation-stats totalBytes="32081656" discardedBytes="19336" >
  <allocated-bytes non-tlh="553832" tlh="31527824" />
  <largest-consumer threadName="Daemon worker" threadId="0000000000583000" bytes="31917304" />
</allocation-stats>
<gc-op id="43" type="scavenge" timems="2.186" contextid="40" timestamp="2026-09-07T14:45:30.770">
  <scavenger-info tenureage="2" tenuremask="7ffc" tiltratio="50" />
  <memory-copied type="nursery" objects="75507" bytes="2719344" bytesdiscarded="331744" />
  <finalization candidates="1150" enqueued="811" />
  <ownableSynchronizers candidates="211" cleared="5" />
  <references type="soft" candidates="1256" cleared="0" enqueued="0" dynamicThreshold="32" maxThreshold="32" />
  <references type="weak" candidates="5311" cleared="4338" enqueued="4338" />
  <references type="phantom" candidates="25" cleared="10" enqueued="10" />
  <object-monitors candidates="2" cleared="0"  />
</gc-op>
<gc-end id="44" type="scavenge" contextid="40" durationms="2.372" usertimems="11.637" systemtimems="2.199" stalltimems="5.410" timestamp="2026-09-07T14:45:30.770" activeThreads="10">
  <mem-info id="45" free="214373792" total="268435456" percent="79">
    <mem type="nursery" free="30500728" total="67108864" percent="45">
      <mem type="allocate" free="30500728" total="33554432" percent="90" />
      <mem type="survivor" free="0" total="33554432" percent="0" />
    </mem>
    <mem type="tenure" free="183873064" total="201326592" percent="91">
      <mem type="soa" free="173806120" total="191259648" percent="90" />
      <mem type="loa" free="10066944" total="10066944" percent="100" />
    </mem>
    <pending-finalizers system="811" default="0" reference="4348" classloader="0" />
    <remembered-set count="13944" />
  </mem-info>
</gc-end>
<cycle-end id="46" type="scavenge" contextid="40" timestamp="2026-09-07T14:45:30.770" />
<allocation-satisfied id="47" threadId="0000000000583000" bytesRequested="3080" />
<af-end id="48" timestamp="2026-09-07T14:45:30.770" threadId="0000000000583AC0" success="true" from="nursery"/>
<exclusive-end id="49" timestamp="2026-09-07T14:45:30.770" durationms="2.863" />

<exclusive-start id="50" timestamp="2026-09-07T14:45:30.980" intervalms="212.612">
  <response-info timems="0.013" idlems="0.013" threads="0" lastid="0000000000583000" lastname="Daemon worker" />
</exclusive-start>
<af-start id="51" threadId="0000000000583AC0" totalBytesRequested="432" timestamp="2026-09-07T14:45:30.980" intervalms="212.618" type="nursery" />
<cycle-start id="52" type="scavenge" contextid="0" timestamp="2026-09-07T14:45:30.980" intervalms="212.638" />
<gc-start id="53" type="scavenge" contextid="52" timestamp="2026-09-07T14:45:30.980">
  <mem-info id="54" free="183480552" total="268435456" percent="68">
    <mem type="nursery" free="0" total="67108864" percent="0">
      <mem type="allocate" free="0" total="33554432" percent="0" />
      <mem type="survivor" free="0" total="33554432" percent="0" />
    </mem>
    <mem type="tenure" free="183480552" total="201326592" percent="91">
      <mem type="soa" free="173413608" total="191259648" percent="90" />
      <mem type="loa" free="10066944" total="10066944" percent="100" />
    </mem>
    <remembered-set count="18685" />
  </mem-info>
</gc-start>
<allocation-stats totalBytes="30888976" discardedBytes="4264" >
  <allocated-bytes non-tlh="395592" tlh="30493384" />
  <largest-consumer threadName="Daemon worker" threadId="0000000000583000" bytes="30868440" />
</allocation-stats>
<gc-op id="55" type="scavenge" timems="2.802" contextid="52" timestamp="2026-09-07T14:45:30.983">
  <scavenger-info tenureage="3" tenuremask="7ff8" tiltratio="50" />
  <memory-copied type="nursery" objects="120286" bytes="4178600" bytesdiscarded="336520" />
  <finalization candidates="1230" enqueued="691" />
  <ownableSynchronizers candidates="255" cleared="0" />
  <references type="soft" candidates="2210" cleared="0" enqueued="0" dynamicThreshold="32" maxThreshold="32" />
  <references type="weak" candidates="4881" cleared="3431" enqueued="3428" />
  <references type="phantom" candidates="20" cleared="0" enqueued="0" />
  <object-monitors candidates="2" cleared="0"  />
</gc-op>
<gc-end id="56" type="scavenge" contextid="52" durationms="3.181" usertimems="18.237" systemtimems="1.017" stalltimems="7.062" timestamp="2026-09-07T14:45:30.983" activeThreads="10">
  <mem-info id="57" free="213892512" total="268435456" percent="79">
    <mem type="nursery" free="30411960" total="67108864" percent="45">
      <mem type="allocate" free="30411960" total="34930688" percent="87" />
      <mem type="survivor" free="0" total="32178176" percent="0" />
    </mem>
    <mem type="tenure" free="183480552" total="201326592" percent="91">
      <mem type="soa" free="173413608" total="191259648" percent="90" />
      <mem type="loa" free="10066944" total="10066944" percent="100" />
    </mem>
    <pending-finalizers system="691" default="0" reference="3428" classloader="0" />
    <remembered-set count="12571" />
  </mem-info>
</gc-end>
<cycle-end id="58" type="scavenge" contextid="52" timestamp="2026-09-07T14:45:30.983" />
<allocation-satisfied id="59" threadId="0000000000583000" bytesRequested="432" />
<af-end id="60" timestamp="2026-09-07T14:45:30.983" threadId="0000000000583AC0" success="true" from="nursery"/>
<exclusive-end id="61" timestamp="2026-09-07T14:45:30.983" durationms="3.735" />

<exclusive-start id="62" timestamp="2026-09-07T14:45:31.183" intervalms="203.027">
  <response-info timems="0.018" idlems="0.018" threads="0" lastid="0000000000583000" lastname="Daemon worker" />
</exclusive-start>
<af-start id="63" threadId="0000000000583AC0" totalBytesRequested="7048" timestamp="2026-09-07T14:45:31.183" intervalms="203.043" type="nursery" />
<cycle-start id="64" type="scavenge" contextid="0" timestamp="2026-09-07T14:45:31.183" intervalms="203.040" />
<gc-start id="65" type="scavenge" contextid="64" timestamp="2026-09-07T14:45:31.183">
  <mem-info id="66" free="183207144" total="268435456" percent="68">
    <mem type="nursery" free="0" total="67108864" percent="0">
      <mem type="allocate" free="0" total="34930688" percent="0" />
      <mem type="survivor" free="0" total="32178176" percent="0" />
    </mem>
    <mem type="tenure" free="183207144" total="201326592" percent="90">
      <mem type="soa" free="173140200" total="191259648" percent="90" />
      <mem type="loa" free="10066944" total="10066944" percent="100" />
    </mem>
    <remembered-set count="15594" />
  </mem-info>
</gc-start>
<allocation-stats totalBytes="30665944" discardedBytes="19424" >
  <allocated-bytes non-tlh="273840" tlh="30392104" />
  <largest-consumer threadName="Daemon worker" threadId="0000000000583000" bytes="30628896" />
</allocation-stats>
<gc-op id="67" type="scavenge" timems="3.262" contextid="64" timestamp="2026-09-07T14:45:31.186">
  <scavenger-info tenureage="3" tenuremask="7ff8" tiltratio="52" />
  <memory-copied type="nursery" objects="111638" bytes="3791232" bytesdiscarded="362704" />
  <memory-copied type="tenure" objects="30624" bytes="1158024" bytesdiscarded="200" />
  <finalization candidates="1231" enqueued="691" />
  <ownableSynchronizers candidates="460" cleared="6" />
  <references type="soft" candidates="2261" cleared="0" enqueued="0" dynamicThreshold="32" maxThreshold="32" />
  <references type="weak" candidates="4222" cleared="2718" enqueued="2718" />
  <references type="phantom" candidates="44" cleared="29" enqueued="29" />
  <object-monitors candidates="2" cleared="0"  />
</gc-op>
<gc-end id="68" type="scavenge" contextid="64" durationms="3.465" usertimems="22.557" systemtimems="0.174" stalltimems="7.550" timestamp="2026-09-07T14:45:31.186" activeThreads="10">
  <mem-info id="69" free="218059440" total="268435456" percent="81">
    <mem type="nursery" free="36212536" total="67108864" percent="53">
      <mem type="allocate" free="36212536" total="40370176" percent="89" />
      <mem type="survivor" free="0" total="26738688" percent="0" />
    </mem>
    <mem type="tenure" free="181846904" total="201326592" percent="90">
      <mem type="soa" free="171779960" total="191259648" percent="89" />
      <mem type="loa" free="10066944" total="10066944" percent="100" />
    </mem>
    <pending-finalizers system="691" default="0" reference="2747" classloader="0" />
    <remembered-set count="9727" />
  </mem-info>
</gc-end>
<cycle-end id="70" type="scavenge" contextid="64" timestamp="2026-09-07T14:45:31.187" />
<allocation-satisfied id="71" threadId="0000000000583000" bytesRequested="7048" />
<af-end id="72" timestamp="2026-09-07T14:45:31.187" threadId="0000000000583AC0" success="true" from="nursery"/>
<exclusive-end id="73" timestamp="2026-09-07T14:45:31.187" durationms="4.099" />

<exclusive-start id="74" timestamp="2026-09-07T14:45:31.421" intervalms="238.860">
  <response-info timems="0.025" idlems="0.025" threads="0" lastid="0000000000583000" lastname="Daemon worker" />
</exclusive-start>
<af-start id="75" threadId="0000000000583AC0" totalBytesRequested="261128" timestamp="2026-09-07T14:45:31.422" intervalms="238.879" type="nursery" />
<cycle-start id="76" type="scavenge" contextid="0" timestamp="2026-09-07T14:45:31.422" intervalms="238.872" />
<gc-start id="77" type="scavenge" contextid="76" timestamp="2026-09-07T14:45:31.422">
  <mem-info id="78" free="181517720" total="268435456" percent="67">
    <mem type="nursery" free="0" total="67108864" percent="0">
      <mem type="allocate" free="0" total="40370176" percent="0" />
      <mem type="survivor" free="0" total="26738688" percent="0" />
    </mem>
    <mem type="tenure" free="181517720" total="201326592" percent="90">
      <mem type="soa" free="171450776" total="191259648" percent="89" />
      <mem type="loa" free="10066944" total="10066944" percent="100" />
    </mem>
    <remembered-set count="13469" />
  </mem-info>
</gc-start>
<allocation-stats totalBytes="36382144" discardedBytes="159576" >
  <allocated-bytes non-tlh="336232" tlh="36045912" />
  <largest-consumer threadName="Daemon worker" threadId="0000000000583000" bytes="36353472" />
</allocation-stats>
<gc-op id="79" type="scavenge" timems="4.037" contextid="76" timestamp="2026-09-07T14:45:31.426">
  <scavenger-info tenureage="3" tenuremask="7ff8" tiltratio="60" />
  <memory-copied type="nursery" objects="119945" bytes="4132216" bytesdiscarded="368320" />
  <memory-copied type="tenure" objects="36539" bytes="1275944" bytesdiscarded="88" />
  <finalization candidates="1205" enqueued="789" />
  <ownableSynchronizers candidates="796" cleared="6" />
  <references type="soft" candidates="3568" cleared="0" enqueued="0" dynamicThreshold="32" maxThreshold="32" />
  <references type="weak" candidates="4544" cleared="2870" enqueued="2870" />
  <references type="phantom" candidates="15" cleared="1" enqueued="1" />
  <object-monitors candidates="2" cleared="0"  />
</gc-op>
<gc-end id="80" type="scavenge" contextid="76" durationms="4.258" usertimems="25.351" systemtimems="0.000" stalltimems="8.096" timestamp="2026-09-07T14:45:31.426" activeThreads="10">
  <mem-info id="81" free="220596464" total="268435456" percent="82">
    <mem type="nursery" free="40191456" total="67108864" percent="59">
      <mem type="allocate" free="40191456" total="44695552" percent="89" />
      <mem type="survivor" free="0" total="22413312" percent="0" />
    </mem>
    <mem type="tenure" free="180405008" total="201326592" percent="89">
      <mem type="soa" free="170338064" total="191259648" percent="89" />
      <mem type="loa" free="10066944" total="10066944" percent="100" />
    </mem>
    <pending-finalizers system="789" default="0" reference="2871" classloader="0" />
    <remembered-set count="9647" />
  </mem-info>
</gc-end>
<cycle-end id="82" type="scavenge" contextid="76" timestamp="2026-09-07T14:45:31.426" />
<allocation-satisfied id="83" threadId="0000000000583000" bytesRequested="261128" />
<af-end id="84" timestamp="2026-09-07T14:45:31.426" threadId="0000000000583AC0" success="true" from="nursery"/>
<exclusive-end id="85" timestamp="2026-09-07T14:45:31.426" durationms="4.979" />

<exclusive-start id="86" timestamp="2026-09-07T14:45:31.795" intervalms="373.140">
  <response-info timems="0.017" idlems="0.017" threads="0" lastid="0000000000583000" lastname="Daemon worker" />
</exclusive-start>
<af-start id="87" threadId="0000000000583AC0" totalBytesRequested="16392" timestamp="2026-09-07T14:45:31.795" intervalms="373.144" type="nursery" />
<cycle-start id="88" type="scavenge" contextid="0" timestamp="2026-09-07T14:45:31.795" intervalms="373.155" />
<gc-start id="89" type="scavenge" contextid="88" timestamp="2026-09-07T14:45:31.795">
  <mem-info id="90" free="179855176" total="268435456" percent="67">
    <mem type="nursery" free="0" total="67108864" percent="0">
      <mem type="allocate" free="0" total="44695552" percent="0" />
      <mem type="survivor" free="0" total="22413312" percent="0" />
    </mem>
    <mem type="tenure" free="179855176" total="201326592" percent="89">
      <mem type="soa" free="169788232" total="191259648" percent="88" />
      <mem type="loa" free="10066944" total="10066944" percent="100" />
    </mem>
    <remembered-set count="17333" />
  </mem-info>
</gc-start>
<allocation-stats totalBytes="40690656" discardedBytes="50632" >
  <allocated-bytes non-tlh="2404088" tlh="38286568" />
  <largest-consumer threadName="Daemon worker" threadId="0000000000583000" bytes="38989672" />
</allocation-stats>
<gc-op id="91" type="scavenge" timems="4.486" contextid="88" timestamp="2026-09-07T14:45:31.800">
  <scavenger-info tenureage="3" tenuremask="7fe8" tiltratio="66" />
  <memory-copied type="nursery" objects="164603" bytes="5913456" bytesdiscarded="344760" />
  <memory-copied type="tenure" objects="42632" bytes="1393624" bytesdiscarded="816" />
  <finalization candidates="1158" enqueued="935" />
  <ownableSynchronizers candidates="3222" cleared="10" />
  <references type="soft" candidates="7711" cleared="0" enqueued="0" dynamicThreshold="32" maxThreshold="32" />
  <references type="weak" candidates="8655" cleared="2935" enqueued="2922" />
  <references type="phantom" candidates="31" cleared="18" enqueued="18" />
  <object-monitors candidates="2" cleared="0"  />
</gc-op>
<gc-end id="92" type="scavenge" contextid="88" durationms="4.846" usertimems="32.144" systemtimems="1.886" stalltimems="7.887" timestamp="2026-09-07T14:45:31.800" activeThreads="10">
  <mem-info id="93" free="219717544" total="268435456" percent="81">
    <mem type="nursery" free="41182072" total="67108864" percent="61">
      <mem type="allocate" free="41182072" total="47448064" percent="86" />
      <mem type="survivor" free="0" total="19660800" percent="0" />
    </mem>
    <mem type="tenure" free="178535472" total="201326592" percent="88">
      <mem type="soa" free="168468528" total="191259648" percent="88" />
      <mem type="loa" free="10066944" total="10066944" percent="100" />
    </mem>
    <pending-finalizers system="935" default="0" reference="2940" classloader="0" />
    <remembered-set count="14014" />
  </mem-info>
</gc-end>
<cycle-end id="94" type="scavenge" contextid="88" timestamp="2026-09-07T14:45:31.800" />
<allocation-satisfied id="95" threadId="0000000000583000" bytesRequested="16392" />
<af-end id="96" timestamp="2026-09-07T14:45:31.800" threadId="0000000000583AC0" success="true" from="nursery"/>
<exclusive-end id="97" timestamp="2026-09-07T14:45:31.800" durationms="5.553" />

<exclusive-start id="98" timestamp="2026-09-07T14:45:32.074" intervalms="279.773">
  <response-info timems="0.015" idlems="0.015" threads="0" lastid="0000000000583000" lastname="Daemon worker" />
</exclusive-start>
<af-start id="99" threadId="0000000000583AC0" totalBytesRequested="15368" timestamp="2026-09-07T14:45:32.074" intervalms="279.762" type="nursery" />
<cycle-start id="100" type="scavenge" contextid="0" timestamp="2026-09-07T14:45:32.075" intervalms="279.754" />
<gc-start id="101" type="scavenge" contextid="100" timestamp="2026-09-07T14:45:32.075">
  <mem-info id="102" free="178125664" total="268435456" percent="66">
    <mem type="nursery" free="0" total="67108864" percent="0">
      <mem type="allocate" free="0" total="47448064" percent="0" />
      <mem type="survivor" free="0" total="19660800" percent="0" />
    </mem>
    <mem type="tenure" free="178125664" total="201326592" percent="88">
      <mem type="soa" free="168058720" total="191259648" percent="87" />
      <mem type="loa" free="10066944" total="10066944" percent="100" />
    </mem>
    <remembered-set count="19555" />
  </mem-info>
</gc-start>
<allocation-stats totalBytes="41542760" discardedBytes="49120" >
  <allocated-bytes non-tlh="426200" tlh="41116560" />
  <largest-consumer threadName="Daemon worker" threadId="0000000000583000" bytes="41238768" />
</allocation-stats>
<gc-op id="103" type="scavenge" timems="4.597" contextid="100" timestamp="2026-09-07T14:45:32.080">
  <scavenger-info tenureage="3" tenuremask="7fe8" tiltratio="70" />
  <memory-copied type="nursery" objects="192979" bytes="6840920" bytesdiscarded="192696" />
  <memory-copied type="tenure" objects="23759" bytes="819480" bytesdiscarded="112" />
  <finalization candidates="796" enqueued="749" />
  <ownableSynchronizers candidates="3328" cleared="15" />
  <references type="soft" candidates="10171" cleared="0" enqueued="0" dynamicThreshold="32" maxThreshold="32" />
  <references type="weak" candidates="9014" cleared="3071" enqueued="3064" />
  <references type="phantom" candidates="43" cleared="30" enqueued="30" />
  <object-monitors candidates="2" cleared="0"  />
</gc-op>
<gc-end id="104" type="scavenge" contextid="100" durationms="4.849" usertimems="33.242" systemtimems="0.779" stalltimems="8.181" timestamp="2026-09-07T14:45:32.080" activeThreads="10">
  <mem-info id="105" free="219673656" total="268435456" percent="81">
    <mem type="nursery" free="42573296" total="67108864" percent="63">
      <mem type="allocate" free="42573296" total="49610752" percent="85" />
      <mem type="survivor" free="0" total="17498112" percent="0" />
    </mem>
    <mem type="tenure" free="177100360" total="201326592" percent="87">
      <mem type="soa" free="167033416" total="191259648" percent="87" />
      <mem type="loa" free="10066944" total="10066944" percent="100" />
    </mem>
    <pending-finalizers system="749" default="0" reference="3094" classloader="0" />
    <remembered-set count="15267" />
  </mem-info>
</gc-end>
<cycle-end id="106" type="scavenge" contextid="100" timestamp="2026-09-07T14:45:32.080" />
<allocation-satisfied id="107" threadId="0000000000583000" bytesRequested="15368" />
<af-end id="108" timestamp="2026-09-07T14:45:32.080" threadId="0000000000583AC0" success="true" from="nursery"/>
<exclusive-end id="109" timestamp="2026-09-07T14:45:32.080" durationms="5.842" />

<exclusive-start id="110" timestamp="2026-09-07T14:45:33.432" intervalms="1357.473">
  <response-info timems="0.014" idlems="0.014" threads="0" lastid="0000000000583000" lastname="Daemon worker" />
</exclusive-start>
<af-start id="111" threadId="0000000000583AC0" totalBytesRequested="16392" timestamp="2026-09-07T14:45:33.432" intervalms="1357.473" type="nursery" />
<cycle-start id="112" type="scavenge" contextid="0" timestamp="2026-09-07T14:45:33.432" intervalms="1357.495" />
<gc-start id="113" type="scavenge" contextid="112" timestamp="2026-09-07T14:45:33.432">
  <mem-info id="114" free="176431432" total="268435456" percent="65">
    <mem type="nursery" free="0" total="67108864" percent="0">
      <mem type="allocate" free="0" total="49610752" percent="0" />
      <mem type="survivor" free="0" total="17498112" percent="0" />
    </mem>
    <mem type="tenure" free="176431432" total="201326592" percent="87">
      <mem type="soa" free="166364488" total="191259648" percent="86" />
      <mem type="loa" free="10066944" total="10066944" percent="100" />
    </mem>
    <remembered-set count="23852" />
  </mem-info>
</gc-start>
<allocation-stats totalBytes="43196664" discardedBytes="45560" >
  <allocated-bytes non-tlh="684296" tlh="42512368" />
  <largest-consumer threadName="Daemon worker" threadId="0000000000583000" bytes="43127032" />
</allocation-stats>
<gc-op id="115" type="scavenge" timems="5.193" contextid="112" timestamp="2026-09-07T14:45:33.438">
  <scavenger-info tenureage="3" tenuremask="7fe8" tiltratio="73" />
  <memory-copied type="nursery" objects="237748" bytes="8668336" bytesdiscarded="193360" />
  <memory-copied type="tenure" objects="41369" bytes="1402216" bytesdiscarded="208" />
  <finalization candidates="770" enqueued="621" />
  <ownableSynchronizers candidates="3179" cleared="30" />
  <references type="soft" candidates="8777" cleared="0" enqueued="0" dynamicThreshold="32" maxThreshold="32" />
  <references type="weak" candidates="8985" cleared="3149" enqueued="3149" />
  <references type="phantom" candidates="58" cleared="34" enqueued="34" />
  <object-monitors candidates="5" cleared="0"  />
</gc-op>
<gc-end id="116" type="scavenge" contextid="112" durationms="5.570" usertimems="41.155" systemtimems="0.523" stalltimems="10.948" timestamp="2026-09-07T14:45:33.438" activeThreads="10">
  <mem-info id="117" free="216628648" total="268435456" percent="80">
    <mem type="nursery" free="41789160" total="67108864" percent="62">
      <mem type="allocate" free="41789160" total="50659328" percent="82" />
      <mem type="survivor" free="0" total="16449536" percent="0" />
    </mem>
    <mem type="tenure" free="174839488" total="201326592" percent="86">
      <mem type="soa" free="164772544" total="191259648" percent="86" />
      <mem type="loa" free="10066944" total="10066944" percent="100" />
    </mem>
    <pending-finalizers system="620" default="1" reference="3183" classloader="0" />
    <remembered-set count="16566" />
  </mem-info>
</gc-end>
<cycle-end id="118" type="scavenge" contextid="112" timestamp="2026-09-07T14:45:33.438" />
<allocation-satisfied id="119" threadId="0000000000583000" bytesRequested="16392" />
<af-end id="120" timestamp="2026-09-07T14:45:33.438" threadId="0000000000583AC0" success="true" from="nursery"/>
<exclusive-end id="121" timestamp="2026-09-07T14:45:33.438" durationms="6.406" />

<exclusive-start id="122" timestamp="2026-09-07T14:45:34.040" intervalms="607.918">
  <response-info timems="0.302" idlems="0.149" threads="9" lastid="00000000011F6800" lastname="Build operations Thread 3" />
</exclusive-start>
<af-start id="123" threadId="00000000011FAFC0" totalBytesRequested="40" timestamp="2026-09-07T14:45:34.040" intervalms="607.908" type="nursery" />
<cycle-start id="124" type="scavenge" contextid="0" timestamp="2026-09-07T14:45:34.040" intervalms="607.898" />
<gc-start id="125" type="scavenge" contextid="124" timestamp="2026-09-07T14:45:34.041">
  <mem-info id="126" free="174660736" total="268435456" percent="65">
    <mem type="nursery" free="0" total="67108864" percent="0">
      <mem type="allocate" free="0" total="50659328" percent="0" />
      <mem type="survivor" free="0" total="16449536" percent="0" />
    </mem>
    <mem type="tenure" free="174660736" total="201326592" percent="86">
      <mem type="soa" free="164593792" total="191259648" percent="86" />
      <mem type="loa" free="10066944" total="10066944" percent="100" />
    </mem>
    <remembered-set count="18808" />
  </mem-info>
</gc-start>
<allocation-stats totalBytes="41721024" discardedBytes="246888" >
  <allocated-bytes non-tlh="730120" tlh="40990904" />
  <largest-consumer threadName="Daemon worker" threadId="0000000000583000" bytes="22789616" />
</allocation-stats>
<gc-op id="127" type="scavenge" timems="5.246" contextid="124" timestamp="2026-09-07T14:45:34.046">
  <scavenger-info tenureage="3" tenuremask="7fe8" tiltratio="75" />
  <memory-copied type="nursery" objects="217204" bytes="7446864" bytesdiscarded="343472" />
  <memory-copied type="tenure" objects="90334" bytes="3379088" bytesdiscarded="1416" />
  <finalization candidates="810" enqueued="663" />
  <ownableSynchronizers candidates="3486" cleared="704" />
  <references type="soft" candidates="4131" cleared="0" enqueued="0" dynamicThreshold="32" maxThreshold="32" />
  <references type="weak" candidates="4096" cleared="1338" enqueued="1338" />
  <references type="phantom" candidates="901" cleared="874" enqueued="874" />
  <object-monitors candidates="33" cleared="22"  />
</gc-op>
<gc-end id="128" type="scavenge" contextid="124" durationms="5.584" usertimems="44.950" systemtimems="0.000" stalltimems="7.624" timestamp="2026-09-07T14:45:34.046" activeThreads="10">
  <mem-info id="129" free="215705728" total="268435456" percent="80">
    <mem type="nursery" free="44166424" total="67108864" percent="65">
      <mem type="allocate" free="44166424" total="51970048" percent="84" />
      <mem type="survivor" free="0" total="15138816" percent="0" />
    </mem>
    <mem type="tenure" free="171539304" total="201326592" percent="85">
      <mem type="soa" free="161472360" total="191259648" percent="84" />
      <mem type="loa" free="10066944" total="10066944" percent="100" />
    </mem>
    <pending-finalizers system="663" default="0" reference="2212" classloader="0" />
    <remembered-set count="13531" />
  </mem-info>
</gc-end>
<cycle-end id="130" type="scavenge" contextid="124" timestamp="2026-09-07T14:45:34.046" />
<allocation-satisfied id="131" threadId="00000000011FA500" bytesRequested="40" />
<af-end id="132" timestamp="2026-09-07T14:45:34.046" threadId="00000000011FAFC0" success="true" from="nursery"/>
<exclusive-end id="133" timestamp="2026-09-07T14:45:34.046" durationms="6.661" />

<exclusive-start id="134" timestamp="2026-09-07T14:45:34.388" intervalms="348.387">
  <response-info timems="0.045" idlems="0.045" threads="0" lastid="0000000001201E00" lastname="Build operations Thread 6" />
</exclusive-start>
<af-start id="135" threadId="00000000012028C0" totalBytesRequested="2056" timestamp="2026-09-07T14:45:34.388" intervalms="348.374" type="nursery" />
<cycle-start id="136" type="scavenge" contextid="0" timestamp="2026-09-07T14:45:34.388" intervalms="348.412" />
<gc-start id="137" type="scavenge" contextid="136" timestamp="2026-09-07T14:45:34.391">
  <mem-info id="138" free="171539064" total="268435456" percent="63">
    <mem type="nursery" free="0" total="67108864" percent="0">
      <mem type="allocate" free="0" total="51970048" percent="0" />
      <mem type="survivor" free="0" total="15138816" percent="0" />
    </mem>
    <mem type="tenure" free="171539064" total="201326592" percent="85">
      <mem type="soa" free="161472120" total="191259648" percent="84" />
      <mem type="loa" free="10066944" total="10066944" percent="100" />
    </mem>
    <remembered-set count="13608" />
  </mem-info>
</gc-start>
<allocation-stats totalBytes="43884688" discardedBytes="281976" >
  <allocated-bytes non-tlh="280" tlh="43884408" />
  <largest-consumer threadName="Cache worker for file hash cache (/gradle/caches/9.5.0/fileHashes)" threadId="00000000006F4900" bytes="12008760" />
</allocation-stats>
<gc-op id="139" type="scavenge" timems="4.797" contextid="136" timestamp="2026-09-07T14:45:34.396">
  <scavenger-info tenureage="3" tenuremask="7fe8" tiltratio="77" />
  <memory-copied type="nursery" objects="201936" bytes="6946968" bytesdiscarded="225600" />
  <memory-copied type="tenure" objects="51100" bytes="1705896" bytesdiscarded="584" />
  <finalization candidates="145" enqueued="2" />
  <ownableSynchronizers candidates="1236" cleared="1032" />
  <references type="soft" candidates="1132" cleared="0" enqueued="0" dynamicThreshold="32" maxThreshold="32" />
  <references type="weak" candidates="4878" cleared="0" enqueued="0" />
  <references type="phantom" candidates="2859" cleared="2834" enqueued="2834" />
  <object-monitors candidates="24" cleared="10"  />
</gc-op>
<gc-end id="140" type="scavenge" contextid="136" durationms="5.222" usertimems="37.171" systemtimems="0.359" stalltimems="7.736" timestamp="2026-09-07T14:45:34.397" activeThreads="10">
  <mem-info id="141" free="215592016" total="268435456" percent="80">
    <mem type="nursery" free="46097120" total="67108864" percent="68">
      <mem type="allocate" free="46097120" total="53280768" percent="86" />
      <mem type="survivor" free="0" total="13828096" percent="0" />
    </mem>
    <mem type="tenure" free="169494896" total="201326592" percent="84">
      <mem type="soa" free="159427952" total="191259648" percent="83" />
      <mem type="loa" free="10066944" total="10066944" percent="100" />
    </mem>
    <pending-finalizers system="2" default="0" reference="2834" classloader="0" />
    <remembered-set count="4875" />
  </mem-info>
</gc-end>
<cycle-end id="142" type="scavenge" contextid="136" timestamp="2026-09-07T14:45:34.397" />
<allocation-satisfied id="143" threadId="0000000001201E00" bytesRequested="2056" />
<af-end id="144" timestamp="2026-09-07T14:45:34.397" threadId="00000000012028C0" success="true" from="nursery"/>
<exclusive-end id="145" timestamp="2026-09-07T14:45:34.397" durationms="8.699" />

<exclusive-start id="146" timestamp="2026-09-07T14:45:34.688" intervalms="300.164">
  <response-info timems="0.015" idlems="0.015" threads="0" lastid="0000000000583000" lastname="Daemon worker" />
</exclusive-start>
<af-start id="147" threadId="0000000000583AC0" totalBytesRequested="250560" timestamp="2026-09-07T14:45:34.688" intervalms="300.142" type="nursery" />
<cycle-start id="148" type="scavenge" contextid="0" timestamp="2026-09-07T14:45:34.688" intervalms="300.091" />
<gc-start id="149" type="scavenge" contextid="148" timestamp="2026-09-07T14:45:34.689">
  <mem-info id="150" free="169168712" total="268435456" percent="63">
    <mem type="nursery" free="0" total="67108864" percent="0">
      <mem type="allocate" free="0" total="53280768" percent="0" />
      <mem type="survivor" free="0" total="13828096" percent="0" />
    </mem>
    <mem type="tenure" free="169168712" total="201326592" percent="84">
      <mem type="soa" free="159101768" total="191259648" percent="83" />
      <mem type="loa" free="10066944" total="10066944" percent="100" />
    </mem>
    <remembered-set count="10542" />
  </mem-info>
</gc-start>
<allocation-stats totalBytes="46290008" discardedBytes="133296" >
  <allocated-bytes non-tlh="759160" tlh="45530848" />
  <largest-consumer threadName="Daemon worker" threadId="0000000000583000" bytes="39278728" />
</allocation-stats>
<gc-op id="151" type="scavenge" timems="4.170" contextid="148" timestamp="2026-09-07T14:45:34.693">
  <scavenger-info tenureage="3" tenuremask="7fe8" tiltratio="79" />
  <memory-copied type="nursery" objects="166420" bytes="6811904" bytesdiscarded="376000" />
  <memory-copied type="tenure" objects="86901" bytes="3229736" bytesdiscarded="1608" />
  <finalization candidates="831" enqueued="692" />
  <ownableSynchronizers candidates="215" cleared="126" />
  <references type="soft" candidates="2992" cleared="0" enqueued="0" dynamicThreshold="32" maxThreshold="32" />
  <references type="weak" candidates="7401" cleared="1937" enqueued="1937" />
  <references type="phantom" candidates="541" cleared="414" enqueued="414" />
  <object-monitors candidates="14" cleared="0"  />
</gc-op>
<gc-end id="152" type="scavenge" contextid="148" durationms="4.354" usertimems="30.150" systemtimems="2.941" stalltimems="7.764" timestamp="2026-09-07T14:45:34.693" activeThreads="10">
  <mem-info id="153" free="213586480" total="268435456" percent="79">
    <mem type="nursery" free="47262960" total="67108864" percent="70">
      <mem type="allocate" free="47262960" total="54460416" percent="86" />
      <mem type="survivor" free="0" total="12648448" percent="0" />
    </mem>
    <mem type="tenure" free="166323520" total="201326592" percent="82">
      <mem type="soa" free="156256576" total="191259648" percent="81" />
      <mem type="loa" free="10066944" total="10066944" percent="100" />
    </mem>
    <pending-finalizers system="692" default="0" reference="2351" classloader="0" />
    <remembered-set count="7019" />
  </mem-info>
</gc-end>
<cycle-end id="154" type="scavenge" contextid="148" timestamp="2026-09-07T14:45:34.693" />
<allocation-satisfied id="155" threadId="0000000000583000" bytesRequested="250560" />
<af-end id="156" timestamp="2026-09-07T14:45:34.694" threadId="0000000000583AC0" success="true" from="nursery"/>
<exclusive-end id="157" timestamp="2026-09-07T14:45:34.694" durationms="5.270" />

<exclusive-start id="158" timestamp="2026-09-07T14:45:35.020" intervalms="332.161">
  <response-info timems="0.019" idlems="0.019" threads="0" lastid="0000000001495700" lastname="Execution worker Thread 9" />
</exclusive-start>
<af-start id="159" threadId="00000000014961C0" totalBytesRequested="16392" timestamp="2026-09-07T14:45:35.021" intervalms="332.158" type="nursery" />
<cycle-start id="160" type="scavenge" contextid="0" timestamp="2026-09-07T14:45:35.021" intervalms="332.190" />
<gc-start id="161" type="scavenge" contextid="160" timestamp="2026-09-07T14:45:35.021">
  <mem-info id="162" free="165915936" total="268435456" percent="61">
    <mem type="nursery" free="0" total="67108864" percent="0">
      <mem type="allocate" free="0" total="54460416" percent="0" />
      <mem type="survivor" free="0" total="12648448" percent="0" />
    </mem>
    <mem type="tenure" free="165915936" total="201326592" percent="82">
      <mem type="soa" free="155848992" total="191259648" percent="81" />
      <mem type="loa" free="10066944" total="10066944" percent="100" />
    </mem>
    <remembered-set count="13383" />
  </mem-info>
</gc-start>
<allocation-stats totalBytes="47609440" discardedBytes="61104" >
  <allocated-bytes non-tlh="949784" tlh="46659656" />
  <largest-consumer threadName="Daemon worker" threadId="0000000000583000" bytes="37560576" />
</allocation-stats>
<gc-op id="163" type="scavenge" timems="4.482" contextid="160" timestamp="2026-09-07T14:45:35.026">
  <scavenger-info tenureage="5" tenuremask="7fe0" tiltratio="81" />
  <memory-copied type="nursery" objects="261435" bytes="12102240" bytesdiscarded="275968" />
  <finalization candidates="991" enqueued="955" />
  <ownableSynchronizers candidates="380" cleared="33" />
  <references type="soft" candidates="7611" cleared="0" enqueued="0" dynamicThreshold="32" maxThreshold="32" />
  <references type="weak" candidates="11866" cleared="2553" enqueued="2551" />
  <references type="phantom" candidates="364" cleared="41" enqueued="41" />
  <object-monitors candidates="14" cleared="0"  />
</gc-op>
<gc-end id="164" type="scavenge" contextid="160" durationms="4.805" usertimems="33.802" systemtimems="0.843" stalltimems="9.339" timestamp="2026-09-07T14:45:35.026" activeThreads="10">
  <mem-info id="165" free="202216560" total="268435456" percent="75">
    <mem type="nursery" free="36300624" total="67108864" percent="54">
      <mem type="allocate" free="36300624" total="48693248" percent="74" />
      <mem type="survivor" free="0" total="18415616" percent="0" />
    </mem>
    <mem type="tenure" free="165915936" total="201326592" percent="82">
      <mem type="soa" free="155848992" total="191259648" percent="81" />
      <mem type="loa" free="10066944" total="10066944" percent="100" />
    </mem>
    <pending-finalizers system="955" default="0" reference="2592" classloader="0" />
    <remembered-set count="13083" />
  </mem-info>
</gc-end>
<cycle-end id="166" type="scavenge" contextid="160" timestamp="2026-09-07T14:45:35.026" />
<allocation-satisfied id="167" threadId="0000000001495700" bytesRequested="16392" />
<af-end id="168" timestamp="2026-09-07T14:45:35.026" threadId="00000000014961C0" success="true" from="nursery"/>
<exclusive-end id="169" timestamp="2026-09-07T14:45:35.026" durationms="5.681" />

<exclusive-start id="170" timestamp="2026-09-07T14:45:35.345" intervalms="324.949">
  <response-info timems="0.025" idlems="0.025" threads="0" lastid="0000000001454900" lastname="Execution worker Thread 2" />
</exclusive-start>
<af-start id="171" threadId="00000000014553C0" totalBytesRequested="32936" timestamp="2026-09-07T14:45:35.345" intervalms="324.951" type="nursery" />
<cycle-start id="172" type="scavenge" contextid="0" timestamp="2026-09-07T14:45:35.346" intervalms="324.943" />
<gc-start id="173" type="scavenge" contextid="172" timestamp="2026-09-07T14:45:35.346">
  <mem-info id="174" free="165723608" total="268435456" percent="61">
    <mem type="nursery" free="0" total="67108864" percent="0">
      <mem type="allocate" free="0" total="48693248" percent="0" />
      <mem type="survivor" free="0" total="18415616" percent="0" />
    </mem>
    <mem type="tenure" free="165723608" total="201326592" percent="82">
      <mem type="soa" free="155656664" total="191259648" percent="81" />
      <mem type="loa" free="10066944" total="10066944" percent="100" />
    </mem>
    <remembered-set count="15551" />
  </mem-info>
</gc-start>
<allocation-stats totalBytes="35606632" discardedBytes="886320" >
  <allocated-bytes non-tlh="1498216" tlh="34108416" />
  <largest-consumer threadName="Execution worker Thread 9" threadId="0000000001495700" bytes="15240616" />
</allocation-stats>
<gc-op id="175" type="scavenge" timems="5.055" contextid="172" timestamp="2026-09-07T14:45:35.351">
  <scavenger-info tenureage="3" tenuremask="7ff8" tiltratio="72" />
  <memory-copied type="nursery" objects="169505" bytes="9681008" bytesdiscarded="200992" />
  <memory-copied type="tenure" objects="107002" bytes="3478032" bytesdiscarded="1168" />
  <finalization candidates="322" enqueued="286" />
  <ownableSynchronizers candidates="448" cleared="91" />
  <references type="soft" candidates="7306" cleared="0" enqueued="0" dynamicThreshold="32" maxThreshold="32" />
  <references type="weak" candidates="7560" cleared="1857" enqueued="1857" />
  <references type="phantom" candidates="568" cleared="228" enqueued="228" />
  <object-monitors candidates="15" cleared="0"  />
</gc-op>
<gc-end id="176" type="scavenge" contextid="172" durationms="5.259" usertimems="39.097" systemtimems="2.150" stalltimems="8.874" timestamp="2026-09-07T14:45:35.351" activeThreads="10">
  <mem-info id="177" free="201830312" total="268435456" percent="75">
    <mem type="nursery" free="39723736" total="67108864" percent="59">
      <mem type="allocate" free="39723736" total="49610752" percent="80" />
      <mem type="survivor" free="0" total="17498112" percent="0" />
    </mem>
    <mem type="tenure" free="162106576" total="201326592" percent="80">
      <mem type="soa" free="152039632" total="191259648" percent="79" />
      <mem type="loa" free="10066944" total="10066944" percent="100" />
    </mem>
    <pending-finalizers system="285" default="1" reference="2085" classloader="0" />
    <remembered-set count="11255" />
  </mem-info>
</gc-end>
<cycle-end id="178" type="scavenge" contextid="172" timestamp="2026-09-07T14:45:35.351" />
<allocation-satisfied id="179" threadId="0000000001454900" bytesRequested="32936" />
<af-end id="180" timestamp="2026-09-07T14:45:35.352" threadId="00000000014553C0" success="true" from="nursery"/>
<exclusive-end id="181" timestamp="2026-09-07T14:45:35.352" durationms="6.151" />

<exclusive-start id="182" timestamp="2026-09-07T14:45:35.546" intervalms="200.811">
  <response-info timems="0.020" idlems="0.020" threads="0" lastid="0000000001454900" lastname="Execution worker Thread 2" />
</exclusive-start>
<af-start id="183" threadId="00000000014553C0" totalBytesRequested="17160" timestamp="2026-09-07T14:45:35.546" intervalms="200.896" type="nursery" />
<cycle-start id="184" type="scavenge" contextid="0" timestamp="2026-09-07T14:45:35.547" intervalms="200.906" />
<gc-start id="185" type="scavenge" contextid="184" timestamp="2026-09-07T14:45:35.547">
  <mem-info id="186" free="161783456" total="268435456" percent="60">
    <mem type="nursery" free="0" total="67108864" percent="0">
      <mem type="allocate" free="0" total="49610752" percent="0" />
      <mem type="survivor" free="0" total="17498112" percent="0" />
    </mem>
    <mem type="tenure" free="161783456" total="201326592" percent="80">
      <mem type="soa" free="151716512" total="191259648" percent="79" />
      <mem type="loa" free="10066944" total="10066944" percent="100" />
    </mem>
    <remembered-set count="15903" />
  </mem-info>
</gc-start>
<allocation-stats totalBytes="39206072" discardedBytes="840784" >
  <allocated-bytes non-tlh="356056" tlh="38850016" />
  <largest-consumer threadName="Execution worker Thread 2" threadId="0000000001454900" bytes="39050424" />
</allocation-stats>
<gc-op id="187" type="scavenge" timems="4.086" contextid="184" timestamp="2026-09-07T14:45:35.551">
  <scavenger-info tenureage="3" tenuremask="7fe8" tiltratio="73" />
  <memory-copied type="nursery" objects="134293" bytes="7341656" bytesdiscarded="230752" />
  <memory-copied type="tenure" objects="52040" bytes="3089912" bytesdiscarded="1760" />
  <finalization candidates="251" enqueued="230" />
  <ownableSynchronizers candidates="348" cleared="0" />
  <references type="soft" candidates="4864" cleared="0" enqueued="0" dynamicThreshold="32" maxThreshold="32" />
  <references type="weak" candidates="7386" cleared="2100" enqueued="2100" />
  <references type="phantom" candidates="239" cleared="0" enqueued="0" />
  <object-monitors candidates="15" cleared="0"  />
</gc-op>
<gc-end id="188" type="scavenge" contextid="184" durationms="4.308" usertimems="29.384" systemtimems="1.169" stalltimems="7.120" timestamp="2026-09-07T14:45:35.551" activeThreads="10">
  <mem-info id="189" free="201853880" total="268435456" percent="75">
    <mem type="nursery" free="43343504" total="67108864" percent="64">
      <mem type="allocate" free="43343504" total="50921472" percent="85" />
      <mem type="survivor" free="0" total="16187392" percent="0" />
    </mem>
    <mem type="tenure" free="158510376" total="201326592" percent="78">
      <mem type="soa" free="148443432" total="191259648" percent="77" />
      <mem type="loa" free="10066944" total="10066944" percent="100" />
    </mem>
    <pending-finalizers system="230" default="0" reference="2100" classloader="0" />
    <remembered-set count="9817" />
  </mem-info>
</gc-end>
<cycle-end id="190" type="scavenge" contextid="184" timestamp="2026-09-07T14:45:35.551" />
<allocation-satisfied id="191" threadId="0000000001454900" bytesRequested="17160" />
<af-end id="192" timestamp="2026-09-07T14:45:35.551" threadId="00000000014553C0" success="true" from="nursery"/>
<exclusive-end id="193" timestamp="2026-09-07T14:45:35.551" durationms="5.255" />

<exclusive-start id="194" timestamp="2026-09-07T14:49:01.376" intervalms="192027.663">
  <response-info timems="0.114" idlems="0.114" threads="0" lastid="00000000001A7100" lastname="VM Runtime State Listener" />
</exclusive-start>
<sys-start reason="vm idle" id="195" timestamp="2026-09-07T14:49:01.377" intervalms="198492.580" />
<cycle-start id="196" type="global" contextid="0" timestamp="2026-09-07T14:49:01.378" intervalms="198493.946" />
<gc-start id="197" type="global" contextid="196" timestamp="2026-09-07T14:49:01.380">
  <mem-info id="198" free="163137864" total="268435456" percent="60">
    <mem type="nursery" free="4951600" total="67108864" percent="7">
      <mem type="allocate" free="4951600" total="50921472" percent="9" />
      <mem type="survivor" free="0" total="16187392" percent="0" />
    </mem>
    <mem type="tenure" free="158186264" total="201326592" percent="78">
      <mem type="soa" free="148119320" total="191259648" percent="77" />
      <mem type="loa" free="10066944" total="10066944" percent="100" />
    </mem>
    <remembered-set count="15562" />
  </mem-info>
</gc-start>
<allocation-stats totalBytes="38358672" discardedBytes="357344" >
  <allocated-bytes non-tlh="772224" tlh="37586448" />
  <largest-consumer threadName="Memory manager" threadId="00000000012EE700" bytes="993184" />
</allocation-stats>
<gc-op id="199" type="mark" timems="59.565" contextid="196" timestamp="2026-09-07T14:49:01.441">
  <trace-info objectcount="860801" scancount="749667" scanbytes="25147236" />
  <finalization candidates="1637" enqueued="579" />
  <ownableSynchronizers candidates="4110" cleared="218" />
  <references type="soft" candidates="25112" cleared="0" enqueued="0" dynamicThreshold="32" maxThreshold="32" />
  <references type="weak" candidates="22794" cleared="4540" enqueued="4539" />
  <references type="phantom" candidates="2010" cleared="119" enqueued="119" />
  <stringconstants candidates="41699" cleared="241"  />
  <object-monitors candidates="17" cleared="2"  />
</gc-op>
<gc-op id="200" type="classunload" timems="3.070" contextid="196" timestamp="2026-09-07T14:49:01.444">
  <classunload-info classloadercandidates="13" classloadersunloaded="0" classesunloaded="10" anonymousclassesunloaded="10" quiescems="0.000" setupms="2.707" scanms="0.325" postms="0.037" />
</gc-op>
<gc-op id="201" type="sweep" timems="7.975" contextid="196" timestamp="2026-09-07T14:49:01.452" />
<gc-end id="202" type="global" contextid="196" durationms="88.335" usertimems="160.236" systemtimems="15.601" stalltimems="75.030" timestamp="2026-09-07T14:49:01.468" activeThreads="10">
  <mem-info id="203" free="202852656" total="268435456" percent="75">
    <mem type="nursery" free="42601112" total="67108864" percent="63">
      <mem type="allocate" free="42601112" total="50921472" percent="83" />
      <mem type="survivor" free="0" total="16187392" percent="0" />
    </mem>
    <mem type="tenure" free="160251544" total="201326592" percent="79" micro-fragmented="893316" macro-fragmented="100663296">
      <mem type="soa" free="150184600" total="191259648" percent="78" />
      <mem type="loa" free="10066944" total="10066944" percent="100" />
    </mem>
    <pending-finalizers system="579" default="0" reference="4658" classloader="0" />
    <remembered-set count="12607" />
  </mem-info>
</gc-end>
<cycle-end id="204" type="global" contextid="196" timestamp="2026-09-07T14:49:01.469" />
<heap-fixup timems="8.033" reason="class unloading"  timestamp="2026-09-07T14:49:01.469" />
<sys-end id="205" timestamp="2026-09-07T14:49:01.469" />
<exclusive-end id="206" timestamp="2026-09-07T14:49:01.469" durationms="92.693" />

<heap-resize id="207" type="release free pages" space="tenure" amount="159633408" count="1" timems="0.343" reason="idle" timestamp="2026-09-07T14:49:01.469" />
<exclusive-start id="208" timestamp="2026-09-07T14:59:41.197" intervalms="540006.086">
  <response-info timems="0.081" idlems="0.081" threads="0" lastid="00000000001A7100" lastname="VM Runtime State Listener" />
</exclusive-start>
<sys-start reason="vm idle" id="209" timestamp="2026-09-07T14:59:41.199" intervalms="540007.713" />
<cycle-start id="210" type="global" contextid="0" timestamp="2026-09-07T14:59:41.199" intervalms="540006.554" />
<gc-start id="211" type="global" contextid="210" timestamp="2026-09-07T14:59:41.200">
  <mem-info id="212" free="165341144" total="268435456" percent="61">
    <mem type="nursery" free="5100904" total="67108864" percent="7">
      <mem type="allocate" free="5100904" total="50921472" percent="10" />
      <mem type="survivor" free="0" total="16187392" percent="0" />
    </mem>
    <mem type="tenure" free="160240240" total="201326592" percent="79">
      <mem type="soa" free="150173296" total="191259648" percent="78" />
      <mem type="loa" free="10066944" total="10066944" percent="100" />
    </mem>
    <remembered-set count="15357" />
  </mem-info>
</gc-start>
<allocation-stats totalBytes="36929456" discardedBytes="574208" >
  <allocated-bytes non-tlh="3533688" tlh="33395768" />
  <largest-consumer threadName="Memory manager" threadId="00000000012EE700" bytes="2973368" />
</allocation-stats>
<gc-op id="213" type="mark" timems="25.360" contextid="210" timestamp="2026-09-07T14:59:41.226">
  <trace-info objectcount="861349" scancount="749965" scanbytes="25172528" />
  <finalization candidates="1073" enqueued="15" />
  <ownableSynchronizers candidates="5019" cleared="1123" />
  <references type="soft" candidates="25112" cleared="0" enqueued="0" dynamicThreshold="25" maxThreshold="32" />
  <references type="weak" candidates="18412" cleared="140" enqueued="130" />
  <references type="phantom" candidates="4987" cleared="3096" enqueued="3096" />
  <stringconstants candidates="41488" cleared="17"  />
  <object-monitors candidates="17" cleared="2"  />
</gc-op>
<gc-op id="214" type="classunload" timems="0.148" contextid="210" timestamp="2026-09-07T14:59:41.226">
  <classunload-info classloadercandidates="13" classloadersunloaded="0" classesunloaded="0" anonymousclassesunloaded="0" quiescems="0.000" setupms="0.148" scanms="0.000" postms="0.000" />
</gc-op>
<gc-op id="215" type="sweep" timems="1.108" contextid="210" timestamp="2026-09-07T14:59:41.228" />
<mem-info id="216" free="197603208" total="268435456" percent="73">
  <mem type="nursery" free="35617456" total="67108864" percent="53">
    <mem type="allocate" free="35617456" total="50921472" percent="69" />
    <mem type="survivor" free="0" total="16187392" percent="0" />
  </mem>
  <mem type="tenure" free="161985752" total="201326592" percent="80" micro-fragmented="1169522" macro-fragmented="117440512">
    <mem type="soa" free="151918808" total="191259648" percent="79" />
    <mem type="loa" free="10066944" total="10066944" percent="100" />
  </mem>
  <pending-finalizers system="14" default="1" reference="3226" classloader="0" />
  <remembered-set count="11872" />
</mem-info>
<gc-op id="217" type="compact" timems="53.024" contextid="210" timestamp="2026-09-07T14:59:41.281">
  <compact-info movecount="854383" movebytes="46868088" reason="compact on aggressive collection" />
</gc-op>
<gc-end id="218" type="global" contextid="210" durationms="91.575" usertimems="376.884" systemtimems="17.637" stalltimems="104.408" timestamp="2026-09-07T14:59:41.292" activeThreads="10">
  <mem-info id="219" free="204798264" total="268435456" percent="76">
    <mem type="nursery" free="41565264" total="67108864" percent="61">
      <mem type="allocate" free="41565264" total="50921472" percent="81" />
      <mem type="survivor" free="0" total="16187392" percent="0" />
    </mem>
    <mem type="tenure" free="163233000" total="201326592" percent="81">
      <mem type="soa" free="153166056" total="191259648" percent="80" />
      <mem type="loa" free="10066944" total="10066944" percent="100" />
    </mem>
    <pending-finalizers system="14" default="1" reference="3226" classloader="0" />
    <remembered-set count="11872" />
  </mem-info>
</gc-end>
<cycle-end id="220" type="global" contextid="210" timestamp="2026-09-07T14:59:41.292" />
<sys-end id="221" timestamp="2026-09-07T14:59:41.292" />
<exclusive-end id="222" timestamp="2026-09-07T14:59:41.292" durationms="95.519" />

<heap-resize id="223" type="release free pages" space="tenure" amount="163192832" count="1" timems="0.052" reason="idle" timestamp="2026-09-07T14:59:41.292" />
<exclusive-start id="224" timestamp="2026-09-07T15:00:08.044" intervalms="26846.807">
  <response-info timems="0.021" idlems="0.021" threads="0" lastid="0000000000B5ED00" lastname="Execution worker Thread 6" />
</exclusive-start>
<af-start id="225" threadId="0000000000B5F7C0" totalBytesRequested="1352" timestamp="2026-09-07T15:00:08.044" intervalms="758880.667" type="nursery" />
<cycle-start id="226" type="scavenge" contextid="0" timestamp="2026-09-07T15:00:08.044" intervalms="758880.644" />
<gc-start id="227" type="scavenge" contextid="226" timestamp="2026-09-07T15:00:08.044">
  <mem-info id="228" free="163128528" total="268435456" percent="60">
    <mem type="nursery" free="0" total="67108864" percent="0">
      <mem type="allocate" free="0" total="50921472" percent="0" />
      <mem type="survivor" free="0" total="16187392" percent="0" />
    </mem>
    <mem type="tenure" free="163128528" total="201326592" percent="81">
      <mem type="soa" free="153061584" total="191259648" percent="80" />
      <mem type="loa" free="10066944" total="10066944" percent="100" />
    </mem>
    <remembered-set count="13781" />
  </mem-info>
</gc-start>
<allocation-stats totalBytes="41526208" discardedBytes="143528" >
  <allocated-bytes non-tlh="780528" tlh="40745680" />
  <largest-consumer threadName="Execution worker Thread 6" threadId="0000000000B5ED00" bytes="14179792" />
</allocation-stats>
<gc-op id="229" type="scavenge" timems="4.320" contextid="226" timestamp="2026-09-07T15:00:08.049">
  <scavenger-info tenureage="3" tenuremask="7fe8" tiltratio="75" />
  <memory-copied type="nursery" objects="146538" bytes="5708952" bytesdiscarded="227896" />
  <memory-copied type="tenure" objects="84242" bytes="4856536" bytesdiscarded="4528" />
  <finalization candidates="79" enqueued="53" />
  <ownableSynchronizers candidates="8209" cleared="7585" />
  <references type="soft" candidates="1139" cleared="0" enqueued="0" dynamicThreshold="25" maxThreshold="32" />
  <references type="weak" candidates="3924" cleared="704" enqueued="695" />
  <references type="phantom" candidates="3074" cleared="2977" enqueued="2977" />
  <object-monitors candidates="16" cleared="1"  />
</gc-op>
<gc-end id="230" type="scavenge" contextid="226" durationms="14.316" usertimems="39.012" systemtimems="2.206" stalltimems="9.999" timestamp="2026-09-07T15:00:08.059" activeThreads="10">
  <mem-info id="231" free="204382912" total="268435456" percent="76">
    <mem type="nursery" free="46475496" total="67108864" percent="69">
      <mem type="allocate" free="46475496" total="52428800" percent="88" />
      <mem type="survivor" free="0" total="14680064" percent="0" />
    </mem>
    <mem type="tenure" free="157907416" total="201326592" percent="78" macro-fragmented="134217728">
      <mem type="soa" free="147840472" total="191259648" percent="77" />
      <mem type="loa" free="10066944" total="10066944" percent="100" />
    </mem>
    <pending-finalizers system="52" default="1" reference="3672" classloader="0" />
    <remembered-set count="10601" />
  </mem-info>
</gc-end>
<cycle-end id="232" type="scavenge" contextid="226" timestamp="2026-09-07T15:00:08.059" />
<allocation-satisfied id="233" threadId="0000000000B5ED00" bytesRequested="1352" />
<af-end id="234" timestamp="2026-09-07T15:00:08.059" threadId="0000000000B5F7C0" success="true" from="nursery"/>
<exclusive-end id="235" timestamp="2026-09-07T15:00:08.059" durationms="15.526" />

<exclusive-start id="236" timestamp="2026-09-07T15:00:23.061" intervalms="15016.904">
  <response-info timems="0.018" idlems="0.018" threads="0" lastid="0000000000B5ED00" lastname="Execution worker Thread 6" />
</exclusive-start>
<af-start id="237" threadId="0000000000B5F7C0" totalBytesRequested="24" timestamp="2026-09-07T15:00:23.061" intervalms="15016.730" type="nursery" />
<cycle-start id="238" type="scavenge" contextid="0" timestamp="2026-09-07T15:00:23.061" intervalms="15016.737" />
<gc-start id="239" type="scavenge" contextid="238" timestamp="2026-09-07T15:00:23.061">
  <mem-info id="240" free="157276648" total="268435456" percent="58">
    <mem type="nursery" free="0" total="67108864" percent="0">
      <mem type="allocate" free="0" total="52428800" percent="0" />
      <mem type="survivor" free="0" total="14680064" percent="0" />
    </mem>
    <mem type="tenure" free="157276648" total="201326592" percent="78">
      <mem type="soa" free="147209704" total="191259648" percent="76" />
      <mem type="loa" free="10066944" total="10066944" percent="100" />
    </mem>
    <remembered-set count="19297" />
  </mem-info>
</gc-start>
<allocation-stats totalBytes="47036976" discardedBytes="69288" >
  <allocated-bytes non-tlh="727088" tlh="46309888" />
  <largest-consumer threadName="Execution worker Thread 6" threadId="0000000000B5ED00" bytes="43818104" />
</allocation-stats>
<gc-op id="241" type="scavenge" timems="4.386" contextid="238" timestamp="2026-09-07T15:00:23.066">
  <scavenger-info tenureage="5" tenuremask="7fe0" tiltratio="78" />
  <memory-copied type="nursery" objects="205612" bytes="8625912" bytesdiscarded="277248" />
  <finalization candidates="883" enqueued="826" />
  <ownableSynchronizers candidates="618" cleared="193" />
  <references type="soft" candidates="2123" cleared="0" enqueued="0" dynamicThreshold="25" maxThreshold="32" />
  <references type="weak" candidates="6869" cleared="2336" enqueued="2268" />
  <references type="phantom" candidates="406" cleared="181" enqueued="181" />
  <object-monitors candidates="15" cleared="0"  />
</gc-op>
<gc-end id="242" type="scavenge" contextid="238" durationms="7.549" usertimems="29.025" systemtimems="2.142" stalltimems="10.002" timestamp="2026-09-07T15:00:23.069" activeThreads="10">
  <mem-info id="243" free="201107648" total="268435456" percent="74">
    <mem type="nursery" free="43831000" total="67108864" percent="65">
      <mem type="allocate" free="43831000" total="52756480" percent="83" />
      <mem type="survivor" free="0" total="14352384" percent="0" />
    </mem>
    <mem type="tenure" free="157276648" total="201326592" percent="78" macro-fragmented="100663296">
      <mem type="soa" free="147209704" total="191259648" percent="76" />
      <mem type="loa" free="10066944" total="10066944" percent="100" />
    </mem>
    <pending-finalizers system="826" default="0" reference="2449" classloader="0" />
    <remembered-set count="16344" />
  </mem-info>
</gc-end>
<cycle-end id="244" type="scavenge" contextid="238" timestamp="2026-09-07T15:00:23.069" />
<allocation-satisfied id="245" threadId="0000000000B5ED00" bytesRequested="24" />
<af-end id="246" timestamp="2026-09-07T15:00:23.069" threadId="0000000000B5F7C0" success="true" from="nursery"/>
<exclusive-end id="247" timestamp="2026-09-07T15:00:23.069" durationms="8.475" />

<exclusive-start id="248" timestamp="2026-09-07T15:00:23.458" intervalms="397.160">
  <response-info timems="0.018" idlems="0.018" threads="0" lastid="000000000147B600" lastname="Cache worker for Java compile cache (/gradle/caches/9.5.0/javaC" />
</exclusive-start>
<af-start id="249" threadId="000000000147C0C0" totalBytesRequested="40" timestamp="2026-09-07T15:00:23.458" intervalms="397.205" type="nursery" />
<cycle-start id="250" type="scavenge" contextid="0" timestamp="2026-09-07T15:00:23.458" intervalms="397.190" />
<gc-start id="251" type="scavenge" contextid="250" timestamp="2026-09-07T15:00:23.459">
  <mem-info id="252" free="157132064" total="268435456" percent="58">
    <mem type="nursery" free="0" total="67108864" percent="0">
      <mem type="allocate" free="0" total="52756480" percent="0" />
      <mem type="survivor" free="0" total="14352384" percent="0" />
    </mem>
    <mem type="tenure" free="157132064" total="201326592" percent="78">
      <mem type="soa" free="147065120" total="191259648" percent="76" />
      <mem type="loa" free="10066944" total="10066944" percent="100" />
    </mem>
    <remembered-set count="18325" />
  </mem-info>
</gc-start>
<allocation-stats totalBytes="43971264" discardedBytes="4320" >
  <allocated-bytes non-tlh="214288" tlh="43756976" />
  <largest-consumer threadName="Execution worker Thread 6" threadId="0000000000B5ED00" bytes="37879696" />
</allocation-stats>
<gc-op id="253" type="scavenge" timems="5.299" contextid="250" timestamp="2026-09-07T15:00:23.464">
  <scavenger-info tenureage="5" tenuremask="7fe0" tiltratio="78" />
  <memory-copied type="nursery" objects="291573" bytes="11874400" bytesdiscarded="199304" />
  <finalization candidates="384" enqueued="327" />
  <ownableSynchronizers candidates="478" cleared="6" />
  <references type="soft" candidates="2167" cleared="0" enqueued="0" dynamicThreshold="25" maxThreshold="32" />
  <references type="weak" candidates="10852" cleared="591" enqueued="591" />
  <references type="phantom" candidates="120" cleared="4" enqueued="4" />
  <object-monitors candidates="15" cleared="0"  />
</gc-op>
<gc-end id="254" type="scavenge" contextid="250" durationms="5.572" usertimems="42.112" systemtimems="0.397" stalltimems="7.472" timestamp="2026-09-07T15:00:23.464" activeThreads="10">
  <mem-info id="255" free="195436616" total="268435456" percent="72">
    <mem type="nursery" free="38304552" total="67108864" percent="57">
      <mem type="allocate" free="38304552" total="50397184" percent="76" />
      <mem type="survivor" free="0" total="16711680" percent="0" />
    </mem>
    <mem type="tenure" free="157132064" total="201326592" percent="78" macro-fragmented="134217728">
      <mem type="soa" free="147065120" total="191259648" percent="76" />
      <mem type="loa" free="10066944" total="10066944" percent="100" />
    </mem>
    <pending-finalizers system="283" default="44" reference="595" classloader="0" />
    <remembered-set count="14154" />
  </mem-info>
</gc-end>
<cycle-end id="256" type="scavenge" contextid="250" timestamp="2026-09-07T15:00:23.464" />
<allocation-satisfied id="257" threadId="000000000147B600" bytesRequested="40" />
<af-end id="258" timestamp="2026-09-07T15:00:23.464" threadId="000000000147C0C0" success="true" from="nursery"/>
<exclusive-end id="259" timestamp="2026-09-07T15:00:23.464" durationms="6.714" />

<exclusive-start id="260" timestamp="2026-09-07T15:00:43.624" intervalms="20165.542">
  <response-info timems="0.020" idlems="0.020" threads="0" lastid="0000000000B5ED00" lastname="Cache worker for Build Output Cleanup Cache (/workspace/project" />
</exclusive-start>
<af-start id="261" threadId="0000000000B5F7C0" totalBytesRequested="4104" timestamp="2026-09-07T15:00:43.624" intervalms="20165.499" type="nursery" />
<cycle-start id="262" type="scavenge" contextid="0" timestamp="2026-09-07T15:00:43.624" intervalms="20165.493" />
<gc-start id="263" type="scavenge" contextid="262" timestamp="2026-09-07T15:00:43.624">
  <mem-info id="264" free="157086176" total="268435456" percent="58">
    <mem type="nursery" free="0" total="67108864" percent="0">
      <mem type="allocate" free="0" total="50397184" percent="0" />
      <mem type="survivor" free="0" total="16711680" percent="0" />
    </mem>
    <mem type="tenure" free="157086176" total="201326592" percent="78">
      <mem type="soa" free="147019232" total="191259648" percent="76" />
      <mem type="loa" free="10066944" total="10066944" percent="100" />
    </mem>
    <remembered-set count="15046" />
  </mem-info>
</gc-start>
<allocation-stats totalBytes="38189552" discardedBytes="160888" >
  <allocated-bytes non-tlh="992416" tlh="37197136" />
  <largest-consumer threadName="Daemon worker Thread 3" threadId="0000000000954600" bytes="13778112" />
</allocation-stats>
<gc-op id="265" type="scavenge" timems="5.263" contextid="262" timestamp="2026-09-07T15:00:43.630">
  <scavenger-info tenureage="3" tenuremask="7fe8" tiltratio="75" />
  <memory-copied type="nursery" objects="242303" bytes="8817120" bytesdiscarded="276152" />
  <memory-copied type="tenure" objects="49572" bytes="2190832" bytesdiscarded="1184" />
  <finalization candidates="120" enqueued="64" />
  <ownableSynchronizers candidates="1503" cleared="1059" />
  <references type="soft" candidates="1130" cleared="0" enqueued="0" dynamicThreshold="25" maxThreshold="32" />
  <references type="weak" candidates="9600" cleared="214" enqueued="197" />
  <references type="phantom" candidates="2972" cleared="2913" enqueued="2913" />
  <object-monitors candidates="17" cleared="2"  />
</gc-op>
<gc-end id="266" type="scavenge" contextid="262" durationms="10.554" usertimems="40.211" systemtimems="0.846" stalltimems="7.935" timestamp="2026-09-07T15:00:43.635" activeThreads="10">
  <mem-info id="267" free="196489408" total="268435456" percent="73">
    <mem type="nursery" free="41943736" total="67108864" percent="62">
      <mem type="allocate" free="41943736" total="51052544" percent="82" />
      <mem type="survivor" free="0" total="16056320" percent="0" />
    </mem>
    <mem type="tenure" free="154545672" total="201326592" percent="76" macro-fragmented="100663296">
      <mem type="soa" free="144478728" total="191259648" percent="75" />
      <mem type="loa" free="10066944" total="10066944" percent="100" />
    </mem>
    <pending-finalizers system="62" default="2" reference="3110" classloader="0" />
    <remembered-set count="7069" />
  </mem-info>
</gc-end>
<cycle-end id="268" type="scavenge" contextid="262" timestamp="2026-09-07T15:00:43.635" />
<allocation-satisfied id="269" threadId="0000000000B5ED00" bytesRequested="4104" />
<af-end id="270" timestamp="2026-09-07T15:00:43.635" threadId="0000000000B5F7C0" success="true" from="nursery"/>
<exclusive-end id="271" timestamp="2026-09-07T15:00:43.635" durationms="11.557" />

<exclusive-start id="272" timestamp="2026-09-07T15:00:44.231" intervalms="607.142">
  <response-info timems="0.026" idlems="0.026" threads="0" lastid="000000000148DD00" lastname="Execution worker Thread 9" />
</exclusive-start>
<af-start id="273" threadId="000000000148E7C0" totalBytesRequested="8200" timestamp="2026-09-07T15:00:44.231" intervalms="607.086" type="nursery" />
<cycle-start id="274" type="scavenge" contextid="0" timestamp="2026-09-07T15:00:44.231" intervalms="607.081" />
<gc-start id="275" type="scavenge" contextid="274" timestamp="2026-09-07T15:00:44.231">
  <mem-info id="276" free="154537400" total="268435456" percent="57">
    <mem type="nursery" free="0" total="67108864" percent="0">
      <mem type="allocate" free="0" total="51052544" percent="0" />
      <mem type="survivor" free="0" total="16056320" percent="0" />
    </mem>
    <mem type="tenure" free="154537400" total="201326592" percent="76">
      <mem type="soa" free="144470456" total="191259648" percent="75" />
      <mem type="loa" free="10066944" total="10066944" percent="100" />
    </mem>
    <remembered-set count="7368" />
  </mem-info>
</gc-start>
<allocation-stats totalBytes="41867440" discardedBytes="84568" >
  <allocated-bytes non-tlh="531872" tlh="41335568" />
  <largest-consumer threadName="Execution worker Thread 2" threadId="00000000005A4000" bytes="26474736" />
</allocation-stats>
<gc-op id="277" type="scavenge" timems="5.527" contextid="274" timestamp="2026-09-07T15:00:44.237">
  <scavenger-info tenureage="5" tenuremask="7fe0" tiltratio="76" />
  <memory-copied type="nursery" objects="254186" bytes="9775088" bytesdiscarded="89536" />
  <memory-copied type="tenure" objects="6572" bytes="585712" bytesdiscarded="112" />
  <finalization candidates="112" enqueued="81" />
  <ownableSynchronizers candidates="852" cleared="408" />
  <references type="soft" candidates="1037" cleared="0" enqueued="0" dynamicThreshold="25" maxThreshold="32" />
  <references type="weak" candidates="8840" cleared="35" enqueued="34" />
  <references type="phantom" candidates="336" cleared="283" enqueued="283" />
  <object-monitors candidates="15" cleared="0"  />
</gc-op>
<gc-end id="278" type="scavenge" contextid="274" durationms="5.762" usertimems="32.185" systemtimems="0.000" stalltimems="12.371" timestamp="2026-09-07T15:00:44.237" activeThreads="10">
  <mem-info id="279" free="195930984" total="268435456" percent="72">
    <mem type="nursery" free="41891696" total="67108864" percent="62">
      <mem type="allocate" free="41891696" total="51773440" percent="80" />
      <mem type="survivor" free="0" total="15335424" percent="0" />
    </mem>
    <mem type="tenure" free="154039288" total="201326592" percent="76" macro-fragmented="134217728">
      <mem type="soa" free="143972344" total="191259648" percent="75" />
      <mem type="loa" free="10066944" total="10066944" percent="100" />
    </mem>
    <pending-finalizers system="37" default="44" reference="317" classloader="0" />
    <remembered-set count="4561" />
  </mem-info>
</gc-end>
<cycle-end id="280" type="scavenge" contextid="274" timestamp="2026-09-07T15:00:44.237" />
<allocation-satisfied id="281" threadId="000000000148DD00" bytesRequested="8200" />
<af-end id="282" timestamp="2026-09-07T15:00:44.237" threadId="000000000148E7C0" success="true" from="nursery"/>
<exclusive-end id="283" timestamp="2026-09-07T15:00:44.237" durationms="6.692" />

<exclusive-start id="284" timestamp="2026-09-07T15:01:01.857" intervalms="17625.741">
  <response-info timems="0.018" idlems="0.018" threads="0" lastid="0000000001201E00" lastname="Execution worker Thread 4" />
</exclusive-start>
<af-start id="285" threadId="00000000012028C0" totalBytesRequested="4104" timestamp="2026-09-07T15:01:01.857" intervalms="17625.964" type="nursery" />
<cycle-start id="286" type="scavenge" contextid="0" timestamp="2026-09-07T15:01:01.857" intervalms="17625.969" />
<gc-start id="287" type="scavenge" contextid="286" timestamp="2026-09-07T15:01:01.857">
  <mem-info id="288" free="154035216" total="268435456" percent="57">
    <mem type="nursery" free="0" total="67108864" percent="0">
      <mem type="allocate" free="0" total="51773440" percent="0" />
      <mem type="survivor" free="0" total="15335424" percent="0" />
    </mem>
    <mem type="tenure" free="154035216" total="201326592" percent="76">
      <mem type="soa" free="143968272" total="191259648" percent="75" />
      <mem type="loa" free="10066944" total="10066944" percent="100" />
    </mem>
    <remembered-set count="4869" />
  </mem-info>
</gc-start>
<allocation-stats totalBytes="41765464" discardedBytes="130304" >
  <allocated-bytes non-tlh="992008" tlh="40773456" />
  <largest-consumer threadName="Execution worker" threadId="00000000011F6800" bytes="14654320" />
</allocation-stats>
<gc-op id="289" type="scavenge" timems="4.885" contextid="286" timestamp="2026-09-07T15:01:01.862">
  <scavenger-info tenureage="3" tenuremask="7fe8" tiltratio="77" />
  <memory-copied type="nursery" objects="160420" bytes="5399352" bytesdiscarded="259416" />
  <memory-copied type="tenure" objects="90445" bytes="3413200" bytesdiscarded="760" />
  <finalization candidates="33" enqueued="3" />
  <ownableSynchronizers candidates="1485" cleared="1098" />
  <references type="soft" candidates="988" cleared="0" enqueued="0" dynamicThreshold="25" maxThreshold="32" />
  <references type="weak" candidates="2662" cleared="63" enqueued="28" />
  <references type="phantom" candidates="3162" cleared="3121" enqueued="3121" />
  <object-monitors candidates="17" cleared="2"  />
</gc-op>
<gc-end id="290" type="scavenge" contextid="286" durationms="12.064" usertimems="39.190" systemtimems="0.246" stalltimems="12.498" timestamp="2026-09-07T15:01:01.869" activeThreads="10">
  <mem-info id="291" free="197475888" total="268435456" percent="73">
    <mem type="nursery" free="46949680" total="67108864" percent="69">
      <mem type="allocate" free="46949680" total="52625408" percent="89" />
      <mem type="survivor" free="0" total="14483456" percent="0" />
    </mem>
    <mem type="tenure" free="150526208" total="201326592" percent="74" macro-fragmented="100663296">
      <mem type="soa" free="140459264" total="191259648" percent="73" />
      <mem type="loa" free="10066944" total="10066944" percent="100" />
    </mem>
    <pending-finalizers system="2" default="1" reference="3149" classloader="0" />
    <remembered-set count="12157" />
  </mem-info>
</gc-end>
<cycle-end id="292" type="scavenge" contextid="286" timestamp="2026-09-07T15:01:01.870" />
<allocation-satisfied id="293" threadId="0000000001201E00" bytesRequested="4104" />
<af-end id="294" timestamp="2026-09-07T15:01:01.870" threadId="00000000012028C0" success="true" from="nursery"/>
<exclusive-end id="295" timestamp="2026-09-07T15:01:01.870" durationms="13.080" />

<exclusive-start id="296" timestamp="2026-09-07T15:01:10.326" intervalms="8469.816">
  <response-info timems="1.030" idlems="0.357" threads="2" lastid="000000000001D400" lastname="JIT Compilation Thread-000" />
</exclusive-start>
<af-start id="297" threadId="00000000014560C0" totalBytesRequested="40" timestamp="2026-09-07T15:01:10.327" intervalms="8469.662" type="nursery" />
<cycle-start id="298" type="scavenge" contextid="0" timestamp="2026-09-07T15:01:10.327" intervalms="8469.655" />
<gc-start id="299" type="scavenge" contextid="298" timestamp="2026-09-07T15:01:10.327">
  <mem-info id="300" free="150523760" total="268435456" percent="56">
    <mem type="nursery" free="0" total="67108864" percent="0">
      <mem type="allocate" free="0" total="52625408" percent="0" />
      <mem type="survivor" free="0" total="14483456" percent="0" />
    </mem>
    <mem type="tenure" free="150523760" total="201326592" percent="74">
      <mem type="soa" free="140456816" total="191259648" percent="73" />
      <mem type="loa" free="10066944" total="10066944" percent="100" />
    </mem>
    <remembered-set count="12328" />
  </mem-info>
</gc-start>
<allocation-stats totalBytes="46858248" discardedBytes="93880" >
  <allocated-bytes non-tlh="640064" tlh="46218184" />
  <largest-consumer threadName="Daemon worker Thread 3" threadId="0000000000954600" bytes="11058752" />
</allocation-stats>
<gc-op id="301" type="scavenge" timems="7.144" contextid="298" timestamp="2026-09-07T15:01:10.334">
  <scavenger-info tenureage="5" tenuremask="7fe0" tiltratio="78" />
  <memory-copied type="nursery" objects="100382" bytes="3864240" bytesdiscarded="498464" />
  <memory-copied type="tenure" objects="32750" bytes="1163968" bytesdiscarded="240" />
  <finalization candidates="76" enqueued="46" />
  <ownableSynchronizers candidates="1427" cleared="1064" />
  <references type="soft" candidates="7" cleared="0" enqueued="0" dynamicThreshold="25" maxThreshold="32" />
  <references type="weak" candidates="1772" cleared="48" enqueued="12" />
  <references type="phantom" candidates="2025" cleared="2007" enqueued="2007" />
  <object-monitors candidates="16" cleared="2"  />
</gc-op>
<gc-end id="302" type="scavenge" contextid="298" durationms="7.468" usertimems="20.184" systemtimems="0.261" stalltimems="10.351" timestamp="2026-09-07T15:01:10.334" activeThreads="10">
  <mem-info id="303" free="198814456" total="268435456" percent="74">
    <mem type="nursery" free="49889392" total="67108864" percent="74">
      <mem type="allocate" free="49889392" total="54263808" percent="91" />
      <mem type="survivor" free="0" total="12845056" percent="0" />
    </mem>
    <mem type="tenure" free="148925064" total="201326592" percent="73" macro-fragmented="58720256">
      <mem type="soa" free="138858120" total="191259648" percent="72" />
      <mem type="loa" free="10066944" total="10066944" percent="100" />
    </mem>
    <pending-finalizers system="2" default="44" reference="2019" classloader="0" />
    <remembered-set count="1471" />
  </mem-info>
</gc-end>
<cycle-end id="304" type="scavenge" contextid="298" timestamp="2026-09-07T15:01:10.335" />
<allocation-satisfied id="305" threadId="0000000001455600" bytesRequested="40" />
<af-end id="306" timestamp="2026-09-07T15:01:10.335" threadId="00000000014560C0" success="true" from="nursery"/>
<exclusive-end id="307" timestamp="2026-09-07T15:01:10.335" durationms="8.214" />

<exclusive-start id="308" timestamp="2026-09-07T15:01:10.859" intervalms="532.907">
  <response-info timems="0.026" idlems="0.026" threads="0" lastid="00000000011F2B00" lastname="Execution worker" />
</exclusive-start>
<af-start id="309" threadId="00000000011F35C0" totalBytesRequested="16" timestamp="2026-09-07T15:01:10.859" intervalms="532.882" type="nursery" />
<cycle-start id="310" type="scavenge" contextid="0" timestamp="2026-09-07T15:01:10.860" intervalms="532.906" />
<gc-start id="311" type="scavenge" contextid="310" timestamp="2026-09-07T15:01:10.860">
  <mem-info id="312" free="148917584" total="268435456" percent="55">
    <mem type="nursery" free="0" total="67108864" percent="0">
      <mem type="allocate" free="0" total="54263808" percent="0" />
      <mem type="survivor" free="0" total="12845056" percent="0" />
    </mem>
    <mem type="tenure" free="148917584" total="201326592" percent="73">
      <mem type="soa" free="138850640" total="191259648" percent="72" />
      <mem type="loa" free="10066944" total="10066944" percent="100" />
    </mem>
    <remembered-set count="1743" />
  </mem-info>
</gc-start>
<allocation-stats totalBytes="49810440" discardedBytes="86432" >
  <allocated-bytes non-tlh="1231944" tlh="48578496" />
  <largest-consumer threadName="Execution worker Thread 4" threadId="0000000000955D00" bytes="26098016" />
</allocation-stats>
<gc-op id="313" type="scavenge" timems="3.151" contextid="310" timestamp="2026-09-07T15:01:10.863">
  <scavenger-info tenureage="6" tenuremask="7fc0" tiltratio="80" />
  <memory-copied type="nursery" objects="140391" bytes="5573208" bytesdiscarded="167048" />
  <finalization candidates="57" enqueued="57" />
  <ownableSynchronizers candidates="830" cleared="417" />
  <references type="soft" candidates="9" cleared="0" enqueued="0" dynamicThreshold="25" maxThreshold="32" />
  <references type="weak" candidates="1875" cleared="57" enqueued="56" />
  <references type="phantom" candidates="1222" cleared="1184" enqueued="1184" />
  <object-monitors candidates="15" cleared="0"  />
</gc-op>
<gc-end id="314" type="scavenge" contextid="310" durationms="3.393" usertimems="19.624" systemtimems="1.307" stalltimems="11.305" timestamp="2026-09-07T15:01:10.863" activeThreads="10">
  <mem-info id="315" free="198341248" total="268435456" percent="73">
    <mem type="nursery" free="49423664" total="67108864" percent="73">
      <mem type="allocate" free="49423664" total="55181312" percent="89" />
      <mem type="survivor" free="0" total="11927552" percent="0" />
    </mem>
    <mem type="tenure" free="148917584" total="201326592" percent="73" macro-fragmented="134217728">
      <mem type="soa" free="138850640" total="191259648" percent="72" />
      <mem type="loa" free="10066944" total="10066944" percent="100" />
    </mem>
    <pending-finalizers system="12" default="45" reference="1240" classloader="0" />
    <remembered-set count="1546" />
  </mem-info>
</gc-end>
<cycle-end id="316" type="scavenge" contextid="310" timestamp="2026-09-07T15:01:10.864" />
<allocation-satisfied id="317" threadId="00000000011F2B00" bytesRequested="16" />
<af-end id="318" timestamp="2026-09-07T15:01:10.864" threadId="00000000011F35C0" success="true" from="nursery"/>
<exclusive-end id="319" timestamp="2026-09-07T15:01:10.864" durationms="4.362" />

<exclusive-start id="320" timestamp="2026-09-07T15:01:19.619" intervalms="8759.184">
  <response-info timems="0.023" idlems="0.023" threads="0" lastid="00000000011F8100" lastname="Execution worker Thread 4" />
</exclusive-start>
<af-start id="321" threadId="00000000011F8BC0" totalBytesRequested="56" timestamp="2026-09-07T15:01:19.619" intervalms="8759.181" type="nursery" />
<cycle-start id="322" type="scavenge" contextid="0" timestamp="2026-09-07T15:01:19.619" intervalms="8759.163" />
<gc-start id="323" type="scavenge" contextid="322" timestamp="2026-09-07T15:01:19.619">
  <mem-info id="324" free="148912920" total="268435456" percent="55">
    <mem type="nursery" free="0" total="67108864" percent="0">
      <mem type="allocate" free="0" total="55181312" percent="0" />
      <mem type="survivor" free="0" total="11927552" percent="0" />
    </mem>
    <mem type="tenure" free="148912920" total="201326592" percent="73">
      <mem type="soa" free="138845976" total="191259648" percent="72" />
      <mem type="loa" free="10066944" total="10066944" percent="100" />
    </mem>
    <remembered-set count="1784" />
  </mem-info>
</gc-start>
<allocation-stats totalBytes="49304768" discardedBytes="123560" >
  <allocated-bytes non-tlh="996720" tlh="48308048" />
  <largest-consumer threadName="Daemon worker Thread 3" threadId="0000000000954600" bytes="13556544" />
</allocation-stats>
<gc-op id="325" type="scavenge" timems="3.517" contextid="322" timestamp="2026-09-07T15:01:19.623">
  <scavenger-info tenureage="6" tenuremask="7fc0" tiltratio="82" />
  <memory-copied type="nursery" objects="149020" bytes="5901776" bytesdiscarded="165192" />
  <finalization candidates="8" enqueued="5" />
  <ownableSynchronizers candidates="1636" cleared="1266" />
  <references type="soft" candidates="14" cleared="0" enqueued="0" dynamicThreshold="25" maxThreshold="32" />
  <references type="weak" candidates="2400" cleared="112" enqueued="9" />
  <references type="phantom" candidates="3290" cleared="3135" enqueued="3135" />
  <object-monitors candidates="17" cleared="2"  />
</gc-op>
<gc-end id="326" type="scavenge" contextid="322" durationms="3.761" usertimems="19.754" systemtimems="0.166" stalltimems="11.883" timestamp="2026-09-07T15:01:19.623" activeThreads="10">
  <mem-info id="327" free="198988752" total="268435456" percent="74">
    <mem type="nursery" free="50075832" total="67108864" percent="74">
      <mem type="allocate" free="50075832" total="56164352" percent="89" />
      <mem type="survivor" free="0" total="10944512" percent="0" />
    </mem>
    <mem type="tenure" free="148912920" total="201326592" percent="73" macro-fragmented="117440512">
      <mem type="soa" free="138845976" total="191259648" percent="72" />
      <mem type="loa" free="10066944" total="10066944" percent="100" />
    </mem>
    <pending-finalizers system="4" default="1" reference="3144" classloader="0" />
    <remembered-set count="1597" />
  </mem-info>
</gc-end>
<cycle-end id="328" type="scavenge" contextid="322" timestamp="2026-09-07T15:01:19.623" />
<allocation-satisfied id="329" threadId="00000000011F8100" bytesRequested="56" />
<af-end id="330" timestamp="2026-09-07T15:01:19.623" threadId="00000000011F8BC0" success="true" from="nursery"/>
<exclusive-end id="331" timestamp="2026-09-07T15:01:19.623" durationms="4.587" />

<exclusive-start id="332" timestamp="2026-09-07T15:01:46.516" intervalms="26897.802">
  <response-info timems="0.016" idlems="0.016" threads="0" lastid="0000000000955D00" lastname="Cache worker for file hash cache (/workspace/project/.gradle/9." />
</exclusive-start>
<af-start id="333" threadId="00000000009567C0" totalBytesRequested="4104" timestamp="2026-09-07T15:01:46.516" intervalms="26897.906" type="nursery" />
<cycle-start id="334" type="scavenge" contextid="0" timestamp="2026-09-07T15:01:46.516" intervalms="26897.907" />
<gc-start id="335" type="scavenge" contextid="334" timestamp="2026-09-07T15:01:46.516">
  <mem-info id="336" free="148910744" total="268435456" percent="55">
    <mem type="nursery" free="0" total="67108864" percent="0">
      <mem type="allocate" free="0" total="56164352" percent="0" />
      <mem type="survivor" free="0" total="10944512" percent="0" />
    </mem>
    <mem type="tenure" free="148910744" total="201326592" percent="73">
      <mem type="soa" free="138843800" total="191259648" percent="72" />
      <mem type="loa" free="10066944" total="10066944" percent="100" />
    </mem>
    <remembered-set count="1766" />
  </mem-info>
</gc-start>
<allocation-stats totalBytes="49984896" discardedBytes="93112" >
  <allocated-bytes non-tlh="1184040" tlh="48800856" />
  <largest-consumer threadName="Daemon worker Thread 3" threadId="0000000000954600" bytes="13626584" />
</allocation-stats>
<gc-op id="337" type="scavenge" timems="3.420" contextid="334" timestamp="2026-09-07T15:01:46.520">
  <scavenger-info tenureage="6" tenuremask="7fc0" tiltratio="83" />
  <memory-copied type="nursery" objects="107391" bytes="4312360" bytesdiscarded="146808" />
  <memory-copied type="tenure" objects="14970" bytes="510680" bytesdiscarded="472" />
  <finalization candidates="47" enqueued="47" />
  <ownableSynchronizers candidates="1443" cleared="1029" />
  <references type="soft" candidates="6" cleared="0" enqueued="0" dynamicThreshold="25" maxThreshold="32" />
  <references type="weak" candidates="264" cleared="48" enqueued="13" />
  <references type="phantom" candidates="2872" cleared="2846" enqueued="2846" />
  <object-monitors candidates="17" cleared="2"  />
</gc-op>
<gc-end id="338" type="scavenge" contextid="334" durationms="6.679" usertimems="16.775" systemtimems="2.136" stalltimems="11.677" timestamp="2026-09-07T15:01:46.523" activeThreads="10">
  <mem-info id="339" free="200940296" total="268435456" percent="74">
    <mem type="nursery" free="52477296" total="67108864" percent="78">
      <mem type="allocate" free="52477296" total="56950784" percent="92" />
      <mem type="survivor" free="0" total="10158080" percent="0" />
    </mem>
    <mem type="tenure" free="148463000" total="201326592" percent="73" macro-fragmented="134217728">
      <mem type="soa" free="138396056" total="191259648" percent="72" />
      <mem type="loa" free="10066944" total="10066944" percent="100" />
    </mem>
    <pending-finalizers system="2" default="45" reference="2859" classloader="0" />
    <remembered-set count="1352" />
  </mem-info>
</gc-end>
<cycle-end id="340" type="scavenge" contextid="334" timestamp="2026-09-07T15:01:46.523" />
<allocation-satisfied id="341" threadId="0000000000955D00" bytesRequested="4104" />
<af-end id="342" timestamp="2026-09-07T15:01:46.523" threadId="00000000009567C0" success="true" from="nursery"/>
<exclusive-end id="343" timestamp="2026-09-07T15:01:46.523" durationms="7.628" />

<exclusive-start id="344" timestamp="2026-09-07T15:04:19.434" intervalms="152918.623">
  <response-info timems="0.021" idlems="0.021" threads="0" lastid="0000000000580E00" lastname="Daemon worker Thread 4" />
</exclusive-start>
<af-start id="345" threadId="00000000005818C0" totalBytesRequested="4104" timestamp="2026-09-07T15:04:19.435" intervalms="152918.720" type="nursery" />
<cycle-start id="346" type="scavenge" contextid="0" timestamp="2026-09-07T15:04:19.435" intervalms="152918.720" />
<gc-start id="347" type="scavenge" contextid="346" timestamp="2026-09-07T15:04:19.435">
  <mem-info id="348" free="148458176" total="268435456" percent="55">
    <mem type="nursery" free="0" total="67108864" percent="0">
      <mem type="allocate" free="0" total="56950784" percent="0" />
      <mem type="survivor" free="0" total="10158080" percent="0" />
    </mem>
    <mem type="tenure" free="148458176" total="201326592" percent="73">
      <mem type="soa" free="138391232" total="191259648" percent="72" />
      <mem type="loa" free="10066944" total="10066944" percent="100" />
    </mem>
    <remembered-set count="1631" />
  </mem-info>
</gc-start>
<allocation-stats totalBytes="52355400" discardedBytes="126720" >
  <allocated-bytes non-tlh="709320" tlh="51646080" />
  <largest-consumer threadName="Daemon worker Thread 4" threadId="0000000000580E00" bytes="6280992" />
</allocation-stats>
<gc-op id="349" type="scavenge" timems="2.737" contextid="346" timestamp="2026-09-07T15:04:19.438">
  <scavenger-info tenureage="7" tenuremask="7f80" tiltratio="84" />
  <memory-copied type="nursery" objects="66581" bytes="3019688" bytesdiscarded="147080" />
  <finalization candidates="50" enqueued="50" />
  <ownableSynchronizers candidates="1332" cleared="982" />
  <references type="soft" candidates="5" cleared="0" enqueued="0" dynamicThreshold="25" maxThreshold="32" />
  <references type="weak" candidates="266" cleared="135" enqueued="99" />
  <references type="phantom" candidates="414" cleared="402" enqueued="402" />
  <object-monitors candidates="16" cleared="2"  />
</gc-op>
<gc-end id="350" type="scavenge" contextid="346" durationms="10.593" usertimems="11.439" systemtimems="1.172" stalltimems="12.505" timestamp="2026-09-07T15:04:19.446" activeThreads="10">
  <mem-info id="351" free="203280944" total="268435456" percent="75">
    <mem type="nursery" free="54822768" total="67108864" percent="81">
      <mem type="allocate" free="54822768" total="57999360" percent="94" />
      <mem type="survivor" free="0" total="9109504" percent="0" />
    </mem>
    <mem type="tenure" free="148458176" total="201326592" percent="73" macro-fragmented="117440512">
      <mem type="soa" free="138391232" total="191259648" percent="72" />
      <mem type="loa" free="10066944" total="10066944" percent="100" />
    </mem>
    <pending-finalizers system="6" default="44" reference="501" classloader="0" />
    <remembered-set count="1352" />
  </mem-info>
</gc-end>
<cycle-end id="352" type="scavenge" contextid="346" timestamp="2026-09-07T15:04:19.446" />
<allocation-satisfied id="353" threadId="0000000000580E00" bytesRequested="4104" />
<af-end id="354" timestamp="2026-09-07T15:04:19.446" threadId="00000000005818C0" success="true" from="nursery"/>
<exclusive-end id="355" timestamp="2026-09-07T15:04:19.446" durationms="11.522" />

<exclusive-start id="356" timestamp="2026-09-07T15:04:20.060" intervalms="626.037">
  <response-info timems="0.027" idlems="0.027" threads="0" lastid="0000000000B5ED00" lastname="included builds" />
</exclusive-start>
<af-start id="357" threadId="0000000000B5F7C0" totalBytesRequested="32" timestamp="2026-09-07T15:04:20.061" intervalms="625.835" type="nursery" />
<cycle-start id="358" type="scavenge" contextid="0" timestamp="2026-09-07T15:04:20.061" intervalms="625.853" />
<gc-start id="359" type="scavenge" contextid="358" timestamp="2026-09-07T15:04:20.061">
  <mem-info id="360" free="148453304" total="268435456" percent="55">
    <mem type="nursery" free="0" total="67108864" percent="0">
      <mem type="allocate" free="0" total="57999360" percent="0" />
      <mem type="survivor" free="0" total="9109504" percent="0" />
    </mem>
    <mem type="tenure" free="148453304" total="201326592" percent="73">
      <mem type="soa" free="138386360" total="191259648" percent="72" />
      <mem type="loa" free="10066944" total="10066944" percent="100" />
    </mem>
    <remembered-set count="1576" />
  </mem-info>
</gc-start>
<allocation-stats totalBytes="54716440" discardedBytes="111200" >
  <allocated-bytes non-tlh="697176" tlh="54019264" />
  <largest-consumer threadName="included builds" threadId="0000000000B5ED00" bytes="32591520" />
</allocation-stats>
<gc-op id="361" type="scavenge" timems="4.598" contextid="358" timestamp="2026-09-07T15:04:20.066">
  <scavenger-info tenureage="8" tenuremask="7f00" tiltratio="86" />
  <memory-copied type="nursery" objects="206563" bytes="9083648" bytesdiscarded="4040" />
  <memory-copied type="tenure" objects="6046" bytes="258696" bytesdiscarded="352" />
  <copy-failed type="nursery" objects="6048" bytes="258792" />
  <finalization candidates="45" enqueued="1" />
  <ownableSynchronizers candidates="1101" cleared="681" />
  <references type="soft" candidates="52" cleared="0" enqueued="0" dynamicThreshold="25" maxThreshold="32" />
  <references type="weak" candidates="6803" cleared="1203" enqueued="9" />
  <references type="phantom" candidates="3325" cleared="3088" enqueued="3088" />
  <object-monitors candidates="15" cleared="0"  />
</gc-op>
<gc-end id="362" type="scavenge" contextid="358" durationms="12.801" usertimems="34.328" systemtimems="1.137" stalltimems="9.906" timestamp="2026-09-07T15:04:20.074" activeThreads="10">
  <mem-info id="363" free="188433080" total="268435456" percent="70">
    <mem type="nursery" free="40108032" total="67108864" percent="59">
      <mem type="allocate" free="40108032" total="49217536" percent="81" />
      <mem type="survivor" free="0" total="17891328" percent="0" />
    </mem>
    <mem type="tenure" free="148325048" total="201326592" percent="73" macro-fragmented="0">
      <mem type="soa" free="138258104" total="191259648" percent="72" />
      <mem type="loa" free="10066944" total="10066944" percent="100" />
    </mem>
    <pending-finalizers system="0" default="1" reference="3097" classloader="0" />
    <remembered-set count="2693" />
  </mem-info>
</gc-end>
<cycle-end id="364" type="scavenge" contextid="358" timestamp="2026-09-07T15:04:20.074" />
<allocation-satisfied id="365" threadId="0000000000B5ED00" bytesRequested="32" />
<af-end id="366" timestamp="2026-09-07T15:04:20.074" threadId="0000000000B5F7C0" success="true" from="nursery"/>
<exclusive-end id="367" timestamp="2026-09-07T15:04:20.074" durationms="13.979" />

<exclusive-start id="368" timestamp="2026-09-07T15:07:28.761" intervalms="188679.537">
  <response-info timems="0.024" idlems="0.024" threads="0" lastid="000000000055F100" lastname="Execution worker Thread 3" />
</exclusive-start>
<af-start id="369" threadId="000000000055FBC0" totalBytesRequested="32" timestamp="2026-09-07T15:07:28.761" intervalms="188679.721" type="nursery" />
<cycle-start id="370" type="scavenge" contextid="0" timestamp="2026-09-07T15:07:28.761" intervalms="188679.708" />
<gc-start id="371" type="scavenge" contextid="370" timestamp="2026-09-07T15:07:28.761">
  <mem-info id="372" free="148322552" total="268435456" percent="55">
    <mem type="nursery" free="0" total="67108864" percent="0">
      <mem type="allocate" free="0" total="49217536" percent="0" />
      <mem type="survivor" free="0" total="17891328" percent="0" />
    </mem>
    <mem type="tenure" free="148322552" total="201326592" percent="73">
      <mem type="soa" free="138255608" total="191259648" percent="72" />
      <mem type="loa" free="10066944" total="10066944" percent="100" />
    </mem>
    <remembered-set count="2919" />
  </mem-info>
</gc-start>
<allocation-stats totalBytes="39979448" discardedBytes="131080" >
  <allocated-bytes non-tlh="1025320" tlh="38954128" />
  <largest-consumer threadName="Daemon worker Thread 5" threadId="0000000000947A00" bytes="13273128" />
</allocation-stats>
<gc-op id="373" type="scavenge" timems="5.931" contextid="370" timestamp="2026-09-07T15:07:28.767">
  <scavenger-info tenureage="8" tenuremask="7f00" tiltratio="73" />
  <memory-copied type="nursery" objects="262330" bytes="9944872" bytesdiscarded="158720" />
  <memory-copied type="tenure" objects="1624" bytes="82144" bytesdiscarded="8" />
  <finalization candidates="49" enqueued="38" />
  <ownableSynchronizers candidates="1566" cleared="880" />
  <references type="soft" candidates="55" cleared="0" enqueued="0" dynamicThreshold="25" maxThreshold="32" />
  <references type="weak" candidates="420" cleared="15" enqueued="14" />
  <references type="phantom" candidates="3061" cleared="3028" enqueued="3028" />
  <object-monitors candidates="17" cleared="1"  />
</gc-op>
<gc-end id="374" type="scavenge" contextid="370" durationms="11.750" usertimems="32.405" systemtimems="4.338" stalltimems="16.899" timestamp="2026-09-07T15:07:28.773" activeThreads="10">
  <mem-info id="375" free="191870384" total="268435456" percent="71">
    <mem type="nursery" free="43736760" total="67108864" percent="65">
      <mem type="allocate" free="43736760" total="53870592" percent="81" />
      <mem type="survivor" free="0" total="13238272" percent="0" />
    </mem>
    <mem type="tenure" free="148133624" total="201326592" percent="73" macro-fragmented="134217728">
      <mem type="soa" free="138066680" total="191259648" percent="72" />
      <mem type="loa" free="10066944" total="10066944" percent="100" />
    </mem>
    <pending-finalizers system="4" default="34" reference="3042" classloader="0" />
    <remembered-set count="2606" />
  </mem-info>
</gc-end>
<cycle-end id="376" type="scavenge" contextid="370" timestamp="2026-09-07T15:07:28.773" />
<allocation-satisfied id="377" threadId="000000000055F100" bytesRequested="32" />
<af-end id="378" timestamp="2026-09-07T15:07:28.774" threadId="000000000055FBC0" success="true" from="nursery"/>
<exclusive-end id="379" timestamp="2026-09-07T15:07:28.774" durationms="12.781" />

<exclusive-start id="380" timestamp="2026-09-07T15:11:36.201" intervalms="247439.402">
  <response-info timems="0.072" idlems="0.072" threads="0" lastid="00000000001A7100" lastname="VM Runtime State Listener" />
</exclusive-start>
<sys-start reason="vm idle" id="381" timestamp="2026-09-07T15:11:36.204" intervalms="714982.640" />
<cycle-start id="382" type="global" contextid="0" timestamp="2026-09-07T15:11:36.204" intervalms="714982.651" />
<gc-start id="383" type="global" contextid="382" timestamp="2026-09-07T15:11:36.205">
  <mem-info id="384" free="149875944" total="268435456" percent="55">
    <mem type="nursery" free="1746904" total="67108864" percent="2">
      <mem type="allocate" free="1746904" total="53870592" percent="3" />
      <mem type="survivor" free="0" total="13238272" percent="0" />
    </mem>
    <mem type="tenure" free="148129040" total="201326592" percent="73">
      <mem type="soa" free="138062096" total="191259648" percent="72" />
      <mem type="loa" free="10066944" total="10066944" percent="100" />
    </mem>
    <remembered-set count="2879" />
  </mem-info>
</gc-start>
<allocation-stats totalBytes="41913096" discardedBytes="81344" >
  <allocated-bytes non-tlh="600264" tlh="41312832" />
  <largest-consumer threadName="Memory manager" threadId="00000000012EE700" bytes="1218840" />
</allocation-stats>
<gc-op id="385" type="mark" timems="25.450" contextid="382" timestamp="2026-09-07T15:11:36.230">
  <trace-info objectcount="1040303" scancount="895768" scanbytes="29770700" />
  <finalization candidates="1147" enqueued="59" />
  <ownableSynchronizers candidates="4853" cleared="797" />
  <references type="soft" candidates="26534" cleared="0" enqueued="0" dynamicThreshold="25" maxThreshold="32" />
  <references type="weak" candidates="26258" cleared="145" enqueued="108" />
  <references type="phantom" candidates="2100" cleared="189" enqueued="189" />
  <stringconstants candidates="49083" cleared="88"  />
  <object-monitors candidates="17" cleared="2"  />
</gc-op>
<gc-op id="386" type="classunload" timems="2.885" contextid="382" timestamp="2026-09-07T15:11:36.233">
  <classunload-info classloadercandidates="30" classloadersunloaded="16" classesunloaded="4" anonymousclassesunloaded="4" quiescems="0.000" setupms="2.414" scanms="0.221" postms="0.250" />
</gc-op>
<gc-op id="387" type="sweep" timems="0.871" contextid="382" timestamp="2026-09-07T15:11:36.234" />
<gc-end id="388" type="global" contextid="382" durationms="40.700" usertimems="169.646" systemtimems="7.629" stalltimems="80.478" timestamp="2026-09-07T15:11:36.245" activeThreads="10">
  <mem-info id="389" free="198342768" total="268435456" percent="73">
    <mem type="nursery" free="48183984" total="67108864" percent="71">
      <mem type="allocate" free="48183984" total="53870592" percent="89" />
      <mem type="survivor" free="0" total="13238272" percent="0" />
    </mem>
    <mem type="tenure" free="150158784" total="201326592" percent="74" micro-fragmented="110795" macro-fragmented="134217728">
      <mem type="soa" free="140091840" total="191259648" percent="73" />
      <mem type="loa" free="10066944" total="10066944" percent="100" />
    </mem>
    <pending-finalizers system="4" default="55" reference="297" classloader="0" />
    <remembered-set count="1325" />
  </mem-info>
</gc-end>
<cycle-end id="390" type="global" contextid="382" timestamp="2026-09-07T15:11:36.246" />
<heap-fixup timems="3.753" reason="class unloading"  timestamp="2026-09-07T15:11:36.246" />
<sys-end id="391" timestamp="2026-09-07T15:11:36.246" />
<exclusive-end id="392" timestamp="2026-09-07T15:11:36.246" durationms="44.801" />

<heap-resize id="393" type="release free pages" space="tenure" amount="149897216" count="1" timems="0.136" reason="idle" timestamp="2026-09-07T15:11:36.246" />
<exclusive-start id="394" timestamp="2026-09-07T15:14:50.397" intervalms="194194.646">
  <response-info timems="0.027" idlems="0.027" threads="0" lastid="00000000011F6800" lastname="Execution worker Thread 9" />
</exclusive-start>
<af-start id="395" threadId="00000000011F72C0" totalBytesRequested="64" timestamp="2026-09-07T15:14:50.397" intervalms="441634.140" type="nursery" />
<cycle-start id="396" type="scavenge" contextid="0" timestamp="2026-09-07T15:14:50.397" intervalms="441634.223" />
<gc-start id="397" type="scavenge" contextid="396" timestamp="2026-09-07T15:14:50.398">
  <mem-info id="398" free="150148608" total="268435456" percent="55">
    <mem type="nursery" free="0" total="67108864" percent="0">
      <mem type="allocate" free="0" total="53870592" percent="0" />
      <mem type="survivor" free="0" total="13238272" percent="0" />
    </mem>
    <mem type="tenure" free="150148608" total="201326592" percent="74">
      <mem type="soa" free="140081664" total="191259648" percent="73" />
      <mem type="loa" free="10066944" total="10066944" percent="100" />
    </mem>
    <remembered-set count="1653" />
  </mem-info>
</gc-start>
<allocation-stats totalBytes="47903616" discardedBytes="286520" >
  <allocated-bytes non-tlh="1889576" tlh="46014040" />
  <largest-consumer threadName="Daemon worker Thread 6" threadId="00000000011F8100" bytes="13365560" />
</allocation-stats>
<gc-op id="399" type="scavenge" timems="4.131" contextid="396" timestamp="2026-09-07T15:14:50.402">
  <scavenger-info tenureage="8" tenuremask="7f00" tiltratio="80" />
  <memory-copied type="nursery" objects="125645" bytes="4620528" bytesdiscarded="177280" />
  <memory-copied type="tenure" objects="88" bytes="4840" bytesdiscarded="0" />
  <finalization candidates="4" enqueued="4" />
  <ownableSynchronizers candidates="9260" cleared="8887" />
  <references type="soft" candidates="3" cleared="0" enqueued="0" dynamicThreshold="23" maxThreshold="32" />
  <references type="weak" candidates="807" cleared="107" enqueued="30" />
  <references type="phantom" candidates="3171" cleared="3133" enqueued="3133" />
  <object-monitors candidates="16" cleared="1"  />
</gc-op>
<gc-end id="400" type="scavenge" contextid="396" durationms="7.454" usertimems="24.869" systemtimems="1.339" stalltimems="10.466" timestamp="2026-09-07T15:14:50.405" activeThreads="10">
  <mem-info id="401" free="199571800" total="268435456" percent="74">
    <mem type="nursery" free="49447640" total="67108864" percent="73">
      <mem type="allocate" free="49447640" total="54263808" percent="91" />
      <mem type="survivor" free="0" total="12845056" percent="0" />
    </mem>
    <mem type="tenure" free="150124160" total="201326592" percent="74" macro-fragmented="67108864">
      <mem type="soa" free="140057216" total="191259648" percent="73" />
      <mem type="loa" free="10066944" total="10066944" percent="100" />
    </mem>
    <pending-finalizers system="3" default="1" reference="3163" classloader="0" />
    <remembered-set count="1449" />
  </mem-info>
</gc-end>
<cycle-end id="402" type="scavenge" contextid="396" timestamp="2026-09-07T15:14:50.406" />
<allocation-satisfied id="403" threadId="00000000011F6800" bytesRequested="64" />
<af-end id="404" timestamp="2026-09-07T15:14:50.406" threadId="00000000011F72C0" success="true" from="nursery"/>
<exclusive-end id="405" timestamp="2026-09-07T15:14:50.406" durationms="9.011" />

<exclusive-start id="406" timestamp="2026-09-07T15:18:17.082" intervalms="206684.145">
  <response-info timems="0.117" idlems="0.117" threads="0" lastid="00000000001A7100" lastname="VM Runtime State Listener" />
</exclusive-start>
<sys-start reason="vm idle" id="407" timestamp="2026-09-07T15:18:17.084" intervalms="400879.005" />
<cycle-start id="408" type="global" contextid="0" timestamp="2026-09-07T15:18:17.085" intervalms="400879.150" />
<gc-start id="409" type="global" contextid="408" timestamp="2026-09-07T15:18:17.086">
  <mem-info id="410" free="170305464" total="268435456" percent="63">
    <mem type="nursery" free="20181304" total="67108864" percent="30">
      <mem type="allocate" free="20181304" total="54263808" percent="37" />
      <mem type="survivor" free="0" total="12845056" percent="0" />
    </mem>
    <mem type="tenure" free="150124160" total="201326592" percent="74">
      <mem type="soa" free="140057216" total="191259648" percent="73" />
      <mem type="loa" free="10066944" total="10066944" percent="100" />
    </mem>
    <remembered-set count="1560" />
  </mem-info>
</gc-start>
<allocation-stats totalBytes="29229504" discardedBytes="36832" >
  <allocated-bytes non-tlh="217504" tlh="29012000" />
  <largest-consumer threadName="Memory manager" threadId="00000000012EE700" bytes="1078488" />
</allocation-stats>
<gc-op id="411" type="mark" timems="28.442" contextid="408" timestamp="2026-09-07T15:18:17.114">
  <trace-info objectcount="1038412" scancount="894224" scanbytes="29719924" />
  <finalization candidates="1132" enqueued="44" />
  <ownableSynchronizers candidates="4329" cleared="294" />
  <references type="soft" candidates="26534" cleared="0" enqueued="0" dynamicThreshold="23" maxThreshold="32" />
  <references type="weak" candidates="26205" cleared="95" enqueued="92" />
  <references type="phantom" candidates="1961" cleared="50" enqueued="50" />
  <stringconstants candidates="49051" cleared="47"  />
  <object-monitors candidates="16" cleared="1"  />
</gc-op>
<gc-op id="412" type="classunload" timems="0.187" contextid="408" timestamp="2026-09-07T15:18:17.115">
  <classunload-info classloadercandidates="16" classloadersunloaded="2" classesunloaded="0" anonymousclassesunloaded="0" quiescems="0.000" setupms="0.162" scanms="0.015" postms="0.009" />
</gc-op>
<gc-op id="413" type="sweep" timems="1.118" contextid="408" timestamp="2026-09-07T15:18:17.116" />
<mem-info id="414" free="200134848" total="268435456" percent="74">
  <mem type="nursery" free="49958288" total="67108864" percent="74">
    <mem type="allocate" free="49958288" total="54263808" percent="92" />
    <mem type="survivor" free="0" total="12845056" percent="0" />
  </mem>
  <mem type="tenure" free="150176560" total="201326592" percent="74" micro-fragmented="114315" macro-fragmented="134217728">
    <mem type="soa" free="140109616" total="191259648" percent="73" />
    <mem type="loa" free="10066944" total="10066944" percent="100" />
  </mem>
  <pending-finalizers system="0" default="44" reference="142" classloader="0" />
  <remembered-set count="1287" />
</mem-info>
<gc-op id="415" type="compact" timems="43.630" contextid="408" timestamp="2026-09-07T15:18:17.160">
  <compact-info movecount="990932" movebytes="52574752" reason="compact on aggressive collection" />
</gc-op>
<gc-end id="416" type="global" contextid="408" durationms="74.417" usertimems="472.492" systemtimems="6.304" stalltimems="96.006" timestamp="2026-09-07T15:18:17.160" activeThreads="10">
  <mem-info id="417" free="200765736" total="268435456" percent="74">
    <mem type="nursery" free="50463192" total="67108864" percent="75">
      <mem type="allocate" free="50463192" total="54263808" percent="92" />
      <mem type="survivor" free="0" total="12845056" percent="0" />
    </mem>
    <mem type="tenure" free="150302544" total="201326592" percent="74">
      <mem type="soa" free="140235600" total="191259648" percent="73" />
      <mem type="loa" free="10066944" total="10066944" percent="100" />
    </mem>
    <pending-finalizers system="0" default="44" reference="142" classloader="0" />
    <remembered-set count="1287" />
  </mem-info>
</gc-end>
<cycle-end id="418" type="global" contextid="408" timestamp="2026-09-07T15:18:17.160" />
<sys-end id="419" timestamp="2026-09-07T15:18:17.160" />
<exclusive-end id="420" timestamp="2026-09-07T15:18:17.160" durationms="78.857" />

<heap-resize id="421" type="release free pages" space="tenure" amount="150274048" count="1" timems="0.130" reason="idle" timestamp="2026-09-07T15:18:17.161" />
<exclusive-start id="422" timestamp="2026-09-07T15:25:12.030" intervalms="414937.333">
  <response-info timems="0.029" idlems="0.029" threads="0" lastid="0000000000B41E00" lastname="Execution worker Thread 8" />
</exclusive-start>
<af-start id="423" threadId="0000000000B428C0" totalBytesRequested="128" timestamp="2026-09-07T15:25:12.030" intervalms="621621.414" type="nursery" />
<cycle-start id="424" type="scavenge" contextid="0" timestamp="2026-09-07T15:25:12.030" intervalms="621621.377" />
<gc-start id="425" type="scavenge" contextid="424" timestamp="2026-09-07T15:25:12.031">
  <mem-info id="426" free="150291792" total="268435456" percent="55">
    <mem type="nursery" free="0" total="67108864" percent="0">
      <mem type="allocate" free="0" total="54263808" percent="0" />
      <mem type="survivor" free="0" total="12845056" percent="0" />
    </mem>
    <mem type="tenure" free="150291792" total="201326592" percent="74">
      <mem type="soa" free="140224848" total="191259648" percent="73" />
      <mem type="loa" free="10066944" total="10066944" percent="100" />
    </mem>
    <remembered-set count="1525" />
  </mem-info>
</gc-start>
<allocation-stats totalBytes="50337232" discardedBytes="133000" >
  <allocated-bytes non-tlh="977880" tlh="49359352" />
  <largest-consumer threadName="Execution worker" threadId="00000000005A4000" bytes="14271888" />
</allocation-stats>
<gc-op id="427" type="scavenge" timems="4.970" contextid="424" timestamp="2026-09-07T15:25:12.036">
  <scavenger-info tenureage="9" tenuremask="7e00" tiltratio="80" />
  <memory-copied type="nursery" objects="135351" bytes="5550520" bytesdiscarded="209488" />
  <finalization candidates="14" enqueued="4" />
  <ownableSynchronizers candidates="8923" cleared="8539" />
  <references type="soft" candidates="7" cleared="0" enqueued="0" dynamicThreshold="23" maxThreshold="32" />
  <references type="weak" candidates="904" cleared="86" enqueued="9" />
  <references type="phantom" candidates="3279" cleared="3108" enqueued="3108" />
  <object-monitors candidates="16" cleared="1"  />
</gc-op>
<gc-end id="428" type="scavenge" contextid="424" durationms="6.943" usertimems="16.427" systemtimems="1.403" stalltimems="23.270" timestamp="2026-09-07T15:25:12.038" activeThreads="10">
  <mem-info id="429" free="199822632" total="268435456" percent="74">
    <mem type="nursery" free="49530840" total="67108864" percent="73">
      <mem type="allocate" free="49530840" total="55312384" percent="89" />
      <mem type="survivor" free="0" total="11796480" percent="0" />
    </mem>
    <mem type="tenure" free="150291792" total="201326592" percent="74" macro-fragmented="134217728">
      <mem type="soa" free="140224848" total="191259648" percent="73" />
      <mem type="loa" free="10066944" total="10066944" percent="100" />
    </mem>
    <pending-finalizers system="3" default="1" reference="3117" classloader="0" />
    <remembered-set count="1331" />
  </mem-info>
</gc-end>
<cycle-end id="430" type="scavenge" contextid="424" timestamp="2026-09-07T15:25:12.038" />
<allocation-satisfied id="431" threadId="0000000000B41E00" bytesRequested="128" />
<af-end id="432" timestamp="2026-09-07T15:25:12.038" threadId="0000000000B428C0" success="true" from="nursery"/>
<exclusive-end id="433" timestamp="2026-09-07T15:25:12.038" durationms="8.169" />

<exclusive-start id="434" timestamp="2026-09-07T15:25:38.634" intervalms="26604.485">
  <response-info timems="0.022" idlems="0.022" threads="0" lastid="000000000054E100" lastname="Cache worker for file hash cache (/workspace/project/.gradle/9." />
</exclusive-start>
<af-start id="435" threadId="000000000054EBC0" totalBytesRequested="4104" timestamp="2026-09-07T15:25:38.634" intervalms="26604.410" type="nursery" />
<cycle-start id="436" type="scavenge" contextid="0" timestamp="2026-09-07T15:25:38.635" intervalms="26604.351" />
<gc-start id="437" type="scavenge" contextid="436" timestamp="2026-09-07T15:25:38.635">
  <mem-info id="438" free="150288776" total="268435456" percent="55">
    <mem type="nursery" free="0" total="67108864" percent="0">
      <mem type="allocate" free="0" total="55312384" percent="0" />
      <mem type="survivor" free="0" total="11796480" percent="0" />
    </mem>
    <mem type="tenure" free="150288776" total="201326592" percent="74">
      <mem type="soa" free="140221832" total="191259648" percent="73" />
      <mem type="loa" free="10066944" total="10066944" percent="100" />
    </mem>
    <remembered-set count="1556" />
  </mem-info>
</gc-start>
<allocation-stats totalBytes="49386400" discardedBytes="147456" >
  <allocated-bytes non-tlh="1135456" tlh="48250944" />
  <largest-consumer threadName="Daemon worker Thread 7" threadId="0000000001201E00" bytes="13565304" />
</allocation-stats>
<gc-op id="439" type="scavenge" timems="2.724" contextid="436" timestamp="2026-09-07T15:25:38.638">
  <scavenger-info tenureage="9" tenuremask="7e00" tiltratio="82" />
  <memory-copied type="nursery" objects="104146" bytes="4147696" bytesdiscarded="399544" />
  <memory-copied type="tenure" objects="51" bytes="1560" bytesdiscarded="0" />
  <finalization candidates="54" enqueued="54" />
  <ownableSynchronizers candidates="1450" cleared="1028" />
  <references type="soft" candidates="1" cleared="0" enqueued="0" dynamicThreshold="23" maxThreshold="32" />
  <references type="weak" candidates="360" cleared="123" enqueued="88" />
  <references type="phantom" candidates="2875" cleared="2847" enqueued="2847" />
  <object-monitors candidates="17" cleared="2"  />
</gc-op>
<gc-end id="440" type="scavenge" contextid="436" durationms="5.376" usertimems="14.875" systemtimems="1.064" stalltimems="10.359" timestamp="2026-09-07T15:25:38.640" activeThreads="10">
  <mem-info id="441" free="202127912" total="268435456" percent="75">
    <mem type="nursery" free="51865024" total="67108864" percent="77">
      <mem type="allocate" free="51865024" total="56426496" percent="91" />
      <mem type="survivor" free="0" total="10682368" percent="0" />
    </mem>
    <mem type="tenure" free="150262888" total="201326592" percent="74" macro-fragmented="67108864">
      <mem type="soa" free="140195944" total="191259648" percent="73" />
      <mem type="loa" free="10066944" total="10066944" percent="100" />
    </mem>
    <pending-finalizers system="9" default="45" reference="2935" classloader="0" />
    <remembered-set count="1363" />
  </mem-info>
</gc-end>
<cycle-end id="442" type="scavenge" contextid="436" timestamp="2026-09-07T15:25:38.640" />
<allocation-satisfied id="443" threadId="000000000054E100" bytesRequested="4104" />
<af-end id="444" timestamp="2026-09-07T15:25:38.640" threadId="000000000054EBC0" success="true" from="nursery"/>
<exclusive-end id="445" timestamp="2026-09-07T15:25:38.640" durationms="6.248" />

<exclusive-start id="446" timestamp="2026-09-07T15:28:46.212" intervalms="187576.751">
  <response-info timems="0.081" idlems="0.081" threads="0" lastid="00000000001A7100" lastname="VM Runtime State Listener" />
</exclusive-start>
<sys-start reason="vm idle" id="447" timestamp="2026-09-07T15:28:46.215" intervalms="629118.460" />
<cycle-start id="448" type="global" contextid="0" timestamp="2026-09-07T15:28:46.215" intervalms="629118.289" />
<gc-start id="449" type="global" contextid="448" timestamp="2026-09-07T15:28:46.216">
  <mem-info id="450" free="156592552" total="268435456" percent="58">
    <mem type="nursery" free="6333888" total="67108864" percent="9">
      <mem type="allocate" free="6333888" total="56426496" percent="11" />
      <mem type="survivor" free="0" total="10682368" percent="0" />
    </mem>
    <mem type="tenure" free="150258664" total="201326592" percent="74">
      <mem type="soa" free="140191720" total="191259648" percent="73" />
      <mem type="loa" free="10066944" total="10066944" percent="100" />
    </mem>
    <remembered-set count="1615" />
  </mem-info>
</gc-start>
<allocation-stats totalBytes="45430240" discardedBytes="105120" >
  <allocated-bytes non-tlh="529160" tlh="44901080" />
  <largest-consumer threadName="Memory manager" threadId="00000000012EE700" bytes="889248" />
</allocation-stats>
<gc-op id="451" type="mark" timems="26.022" contextid="448" timestamp="2026-09-07T15:28:46.242">
  <trace-info objectcount="1039382" scancount="895181" scanbytes="29753528" />
  <finalization candidates="1133" enqueued="45" />
  <ownableSynchronizers candidates="4633" cleared="588" />
  <references type="soft" candidates="26534" cleared="0" enqueued="0" dynamicThreshold="23" maxThreshold="32" />
  <references type="weak" candidates="26216" cleared="108" enqueued="102" />
  <references type="phantom" candidates="2280" cleared="369" enqueued="369" />
  <stringconstants candidates="49051" cleared="47"  />
  <object-monitors candidates="16" cleared="1"  />
</gc-op>
<gc-op id="452" type="classunload" timems="0.246" contextid="448" timestamp="2026-09-07T15:28:46.243">
  <classunload-info classloadercandidates="18" classloadersunloaded="4" classesunloaded="0" anonymousclassesunloaded="0" quiescems="0.000" setupms="0.167" scanms="0.072" postms="0.006" />
</gc-op>
<gc-op id="453" type="sweep" timems="0.939" contextid="448" timestamp="2026-09-07T15:28:46.244" />
<gc-end id="454" type="global" contextid="448" durationms="32.151" usertimems="141.372" systemtimems="3.416" stalltimems="83.970" timestamp="2026-09-07T15:28:46.248" activeThreads="10">
  <mem-info id="455" free="201212288" total="268435456" percent="74">
    <mem type="nursery" free="50913456" total="67108864" percent="75">
      <mem type="allocate" free="50913456" total="56426496" percent="90" />
      <mem type="survivor" free="0" total="10682368" percent="0" />
    </mem>
    <mem type="tenure" free="150298832" total="201326592" percent="74" micro-fragmented="2087" macro-fragmented="134217728">
      <mem type="soa" free="140231888" total="191259648" percent="73" />
      <mem type="loa" free="10066944" total="10066944" percent="100" />
    </mem>
    <pending-finalizers system="1" default="44" reference="471" classloader="0" />
    <remembered-set count="1332" />
  </mem-info>
</gc-end>
<cycle-end id="456" type="global" contextid="448" timestamp="2026-09-07T15:28:46.248" />
<sys-end id="457" timestamp="2026-09-07T15:28:46.249" />
<exclusive-end id="458" timestamp="2026-09-07T15:28:46.249" durationms="36.355" />

<heap-resize id="459" type="release free pages" space="tenure" amount="150265856" count="1" timems="0.066" reason="idle" timestamp="2026-09-07T15:28:46.249" />
<exclusive-start id="460" timestamp="2026-09-07T16:15:51.627" intervalms="1983528.261">
  <response-info timems="0.064" idlems="0.064" threads="0" lastid="00000000014AD700" lastname="Execution worker Thread 6" />
</exclusive-start>
<af-start id="461" threadId="00000000014AE1C0" totalBytesRequested="64" timestamp="2026-09-07T16:15:51.627" intervalms="2171105.030" type="nursery" />
<cycle-start id="462" type="scavenge" contextid="0" timestamp="2026-09-07T16:15:51.627" intervalms="2171105.284" />
<gc-start id="463" type="scavenge" contextid="462" timestamp="2026-09-07T16:15:51.629">
  <mem-info id="464" free="150295160" total="268435456" percent="55">
    <mem type="nursery" free="0" total="67108864" percent="0">
      <mem type="allocate" free="0" total="56426496" percent="0" />
      <mem type="survivor" free="0" total="10682368" percent="0" />
    </mem>
    <mem type="tenure" free="150295160" total="201326592" percent="74">
      <mem type="soa" free="140228216" total="191259648" percent="73" />
      <mem type="loa" free="10066944" total="10066944" percent="100" />
    </mem>
    <remembered-set count="1426" />
  </mem-info>
</gc-start>
<allocation-stats totalBytes="50717576" discardedBytes="181104" >
  <allocated-bytes non-tlh="3093976" tlh="47623600" />
  <largest-consumer threadName="Daemon worker Thread 8" threadId="000000000148DD00" bytes="13511848" />
</allocation-stats>
<gc-op id="465" type="scavenge" timems="4.543" contextid="462" timestamp="2026-09-07T16:15:51.634">
  <scavenger-info tenureage="10" tenuremask="7c00" tiltratio="84" />
  <memory-copied type="nursery" objects="106291" bytes="3559904" bytesdiscarded="165144" />
  <finalization candidates="1" enqueued="1" />
  <ownableSynchronizers candidates="9054" cleared="8675" />
  <references type="soft" candidates="2" cleared="0" enqueued="0" dynamicThreshold="23" maxThreshold="32" />
  <references type="weak" candidates="338" cleared="15" enqueued="6" />
  <references type="phantom" candidates="3030" cleared="2997" enqueued="2997" />
  <object-monitors candidates="16" cleared="1"  />
</gc-op>
<gc-end id="466" type="scavenge" contextid="462" durationms="6.710" usertimems="21.154" systemtimems="4.828" stalltimems="12.293" timestamp="2026-09-07T16:15:51.636" activeThreads="10">
  <mem-info id="467" free="204162232" total="268435456" percent="76">
    <mem type="nursery" free="53867072" total="67108864" percent="80">
      <mem type="allocate" free="53867072" total="57606144" percent="93" />
      <mem type="survivor" free="0" total="9502720" percent="0" />
    </mem>
    <mem type="tenure" free="150295160" total="201326592" percent="74" macro-fragmented="100663296">
      <mem type="soa" free="140228216" total="191259648" percent="73" />
      <mem type="loa" free="10066944" total="10066944" percent="100" />
    </mem>
    <pending-finalizers system="0" default="1" reference="3003" classloader="0" />
    <remembered-set count="1224" />
  </mem-info>
</gc-end>
<cycle-end id="468" type="scavenge" contextid="462" timestamp="2026-09-07T16:15:51.636" />
<allocation-satisfied id="469" threadId="00000000014AD700" bytesRequested="64" />
<af-end id="470" timestamp="2026-09-07T16:15:51.637" threadId="00000000014AE1C0" success="true" from="nursery"/>
<exclusive-end id="471" timestamp="2026-09-07T16:15:51.637" durationms="9.758" />

<exclusive-start id="472" timestamp="2026-09-07T16:19:08.958" intervalms="197348.927">
  <response-info timems="0.111" idlems="0.111" threads="0" lastid="00000000001A7100" lastname="VM Runtime State Listener" />
</exclusive-start>
<sys-start reason="vm idle" id="473" timestamp="2026-09-07T16:19:08.962" intervalms="2180878.229" />
<cycle-start id="474" type="global" contextid="0" timestamp="2026-09-07T16:19:08.962" intervalms="2180878.241" />
<gc-start id="475" type="global" contextid="474" timestamp="2026-09-07T16:19:08.963">
  <mem-info id="476" free="164093112" total="268435456" percent="61">
    <mem type="nursery" free="13806408" total="67108864" percent="20">
      <mem type="allocate" free="13806408" total="57606144" percent="23" />
      <mem type="survivor" free="0" total="9502720" percent="0" />
    </mem>
    <mem type="tenure" free="150286704" total="201326592" percent="74">
      <mem type="soa" free="140219760" total="191259648" percent="73" />
      <mem type="loa" free="10066944" total="10066944" percent="100" />
    </mem>
    <remembered-set count="1474" />
  </mem-info>
</gc-start>
<allocation-stats totalBytes="40016592" discardedBytes="48744" >
  <allocated-bytes non-tlh="846136" tlh="39170456" />
  <largest-consumer threadName="Daemon periodic checks" threadId="0000000000543400" bytes="1052664" />
</allocation-stats>
<gc-op id="477" type="mark" timems="24.609" contextid="474" timestamp="2026-09-07T16:19:08.987">
  <trace-info objectcount="1039064" scancount="894869" scanbytes="29744052" />
  <finalization candidates="1133" enqueued="45" />
  <ownableSynchronizers candidates="4516" cleared="469" />
  <references type="soft" candidates="26534" cleared="0" enqueued="0" dynamicThreshold="23" maxThreshold="32" />
  <references type="weak" candidates="26209" cleared="96" enqueued="92" />
  <references type="phantom" candidates="2093" cleared="182" enqueued="182" />
  <stringconstants candidates="49052" cleared="47"  />
  <object-monitors candidates="16" cleared="1"  />
</gc-op>
<gc-op id="478" type="classunload" timems="0.164" contextid="474" timestamp="2026-09-07T16:19:08.988">
  <classunload-info classloadercandidates="16" classloadersunloaded="2" classesunloaded="0" anonymousclassesunloaded="0" quiescems="0.000" setupms="0.152" scanms="0.006" postms="0.005" />
</gc-op>
<gc-op id="479" type="sweep" timems="0.918" contextid="474" timestamp="2026-09-07T16:19:08.989" />
<mem-info id="480" free="202609240" total="268435456" percent="75">
  <mem type="nursery" free="52312104" total="67108864" percent="77">
    <mem type="allocate" free="52312104" total="57606144" percent="90" />
    <mem type="survivor" free="0" total="9502720" percent="0" />
  </mem>
  <mem type="tenure" free="150297136" total="201326592" percent="74" micro-fragmented="3131" macro-fragmented="117440512">
    <mem type="soa" free="140230192" total="191259648" percent="73" />
    <mem type="loa" free="10066944" total="10066944" percent="100" />
  </mem>
  <pending-finalizers system="1" default="44" reference="274" classloader="0" />
  <remembered-set count="1330" />
</mem-info>
<gc-op id="481" type="compact" timems="30.471" contextid="474" timestamp="2026-09-07T16:19:09.019">
  <compact-info movecount="460760" movebytes="20525464" reason="compact on aggressive collection" />
</gc-op>
<gc-end id="482" type="global" contextid="474" durationms="58.925" usertimems="336.549" systemtimems="9.503" stalltimems="75.796" timestamp="2026-09-07T16:19:09.022" activeThreads="10">
  <mem-info id="483" free="204081448" total="268435456" percent="76">
    <mem type="nursery" free="53780360" total="67108864" percent="80">
      <mem type="allocate" free="53780360" total="57606144" percent="93" />
      <mem type="survivor" free="0" total="9502720" percent="0" />
    </mem>
    <mem type="tenure" free="150301088" total="201326592" percent="74">
      <mem type="soa" free="140234144" total="191259648" percent="73" />
      <mem type="loa" free="10066944" total="10066944" percent="100" />
    </mem>
    <pending-finalizers system="1" default="44" reference="274" classloader="0" />
    <remembered-set count="1330" />
  </mem-info>
</gc-end>
<cycle-end id="484" type="global" contextid="474" timestamp="2026-09-07T16:19:09.022" />
<sys-end id="485" timestamp="2026-09-07T16:19:09.022" />
<exclusive-end id="486" timestamp="2026-09-07T16:19:09.022" durationms="63.954" />

<heap-resize id="487" type="release free pages" space="tenure" amount="150278144" count="1" timems="0.071" reason="idle" timestamp="2026-09-07T16:19:09.022" />
<exclusive-start id="488" timestamp="2026-09-07T16:21:42.907" intervalms="153949.600">
  <response-info timems="0.023" idlems="0.023" threads="0" lastid="00000000011FA500" lastname="Execution worker Thread 7" />
</exclusive-start>
<af-start id="489" threadId="00000000011FAFC0" totalBytesRequested="32" timestamp="2026-09-07T16:21:42.908" intervalms="351298.519" type="nursery" />
<cycle-start id="490" type="scavenge" contextid="0" timestamp="2026-09-07T16:21:42.908" intervalms="351298.278" />
<gc-start id="491" type="scavenge" contextid="490" timestamp="2026-09-07T16:21:42.909">
  <mem-info id="492" free="150290440" total="268435456" percent="55">
    <mem type="nursery" free="0" total="67108864" percent="0">
      <mem type="allocate" free="0" total="57606144" percent="0" />
      <mem type="survivor" free="0" total="9502720" percent="0" />
    </mem>
    <mem type="tenure" free="150290440" total="201326592" percent="74">
      <mem type="soa" free="140223496" total="191259648" percent="73" />
      <mem type="loa" free="10066944" total="10066944" percent="100" />
    </mem>
    <remembered-set count="1540" />
  </mem-info>
</gc-start>
<allocation-stats totalBytes="53676744" discardedBytes="111256" >
  <allocated-bytes non-tlh="908176" tlh="52768568" />
  <largest-consumer threadName="Daemon worker Thread 9" threadId="0000000001205B00" bytes="13785664" />
</allocation-stats>
<gc-op id="493" type="scavenge" timems="5.193" contextid="490" timestamp="2026-09-07T16:21:42.914">
  <scavenger-info tenureage="11" tenuremask="7800" tiltratio="85" />
  <memory-copied type="nursery" objects="156472" bytes="7043240" bytesdiscarded="208184" />
  <finalization candidates="48" enqueued="9" />
  <ownableSynchronizers candidates="9272" cleared="8848" />
  <references type="soft" candidates="7" cleared="0" enqueued="0" dynamicThreshold="23" maxThreshold="32" />
  <references type="weak" candidates="909" cleared="86" enqueued="9" />
  <references type="phantom" candidates="3344" cleared="3116" enqueued="3116" />
  <object-monitors candidates="17" cleared="1"  />
</gc-op>
<gc-end id="494" type="scavenge" contextid="490" durationms="7.010" usertimems="19.741" systemtimems="1.732" stalltimems="19.008" timestamp="2026-09-07T16:21:42.916" activeThreads="10">
  <mem-info id="495" free="198591512" total="268435456" percent="73">
    <mem type="nursery" free="48301072" total="67108864" percent="71">
      <mem type="allocate" free="48301072" total="55574528" percent="86" />
      <mem type="survivor" free="0" total="11534336" percent="0" />
    </mem>
    <mem type="tenure" free="150290440" total="201326592" percent="74" macro-fragmented="134217728">
      <mem type="soa" free="140223496" total="191259648" percent="73" />
      <mem type="loa" free="10066944" total="10066944" percent="100" />
    </mem>
    <pending-finalizers system="8" default="1" reference="3125" classloader="0" />
    <remembered-set count="1346" />
  </mem-info>
</gc-end>
<cycle-end id="496" type="scavenge" contextid="490" timestamp="2026-09-07T16:21:42.916" />
<allocation-satisfied id="497" threadId="00000000011FA500" bytesRequested="32" />
<af-end id="498" timestamp="2026-09-07T16:21:42.916" threadId="00000000011FAFC0" success="true" from="nursery"/>
<exclusive-end id="499" timestamp="2026-09-07T16:21:42.916" durationms="8.969" />

<exclusive-start id="500" timestamp="2026-09-07T16:25:08.099" intervalms="205191.321">
  <response-info timems="0.054" idlems="0.054" threads="0" lastid="00000000001A7100" lastname="VM Runtime State Listener" />
</exclusive-start>
<sys-start reason="vm idle" id="501" timestamp="2026-09-07T16:25:08.102" intervalms="359140.559" />
<cycle-start id="502" type="global" contextid="0" timestamp="2026-09-07T16:25:08.102" intervalms="359140.651" />
<gc-start id="503" type="global" contextid="502" timestamp="2026-09-07T16:25:08.103">
  <mem-info id="504" free="178817680" total="268435456" percent="66">
    <mem type="nursery" free="28527360" total="67108864" percent="42">
      <mem type="allocate" free="28527360" total="55574528" percent="51" />
      <mem type="survivor" free="0" total="11534336" percent="0" />
    </mem>
    <mem type="tenure" free="150290320" total="201326592" percent="74">
      <mem type="soa" free="140223376" total="191259648" percent="73" />
      <mem type="loa" free="10066944" total="10066944" percent="100" />
    </mem>
    <remembered-set count="1469" />
  </mem-info>
</gc-start>
<allocation-stats totalBytes="19743024" discardedBytes="30808" >
  <allocated-bytes non-tlh="252296" tlh="19490728" />
  <largest-consumer threadName="Memory manager" threadId="00000000012EE700" bytes="1090472" />
</allocation-stats>
<gc-op id="505" type="mark" timems="25.477" contextid="502" timestamp="2026-09-07T16:25:08.129">
  <trace-info objectcount="1039019" scancount="894824" scanbytes="29744968" />
  <finalization candidates="1133" enqueued="45" />
  <ownableSynchronizers candidates="4340" cleared="289" />
  <references type="soft" candidates="26534" cleared="0" enqueued="0" dynamicThreshold="23" maxThreshold="32" />
  <references type="weak" candidates="26203" cleared="92" enqueued="89" />
  <references type="phantom" candidates="1961" cleared="50" enqueued="50" />
  <stringconstants candidates="49052" cleared="47"  />
  <object-monitors candidates="17" cleared="1"  />
</gc-op>
<gc-op id="506" type="classunload" timems="0.106" contextid="502" timestamp="2026-09-07T16:25:08.129">
  <classunload-info classloadercandidates="16" classloadersunloaded="2" classesunloaded="0" anonymousclassesunloaded="0" quiescems="0.000" setupms="0.096" scanms="0.005" postms="0.004" />
</gc-op>
<gc-op id="507" type="sweep" timems="0.754" contextid="502" timestamp="2026-09-07T16:25:08.130" />
<gc-end id="508" type="global" contextid="502" durationms="28.458" usertimems="115.797" systemtimems="28.437" stalltimems="63.883" timestamp="2026-09-07T16:25:08.132" activeThreads="10">
  <mem-info id="509" free="201552312" total="268435456" percent="75">
    <mem type="nursery" free="51253048" total="67108864" percent="76">
      <mem type="allocate" free="51253048" total="55574528" percent="92" />
      <mem type="survivor" free="0" total="11534336" percent="0" />
    </mem>
    <mem type="tenure" free="150299264" total="201326592" percent="74" micro-fragmented="517" macro-fragmented="1310720">
      <mem type="soa" free="140232320" total="191259648" percent="73" />
      <mem type="loa" free="10066944" total="10066944" percent="100" />
    </mem>
    <pending-finalizers system="1" default="44" reference="139" classloader="0" />
    <remembered-set count="1315" />
  </mem-info>
</gc-end>
<cycle-end id="510" type="global" contextid="502" timestamp="2026-09-07T16:25:08.132" />
<sys-end id="511" timestamp="2026-09-07T16:25:08.132" />
<exclusive-end id="512" timestamp="2026-09-07T16:25:08.132" durationms="33.520" />

<heap-resize id="513" type="release free pages" space="tenure" amount="150274048" count="1" timems="0.008" reason="idle" timestamp="2026-09-07T16:25:08.132" />
<exclusive-start id="514" timestamp="2026-09-07T16:35:49.700" intervalms="641589.460">
  <response-info timems="0.028" idlems="0.028" threads="0" lastid="00000000005A4000" lastname="Execution worker Thread 4" />
</exclusive-start>
<af-start id="515" threadId="00000000005A4AC0" totalBytesRequested="24" timestamp="2026-09-07T16:35:49.700" intervalms="846780.787" type="nursery" />
<cycle-start id="516" type="scavenge" contextid="0" timestamp="2026-09-07T16:35:49.700" intervalms="846780.811" />
<gc-start id="517" type="scavenge" contextid="516" timestamp="2026-09-07T16:35:49.702">
  <mem-info id="518" free="150290160" total="268435456" percent="55">
    <mem type="nursery" free="0" total="67108864" percent="0">
      <mem type="allocate" free="0" total="55574528" percent="0" />
      <mem type="survivor" free="0" total="11534336" percent="0" />
    </mem>
    <mem type="tenure" free="150290160" total="201326592" percent="74">
      <mem type="soa" free="140223216" total="191259648" percent="73" />
      <mem type="loa" free="10066944" total="10066944" percent="100" />
    </mem>
    <remembered-set count="1511" />
  </mem-info>
</gc-start>
<allocation-stats totalBytes="50868792" discardedBytes="386624" >
  <allocated-bytes non-tlh="1607240" tlh="49261552" />
  <largest-consumer threadName="Daemon worker Thread 10" threadId="000000000147E200" bytes="13820232" />
</allocation-stats>
<gc-op id="519" type="scavenge" timems="5.003" contextid="516" timestamp="2026-09-07T16:35:49.708">
  <scavenger-info tenureage="11" tenuremask="7800" tiltratio="82" />
  <memory-copied type="nursery" objects="128300" bytes="5056240" bytesdiscarded="195184" />
  <memory-copied type="tenure" objects="105" bytes="5504" bytesdiscarded="0" />
  <finalization candidates="2" enqueued="2" />
  <ownableSynchronizers candidates="8976" cleared="8587" />
  <references type="soft" candidates="5" cleared="0" enqueued="0" dynamicThreshold="23" maxThreshold="32" />
  <references type="weak" candidates="813" cleared="86" enqueued="9" />
  <references type="phantom" candidates="3266" cleared="3116" enqueued="3116" />
  <object-monitors candidates="17" cleared="1"  />
</gc-op>
<gc-end id="520" type="scavenge" contextid="516" durationms="6.560" usertimems="15.200" systemtimems="6.031" stalltimems="21.460" timestamp="2026-09-07T16:35:49.709" activeThreads="10">
  <mem-info id="521" free="201011848" total="268435456" percent="74">
    <mem type="nursery" free="51024736" total="67108864" percent="76">
      <mem type="allocate" free="51024736" total="56295424" percent="90" />
      <mem type="survivor" free="0" total="10813440" percent="0" />
    </mem>
    <mem type="tenure" free="149987112" total="201326592" percent="74" macro-fragmented="134217728">
      <mem type="soa" free="139920168" total="191259648" percent="73" />
      <mem type="loa" free="10066944" total="10066944" percent="100" />
    </mem>
    <pending-finalizers system="1" default="1" reference="3125" classloader="0" />
    <remembered-set count="1298" />
  </mem-info>
</gc-end>
<cycle-end id="522" type="scavenge" contextid="516" timestamp="2026-09-07T16:35:49.709" />
<allocation-satisfied id="523" threadId="00000000005A4000" bytesRequested="24" />
<af-end id="524" timestamp="2026-09-07T16:35:49.709" threadId="00000000005A4AC0" success="true" from="nursery"/>
<exclusive-end id="525" timestamp="2026-09-07T16:35:49.709" durationms="9.313" />

<exclusive-start id="526" timestamp="2026-09-07T16:40:22.642" intervalms="272941.780">
  <response-info timems="0.237" idlems="0.237" threads="0" lastid="00000000001A7100" lastname="VM Runtime State Listener" />
</exclusive-start>
<sys-start reason="vm idle" id="527" timestamp="2026-09-07T16:40:22.647" intervalms="914532.462" />
<cycle-start id="528" type="global" contextid="0" timestamp="2026-09-07T16:40:22.648" intervalms="914533.075" />
<gc-start id="529" type="global" contextid="528" timestamp="2026-09-07T16:40:22.651">
  <mem-info id="530" free="172735008" total="268435456" percent="64">
    <mem type="nursery" free="22748016" total="67108864" percent="33">
      <mem type="allocate" free="22748016" total="56295424" percent="40" />
      <mem type="survivor" free="0" total="10813440" percent="0" />
    </mem>
    <mem type="tenure" free="149986992" total="201326592" percent="74">
      <mem type="soa" free="139920048" total="191259648" percent="73" />
      <mem type="loa" free="10066944" total="10066944" percent="100" />
    </mem>
    <remembered-set count="1411" />
  </mem-info>
</gc-start>
<allocation-stats totalBytes="28243816" discardedBytes="33024" >
  <allocated-bytes non-tlh="563304" tlh="27680512" />
  <largest-consumer threadName="Memory manager" threadId="00000000012EE700" bytes="1308800" />
</allocation-stats>
<gc-op id="531" type="mark" timems="36.541" contextid="528" timestamp="2026-09-07T16:40:22.687">
  <trace-info objectcount="1039118" scancount="894904" scanbytes="29749988" />
  <finalization candidates="1133" enqueued="45" />
  <ownableSynchronizers candidates="4356" cleared="301" />
  <references type="soft" candidates="26534" cleared="0" enqueued="0" dynamicThreshold="23" maxThreshold="32" />
  <references type="weak" candidates="26204" cleared="89" enqueued="86" />
  <references type="phantom" candidates="1961" cleared="50" enqueued="50" />
  <stringconstants candidates="49052" cleared="47"  />
  <object-monitors candidates="17" cleared="1"  />
</gc-op>
<gc-op id="532" type="classunload" timems="0.172" contextid="528" timestamp="2026-09-07T16:40:22.688">
  <classunload-info classloadercandidates="16" classloadersunloaded="2" classesunloaded="0" anonymousclassesunloaded="0" quiescems="0.000" setupms="0.130" scanms="0.032" postms="0.010" />
</gc-op>
<gc-op id="533" type="sweep" timems="1.015" contextid="528" timestamp="2026-09-07T16:40:22.689" />
<mem-info id="534" free="202279944" total="268435456" percent="75">
  <mem type="nursery" free="51986584" total="67108864" percent="77">
    <mem type="allocate" free="51986584" total="56295424" percent="92" />
    <mem type="survivor" free="0" total="10813440" percent="0" />
  </mem>
  <mem type="tenure" free="150293360" total="201326592" percent="74" micro-fragmented="517" macro-fragmented="67108864">
    <mem type="soa" free="140226416" total="191259648" percent="73" />
    <mem type="loa" free="10066944" total="10066944" percent="100" />
  </mem>
  <pending-finalizers system="1" default="44" reference="136" classloader="0" />
  <remembered-set count="1301" />
</mem-info>
<gc-op id="535" type="compact" timems="26.307" contextid="528" timestamp="2026-09-07T16:40:22.715">
  <compact-info movecount="299994" movebytes="12121096" reason="compact on aggressive collection" />
</gc-op>
<gc-end id="536" type="global" contextid="528" durationms="66.313" usertimems="370.747" systemtimems="4.864" stalltimems="119.213" timestamp="2026-09-07T16:40:22.717" activeThreads="10">
  <mem-info id="537" free="202766600" total="268435456" percent="75">
    <mem type="nursery" free="52472168" total="67108864" percent="78">
      <mem type="allocate" free="52472168" total="56295424" percent="93" />
      <mem type="survivor" free="0" total="10813440" percent="0" />
    </mem>
    <mem type="tenure" free="150294432" total="201326592" percent="74">
      <mem type="soa" free="140227488" total="191259648" percent="73" />
      <mem type="loa" free="10066944" total="10066944" percent="100" />
    </mem>
    <pending-finalizers system="1" default="44" reference="136" classloader="0" />
    <remembered-set count="1301" />
  </mem-info>
</gc-end>
<cycle-end id="538" type="global" contextid="528" timestamp="2026-09-07T16:40:22.717" />
<sys-end id="539" timestamp="2026-09-07T16:40:22.717" />
<exclusive-end id="540" timestamp="2026-09-07T16:40:22.717" durationms="74.922" />

<heap-resize id="541" type="release free pages" space="tenure" amount="150274048" count="1" timems="0.074" reason="idle" timestamp="2026-09-07T16:40:22.717" />
